Include=yes;Acq Date=2019-01-14;Acq Time=15:20:48;Species=;Cell Type=;ID=;Age=;Sex=unknown;Genotype=;Condition1=;Condition2=;Note=;
,spikeNumber,detectionType,sweep,epoch,epochLevel,sweepSpikeNumber,userType,errors,analysisDate,analysisTime,modDate,modTime,analysisVersion,interfaceVersion,file,condition,dvdtThreshold,mvThreshold,medianFilter,halfHeights,thresholdPnt,thresholdSec,thresholdVal,thresholdVal_dvdt,dacCommand,peakPnt,peakSec,peakVal,peakHeight,timeToPeak_ms,fastAhpPnt,fastAhpSec,fastAhpValue,preMinPnt,preMinVal,preLinearFitPnt0,preLinearFitPnt1,earlyDiastolicDuration_ms,preLinearFitVal0,preLinearFitVal1,earlyDiastolicDurationRate,lateDiastolicDuration,preSpike_dvdt_max_pnt,preSpike_dvdt_max_val,preSpike_dvdt_max_val2,postSpike_dvdt_min_pnt,postSpike_dvdt_min_val,postSpike_dvdt_min_val2,isi_pnts,isi_ms,spikeFreq_hz,cycleLength_pnts,cycleLength_ms,diastolicDuration_ms,widths,widths_10,widths_20,widths_50,widths_80,widths_90,user_timeToPeak_ms,Include,Acq Date,Acq Time,Species,Cell Type,ID,Age,Sex,Genotype,Condition1,Condition2,Note
0,0,dvdt,0,0,0.0,0,0,"[{'Spike': 0, 'Seconds': np.float64(0.1899), 'Sweep': 0, 'Epoch': 0, 'Type': 'Pre spike min under-run (mdp)', 'Details': 'Went past startPnt 0 searching for pre-spike min'}, {'Spike': 0, 'Seconds': np.float64(0.1899), 'Sweep': 0, 'Epoch': 0, 'Type': 'Fit EDD', 'Details': 'Early diastolic duration rate fit - Too low -758.373<=8'}, {'Spike': 0, 'Seconds': np.float64(0.1899), 'Sweep': 0, 'Epoch': 0, 'Type': 'Spike Width', 'Details': 'Half width 10 error in ""falling point"" with halfWidthWindow_ms:200.0 searching for Vm:-53.54 from peak sec 0.26'}]",20260908,16:38:22,,,20230324a,20230324a,19114001.abf,,20.0,-20.0,0,"[10, 20, 50, 80, 90]",3798,0.1899,-65.2029854910714,-4.135443239795897,,5163,0.25815,51.46135602678569,116.66434151785708,68.24999999999997,5321,0.26605,21.222795758928562,3752,-64.89815848214283,3757,3775,0.9,-63.9822823660714,-64.62751116071425,-758.3728392673265,,5144,15.991210937499993,166.82278380102025,5165,49.3338448660714,-23.357780612244877,,,,,,2.3,"[{'halfHeight': 10, 'risingPnt': None, 'fallingPnt': None, 'widthPnts': None, 'widthMs': nan}, {'halfHeight': 20, 'risingPnt': np.int64(5121), 'fallingPnt': np.int64(8277), 'widthPnts': np.int64(3156), 'widthMs': np.float64(157.8)}, {'halfHeight': 50, 'risingPnt': np.int64(5142), 'fallingPnt': np.int64(5722), 'widthPnts': np.int64(580), 'widthMs': np.float64(29.0)}, {'halfHeight': 80, 'risingPnt': np.int64(5146), 'fallingPnt': np.int64(5266), 'widthPnts': np.int64(120), 'widthMs': np.float64(6.0)}, {'halfHeight': 90, 'risingPnt': np.int64(5149), 'fallingPnt': np.int64(5204), 'widthPnts': np.int64(55), 'widthMs': np.float64(2.75)}]",,157.8,29.0,6.0,2.75,68.24999999999997,yes,2019-01-14,15:20:48,,,,,unknown,,,,
1,1,dvdt,0,0,0.0,1,0,"[{'Spike': 1, 'Seconds': np.float64(0.795), 'Sweep': 0, 'Epoch': 0, 'Type': 'Fast AHP was detected at end of fast AHP window', 'Details': 'Consider increasing the fast AHP window with fastAhpWindow_ms'}, {'Spike': 1, 'Seconds': np.float64(0.795), 'Sweep': 0, 'Epoch': 0, 'Type': 'Fit EDD', 'Details': 'Early diastolic duration rate fit - Too low -4055.724<=8'}]",20260908,16:38:22,,,20230324a,20230324a,19114001.abf,,20.0,-20.0,0,"[10, 20, 50, 80, 90]",15899,0.79495,-65.02859933035711,0.2889827806122839,,17666,0.8833,50.95563616071426,115.98423549107137,88.34999999999992,17825,0.89125,21.920340401785705,15882,-64.83311244419639,15884,15890,0.3,-63.249860491071395,-63.92996651785711,-4055.7238520427168,,17654,14.299665178571422,141.03356186224477,17776,27.51813616071427,-20.976163903061227,12101.0,605.05,1.6527559705809438,12130.0,606.5,0.85,"[{'halfHeight': 10, 'risingPnt': np.int64(17496), 'fallingPnt': np.int64(20787), 'widthPnts': np.int64(3291), 'widthMs': np.float64(164.55)}, {'halfHeight': 20, 'risingPnt': np.int64(17632), 'fallingPnt': np.int64(19836), 'widthPnts': np.int64(2204), 'widthMs': np.float64(110.2)}, {'halfHeight': 50, 'risingPnt': np.int64(17651), 'fallingPnt': np.int64(18286), 'widthPnts': np.int64(635), 'widthMs': np.float64(31.75)}, {'halfHeight': 80, 'risingPnt': np.int64(17656), 'fallingPnt': np.int64(17776), 'widthPnts': np.int64(120), 'widthMs': np.float64(6.0)}, {'halfHeight': 90, 'risingPnt': np.int64(17659), 'fallingPnt': np.int64(17713), 'widthPnts': np.int64(54), 'widthMs': np.float64(2.7)}]",164.55,110.2,31.75,6.0,2.7,88.34999999999992,yes,2019-01-14,15:20:48,,,,,unknown,,,,
2,2,dvdt,0,1,0.0,2,0,"[{'Spike': 2, 'Seconds': np.float64(1.4291), 'Sweep': 0, 'Epoch': 1, 'Type': 'Fit EDD', 'Details': 'Early diastolic duration rate fit - preMinPnt == spikePnt'}, {'Spike': 2, 'Seconds': np.float64(1.4291), 'Sweep': 0, 'Epoch': 1, 'Type': 'Spike Width', 'Details': 'Half width 10 error in ""falling point"" with halfWidthWindow_ms:200.0 searching for Vm:-53.39 from peak sec 1.53'}]",20260908,16:38:22,,,20230324a,20230324a,19114001.abf,,20.0,-20.0,0,"[10, 20, 50, 80, 90]",28582,1.4290999999999998,-64.94140624999997,-2.8798628826530988,,30501,1.52505,50.606863839285694,115.54827008928567,95.9500000000002,30659,1.53295,19.635881696428562,28582,-64.44998604910711,28582,28582,0.0,-64.94140624999997,-64.94140624999997,,,30485,12.36397879464285,153.87834821428555,30578,31.808035714285698,-21.265146683673457,12683.0,634.15,1.576913979342427,12700.0,635.0,0.0,"[{'halfHeight': 10, 'risingPnt': None, 'fallingPnt': None, 'widthPnts': None, 'widthMs': nan}, {'halfHeight': 20, 'risingPnt': np.int64(30462), 'fallingPnt': np.int64(33714), 'widthPnts': np.int64(3252), 'widthMs': np.float64(162.6)}, {'halfHeight': 50, 'risingPnt': np.int64(30483), 'fallingPnt': np.int64(31081), 'widthPnts': np.int64(598), 'widthMs': np.float64(29.9)}, {'halfHeight': 80, 'risingPnt': np.int64(30488), 'fallingPnt': np.int64(30600), 'widthPnts': np.int64(112), 'widthMs': np.float64(5.6)}, {'halfHeight': 90, 'risingPnt': np.int64(30490), 'fallingPnt': np.int64(30546), 'widthPnts': np.int64(56), 'widthMs': np.float64(2.8)}]",,162.6,29.9,5.6,2.8,95.9500000000002,yes,2019-01-14,15:20:48,,,,,unknown,,,,
3,3,dvdt,0,1,0.0,3,0,"[{'Spike': 3, 'Seconds': np.float64(2.1778), 'Sweep': 0, 'Epoch': 1, 'Type': 'Fit EDD', 'Details': 'Early diastolic duration rate fit - Too low -1763.791<=8'}, {'Spike': 3, 'Seconds': np.float64(2.1778), 'Sweep': 0, 'Epoch': 1, 'Type': 'Spike Width', 'Details': 'Half width 10 error in ""falling point"" with halfWidthWindow_ms:200.0 searching for Vm:-52.64 from peak sec 2.24'}]",20260908,16:38:22,,,20230324a,20230324a,19114001.abf,,20.0,-20.0,0,"[10, 20, 50, 80, 90]",43555,2.17775,-64.17410714285711,-9.675940688775558,,44754,2.2377,51.1648995535714,115.33900669642851,59.949999999999726,44909,2.24545,21.519252232142847,43539,-64.5757184709821,43541,43547,0.3,-62.93596540178568,-63.44168526785711,-1763.7914540771767,,44740,15.677315848214278,155.93112244897947,44821,34.388950892857125,-21.01602359693871,14973.0,748.65,1.3357376611233556,14957.0,747.85,0.8,"[{'halfHeight': 10, 'risingPnt': None, 'fallingPnt': None, 'widthPnts': None, 'widthMs': nan}, {'halfHeight': 20, 'risingPnt': np.int64(44720), 'fallingPnt': np.int64(47794), 'widthPnts': np.int64(3074), 'widthMs': np.float64(153.7)}, {'halfHeight': 50, 'risingPnt': np.int64(44738), 'fallingPnt': np.int64(45358), 'widthPnts': np.int64(620), 'widthMs': np.float64(31.0)}, {'halfHeight': 80, 'risingPnt': np.int64(44742), 'fallingPnt': np.int64(44863), 'widthPnts': np.int64(121), 'widthMs': np.float64(6.05)}, {'halfHeight': 90, 'risingPnt': np.int64(44744), 'fallingPnt': np.int64(44798), 'widthPnts': np.int64(54), 'widthMs': np.float64(2.7)}]",,153.7,31.0,6.05,2.7,59.949999999999726,yes,2019-01-14,15:20:48,,,,,unknown,,,,
4,4,dvdt,0,1,0.0,4,0,"[{'Spike': 4, 'Seconds': np.float64(2.8154), 'Sweep': 0, 'Epoch': 1, 'Type': 'Fast AHP was detected at end of fast AHP window', 'Details': 'Consider increasing the fast AHP window with fastAhpWindow_ms'}, {'Spike': 4, 'Seconds': np.float64(2.8154), 'Sweep': 0, 'Epoch': 1, 'Type': 'Spike Width', 'Details': 'Half width 10 error in ""falling point"" with halfWidthWindow_ms:200.0 searching for Vm:-52.66 from peak sec 2.91'}]",20260908,16:38:22,,,20230324a,20230324a,19114001.abf,,20.0,-20.0,0,"[10, 20, 50, 80, 90]",56309,2.81545,-63.982282366071395,-7.613201530612244,,58225,2.91125,49.24665178571426,113.22893415178567,95.80000000000011,58384,2.9192,20.368303571428562,55999,-64.2227608816964,56030,56154,6.2,-62.674386160714256,-62.83133370535711,23.792254411591067,,58205,16.02608816964285,149.41406249999983,58273,38.155691964285694,-22.241709183673507,12754.0,637.7,1.5681354869060686,12460.0,623.0,15.5,"[{'halfHeight': 10, 'risingPnt': None, 'fallingPnt': None, 'widthPnts': None, 'widthMs': nan}, {'halfHeight': 20, 'risingPnt': np.int64(58182), 'fallingPnt': np.int64(61660), 'widthPnts': np.int64(3478), 'widthMs': np.float64(173.9)}, {'halfHeight': 50, 'risingPnt': np.int64(58202), 'fallingPnt': np.int64(58850), 'widthPnts': np.int64(648), 'widthMs': np.float64(32.4)}, {'halfHeight': 80, 'risingPnt': np.int64(58207), 'fallingPnt': np.int64(58335), 'widthPnts': np.int64(128), 'widthMs': np.float64(6.4)}, {'halfHeight': 90, 'risingPnt': np.int64(58209), 'fallingPnt': np.int64(58274), 'widthPnts': np.int64(65), 'widthMs': np.float64(3.25)}]",,173.9,32.4,6.4,3.25,95.80000000000011,yes,2019-01-14,15:20:48,,,,,unknown,,,,
5,5,dvdt,0,1,0.0,5,0,[],20260908,16:38:22,,,20230324a,20230324a,19114001.abf,,20.0,-20.0,0,"[10, 20, 50, 80, 90]",68237,3.41185,-65.11579241071425,-3.2585299744897824,,69772,3.4886,49.54310825892855,114.6589006696428,76.7500000000001,69930,3.4965,23.856026785714274,68208,-64.54816545758926,68211,68222,0.55,-64.45312499999997,-62.866210937499964,989.245129871077,,69754,11.579241071428566,144.61096938775495,69797,44.015066964285694,-17.368861607142914,11928.0,596.4,1.6767270288397051,12209.0,610.45,1.45,"[{'halfHeight': 10, 'risingPnt': np.int64(69541), 'fallingPnt': np.int64(73443), 'widthPnts': np.int64(3902), 'widthMs': np.float64(195.1)}, {'halfHeight': 20, 'risingPnt': np.int64(69730), 'fallingPnt': np.int64(72353), 'widthPnts': np.int64(2623), 'widthMs': np.float64(131.15)}, {'halfHeight': 50, 'risingPnt': np.int64(69752), 'fallingPnt': np.int64(70465), 'widthPnts': np.int64(713), 'widthMs': np.float64(35.65)}, {'halfHeight': 80, 'risingPnt': np.int64(69757), 'fallingPnt': np.int64(69899), 'widthPnts': np.int64(142), 'widthMs': np.float64(7.1)}, {'halfHeight': 90, 'risingPnt': np.int64(69759), 'fallingPnt': np.int64(69827), 'widthPnts': np.int64(68), 'widthMs': np.float64(3.4)}]",195.1,131.15,35.65,7.1,3.4,76.7500000000001,yes,2019-01-14,15:20:48,,,,,unknown,,,,
6,6,dvdt,0,1,0.0,6,0,[],20260908,16:38:22,,,20230324a,20230324a,19114001.abf,,20.0,-20.0,0,"[10, 20, 50, 80, 90]",80192,4.0096,-62.168666294642826,-10.25390625000002,,80956,4.0478000000000005,49.47335379464283,111.64202008928567,38.20000000000068,81113,4.05565,22.269112723214274,79616,-64.45818219866068,79674,79904,11.5,-62.83133370535711,-62.09891183035711,83.81564088085894,,80938,18.415178571428562,137.29671556122437,80978,43.94531249999998,-20.16900510204076,11955.0,597.75,1.6729401923881222,11408.0,570.4,28.8,"[{'halfHeight': 10, 'risingPnt': np.int64(80833), 'fallingPnt': np.int64(84074), 'widthPnts': np.int64(3241), 'widthMs': np.float64(162.05)}, {'halfHeight': 20, 'risingPnt': np.int64(80919), 'fallingPnt': np.int64(83127), 'widthPnts': np.int64(2208), 'widthMs': np.float64(110.4)}, {'halfHeight': 50, 'risingPnt': np.int64(80935), 'fallingPnt': np.int64(81574), 'widthPnts': np.int64(639), 'widthMs': np.float64(31.95)}, {'halfHeight': 80, 'risingPnt': np.int64(80940), 'fallingPnt': np.int64(81069), 'widthPnts': np.int64(129), 'widthMs': np.float64(6.45)}, {'halfHeight': 90, 'risingPnt': np.int64(80942), 'fallingPnt': np.int64(81004), 'widthPnts': np.int64(62), 'widthMs': np.float64(3.1)}]",162.05,110.4,31.95,6.45,3.1,38.20000000000068,yes,2019-01-14,15:20:48,,,,,unknown,,,,
7,7,dvdt,0,1,0.0,7,0,"[{'Spike': 7, 'Seconds': np.float64(4.63), 'Sweep': 0, 'Epoch': 1, 'Type': 'Fast AHP was detected at end of fast AHP window', 'Details': 'Consider increasing the fast AHP window with fastAhpWindow_ms'}]",20260908,16:38:22,,,20230324a,20230324a,19114001.abf,,20.0,-20.0,0,"[10, 20, 50, 80, 90]",92599,4.62995,-61.15722656249997,-10.243941326530612,,93056,4.6528,50.0662667410714,111.22349330357137,22.850000000000037,93215,4.66075,20.99609374999999,91919,-64.73981584821425,91987,92259,13.6,-64.12179129464282,-61.99428013392854,116.67149479584855,,93042,13.48005022321428,153.5096460459182,93075,45.70661272321426,-24.722975127551017,12407.0,620.35,1.6119932296284354,12303.0,615.15,34.0,"[{'halfHeight': 10, 'risingPnt': np.int64(92959), 'fallingPnt': np.int64(96171), 'widthPnts': np.int64(3212), 'widthMs': np.float64(160.6)}, {'halfHeight': 20, 'risingPnt': np.int64(93026), 'fallingPnt': np.int64(95193), 'widthPnts': np.int64(2167), 'widthMs': np.float64(108.35)}, {'halfHeight': 50, 'risingPnt': np.int64(93040), 'fallingPnt': np.int64(93635), 'widthPnts': np.int64(595), 'widthMs': np.float64(29.75)}, {'halfHeight': 80, 'risingPnt': np.int64(93045), 'fallingPnt': np.int64(93164), 'widthPnts': np.int64(119), 'widthMs': np.float64(5.95)}, {'halfHeight': 90, 'risingPnt': np.int64(93047), 'fallingPnt': np.int64(93103), 'widthPnts': np.int64(56), 'widthMs': np.float64(2.8)}]",160.6,108.35,29.75,5.95,2.8,22.850000000000037,yes,2019-01-14,15:20:48,,,,,unknown,,,,
8,8,dvdt,0,1,0.0,8,0,"[{'Spike': 8, 'Seconds': np.float64(5.2559), 'Sweep': 0, 'Epoch': 1, 'Type': 'Fit EDD', 'Details': 'Early diastolic duration rate fit - preMinPnt == spikePnt'}, {'Spike': 8, 'Seconds': np.float64(5.2559), 'Sweep': 0, 'Epoch': 1, 'Type': 'Spike Width', 'Details': 'Half width 10 error in ""falling point"" with halfWidthWindow_ms:200.0 searching for Vm:-53.36 from peak sec 5.33'}]",20260908,16:38:22,,,20230324a,20230324a,19114001.abf,,20.0,-20.0,0,"[10, 20, 50, 80, 90]",105117,5.255850000000001,-64.80189732142854,-0.7274394132653077,,106638,5.331899999999999,49.630301339285694,114.43219866071423,76.04999999999862,106795,5.33975,19.98465401785713,105117,-64.1835239955357,105117,105117,0.0,-64.80189732142854,-64.80189732142854,,,106623,15.206473214285708,151.45687181122435,106692,36.37695312499998,-24.722975127550995,12518.0,625.9,1.5976993129892954,13198.0,659.9,0.0,"[{'halfHeight': 10, 'risingPnt': None, 'fallingPnt': None, 'widthPnts': None, 'widthMs': nan}, {'halfHeight': 20, 'risingPnt': np.int64(106599), 'fallingPnt': np.int64(109449), 'widthPnts': np.int64(2850), 'widthMs': np.float64(142.5)}, {'halfHeight': 50, 'risingPnt': np.int64(106620), 'fallingPnt': np.int64(107262), 'widthPnts': np.int64(642), 'widthMs': np.float64(32.1)}, {'halfHeight': 80, 'risingPnt': np.int64(106625), 'fallingPnt': np.int64(106749), 'widthPnts': np.int64(124), 'widthMs': np.float64(6.2)}, {'halfHeight': 90, 'risingPnt': np.int64(106628), 'fallingPnt': np.int64(106688), 'widthPnts': np.int64(60), 'widthMs': np.float64(3.0)}]",,142.5,32.1,6.2,3.0,76.04999999999862,yes,2019-01-14,15:20:48,,,,,unknown,,,,
9,9,dvdt,0,1,0.0,9,0,[],20260908,16:38:22,,,20230324a,20230324a,19114001.abf,,20.0,-20.0,0,"[10, 20, 50, 80, 90]",114956,5.7478,-64.08691406249997,-17.26921237244894,,116308,5.8153999999999995,49.42103794642855,113.50795200892853,67.59999999999965,116463,5.82315,22.56556919642856,114765,-63.991873604910694,114784,114861,3.85,-63.755580357142826,-63.2498604910714,153.60909356152754,,116295,17.560686383928562,144.5312499999999,116503,18.69419642857142,-24.234693877550995,9839.0,491.95,2.032726903140563,9648.0,482.4,9.55,"[{'halfHeight': 10, 'risingPnt': np.int64(116140), 'fallingPnt': np.int64(119853), 'widthPnts': np.int64(3713), 'widthMs': np.float64(185.65)}, {'halfHeight': 20, 'risingPnt': np.int64(116270), 'fallingPnt': np.int64(118699), 'widthPnts': np.int64(2429), 'widthMs': np.float64(121.45)}, {'halfHeight': 50, 'risingPnt': np.int64(116292), 'fallingPnt': np.int64(116953), 'widthPnts': np.int64(661), 'widthMs': np.float64(33.05)}, {'halfHeight': 80, 'risingPnt': np.int64(116297), 'fallingPnt': np.int64(116425), 'widthPnts': np.int64(128), 'widthMs': np.float64(6.4)}, {'halfHeight': 90, 'risingPnt': np.int64(116299), 'fallingPnt': np.int64(116358), 'widthPnts': np.int64(59), 'widthMs': np.float64(2.95)}]",185.65,121.45,33.05,6.4,2.95,67.59999999999965,yes,2019-01-14,15:20:48,,,,,unknown,,,,
10,10,dvdt,0,1,0.0,10,0,[],20260908,16:38:22,,,20230324a,20230324a,19114001.abf,,20.0,-20.0,0,"[10, 20, 50, 80, 90]",124622,6.2311000000000005,-57.68694196428569,-9.416852678571457,,125007,6.25035,46.73549107142855,104.42243303571423,19.249999999999545,125165,6.25825,22.56556919642856,123865,-62.47802734374997,123941,124243,15.1,-61.64550781249997,-60.58175223214283,114.94057145766216,,124991,15.363420758928564,130.71986607142844,125149,24.16992187499999,-21.28507653061222,9666.0,483.3,2.069108214359611,9100.0,455.0,37.85,"[{'halfHeight': 10, 'risingPnt': np.int64(124928), 'fallingPnt': np.int64(128148), 'widthPnts': np.int64(3220), 'widthMs': np.float64(161.0)}, {'halfHeight': 20, 'risingPnt': np.int64(124974), 'fallingPnt': np.int64(127056), 'widthPnts': np.int64(2082), 'widthMs': np.float64(104.1)}, {'halfHeight': 50, 'risingPnt': np.int64(124988), 'fallingPnt': np.int64(125680), 'widthPnts': np.int64(692), 'widthMs': np.float64(34.6)}, {'halfHeight': 80, 'risingPnt': np.int64(124993), 'fallingPnt': np.int64(125134), 'widthPnts': np.int64(141), 'widthMs': np.float64(7.05)}, {'halfHeight': 90, 'risingPnt': np.int64(124996), 'fallingPnt': np.int64(125060), 'widthPnts': np.int64(64), 'widthMs': np.float64(3.2)}]",161.0,104.1,34.6,7.05,3.2,19.249999999999545,yes,2019-01-14,15:20:48,,,,,unknown,,,,
11,11,dvdt,0,1,0.0,11,0,"[{'Spike': 11, 'Seconds': np.float64(6.569), 'Sweep': 0, 'Epoch': 1, 'Type': 'Fit EDD', 'Details': 'Early diastolic duration rate fit - preMinPnt == spikePnt'}]",20260908,16:38:22,,,20230324a,20230324a,19114001.abf,,20.0,-20.0,0,"[10, 20, 50, 80, 90]",131381,6.56905,-64.24386160714282,-6.636639030612242,,133293,6.66465,46.52622767857141,110.77008928571422,95.60000000000014,133449,6.6724499999999995,24.100167410714274,131381,-63.52870396205354,131381,131381,0.0,-64.24386160714282,-64.24386160714282,,,133278,14.31710379464285,139.14022640306112,133387,30.3431919642857,-17.348931760204067,6759.0,337.95,2.959017606154757,7516.0,375.8,0.0,"[{'halfHeight': 10, 'risingPnt': np.int64(133068), 'fallingPnt': np.int64(136602), 'widthPnts': np.int64(3534), 'widthMs': np.float64(176.7)}, {'halfHeight': 20, 'risingPnt': np.int64(133247), 'fallingPnt': np.int64(135770), 'widthPnts': np.int64(2523), 'widthMs': np.float64(126.15)}, {'halfHeight': 50, 'risingPnt': np.int64(133275), 'fallingPnt': np.int64(134105), 'widthPnts': np.int64(830), 'widthMs': np.float64(41.5)}, {'halfHeight': 80, 'risingPnt': np.int64(133280), 'fallingPnt': np.int64(133449), 'widthPnts': np.int64(169), 'widthMs': np.float64(8.45)}, {'halfHeight': 90, 'risingPnt': np.int64(133283), 'fallingPnt': np.int64(133358), 'widthPnts': np.int64(75), 'widthMs': np.float64(3.75)}]",176.7,126.15,41.5,8.45,3.75,95.60000000000014,yes,2019-01-14,15:20:48,,,,,unknown,,,,
12,12,dvdt,0,1,0.0,12,0,"[{'Spike': 12, 'Seconds': np.float64(7.2302), 'Sweep': 0, 'Epoch': 1, 'Type': 'Fast AHP was detected at end of fast AHP window', 'Details': 'Consider increasing the fast AHP window with fastAhpWindow_ms'}, {'Spike': 12, 'Seconds': np.float64(7.2302), 'Sweep': 0, 'Epoch': 1, 'Type': 'Fit EDD', 'Details': 'Early diastolic duration rate fit - preMinPnt == spikePnt'}, {'Spike': 12, 'Seconds': np.float64(7.2302), 'Sweep': 0, 'Epoch': 1, 'Type': 'Spike Width', 'Details': 'Half width 10 error in ""falling point"" with halfWidthWindow_ms:200.0 searching for Vm:-53.47 from peak sec 7.28'}]",20260908,16:38:22,,,20230324a,20230324a,19114001.abf,,20.0,-20.0,0,"[10, 20, 50, 80, 90]",144603,7.23015,-64.94140624999997,-0.5281409438774766,,145681,7.284050000000001,49.80468749999997,114.74609374999994,53.9000000000005,145840,7.292,21.711077008928562,144603,-64.05639648437497,144603,144603,0.0,-64.94140624999997,-64.94140624999997,,,145662,13.671874999999993,150.39062499999983,145966,11.492047991071423,-21.952726403061202,13222.0,661.1,1.5126304643775526,13222.0,661.1,0.0,"[{'halfHeight': 10, 'risingPnt': None, 'fallingPnt': None, 'widthPnts': None, 'widthMs': nan}, {'halfHeight': 20, 'risingPnt': np.int64(145641), 'fallingPnt': np.int64(148917), 'widthPnts': np.int64(3276), 'widthMs': np.float64(163.8)}, {'halfHeight': 50, 'risingPnt': np.int64(145659), 'fallingPnt': np.int64(146314), 'widthPnts': np.int64(655), 'widthMs': np.float64(32.75)}, {'halfHeight': 80, 'risingPnt': np.int64(145664), 'fallingPnt': np.int64(145800), 'widthPnts': np.int64(136), 'widthMs': np.float64(6.8)}, {'halfHeight': 90, 'risingPnt': np.int64(145667), 'fallingPnt': np.int64(145731), 'widthPnts': np.int64(64), 'widthMs': np.float64(3.2)}]",,163.8,32.75,6.8,3.2,53.9000000000005,yes,2019-01-14,15:20:48,,,,,unknown,,,,
13,13,dvdt,0,1,0.0,13,0,"[{'Spike': 13, 'Seconds': np.float64(7.8123), 'Sweep': 0, 'Epoch': 1, 'Type': 'Fast AHP was detected at end of fast AHP window', 'Details': 'Consider increasing the fast AHP window with fastAhpWindow_ms'}, {'Spike': 13, 'Seconds': np.float64(7.8123), 'Sweep': 0, 'Epoch': 1, 'Type': 'Fit EDD', 'Details': 'Early diastolic duration rate fit - Too low -5754.743<=8'}]",20260908,16:38:22,,,20230324a,20230324a,19114001.abf,,20.0,-20.0,0,"[10, 20, 50, 80, 90]",156246,7.8123000000000005,-63.877650669642826,-11.260363520408216,,158012,7.900600000000001,48.91531808035712,112.79296874999994,88.30000000000027,158171,7.90855,22.94921874999999,156239,-63.990304129464256,156240,156243,0.15,-62.36049107142854,-62.883649553571395,-5754.743303424421,,157995,16.845703124999993,132.00534119897947,158294,14.160156249999993,-21.623883928571406,11643.0,582.15,1.7177703341063302,11636.0,581.8,0.35,"[{'halfHeight': 10, 'risingPnt': np.int64(157840), 'fallingPnt': np.int64(160974), 'widthPnts': np.int64(3134), 'widthMs': np.float64(156.7)}, {'halfHeight': 20, 'risingPnt': np.int64(157969), 'fallingPnt': np.int64(160213), 'widthPnts': np.int64(2244), 'widthMs': np.float64(112.2)}, {'halfHeight': 50, 'risingPnt': np.int64(157992), 'fallingPnt': np.int64(158740), 'widthPnts': np.int64(748), 'widthMs': np.float64(37.4)}, {'halfHeight': 80, 'risingPnt': np.int64(157997), 'fallingPnt': np.int64(158149), 'widthPnts': np.int64(152), 'widthMs': np.float64(7.6)}, {'halfHeight': 90, 'risingPnt': np.int64(157999), 'fallingPnt': np.int64(158063), 'widthPnts': np.int64(64), 'widthMs': np.float64(3.2)}]",156.7,112.2,37.4,7.6,3.2,88.30000000000027,yes,2019-01-14,15:20:48,,,,,unknown,,,,
14,14,dvdt,0,1,0.0,14,0,"[{'Spike': 14, 'Seconds': np.float64(8.4468), 'Sweep': 0, 'Epoch': 1, 'Type': 'Fit EDD', 'Details': 'Early diastolic duration rate fit - preMinPnt == spikePnt'}]",20260908,16:38:22,,,20230324a,20230324a,19114001.abf,,20.0,-20.0,0,"[10, 20, 50, 80, 90]",168936,8.4468,-65.4471261160714,-7.672991071428616,,170717,8.53585,49.97907366071426,115.42619977678567,89.0500000000003,170870,8.5435,21.62388392857142,168936,-64.52828543526783,168936,168936,0.0,-65.4471261160714,-65.4471261160714,,,170705,17.804827008928562,142.41868622448968,170757,40.44015066964284,-24.6233258928571,12690.0,634.5,1.5760441292356187,12697.0,634.85,0.0,"[{'halfHeight': 10, 'risingPnt': np.int64(170529), 'fallingPnt': np.int64(174415), 'widthPnts': np.int64(3886), 'widthMs': np.float64(194.3)}, {'halfHeight': 20, 'risingPnt': np.int64(170679), 'fallingPnt': np.int64(173299), 'widthPnts': np.int64(2620), 'widthMs': np.float64(131.0)}, {'halfHeight': 50, 'risingPnt': np.int64(170702), 'fallingPnt': np.int64(171304), 'widthPnts': np.int64(602), 'widthMs': np.float64(30.1)}, {'halfHeight': 80, 'risingPnt': np.int64(170707), 'fallingPnt': np.int64(170829), 'widthPnts': np.int64(122), 'widthMs': np.float64(6.1)}, {'halfHeight': 90, 'risingPnt': np.int64(170709), 'fallingPnt': np.int64(170768), 'widthPnts': np.int64(59), 'widthMs': np.float64(2.95)}]",194.3,131.0,30.1,6.1,2.95,89.0500000000003,yes,2019-01-14,15:20:48,,,,,unknown,,,,
15,15,dvdt,0,1,0.0,15,0,[],20260908,16:38:22,,,20230324a,20230324a,19114001.abf,,20.0,-20.0,0,"[10, 20, 50, 80, 90]",183884,9.1942,-37.99874441964284,14.010682397959144,,183912,9.1956,50.22321428571426,88.22195870535711,1.40000000000029,184070,9.2035,20.682198660714278,182764,-64.63117327008926,182876,183324,22.4,-62.796456473214256,-60.28529575892854,114.54889529352762,,183899,13.619559151785708,153.86838329081618,184212,8.597237723214281,-24.92227359693876,14948.0,747.4,1.337971635001338,13828.0,691.4,56.0,"[{'halfHeight': 10, 'risingPnt': np.int64(183891), 'fallingPnt': np.int64(185253), 'widthPnts': np.int64(1362), 'widthMs': np.float64(68.1)}, {'halfHeight': 20, 'risingPnt': np.int64(183894), 'fallingPnt': np.int64(184835), 'widthPnts': np.int64(941), 'widthMs': np.float64(47.05)}, {'halfHeight': 50, 'risingPnt': np.int64(183899), 'fallingPnt': np.int64(184256), 'widthPnts': np.int64(357), 'widthMs': np.float64(17.85)}, {'halfHeight': 80, 'risingPnt': np.int64(183902), 'fallingPnt': np.int64(183989), 'widthPnts': np.int64(87), 'widthMs': np.float64(4.35)}, {'halfHeight': 90, 'risingPnt': np.int64(183905), 'fallingPnt': np.int64(183950), 'widthPnts': np.int64(45), 'widthMs': np.float64(2.25)}]",68.1,47.05,17.85,4.35,2.25,1.40000000000029,yes,2019-01-14,15:20:48,,,,,unknown,,,,
16,16,dvdt,0,1,0.0,16,0,"[{'Spike': 16, 'Seconds': np.float64(9.7917), 'Sweep': 0, 'Epoch': 1, 'Type': 'Fit EDD', 'Details': 'Early diastolic duration rate fit - Too low -6277.902<=8'}, {'Spike': 16, 'Seconds': np.float64(9.7917), 'Sweep': 0, 'Epoch': 1, 'Type': 'Spike Width', 'Details': 'Half width 10 error in ""falling point"" with halfWidthWindow_ms:200.0 searching for Vm:-53.43 from peak sec 9.87'}]",20260908,16:38:22,,,20230324a,20230324a,19114001.abf,,20.0,-20.0,0,"[10, 20, 50, 80, 90]",195834,9.7917,-64.90652901785711,-7.961973852040874,,197475,9.87375,49.874441964285694,114.7809709821428,82.04999999999885,197633,9.88165,19.374302455357135,195828,-64.36401367187497,195829,195831,0.1,-63.145228794642826,-64.24386160714283,-6277.901785602084,,197457,15.729631696428564,148.98557079081615,197778,7.1847098214285685,-20.53770727040814,11950.0,597.5,1.6736401673640167,13064.0,653.2,0.3,"[{'halfHeight': 10, 'risingPnt': None, 'fallingPnt': None, 'widthPnts': None, 'widthMs': nan}, {'halfHeight': 20, 'risingPnt': np.int64(197434), 'fallingPnt': np.int64(200284), 'widthPnts': np.int64(2850), 'widthMs': np.float64(142.5)}, {'halfHeight': 50, 'risingPnt': np.int64(197454), 'fallingPnt': np.int64(198042), 'widthPnts': np.int64(588), 'widthMs': np.float64(29.4)}, {'halfHeight': 80, 'risingPnt': np.int64(197459), 'fallingPnt': np.int64(197577), 'widthPnts': np.int64(118), 'widthMs': np.float64(5.9)}, {'halfHeight': 90, 'risingPnt': np.int64(197462), 'fallingPnt': np.int64(197521), 'widthPnts': np.int64(59), 'widthMs': np.float64(2.95)}]",,142.5,29.4,5.9,2.95,82.04999999999885,yes,2019-01-14,15:20:48,,,,,unknown,,,,
17,17,dvdt,0,1,0.0,17,0,"[{'Spike': 17, 'Seconds': np.float64(10.2772), 'Sweep': 0, 'Epoch': 1, 'Type': 'Fast AHP was detected at end of fast AHP window', 'Details': 'Consider increasing the fast AHP window with fastAhpWindow_ms'}]",20260908,16:38:22,,,20230324a,20230324a,19114001.abf,,20.0,-20.0,0,"[10, 20, 50, 80, 90]",205544,10.2772,-64.03459821428568,-13.203523596938759,,206976,10.348799999999999,48.02594866071426,112.06054687499994,71.59999999999833,207135,10.35675,20.821707589285705,205532,-63.7076241629464,205533,205538,0.25,-62.883649553571395,-63.45912388392854,1116.0714285431577,,206954,18.711635044642847,125.84701849489787,207019,37.562779017857125,-27.582908163265245,9710.0,485.5,2.059732234809475,9704.0,485.2,0.6,"[{'halfHeight': 10, 'risingPnt': np.int64(206768), 'fallingPnt': np.int64(210608), 'widthPnts': np.int64(3840), 'widthMs': np.float64(192.0)}, {'halfHeight': 20, 'risingPnt': np.int64(206930), 'fallingPnt': np.int64(209494), 'widthPnts': np.int64(2564), 'widthMs': np.float64(128.2)}, {'halfHeight': 50, 'risingPnt': np.int64(206950), 'fallingPnt': np.int64(207602), 'widthPnts': np.int64(652), 'widthMs': np.float64(32.6)}, {'halfHeight': 80, 'risingPnt': np.int64(206955), 'fallingPnt': np.int64(207093), 'widthPnts': np.int64(138), 'widthMs': np.float64(6.9)}, {'halfHeight': 90, 'risingPnt': np.int64(206958), 'fallingPnt': np.int64(207020), 'widthPnts': np.int64(62), 'widthMs': np.float64(3.1)}]",192.0,128.2,32.6,6.9,3.1,71.59999999999833,yes,2019-01-14,15:20:48,,,,,unknown,,,,
18,18,dvdt,0,1,0.0,18,0,[],20260908,16:38:22,,,20230324a,20230324a,19114001.abf,,20.0,-20.0,0,"[10, 20, 50, 80, 90]",215301,10.765049999999999,-62.48256138392854,-2.3816167091837057,,216334,10.8167,47.41559709821426,109.8981584821428,51.650000000002194,216491,10.824549999999999,23.40262276785713,215176,-63.23085239955353,215188,215238,2.5,-61.24441964285712,-60.843331473214256,137.85089928779766,,216318,19.478934151785705,122.64827806122437,216570,17.647879464285705,-20.198899872448955,9757.0,487.85,2.0498103925386904,9644.0,482.2,6.25,"[{'halfHeight': 10, 'risingPnt': np.int64(216146), 'fallingPnt': np.int64(219636), 'widthPnts': np.int64(3490), 'widthMs': np.float64(174.5)}, {'halfHeight': 20, 'risingPnt': np.int64(216294), 'fallingPnt': np.int64(218836), 'widthPnts': np.int64(2542), 'widthMs': np.float64(127.1)}, {'halfHeight': 50, 'risingPnt': np.int64(216314), 'fallingPnt': np.int64(217082), 'widthPnts': np.int64(768), 'widthMs': np.float64(38.4)}, {'halfHeight': 80, 'risingPnt': np.int64(216319), 'fallingPnt': np.int64(216477), 'widthPnts': np.int64(158), 'widthMs': np.float64(7.9)}, {'halfHeight': 90, 'risingPnt': np.int64(216322), 'fallingPnt': np.int64(216388), 'widthPnts': np.int64(66), 'widthMs': np.float64(3.3)}]",174.5,127.1,38.4,7.9,3.3,51.650000000002194,yes,2019-01-14,15:20:48,,,,,unknown,,,,
19,19,dvdt,0,1,0.0,19,0,[],20260908,16:38:22,,,20230324a,20230324a,19114001.abf,,20.0,-20.0,0,"[10, 20, 50, 80, 90]",228329,11.416450000000001,-64.45312499999997,-0.8868781887754941,,229217,11.46085,50.81612723214283,115.2692522321428,44.39999999999955,229375,11.46875,22.687639508928562,228275,-64.51660156249997,228280,228302,1.1,-64.19154575892854,-63.05803571428569,498.2461734697256,,229203,11.87569754464285,155.68199936224474,229253,42.27120535714284,-18.375318877550985,13028.0,651.4,1.5351550506601168,13099.0,654.95,2.7,"[{'halfHeight': 10, 'risingPnt': np.int64(229074), 'fallingPnt': np.int64(232643), 'widthPnts': np.int64(3569), 'widthMs': np.float64(178.45)}, {'halfHeight': 20, 'risingPnt': np.int64(229183), 'fallingPnt': np.int64(231482), 'widthPnts': np.int64(2299), 'widthMs': np.float64(114.95)}, {'halfHeight': 50, 'risingPnt': np.int64(229201), 'fallingPnt': np.int64(229864), 'widthPnts': np.int64(663), 'widthMs': np.float64(33.15)}, {'halfHeight': 80, 'risingPnt': np.int64(229206), 'fallingPnt': np.int64(229332), 'widthPnts': np.int64(126), 'widthMs': np.float64(6.3)}, {'halfHeight': 90, 'risingPnt': np.int64(229208), 'fallingPnt': np.int64(229268), 'widthPnts': np.int64(60), 'widthMs': np.float64(3.0)}]",178.45,114.95,33.15,6.3,3.0,44.39999999999955,yes,2019-01-14,15:20:48,,,,,unknown,,,,
20,20,dvdt,0,1,0.0,20,0,"[{'Spike': 20, 'Seconds': np.float64(11.9235), 'Sweep': 0, 'Epoch': 1, 'Type': 'Fit EDD', 'Details': 'Early diastolic duration rate fit - Too low -4.873<=8'}]",20260908,16:38:22,,,20230324a,20230324a,19114001.abf,,20.0,-20.0,0,"[10, 20, 50, 80, 90]",238469,11.92345,-60.355050223214256,1.1559311224490045,,239171,11.958549999999999,47.95619419642855,108.3112444196428,35.09999999999813,239323,11.966149999999999,22.79227120535713,236777,-64.12301199776785,236946,237623,33.85,-62.2732979910714,-62.20354352678569,-4.873360795174808,,239154,5.33621651785714,133.17123724489784,239265,29.71540178571427,-25.211256377550995,10140.0,507.0,1.9723865877712032,8502.0,425.1,84.6,"[{'halfHeight': 10, 'risingPnt': np.int64(239063), 'fallingPnt': np.int64(242277), 'widthPnts': np.int64(3214), 'widthMs': np.float64(160.7)}, {'halfHeight': 20, 'risingPnt': np.int64(239136), 'fallingPnt': np.int64(241425), 'widthPnts': np.int64(2289), 'widthMs': np.float64(114.45)}, {'halfHeight': 50, 'risingPnt': np.int64(239153), 'fallingPnt': np.int64(239872), 'widthPnts': np.int64(719), 'widthMs': np.float64(35.95)}, {'halfHeight': 80, 'risingPnt': np.int64(239158), 'fallingPnt': np.int64(239295), 'widthPnts': np.int64(137), 'widthMs': np.float64(6.85)}, {'halfHeight': 90, 'risingPnt': np.int64(239160), 'fallingPnt': np.int64(239222), 'widthPnts': np.int64(62), 'widthMs': np.float64(3.1)}]",160.7,114.45,35.95,6.85,3.1,35.09999999999813,yes,2019-01-14,15:20:48,,,,,unknown,,,,
21,21,dvdt,0,1,0.0,21,0,"[{'Spike': 21, 'Seconds': np.float64(12.5951), 'Sweep': 0, 'Epoch': 1, 'Type': 'Fit EDD', 'Details': 'Early diastolic duration rate fit - preMinPnt == spikePnt'}, {'Spike': 21, 'Seconds': np.float64(12.5951), 'Sweep': 0, 'Epoch': 1, 'Type': 'Spike Width', 'Details': 'Half width 10 error in ""falling point"" with halfWidthWindow_ms:200.0 searching for Vm:-54.06 from peak sec 12.68'}]",20260908,16:38:22,,,20230324a,20230324a,19114001.abf,,20.0,-20.0,0,"[10, 20, 50, 80, 90]",251902,12.5951,-65.69126674107139,1.8933354591837384,,253573,12.67865,50.57198660714283,116.26325334821422,83.5499999999989,253728,12.686399999999999,22.530691964285705,251902,-64.70999581473211,251902,251902,0.0,-65.69126674107139,-65.69126674107139,,,253560,20.246233258928562,167.70966198979576,253639,35.714285714285694,-24.194834183673464,13433.0,671.65,1.4888706915804364,15125.0,756.25,0.0,"[{'halfHeight': 10, 'risingPnt': None, 'fallingPnt': None, 'widthPnts': None, 'widthMs': nan}, {'halfHeight': 20, 'risingPnt': np.int64(253535), 'fallingPnt': np.int64(256770), 'widthPnts': np.int64(3235), 'widthMs': np.float64(161.75)}, {'halfHeight': 50, 'risingPnt': np.int64(253557), 'fallingPnt': np.int64(254241), 'widthPnts': np.int64(684), 'widthMs': np.float64(34.2)}, {'halfHeight': 80, 'risingPnt': np.int64(253562), 'fallingPnt': np.int64(253689), 'widthPnts': np.int64(127), 'widthMs': np.float64(6.35)}, {'halfHeight': 90, 'risingPnt': np.int64(253564), 'fallingPnt': np.int64(253625), 'widthPnts': np.int64(61), 'widthMs': np.float64(3.05)}]",,161.75,34.2,6.35,3.05,83.5499999999989,yes,2019-01-14,15:20:48,,,,,unknown,,,,
22,22,dvdt,0,1,0.0,22,0,"[{'Spike': 22, 'Seconds': np.float64(13.077), 'Sweep': 0, 'Epoch': 1, 'Type': 'Fast AHP was detected at end of fast AHP window', 'Details': 'Consider increasing the fast AHP window with fastAhpWindow_ms'}, {'Spike': 22, 'Seconds': np.float64(13.077), 'Sweep': 0, 'Epoch': 1, 'Type': 'Fit EDD', 'Details': 'Early diastolic duration rate fit - preMinPnt == spikePnt'}]",20260908,16:38:22,,,20230324a,20230324a,19114001.abf,,20.0,-20.0,0,"[10, 20, 50, 80, 90]",261539,13.07695,-65.27273995535711,-11.848294005102026,,263269,13.163450000000001,48.02594866071426,113.29868861607137,86.50000000000091,263428,13.1714,24.204799107142847,261539,-64.5167759486607,261539,261539,0.0,-65.27273995535711,-65.27273995535711,,,263251,19.688197544642847,130.0223214285713,263396,27.2914341517857,-19.441565688775512,9637.0,481.85,2.0753346477119434,9637.0,481.85,0.0,"[{'halfHeight': 10, 'risingPnt': np.int64(263011), 'fallingPnt': np.int64(266783), 'widthPnts': np.int64(3772), 'widthMs': np.float64(188.6)}, {'halfHeight': 20, 'risingPnt': np.int64(263220), 'fallingPnt': np.int64(265931), 'widthPnts': np.int64(2711), 'widthMs': np.float64(135.55)}, {'halfHeight': 50, 'risingPnt': np.int64(263247), 'fallingPnt': np.int64(264139), 'widthPnts': np.int64(892), 'widthMs': np.float64(44.6)}, {'halfHeight': 80, 'risingPnt': np.int64(263252), 'fallingPnt': np.int64(263414), 'widthPnts': np.int64(162), 'widthMs': np.float64(8.1)}, {'halfHeight': 90, 'risingPnt': np.int64(263255), 'fallingPnt': np.int64(263324), 'widthPnts': np.int64(69), 'widthMs': np.float64(3.45)}]",188.6,135.55,44.6,8.1,3.45,86.50000000000091,yes,2019-01-14,15:20:48,,,,,unknown,,,,
23,23,dvdt,0,1,0.0,23,0,"[{'Spike': 23, 'Seconds': np.float64(13.8536), 'Sweep': 0, 'Epoch': 1, 'Type': 'Fast AHP was detected at end of fast AHP window', 'Details': 'Consider increasing the fast AHP window with fastAhpWindow_ms'}]",20260908,16:38:22,,,20230324a,20230324a,19114001.abf,,20.0,-20.0,0,"[10, 20, 50, 80, 90]",277073,13.85365,-63.54631696428569,1.7139668367347576,,278330,13.9165,49.49079241071426,113.03710937499994,62.849999999999184,278489,13.92445,22.478376116071416,277014,-64.68941824776783,277020,277044,1.2,-64.15666852678568,-63.232421874999964,311.1655667693303,,278312,19.688197544642847,149.02543048469374,278683,8.754185267857139,-19.162547831632626,15534.0,776.7,1.2874983906270117,15475.0,773.75,2.95,"[{'halfHeight': 10, 'risingPnt': np.int64(278168), 'fallingPnt': np.int64(281687), 'widthPnts': np.int64(3519), 'widthMs': np.float64(175.95)}, {'halfHeight': 20, 'risingPnt': np.int64(278288), 'fallingPnt': np.int64(280819), 'widthPnts': np.int64(2531), 'widthMs': np.float64(126.55)}, {'halfHeight': 50, 'risingPnt': np.int64(278309), 'fallingPnt': np.int64(279009), 'widthPnts': np.int64(700), 'widthMs': np.float64(35.0)}, {'halfHeight': 80, 'risingPnt': np.int64(278313), 'fallingPnt': np.int64(278445), 'widthPnts': np.int64(132), 'widthMs': np.float64(6.6)}, {'halfHeight': 90, 'risingPnt': np.int64(278316), 'fallingPnt': np.int64(278380), 'widthPnts': np.int64(64), 'widthMs': np.float64(3.2)}]",175.95,126.55,35.0,6.6,3.2,62.849999999999184,yes,2019-01-14,15:20:48,,,,,unknown,,,,
24,24,dvdt,0,1,0.0,24,0,"[{'Spike': 24, 'Seconds': np.float64(14.3082), 'Sweep': 0, 'Epoch': 1, 'Type': 'Fast AHP was detected at end of fast AHP window', 'Details': 'Consider increasing the fast AHP window with fastAhpWindow_ms'}, {'Spike': 24, 'Seconds': np.float64(14.3082), 'Sweep': 0, 'Epoch': 1, 'Type': 'Fit EDD', 'Details': 'Early diastolic duration rate fit - preMinPnt == spikePnt'}, {'Spike': 24, 'Seconds': np.float64(14.3082), 'Sweep': 0, 'Epoch': 1, 'Type': 'Spike Width', 'Details': 'Half width 10 error in ""falling point"" with halfWidthWindow_ms:200.0 searching for Vm:-53.83 from peak sec 14.4'}]",20260908,16:38:22,,,20230324a,20230324a,19114001.abf,,20.0,-20.0,0,"[10, 20, 50, 80, 90]",286164,14.308200000000001,-65.2029854910714,-4.414461096938729,,288056,14.4028,48.56654575892855,113.76953124999994,94.59999999999802,288215,14.41075,22.862025669642847,286164,-64.27908761160712,286164,286164,0.0,-65.2029854910714,-65.2029854910714,,,288041,24.78027343749999,135.53292410714275,288077,43.404715401785694,-20.727040816326472,9091.0,454.55,2.1999780002199976,9150.0,457.5,0.0,"[{'halfHeight': 10, 'risingPnt': None, 'fallingPnt': None, 'widthPnts': None, 'widthMs': nan}, {'halfHeight': 20, 'risingPnt': np.int64(288014), 'fallingPnt': np.int64(291105), 'widthPnts': np.int64(3091), 'widthMs': np.float64(154.55)}, {'halfHeight': 50, 'risingPnt': np.int64(288036), 'fallingPnt': np.int64(288864), 'widthPnts': np.int64(828), 'widthMs': np.float64(41.4)}, {'halfHeight': 80, 'risingPnt': np.int64(288042), 'fallingPnt': np.int64(288191), 'widthPnts': np.int64(149), 'widthMs': np.float64(7.45)}, {'halfHeight': 90, 'risingPnt': np.int64(288044), 'fallingPnt': np.int64(288114), 'widthPnts': np.int64(70), 'widthMs': np.float64(3.5)}]",,154.55,41.4,7.45,3.5,94.59999999999802,yes,2019-01-14,15:20:48,,,,,unknown,,,,
25,25,dvdt,0,1,0.0,25,0,[],20260908,16:38:22,,,20230324a,20230324a,19114001.abf,,20.0,-20.0,0,"[10, 20, 50, 80, 90]",299475,14.97375,-61.2967354910714,-6.7960778061223825,,300201,15.01005,48.33984374999998,109.63657924107139,36.29999999999889,300354,15.017700000000001,23.245675223214274,298393,-64.31867327008926,298501,298934,21.65,-62.901088169642826,-61.9070870535714,37.720988871093155,,300185,10.463169642857137,132.9420440051019,300523,11.090959821428566,-24.483816964285687,13311.0,665.55,1.50251671549846,12229.0,611.45,54.1,"[{'halfHeight': 10, 'risingPnt': np.int64(300084), 'fallingPnt': np.int64(303274), 'widthPnts': np.int64(3190), 'widthMs': np.float64(159.5)}, {'halfHeight': 20, 'risingPnt': np.int64(300166), 'fallingPnt': np.int64(302420), 'widthPnts': np.int64(2254), 'widthMs': np.float64(112.7)}, {'halfHeight': 50, 'risingPnt': np.int64(300183), 'fallingPnt': np.int64(300870), 'widthPnts': np.int64(687), 'widthMs': np.float64(34.35)}, {'halfHeight': 80, 'risingPnt': np.int64(300188), 'fallingPnt': np.int64(300331), 'widthPnts': np.int64(143), 'widthMs': np.float64(7.15)}, {'halfHeight': 90, 'risingPnt': np.int64(300190), 'fallingPnt': np.int64(300257), 'widthPnts': np.int64(67), 'widthMs': np.float64(3.35)}]",159.5,112.7,34.35,7.15,3.35,36.29999999999889,yes,2019-01-14,15:20:48,,,,,unknown,,,,
26,26,dvdt,0,1,0.0,26,0,[],20260908,16:38:22,,,20230324a,20230324a,19114001.abf,,20.0,-20.0,0,"[10, 20, 50, 80, 90]",312940,15.647,-63.773018973214256,-5.490672831632684,,314938,15.7469,48.51422991071426,112.28724888392853,99.89999999999988,315093,15.75465,21.62388392857142,312852,-64.5523507254464,312861,312896,1.75,-62.552315848214256,-62.32561383928569,158.26643157328724,,314920,12.38141741071428,144.8202327806121,315256,9.364536830357139,-23.616868622448933,13465.0,673.25,1.4853323431117713,14459.0,722.95,4.4,"[{'halfHeight': 10, 'risingPnt': np.int64(314786), 'fallingPnt': np.int64(318257), 'widthPnts': np.int64(3471), 'widthMs': np.float64(173.55)}, {'halfHeight': 20, 'risingPnt': np.int64(314898), 'fallingPnt': np.int64(317236), 'widthPnts': np.int64(2338), 'widthMs': np.float64(116.9)}, {'halfHeight': 50, 'risingPnt': np.int64(314918), 'fallingPnt': np.int64(315577), 'widthPnts': np.int64(659), 'widthMs': np.float64(32.95)}, {'halfHeight': 80, 'risingPnt': np.int64(314922), 'fallingPnt': np.int64(315061), 'widthPnts': np.int64(139), 'widthMs': np.float64(6.95)}, {'halfHeight': 90, 'risingPnt': np.int64(314925), 'fallingPnt': np.int64(314990), 'widthPnts': np.int64(65), 'widthMs': np.float64(3.25)}]",173.55,116.9,32.95,6.95,3.25,99.89999999999988,yes,2019-01-14,15:20:48,,,,,unknown,,,,
27,27,dvdt,0,1,0.0,27,0,"[{'Spike': 27, 'Seconds': np.float64(16.2588), 'Sweep': 0, 'Epoch': 1, 'Type': 'Fit EDD', 'Details': 'Early diastolic duration rate fit - preMinPnt == spikePnt'}]",20260908,16:38:22,,,20230324a,20230324a,19114001.abf,,20.0,-20.0,0,"[10, 20, 50, 80, 90]",325177,16.25885,-64.24386160714283,-1.8534757653061593,,326248,16.3124,49.17689732142855,113.42075892857139,53.55000000000132,326399,16.319950000000002,22.05984933035713,325177,-64.09423828124996,325177,325177,0.0,-64.24386160714283,-64.24386160714283,,,326230,17.35142299107142,138.43271683673453,326328,30.726841517857128,-22.18191964285713,12237.0,611.85,1.6343875132793986,12325.0,616.25,0.0,"[{'halfHeight': 10, 'risingPnt': np.int64(326084), 'fallingPnt': np.int64(329936), 'widthPnts': np.int64(3852), 'widthMs': np.float64(192.6)}, {'halfHeight': 20, 'risingPnt': np.int64(326208), 'fallingPnt': np.int64(329050), 'widthPnts': np.int64(2842), 'widthMs': np.float64(142.1)}, {'halfHeight': 50, 'risingPnt': np.int64(326227), 'fallingPnt': np.int64(326903), 'widthPnts': np.int64(676), 'widthMs': np.float64(33.8)}, {'halfHeight': 80, 'risingPnt': np.int64(326232), 'fallingPnt': np.int64(326363), 'widthPnts': np.int64(131), 'widthMs': np.float64(6.55)}, {'halfHeight': 90, 'risingPnt': np.int64(326234), 'fallingPnt': np.int64(326293), 'widthPnts': np.int64(59), 'widthMs': np.float64(2.95)}]",192.6,142.1,33.8,6.55,2.95,53.55000000000132,yes,2019-01-14,15:20:48,,,,,unknown,,,,
28,28,dvdt,0,1,0.0,28,0,"[{'Spike': 28, 'Seconds': np.float64(16.7901), 'Sweep': 0, 'Epoch': 1, 'Type': 'Fast AHP was detected at end of fast AHP window', 'Details': 'Consider increasing the fast AHP window with fastAhpWindow_ms'}, {'Spike': 28, 'Seconds': np.float64(16.7901), 'Sweep': 0, 'Epoch': 1, 'Type': 'Fit EDD', 'Details': 'Early diastolic duration rate fit - preMinPnt == spikePnt'}, {'Spike': 28, 'Seconds': np.float64(16.7901), 'Sweep': 0, 'Epoch': 1, 'Type': 'Spike Width', 'Details': 'Half width 10 error in ""falling point"" with halfWidthWindow_ms:200.0 searching for Vm:-53.57 from peak sec 16.88'}]",20260908,16:38:22,,,20230324a,20230324a,19114001.abf,,20.0,-20.0,0,"[10, 20, 50, 80, 90]",335802,16.7901,-64.97628348214282,1.2456154336734317,,337548,16.8774,49.07226562499997,114.04854910714279,87.3000000000026,337707,16.88535,23.385184151785705,335802,-64.56734793526783,335802,335802,0.0,-64.97628348214282,-64.97628348214282,,,337537,17.804827008928562,149.34430803571414,337671,26.78571428571427,-22.331393494897927,10625.0,531.25,1.8823529411764706,10625.0,531.25,0.0,"[{'halfHeight': 10, 'risingPnt': None, 'fallingPnt': None, 'widthPnts': None, 'widthMs': nan}, {'halfHeight': 20, 'risingPnt': np.int64(337512), 'fallingPnt': np.int64(340515), 'widthPnts': np.int64(3003), 'widthMs': np.float64(150.15)}, {'halfHeight': 50, 'risingPnt': np.int64(337534), 'fallingPnt': np.int64(338238), 'widthPnts': np.int64(704), 'widthMs': np.float64(35.2)}, {'halfHeight': 80, 'risingPnt': np.int64(337539), 'fallingPnt': np.int64(337686), 'widthPnts': np.int64(147), 'widthMs': np.float64(7.35)}, {'halfHeight': 90, 'risingPnt': np.int64(337541), 'fallingPnt': np.int64(337606), 'widthPnts': np.int64(65), 'widthMs': np.float64(3.25)}]",,150.15,35.2,7.35,3.25,87.3000000000026,yes,2019-01-14,15:20:48,,,,,unknown,,,,
29,29,dvdt,0,1,0.0,29,0,[],20260908,16:38:22,,,20230324a,20230324a,19114001.abf,,20.0,-20.0,0,"[10, 20, 50, 80, 90]",350703,17.53515,-39.30664062499998,10.941485969387774,,350734,17.5367,51.14746093749998,90.45410156249996,1.549999999998164,350890,17.5445,23.053850446428562,349978,-64.12806919642854,350050,350340,14.5,-61.95940290178569,-59.76213727678569,195.210342487174,,350721,26.1928013392857,149.30444834183658,350838,28.477260044642843,-18.335459183673443,14901.0,745.05,1.342191799208107,14176.0,708.8,36.25,"[{'halfHeight': 10, 'risingPnt': np.int64(350711), 'fallingPnt': np.int64(352530), 'widthPnts': np.int64(1819), 'widthMs': np.float64(90.95)}, {'halfHeight': 20, 'risingPnt': np.int64(350714), 'fallingPnt': np.int64(351895), 'widthPnts': np.int64(1181), 'widthMs': np.float64(59.05)}, {'halfHeight': 50, 'risingPnt': np.int64(350719), 'fallingPnt': np.int64(351111), 'widthPnts': np.int64(392), 'widthMs': np.float64(19.6)}, {'halfHeight': 80, 'risingPnt': np.int64(350723), 'fallingPnt': np.int64(350817), 'widthPnts': np.int64(94), 'widthMs': np.float64(4.7)}, {'halfHeight': 90, 'risingPnt': np.int64(350725), 'fallingPnt': np.int64(350774), 'widthPnts': np.int64(49), 'widthMs': np.float64(2.45)}]",90.95,59.05,19.6,4.7,2.45,1.549999999998164,yes,2019-01-14,15:20:48,,,,,unknown,,,,
30,30,dvdt,0,1,0.0,30,0,"[{'Spike': 30, 'Seconds': np.float64(17.9684), 'Sweep': 0, 'Epoch': 1, 'Type': 'Fast AHP was detected at end of fast AHP window', 'Details': 'Consider increasing the fast AHP window with fastAhpWindow_ms'}, {'Spike': 30, 'Seconds': np.float64(17.9684), 'Sweep': 0, 'Epoch': 1, 'Type': 'Fit EDD', 'Details': 'Early diastolic duration rate fit - preMinPnt == spikePnt'}]",20260908,16:38:22,,,20230324a,20230324a,19114001.abf,,20.0,-20.0,0,"[10, 20, 50, 80, 90]",359369,17.96845,-65.76102120535711,-10.393415178571459,,361185,18.05925,49.996512276785694,115.7575334821428,90.799999999998,361344,18.0672,21.36230468749999,359369,-64.4703892299107,359369,359369,0.0,-65.76102120535711,-65.76102120535711,,,361167,7.28934151785714,148.2979910714284,361255,34.23200334821427,-22.2915338010204,8666.0,433.3,2.3078698361412417,9391.0,469.55,0.0,"[{'halfHeight': 10, 'risingPnt': np.int64(360990), 'fallingPnt': np.int64(364824), 'widthPnts': np.int64(3834), 'widthMs': np.float64(191.7)}, {'halfHeight': 20, 'risingPnt': np.int64(361143), 'fallingPnt': np.int64(363863), 'widthPnts': np.int64(2720), 'widthMs': np.float64(136.0)}, {'halfHeight': 50, 'risingPnt': np.int64(361165), 'fallingPnt': np.int64(361876), 'widthPnts': np.int64(711), 'widthMs': np.float64(35.55)}, {'halfHeight': 80, 'risingPnt': np.int64(361171), 'fallingPnt': np.int64(361307), 'widthPnts': np.int64(136), 'widthMs': np.float64(6.8)}, {'halfHeight': 90, 'risingPnt': np.int64(361173), 'fallingPnt': np.int64(361235), 'widthPnts': np.int64(62), 'widthMs': np.float64(3.1)}]",191.7,136.0,35.55,6.8,3.1,90.799999999998,yes,2019-01-14,15:20:48,,,,,unknown,,,,
31,31,dvdt,0,1,0.0,31,0,[],20260908,16:38:22,,,20230324a,20230324a,19114001.abf,,20.0,-20.0,0,"[10, 20, 50, 80, 90]",370090,18.5045,-63.94740513392854,-4.514110331632664,,371850,18.5925,50.46735491071426,114.4147600446428,88.00000000000097,372008,18.6004,23.15848214285713,370086,-64.4032505580357,370086,370088,0.1,-64.12179129464282,-63.66838727678568,1395.0892854240276,,371830,8.24846540178571,140.67482461734676,371920,34.790039062499986,-21.93279655612239,10721.0,536.05,1.865497621490533,10717.0,535.85,0.2,"[{'halfHeight': 10, 'risingPnt': np.int64(371708), 'fallingPnt': np.int64(375595), 'widthPnts': np.int64(3887), 'widthMs': np.float64(194.35)}, {'halfHeight': 20, 'risingPnt': np.int64(371809), 'fallingPnt': np.int64(374606), 'widthPnts': np.int64(2797), 'widthMs': np.float64(139.85)}, {'halfHeight': 50, 'risingPnt': np.int64(371828), 'fallingPnt': np.int64(372499), 'widthPnts': np.int64(671), 'widthMs': np.float64(33.55)}, {'halfHeight': 80, 'risingPnt': np.int64(371833), 'fallingPnt': np.int64(371968), 'widthPnts': np.int64(135), 'widthMs': np.float64(6.75)}, {'halfHeight': 90, 'risingPnt': np.int64(371836), 'fallingPnt': np.int64(371903), 'widthPnts': np.int64(67), 'widthMs': np.float64(3.35)}]",194.35,139.85,33.55,6.75,3.35,88.00000000000097,yes,2019-01-14,15:20:48,,,,,unknown,,,,
32,32,dvdt,0,1,0.0,32,0,"[{'Spike': 32, 'Seconds': np.float64(19.1166), 'Sweep': 0, 'Epoch': 1, 'Type': 'Fit EDD', 'Details': 'Early diastolic duration rate fit - Too low -188.467<=8'}]",20260908,16:38:22,,,20230324a,20230324a,19114001.abf,,20.0,-20.0,0,"[10, 20, 50, 80, 90]",382333,19.11665,-64.69726562499997,-8.201132015306163,,383543,19.17715,48.81068638392855,113.50795200892853,60.50000000000111,383697,19.184849999999997,21.676199776785705,382277,-64.2435128348214,382283,382305,1.1,-62.918526785714256,-62.918526785714256,-188.46703083421355,,383528,15.816824776785706,136.17067920918353,383696,22.7748325892857,-23.477359693877517,12243.0,612.15,1.6335865392469167,12191.0,609.55,2.8,"[{'halfHeight': 10, 'risingPnt': np.int64(383373), 'fallingPnt': np.int64(387027), 'widthPnts': np.int64(3654), 'widthMs': np.float64(182.7)}, {'halfHeight': 20, 'risingPnt': np.int64(383505), 'fallingPnt': np.int64(386057), 'widthPnts': np.int64(2552), 'widthMs': np.float64(127.6)}, {'halfHeight': 50, 'risingPnt': np.int64(383525), 'fallingPnt': np.int64(384265), 'widthPnts': np.int64(740), 'widthMs': np.float64(37.0)}, {'halfHeight': 80, 'risingPnt': np.int64(383530), 'fallingPnt': np.int64(383669), 'widthPnts': np.int64(139), 'widthMs': np.float64(6.95)}, {'halfHeight': 90, 'risingPnt': np.int64(383532), 'fallingPnt': np.int64(383595), 'widthPnts': np.int64(63), 'widthMs': np.float64(3.15)}]",182.7,127.6,37.0,6.95,3.15,60.50000000000111,yes,2019-01-14,15:20:48,,,,,unknown,,,,
33,33,dvdt,0,1,0.0,33,0,"[{'Spike': 33, 'Seconds': np.float64(19.817), 'Sweep': 0, 'Epoch': 1, 'Type': 'Spike Width', 'Details': 'Half width 10 error in ""falling point"" with halfWidthWindow_ms:200.0 searching for Vm:-60.5 from peak sec 19.92'}]",20260908,16:38:22,,,20230324a,20230324a,19114001.abf,,20.0,-20.0,0,"[10, 20, 50, 80, 90]",396340,19.817,-64.40080915178568,-4.693478954081614,,398339,19.91695,-25.39062499999999,39.010184151785694,99.94999999999976,398339,19.91695,-25.39062499999999,396335,-64.20479910714283,396335,396337,0.1,-64.13922991071426,-63.162667410714256,10114.397321610759,,398339,-25.39062499999999,47.57254464285709,398370,46.75292968749998,-25.21125637755103,14007.0,700.35,1.4278574998215177,14058.0,702.9,0.25,"[{'halfHeight': 10, 'risingPnt': None, 'fallingPnt': None, 'widthPnts': None, 'widthMs': nan}, {'halfHeight': 20, 'risingPnt': np.int64(397972), 'fallingPnt': np.int64(402151), 'widthPnts': np.int64(4179), 'widthMs': np.float64(208.95)}, {'halfHeight': 50, 'risingPnt': np.int64(398310), 'fallingPnt': np.int64(401113), 'widthPnts': np.int64(2803), 'widthMs': np.float64(140.15)}, {'halfHeight': 80, 'risingPnt': np.int64(398335), 'fallingPnt': np.int64(400080), 'widthPnts': np.int64(1745), 'widthMs': np.float64(87.25)}, {'halfHeight': 90, 'risingPnt': np.int64(398338), 'fallingPnt': np.int64(399818), 'widthPnts': np.int64(1480), 'widthMs': np.float64(74.0)}]",,208.95,140.15,87.25,74.0,99.94999999999976,yes,2019-01-14,15:20:48,,,,,unknown,,,,
34,34,dvdt,0,1,0.0,34,0,"[{'Spike': 34, 'Seconds': np.float64(20.409), 'Sweep': 0, 'Epoch': 1, 'Type': 'Fast AHP was detected at end of fast AHP window', 'Details': 'Consider increasing the fast AHP window with fastAhpWindow_ms'}, {'Spike': 34, 'Seconds': np.float64(20.409), 'Sweep': 0, 'Epoch': 1, 'Type': 'Fit EDD', 'Details': 'Early diastolic duration rate fit - preMinPnt == spikePnt'}]",20260908,16:38:22,,,20230324a,20230324a,19114001.abf,,20.0,-20.0,0,"[10, 20, 50, 80, 90]",408180,20.409,-64.9588448660714,-13.940927933673448,,410179,20.508950000000002,46.50878906249998,111.46763392857139,99.95000000000331,410338,20.5169,23.960658482142847,408180,-64.0030343191964,408180,408180,0.0,-64.9588448660714,-64.9588448660714,,,410170,19.67075892857142,130.81951530612233,410392,19.618443080357135,-20.647321428571416,11840.0,592.0,1.6891891891891893,11845.0,592.25,0.0,"[{'halfHeight': 10, 'risingPnt': np.int64(409973), 'fallingPnt': np.int64(413786), 'widthPnts': np.int64(3813), 'widthMs': np.float64(190.65)}, {'halfHeight': 20, 'risingPnt': np.int64(410142), 'fallingPnt': np.int64(412850), 'widthPnts': np.int64(2708), 'widthMs': np.float64(135.4)}, {'halfHeight': 50, 'risingPnt': np.int64(410166), 'fallingPnt': np.int64(410998), 'widthPnts': np.int64(832), 'widthMs': np.float64(41.6)}, {'halfHeight': 80, 'risingPnt': np.int64(410171), 'fallingPnt': np.int64(410338), 'widthPnts': np.int64(167), 'widthMs': np.float64(8.35)}, {'halfHeight': 90, 'risingPnt': np.int64(410173), 'fallingPnt': np.int64(410249), 'widthPnts': np.int64(76), 'widthMs': np.float64(3.8)}]",190.65,135.4,41.6,8.35,3.8,99.95000000000331,yes,2019-01-14,15:20:48,,,,,unknown,,,,
35,35,dvdt,0,1,0.0,35,0,"[{'Spike': 35, 'Seconds': np.float64(20.8542), 'Sweep': 0, 'Epoch': 1, 'Type': 'Fast AHP was detected at end of fast AHP window', 'Details': 'Consider increasing the fast AHP window with fastAhpWindow_ms'}]",20260908,16:38:22,,,20230324a,20230324a,19114001.abf,,20.0,-20.0,0,"[10, 20, 50, 80, 90]",417083,20.85415,-62.779017857142826,-9.925063775510116,,418545,20.92725,45.82868303571426,108.60770089285708,73.10000000000016,418704,20.935200000000002,22.635323660714274,416925,-63.754882812499964,416941,417004,3.15,-62.046595982142826,-61.73270089285711,300.73911337453524,,418529,10.166713169642852,138.47257653061212,418788,14.94489397321428,-20.73700573979587,8903.0,445.15,2.246433786364147,8745.0,437.25,7.9,"[{'halfHeight': 10, 'risingPnt': np.int64(418369), 'fallingPnt': np.int64(422292), 'widthPnts': np.int64(3923), 'widthMs': np.float64(196.15)}, {'halfHeight': 20, 'risingPnt': np.int64(418501), 'fallingPnt': np.int64(421255), 'widthPnts': np.int64(2754), 'widthMs': np.float64(137.7)}, {'halfHeight': 50, 'risingPnt': np.int64(418526), 'fallingPnt': np.int64(419369), 'widthPnts': np.int64(843), 'widthMs': np.float64(42.15)}, {'halfHeight': 80, 'risingPnt': np.int64(418532), 'fallingPnt': np.int64(418691), 'widthPnts': np.int64(159), 'widthMs': np.float64(7.95)}, {'halfHeight': 90, 'risingPnt': np.int64(418534), 'fallingPnt': np.int64(418603), 'widthPnts': np.int64(69), 'widthMs': np.float64(3.45)}]",196.15,137.7,42.15,7.95,3.45,73.10000000000016,yes,2019-01-14,15:20:48,,,,,unknown,,,,
36,36,dvdt,0,1,0.0,36,0,"[{'Spike': 36, 'Seconds': np.float64(21.5382), 'Sweep': 0, 'Epoch': 1, 'Type': 'Fast AHP was detected at end of fast AHP window', 'Details': 'Consider increasing the fast AHP window with fastAhpWindow_ms'}]",20260908,16:38:22,,,20230324a,20230324a,19114001.abf,,20.0,-20.0,0,"[10, 20, 50, 80, 90]",430764,21.5382,-64.87165178571425,-5.55046237244891,,431988,21.599400000000003,49.35128348214283,114.22293526785708,61.20000000000303,432147,21.60735,21.780831473214278,430759,-64.37831333705356,430759,430761,0.1,-64.08691406249997,-63.616071428571395,5929.129464931673,,431971,12.660435267857137,145.6572863520407,432030,39.21944754464284,-19.09279336734689,13681.0,684.05,1.4618814414151013,13834.0,691.7,0.25,"[{'halfHeight': 10, 'risingPnt': np.int64(431815), 'fallingPnt': np.int64(435491), 'widthPnts': np.int64(3676), 'widthMs': np.float64(183.8)}, {'halfHeight': 20, 'risingPnt': np.int64(431949), 'fallingPnt': np.int64(434463), 'widthPnts': np.int64(2514), 'widthMs': np.float64(125.7)}, {'halfHeight': 50, 'risingPnt': np.int64(431969), 'fallingPnt': np.int64(432659), 'widthPnts': np.int64(690), 'widthMs': np.float64(34.5)}, {'halfHeight': 80, 'risingPnt': np.int64(431974), 'fallingPnt': np.int64(432105), 'widthPnts': np.int64(131), 'widthMs': np.float64(6.55)}, {'halfHeight': 90, 'risingPnt': np.int64(431976), 'fallingPnt': np.int64(432043), 'widthPnts': np.int64(67), 'widthMs': np.float64(3.35)}]",183.8,125.7,34.5,6.55,3.35,61.20000000000303,yes,2019-01-14,15:20:48,,,,,unknown,,,,
37,37,dvdt,0,1,0.0,37,0,"[{'Spike': 37, 'Seconds': np.float64(22.041), 'Sweep': 0, 'Epoch': 1, 'Type': 'Fast AHP was detected at end of fast AHP window', 'Details': 'Consider increasing the fast AHP window with fastAhpWindow_ms'}, {'Spike': 37, 'Seconds': np.float64(22.041), 'Sweep': 0, 'Epoch': 1, 'Type': 'Fit EDD', 'Details': 'Early diastolic duration rate fit - preMinPnt == spikePnt'}]",20260908,16:38:22,,,20230324a,20230324a,19114001.abf,,20.0,-20.0,0,"[10, 20, 50, 80, 90]",440820,22.041,-64.13922991071425,0.36870216836734865,,442355,22.11775,48.165457589285694,112.30468749999994,76.75000000000054,442514,22.125700000000002,23.19335937499999,440820,-64.02901785714283,440820,440820,0.0,-64.13922991071425,-64.13922991071425,,,442337,6.661551339285711,138.91103316326516,442475,27.134486607142843,-23.248166454081634,10056.0,502.8,1.988862370723946,10061.0,503.05,0.0,"[{'halfHeight': 10, 'risingPnt': np.int64(442161), 'fallingPnt': np.int64(446102), 'widthPnts': np.int64(3941), 'widthMs': np.float64(197.05)}, {'halfHeight': 20, 'risingPnt': np.int64(442313), 'fallingPnt': np.int64(445231), 'widthPnts': np.int64(2918), 'widthMs': np.float64(145.9)}, {'halfHeight': 50, 'risingPnt': np.int64(442335), 'fallingPnt': np.int64(443108), 'widthPnts': np.int64(773), 'widthMs': np.float64(38.65)}, {'halfHeight': 80, 'risingPnt': np.int64(442340), 'fallingPnt': np.int64(442482), 'widthPnts': np.int64(142), 'widthMs': np.float64(7.1)}, {'halfHeight': 90, 'risingPnt': np.int64(442343), 'fallingPnt': np.int64(442408), 'widthPnts': np.int64(65), 'widthMs': np.float64(3.25)}]",197.05,145.9,38.65,7.1,3.25,76.75000000000054,yes,2019-01-14,15:20:48,,,,,unknown,,,,
38,38,dvdt,0,1,0.0,38,0,[],20260908,16:38:22,,,20230324a,20230324a,19114001.abf,,20.0,-20.0,0,"[10, 20, 50, 80, 90]",450945,22.54725,-62.2732979910714,1.1160714285714517,,452253,22.612650000000002,46.36928013392855,108.64257812499994,65.4000000000039,452407,22.62035,24.309430803571416,449880,-64.08342633928568,449986,450412,21.3,-62.01171874999997,-61.12234933035711,44.13210389212613,,452236,11.75362723214285,125.11957908163254,452318,34.022739955357125,-24.025430484693864,10125.0,506.25,1.9753086419753088,9060.0,453.0,53.25,"[{'halfHeight': 10, 'risingPnt': np.int64(452086), 'fallingPnt': np.int64(455575), 'widthPnts': np.int64(3489), 'widthMs': np.float64(174.45)}, {'halfHeight': 20, 'risingPnt': np.int64(452212), 'fallingPnt': np.int64(454590), 'widthPnts': np.int64(2378), 'widthMs': np.float64(118.9)}, {'halfHeight': 50, 'risingPnt': np.int64(452233), 'fallingPnt': np.int64(453013), 'widthPnts': np.int64(780), 'widthMs': np.float64(39.0)}, {'halfHeight': 80, 'risingPnt': np.int64(452239), 'fallingPnt': np.int64(452406), 'widthPnts': np.int64(167), 'widthMs': np.float64(8.35)}, {'halfHeight': 90, 'risingPnt': np.int64(452241), 'fallingPnt': np.int64(452312), 'widthPnts': np.int64(71), 'widthMs': np.float64(3.55)}]",174.45,118.9,39.0,8.35,3.55,65.4000000000039,yes,2019-01-14,15:20:48,,,,,unknown,,,,
39,39,dvdt,0,1,0.0,39,0,[],20260908,16:38:22,,,20230324a,20230324a,19114001.abf,,20.0,-20.0,0,"[10, 20, 50, 80, 90]",460655,23.03275,-63.58119419642854,-8.021763392857103,,462092,23.104599999999998,47.74693080357141,111.32812499999994,71.84999999999775,462248,23.1124,22.530691964285705,460280,-64.50195312499997,460318,460468,7.5,-63.07547433035711,-63.127790178571395,22.448294329048146,,462070,10.637555803571423,134.50653698979582,462094,45.479910714285694,-23.317920918367356,9710.0,485.5,2.059732234809475,10400.0,520.0,18.75,"[{'halfHeight': 10, 'risingPnt': np.int64(461902), 'fallingPnt': np.int64(465308), 'widthPnts': np.int64(3406), 'widthMs': np.float64(170.3)}, {'halfHeight': 20, 'risingPnt': np.int64(462046), 'fallingPnt': np.int64(464412), 'widthPnts': np.int64(2366), 'widthMs': np.float64(118.3)}, {'halfHeight': 50, 'risingPnt': np.int64(462067), 'fallingPnt': np.int64(462779), 'widthPnts': np.int64(712), 'widthMs': np.float64(35.6)}, {'halfHeight': 80, 'risingPnt': np.int64(462073), 'fallingPnt': np.int64(462220), 'widthPnts': np.int64(147), 'widthMs': np.float64(7.35)}, {'halfHeight': 90, 'risingPnt': np.int64(462075), 'fallingPnt': np.int64(462144), 'widthPnts': np.int64(69), 'widthMs': np.float64(3.45)}]",170.3,118.3,35.6,7.35,3.45,71.84999999999775,yes,2019-01-14,15:20:48,,,,,unknown,,,,
40,40,dvdt,0,1,0.0,40,0,[],20260908,16:38:22,,,20230324a,20230324a,19114001.abf,,20.0,-20.0,0,"[10, 20, 50, 80, 90]",471990,23.5995,-33.8832310267857,12.804926658163238,,472024,23.601200000000002,47.11914062499998,81.00237165178568,1.7000000000031434,472181,23.60905,24.222237723214274,470521,-64.6194893973214,470668,471255,29.35,-63.33705357142854,-59.48311941964283,128.76025265631645,,472003,15.607561383928564,134.52646683673453,472034,43.85811941964284,-21.922831632653054,11335.0,566.75,1.76444640494045,10241.0,512.05,73.45,"[{'halfHeight': 10, 'risingPnt': np.int64(471995), 'fallingPnt': np.int64(473425), 'widthPnts': np.int64(1430), 'widthMs': np.float64(71.5)}, {'halfHeight': 20, 'risingPnt': np.int64(471998), 'fallingPnt': np.int64(473098), 'widthPnts': np.int64(1100), 'widthMs': np.float64(55.0)}, {'halfHeight': 50, 'risingPnt': np.int64(472002), 'fallingPnt': np.int64(472482), 'widthPnts': np.int64(480), 'widthMs': np.float64(24.0)}, {'halfHeight': 80, 'risingPnt': np.int64(472006), 'fallingPnt': np.int64(472112), 'widthPnts': np.int64(106), 'widthMs': np.float64(5.3)}, {'halfHeight': 90, 'risingPnt': np.int64(472008), 'fallingPnt': np.int64(472064), 'widthPnts': np.int64(56), 'widthMs': np.float64(2.8)}]",71.5,55.0,24.0,5.3,2.8,1.7000000000031434,yes,2019-01-14,15:20:48,,,,,unknown,,,,
41,41,dvdt,0,1,0.0,41,0,"[{'Spike': 41, 'Seconds': np.float64(24.3278), 'Sweep': 0, 'Epoch': 1, 'Type': 'Fit EDD', 'Details': 'Early diastolic duration rate fit - preMinPnt == spikePnt'}, {'Spike': 41, 'Seconds': np.float64(24.3278), 'Sweep': 0, 'Epoch': 1, 'Type': 'Spike Width', 'Details': 'Half width 10 error in ""falling point"" with halfWidthWindow_ms:200.0 searching for Vm:-54.38 from peak sec 24.42'}]",20260908,16:38:22,,,20230324a,20230324a,19114001.abf,,20.0,-20.0,0,"[10, 20, 50, 80, 90]",486556,24.3278,-66.09235491071426,1.923230229591718,,488320,24.416,51.00795200892855,117.1003069196428,88.2000000000005,488477,24.423849999999998,21.100725446428562,486556,-65.12050083705353,486556,486556,0.0,-66.09235491071426,-66.09235491071426,,,488304,11.75362723214285,147.1719547193876,488322,48.47935267857141,-24.214764030612237,14566.0,728.3,1.373060551970342,16035.0,801.75,0.0,"[{'halfHeight': 10, 'risingPnt': None, 'fallingPnt': None, 'widthPnts': None, 'widthMs': nan}, {'halfHeight': 20, 'risingPnt': np.int64(488280), 'fallingPnt': np.int64(491529), 'widthPnts': np.int64(3249), 'widthMs': np.float64(162.45)}, {'halfHeight': 50, 'risingPnt': np.int64(488302), 'fallingPnt': np.int64(488944), 'widthPnts': np.int64(642), 'widthMs': np.float64(32.1)}, {'halfHeight': 80, 'risingPnt': np.int64(488307), 'fallingPnt': np.int64(488427), 'widthPnts': np.int64(120), 'widthMs': np.float64(6.0)}, {'halfHeight': 90, 'risingPnt': np.int64(488310), 'fallingPnt': np.int64(488367), 'widthPnts': np.int64(57), 'widthMs': np.float64(2.85)}]",,162.45,32.1,6.0,2.85,88.2000000000005,yes,2019-01-14,15:20:48,,,,,unknown,,,,
42,42,dvdt,0,1,0.0,42,0,"[{'Spike': 42, 'Seconds': np.float64(24.9748), 'Sweep': 0, 'Epoch': 1, 'Type': 'Fast AHP was detected at end of fast AHP window', 'Details': 'Consider increasing the fast AHP window with fastAhpWindow_ms'}, {'Spike': 42, 'Seconds': np.float64(24.9748), 'Sweep': 0, 'Epoch': 1, 'Type': 'Fit EDD', 'Details': 'Early diastolic duration rate fit - Too low -1699.472<=8'}]",20260908,16:38:22,,,20230324a,20230324a,19114001.abf,,20.0,-20.0,0,"[10, 20, 50, 80, 90]",499497,24.97485,-64.78445870535711,-3.5475127551020473,,500688,25.0344,50.25809151785712,115.04255022321422,59.550000000001546,500847,25.04235,20.333426339285705,499470,-64.67285156249996,499473,499484,0.55,-63.66838727678569,-63.249860491071395,-1699.472402560951,,500672,7.114955357142853,138.68183992346925,500746,35.33063616071427,-21.763392857142843,12941.0,647.05,1.5454756201220927,12914.0,645.7,1.35,"[{'halfHeight': 10, 'risingPnt': np.int64(500516), 'fallingPnt': np.int64(504633), 'widthPnts': np.int64(4117), 'widthMs': np.float64(205.85)}, {'halfHeight': 20, 'risingPnt': np.int64(500650), 'fallingPnt': np.int64(503518), 'widthPnts': np.int64(2868), 'widthMs': np.float64(143.4)}, {'halfHeight': 50, 'risingPnt': np.int64(500670), 'fallingPnt': np.int64(501298), 'widthPnts': np.int64(628), 'widthMs': np.float64(31.4)}, {'halfHeight': 80, 'risingPnt': np.int64(500676), 'fallingPnt': np.int64(500790), 'widthPnts': np.int64(114), 'widthMs': np.float64(5.7)}, {'halfHeight': 90, 'risingPnt': np.int64(500678), 'fallingPnt': np.int64(500734), 'widthPnts': np.int64(56), 'widthMs': np.float64(2.8)}]",205.85,143.4,31.4,5.7,2.8,59.550000000001546,yes,2019-01-14,15:20:48,,,,,unknown,,,,
43,43,dvdt,0,1,0.0,43,0,[],20260908,16:38:22,,,20230324a,20230324a,19114001.abf,,20.0,-20.0,0,"[10, 20, 50, 80, 90]",508647,25.43235,-64.03459821428568,-7.3142538265306465,,510013,25.50065,47.15401785714284,111.18861607142853,68.3000000000007,510171,25.50855,20.281110491071416,508519,-64.23915318080356,508532,508583,2.55,-62.95340401785712,-62.93596540178569,373.83342760113396,,509995,11.87569754464285,127.49123086734683,510189,17.909458705357135,-25.79918686224484,9150.0,457.5,2.1857923497267757,9049.0,452.45,6.4,"[{'halfHeight': 10, 'risingPnt': np.int64(509809), 'fallingPnt': np.int64(513438), 'widthPnts': np.int64(3629), 'widthMs': np.float64(181.45)}, {'halfHeight': 20, 'risingPnt': np.int64(509967), 'fallingPnt': np.int64(512496), 'widthPnts': np.int64(2529), 'widthMs': np.float64(126.45)}, {'halfHeight': 50, 'risingPnt': np.int64(509992), 'fallingPnt': np.int64(510704), 'widthPnts': np.int64(712), 'widthMs': np.float64(35.6)}, {'halfHeight': 80, 'risingPnt': np.int64(509998), 'fallingPnt': np.int64(510140), 'widthPnts': np.int64(142), 'widthMs': np.float64(7.1)}, {'halfHeight': 90, 'risingPnt': np.int64(510000), 'fallingPnt': np.int64(510068), 'widthPnts': np.int64(68), 'widthMs': np.float64(3.4)}]",181.45,126.45,35.6,7.1,3.4,68.3000000000007,yes,2019-01-14,15:20:48,,,,,unknown,,,,
44,44,dvdt,0,1,0.0,44,0,"[{'Spike': 44, 'Seconds': np.float64(26.1078), 'Sweep': 0, 'Epoch': 1, 'Type': 'Fast AHP was detected at end of fast AHP window', 'Details': 'Consider increasing the fast AHP window with fastAhpWindow_ms'}]",20260908,16:38:22,,,20230324a,20230324a,19114001.abf,,20.0,-20.0,0,"[10, 20, 50, 80, 90]",522157,26.10785,-64.55775669642854,-13.422751913265289,,523784,26.1892,48.09570312499998,112.65345982142853,81.35000000000048,523943,26.19715,20.14160156249999,521758,-64.40429687499997,521798,521958,8.0,-64.3484933035714,-63.58119419642854,92.49793066382679,,523769,16.98521205357142,134.36702806122435,524110,7.481166294642853,-24.713010204081606,13510.0,675.5,1.4803849000740192,13239.0,661.95,19.95,"[{'halfHeight': 10, 'risingPnt': np.int64(523578), 'fallingPnt': np.int64(527390), 'widthPnts': np.int64(3812), 'widthMs': np.float64(190.6)}, {'halfHeight': 20, 'risingPnt': np.int64(523743), 'fallingPnt': np.int64(526291), 'widthPnts': np.int64(2548), 'widthMs': np.float64(127.4)}, {'halfHeight': 50, 'risingPnt': np.int64(523766), 'fallingPnt': np.int64(524423), 'widthPnts': np.int64(657), 'widthMs': np.float64(32.85)}, {'halfHeight': 80, 'risingPnt': np.int64(523771), 'fallingPnt': np.int64(523905), 'widthPnts': np.int64(134), 'widthMs': np.float64(6.7)}, {'halfHeight': 90, 'risingPnt': np.int64(523773), 'fallingPnt': np.int64(523836), 'widthPnts': np.int64(63), 'widthMs': np.float64(3.15)}]",190.6,127.4,32.85,6.7,3.15,81.35000000000048,yes,2019-01-14,15:20:48,,,,,unknown,,,,
45,45,dvdt,0,1,0.0,45,0,[],20260908,16:38:22,,,20230324a,20230324a,19114001.abf,,20.0,-20.0,0,"[10, 20, 50, 80, 90]",537132,26.8566,-46.700613839285694,6.238042091836692,,537184,26.8592,50.18833705357141,96.88895089285711,2.600000000001046,537338,26.8669,21.501813616071416,535781,-64.87426757812496,535916,536457,27.05,-63.45912388392854,-62.918526785714256,62.56805735987988,,537169,14.892578124999993,147.39118303571416,537241,36.464146205357125,-18.634406887755116,14975.0,748.75,1.335559265442404,14023.0,701.15,67.55,"[{'halfHeight': 10, 'risingPnt': np.int64(537154), 'fallingPnt': np.int64(539310), 'widthPnts': np.int64(2156), 'widthMs': np.float64(107.8)}, {'halfHeight': 20, 'risingPnt': np.int64(537161), 'fallingPnt': np.int64(538623), 'widthPnts': np.int64(1462), 'widthMs': np.float64(73.1)}, {'halfHeight': 50, 'risingPnt': np.int64(537168), 'fallingPnt': np.int64(537669), 'widthPnts': np.int64(501), 'widthMs': np.float64(25.05)}, {'halfHeight': 80, 'risingPnt': np.int64(537172), 'fallingPnt': np.int64(537272), 'widthPnts': np.int64(100), 'widthMs': np.float64(5.0)}, {'halfHeight': 90, 'risingPnt': np.int64(537174), 'fallingPnt': np.int64(537227), 'widthPnts': np.int64(53), 'widthMs': np.float64(2.65)}]",107.8,73.1,25.05,5.0,2.65,2.600000000001046,yes,2019-01-14,15:20:48,,,,,unknown,,,,
46,46,dvdt,0,1,0.0,46,0,[],20260908,16:38:22,,,20230324a,20230324a,19114001.abf,,20.0,-20.0,0,"[10, 20, 50, 80, 90]",547325,27.36625,-62.69182477678569,1.1260363520407957,,549324,27.4662,43.36983816964283,106.06166294642853,99.94999999999976,549482,27.4741,22.82714843749999,546048,-64.72569056919639,546176,546686,25.5,-63.494001116071395,-63.023158482142826,20.588050051344926,,549314,3.3307756696428554,131.72632334183663,549468,24.41406249999999,-26.307397959183657,10193.0,509.65,1.9621308741293046,10267.0,513.35,63.85,"[{'halfHeight': 10, 'risingPnt': np.int64(549134), 'fallingPnt': np.int64(552719), 'widthPnts': np.int64(3585), 'widthMs': np.float64(179.25)}, {'halfHeight': 20, 'risingPnt': np.int64(549288), 'fallingPnt': np.int64(551967), 'widthPnts': np.int64(2679), 'widthMs': np.float64(133.95)}, {'halfHeight': 50, 'risingPnt': np.int64(549312), 'fallingPnt': np.int64(550182), 'widthPnts': np.int64(870), 'widthMs': np.float64(43.5)}, {'halfHeight': 80, 'risingPnt': np.int64(549317), 'fallingPnt': np.int64(549496), 'widthPnts': np.int64(179), 'widthMs': np.float64(8.95)}, {'halfHeight': 90, 'risingPnt': np.int64(549320), 'fallingPnt': np.int64(549401), 'widthPnts': np.int64(81), 'widthMs': np.float64(4.05)}]",179.25,133.95,43.5,8.95,4.05,99.94999999999976,yes,2019-01-14,15:20:48,,,,,unknown,,,,
47,47,dvdt,0,1,0.0,47,0,"[{'Spike': 47, 'Seconds': np.float64(27.8433), 'Sweep': 0, 'Epoch': 1, 'Type': 'Fit EDD', 'Details': 'Early diastolic duration rate fit - Too low -4245.057<=8'}]",20260908,16:38:22,,,20230324a,20230324a,19114001.abf,,20.0,-20.0,0,"[10, 20, 50, 80, 90]",556866,27.8433,-66.14467075892854,-15.25629783163266,,558736,27.936799999999998,48.7234933035714,114.86816406249994,93.4999999999988,558889,27.94445,23.594447544642847,556849,-65.76869419642854,556851,556857,0.3,-64.4705636160714,-64.80189732142854,-4245.057397964646,,558716,9.591238839285708,138.45264668367332,558759,42.672293526785694,-25.91876594387753,9541.0,477.05,2.0962163295252068,10801.0,540.05,0.85,"[{'halfHeight': 10, 'risingPnt': np.int64(558460), 'fallingPnt': np.int64(561980), 'widthPnts': np.int64(3520), 'widthMs': np.float64(176.0)}, {'halfHeight': 20, 'risingPnt': np.int64(558687), 'fallingPnt': np.int64(561283), 'widthPnts': np.int64(2596), 'widthMs': np.float64(129.8)}, {'halfHeight': 50, 'risingPnt': np.int64(558714), 'fallingPnt': np.int64(559560), 'widthPnts': np.int64(846), 'widthMs': np.float64(42.3)}, {'halfHeight': 80, 'risingPnt': np.int64(558719), 'fallingPnt': np.int64(558864), 'widthPnts': np.int64(145), 'widthMs': np.float64(7.25)}, {'halfHeight': 90, 'risingPnt': np.int64(558721), 'fallingPnt': np.int64(558786), 'widthPnts': np.int64(65), 'widthMs': np.float64(3.25)}]",176.0,129.8,42.3,7.25,3.25,93.4999999999988,yes,2019-01-14,15:20:48,,,,,unknown,,,,
48,48,dvdt,0,1,0.0,48,0,"[{'Spike': 48, 'Seconds': np.float64(28.4461), 'Sweep': 0, 'Epoch': 1, 'Type': 'Fast AHP was detected at end of fast AHP window', 'Details': 'Consider increasing the fast AHP window with fastAhpWindow_ms'}]",20260908,16:38:22,,,20230324a,20230324a,19114001.abf,,20.0,-20.0,0,"[10, 20, 50, 80, 90]",568922,28.446099999999998,-64.57519531249997,1.9033003826530737,,570343,28.51715,50.15345982142855,114.72865513392853,71.05000000000317,570502,28.5251,24.065290178571416,568325,-65.9490094866071,568385,568623,11.9,-64.54031808035711,-64.06947544642854,40.92384390000586,,570329,10.323660714285708,139.99720982142844,570652,13.183593749999993,-21.663743622448962,12056.0,602.8,1.6589250165892502,11476.0,573.8,29.85,"[{'halfHeight': 10, 'risingPnt': np.int64(570156), 'fallingPnt': np.int64(573493), 'widthPnts': np.int64(3337), 'widthMs': np.float64(166.85)}, {'halfHeight': 20, 'risingPnt': np.int64(570306), 'fallingPnt': np.int64(572764), 'widthPnts': np.int64(2458), 'widthMs': np.float64(122.9)}, {'halfHeight': 50, 'risingPnt': np.int64(570327), 'fallingPnt': np.int64(571097), 'widthPnts': np.int64(770), 'widthMs': np.float64(38.5)}, {'halfHeight': 80, 'risingPnt': np.int64(570332), 'fallingPnt': np.int64(570471), 'widthPnts': np.int64(139), 'widthMs': np.float64(6.95)}, {'halfHeight': 90, 'risingPnt': np.int64(570334), 'fallingPnt': np.int64(570395), 'widthPnts': np.int64(61), 'widthMs': np.float64(3.05)}]",166.85,122.9,38.5,6.95,3.05,71.05000000000317,yes,2019-01-14,15:20:48,,,,,unknown,,,,
49,49,dvdt,0,1,0.0,49,0,[],20260908,16:38:22,,,20230324a,20230324a,19114001.abf,,20.0,-20.0,0,"[10, 20, 50, 80, 90]",579319,28.96595,-65.34249441964282,-2.411511479591697,,581045,29.05225,49.47335379464283,114.81584821428565,86.30000000000138,581199,29.05995,23.821149553571416,579181,-65.87227957589283,579195,579250,2.75,-64.38337053571425,-64.64494977678568,79.21610879217442,,581029,9.922572544642852,144.7504783163264,581350,14.247349330357135,-18.106265943877528,10397.0,519.85,1.9236318168702509,10856.0,542.8,6.9,"[{'halfHeight': 10, 'risingPnt': np.int64(580807), 'fallingPnt': np.int64(584532), 'widthPnts': np.int64(3725), 'widthMs': np.float64(186.25)}, {'halfHeight': 20, 'risingPnt': np.int64(581003), 'fallingPnt': np.int64(583581), 'widthPnts': np.int64(2578), 'widthMs': np.float64(128.9)}, {'halfHeight': 50, 'risingPnt': np.int64(581027), 'fallingPnt': np.int64(581805), 'widthPnts': np.int64(778), 'widthMs': np.float64(38.9)}, {'halfHeight': 80, 'risingPnt': np.int64(581032), 'fallingPnt': np.int64(581175), 'widthPnts': np.int64(143), 'widthMs': np.float64(7.15)}, {'halfHeight': 90, 'risingPnt': np.int64(581035), 'fallingPnt': np.int64(581099), 'widthPnts': np.int64(64), 'widthMs': np.float64(3.2)}]",186.25,128.9,38.9,7.15,3.2,86.30000000000138,yes,2019-01-14,15:20:48,,,,,unknown,,,,
50,50,dvdt,0,1,0.0,50,0,[],20260908,16:38:22,,,20230324a,20230324a,19114001.abf,,20.0,-20.0,0,"[10, 20, 50, 80, 90]",594449,29.722450000000002,-63.82533482142854,-13.901068239795894,,595569,29.77845,48.9676339285714,112.79296874999994,55.999999999997385,595726,29.7863,23.29799107142856,594097,-64.25031389508926,594132,594273,7.05,-63.598632812499964,-62.95340401785712,84.41069574729956,,595555,9.399414062499996,136.32015306122437,595799,17.630440848214278,-21.484374999999993,15130.0,756.5,1.3218770654329148,14916.0,745.8,17.6,"[{'halfHeight': 10, 'risingPnt': np.int64(595407), 'fallingPnt': np.int64(599163), 'widthPnts': np.int64(3756), 'widthMs': np.float64(187.8)}, {'halfHeight': 20, 'risingPnt': np.int64(595531), 'fallingPnt': np.int64(598144), 'widthPnts': np.int64(2613), 'widthMs': np.float64(130.65)}, {'halfHeight': 50, 'risingPnt': np.int64(595553), 'fallingPnt': np.int64(596246), 'widthPnts': np.int64(693), 'widthMs': np.float64(34.65)}, {'halfHeight': 80, 'risingPnt': np.int64(595558), 'fallingPnt': np.int64(595700), 'widthPnts': np.int64(142), 'widthMs': np.float64(7.1)}, {'halfHeight': 90, 'risingPnt': np.int64(595561), 'fallingPnt': np.int64(595622), 'widthPnts': np.int64(61), 'widthMs': np.float64(3.05)}]",187.8,130.65,34.65,7.1,3.05,55.999999999997385,yes,2019-01-14,15:20:48,,,,,unknown,,,,
51,51,dvdt,0,1,0.0,51,0,"[{'Spike': 51, 'Seconds': np.float64(30.3523), 'Sweep': 0, 'Epoch': 1, 'Type': 'Fast AHP was detected at end of fast AHP window', 'Details': 'Consider increasing the fast AHP window with fastAhpWindow_ms'}]",20260908,16:38:22,,,20230324a,20230324a,19114001.abf,,20.0,-20.0,0,"[10, 20, 50, 80, 90]",607046,30.3523,-61.38392857142854,-3.627232142857178,,607650,30.3825,49.59542410714283,110.97935267857137,30.20000000000067,607809,30.39045,21.833147321428562,606643,-64.13434709821426,606683,606845,8.1,-63.162667410714256,-62.517438616071395,105.95268400625059,,607634,14.944893973214278,148.70655293367332,607867,16.13071986607142,-22.899394132653033,12597.0,629.85,1.5876796062554577,12546.0,627.3,20.15,"[{'halfHeight': 10, 'risingPnt': np.int64(607537), 'fallingPnt': np.int64(611040), 'widthPnts': np.int64(3503), 'widthMs': np.float64(175.15)}, {'halfHeight': 20, 'risingPnt': np.int64(607616), 'fallingPnt': np.int64(609966), 'widthPnts': np.int64(2350), 'widthMs': np.float64(117.5)}, {'halfHeight': 50, 'risingPnt': np.int64(607631), 'fallingPnt': np.int64(608303), 'widthPnts': np.int64(672), 'widthMs': np.float64(33.6)}, {'halfHeight': 80, 'risingPnt': np.int64(607636), 'fallingPnt': np.int64(607765), 'widthPnts': np.int64(129), 'widthMs': np.float64(6.45)}, {'halfHeight': 90, 'risingPnt': np.int64(607639), 'fallingPnt': np.int64(607700), 'widthPnts': np.int64(61), 'widthMs': np.float64(3.05)}]",175.15,117.5,33.6,6.45,3.05,30.20000000000067,yes,2019-01-14,15:20:48,,,,,unknown,,,,
52,52,dvdt,0,1,0.0,52,0,[],20260908,16:38:22,,,20230324a,20230324a,19114001.abf,,20.0,-20.0,0,"[10, 20, 50, 80, 90]",621623,31.08115,-60.825892857142826,-12.884646045918323,,622402,31.120099999999997,48.93275669642855,109.75864955357137,38.949999999996265,622556,31.1278,21.885463169642847,620486,-64.85072544642856,620600,621054,22.7,-63.127790178571395,-61.9070870535714,50.85114081076775,,622384,4.010881696428569,137.72520727040802,622700,10.968889508928568,-20.717075892857114,14577.0,728.85,1.3720244220347122,13843.0,692.15,56.85,"[{'halfHeight': 10, 'risingPnt': np.int64(622309), 'fallingPnt': np.int64(625597), 'widthPnts': np.int64(3288), 'widthMs': np.float64(164.4)}, {'halfHeight': 20, 'risingPnt': np.int64(622367), 'fallingPnt': np.int64(624658), 'widthPnts': np.int64(2291), 'widthMs': np.float64(114.55)}, {'halfHeight': 50, 'risingPnt': np.int64(622383), 'fallingPnt': np.int64(623015), 'widthPnts': np.int64(632), 'widthMs': np.float64(31.6)}, {'halfHeight': 80, 'risingPnt': np.int64(622388), 'fallingPnt': np.int64(622516), 'widthPnts': np.int64(128), 'widthMs': np.float64(6.4)}, {'halfHeight': 90, 'risingPnt': np.int64(622391), 'fallingPnt': np.int64(622452), 'widthPnts': np.int64(61), 'widthMs': np.float64(3.05)}]",164.4,114.55,31.6,6.4,3.05,38.949999999996265,yes,2019-01-14,15:20:48,,,,,unknown,,,,
53,53,dvdt,0,1,0.0,53,0,"[{'Spike': 53, 'Seconds': np.float64(31.6982), 'Sweep': 0, 'Epoch': 1, 'Type': 'Fast AHP was detected at end of fast AHP window', 'Details': 'Consider increasing the fast AHP window with fastAhpWindow_ms'}]",20260908,16:38:22,,,20230324a,20230324a,19114001.abf,,20.0,-20.0,0,"[10, 20, 50, 80, 90]",633964,31.6982,-63.738141741071395,-3.6670918367346554,,635148,31.7574,49.42103794642855,113.15917968749994,59.200000000000585,635307,31.765349999999998,23.66420200892856,633677,-64.36087472098211,633706,633821,5.75,-63.72070312499997,-61.5408761160714,89.97681903882646,,635131,9.416852678571423,141.93040497448965,635327,21.432059151785705,-25.520169005102034,12341.0,617.05,1.620614212786646,13191.0,659.55,14.35,"[{'halfHeight': 10, 'risingPnt': np.int64(634985), 'fallingPnt': np.int64(638678), 'widthPnts': np.int64(3693), 'widthMs': np.float64(184.65)}, {'halfHeight': 20, 'risingPnt': np.int64(635106), 'fallingPnt': np.int64(637671), 'widthPnts': np.int64(2565), 'widthMs': np.float64(128.25)}, {'halfHeight': 50, 'risingPnt': np.int64(635129), 'fallingPnt': np.int64(635862), 'widthPnts': np.int64(733), 'widthMs': np.float64(36.65)}, {'halfHeight': 80, 'risingPnt': np.int64(635134), 'fallingPnt': np.int64(635271), 'widthPnts': np.int64(137), 'widthMs': np.float64(6.85)}, {'halfHeight': 90, 'risingPnt': np.int64(635137), 'fallingPnt': np.int64(635197), 'widthPnts': np.int64(60), 'widthMs': np.float64(3.0)}]",184.65,128.25,36.65,6.85,3.0,59.200000000000585,yes,2019-01-14,15:20:48,,,,,unknown,,,,
54,54,dvdt,0,1,0.0,54,0,"[{'Spike': 54, 'Seconds': np.float64(32.132), 'Sweep': 0, 'Epoch': 1, 'Type': 'Fit EDD', 'Details': 'Early diastolic duration rate fit - Too low -262.658<=8'}]",20260908,16:38:22,,,20230324a,20230324a,19114001.abf,,20.0,-20.0,0,"[10, 20, 50, 80, 90]",642640,32.132,-64.33105468749997,-14.67833227040819,,644479,32.22395,46.718052455357125,111.0491071428571,91.9500000000042,644636,32.2318,24.27455357142856,642556,-64.2532784598214,642564,642598,1.7,-62.70926339285711,-62.761579241071395,-262.65833037907464,,644464,5.33621651785714,126.47480867346927,644681,21.275111607142847,-20.836654974489775,8676.0,433.8,2.305209774089442,8879.0,443.95,4.2,"[{'halfHeight': 10, 'risingPnt': np.int64(644239), 'fallingPnt': np.int64(647966), 'widthPnts': np.int64(3727), 'widthMs': np.float64(186.35)}, {'halfHeight': 20, 'risingPnt': np.int64(644440), 'fallingPnt': np.int64(647031), 'widthPnts': np.int64(2591), 'widthMs': np.float64(129.55)}, {'halfHeight': 50, 'risingPnt': np.int64(644462), 'fallingPnt': np.int64(645329), 'widthPnts': np.int64(867), 'widthMs': np.float64(43.35)}, {'halfHeight': 80, 'risingPnt': np.int64(644468), 'fallingPnt': np.int64(644636), 'widthPnts': np.int64(168), 'widthMs': np.float64(8.4)}, {'halfHeight': 90, 'risingPnt': np.int64(644470), 'fallingPnt': np.int64(644546), 'widthPnts': np.int64(76), 'widthMs': np.float64(3.8)}]",186.35,129.55,43.35,8.4,3.8,91.9500000000042,yes,2019-01-14,15:20:48,,,,,unknown,,,,
55,55,dvdt,0,1,0.0,55,0,"[{'Spike': 55, 'Seconds': np.float64(32.5908), 'Sweep': 0, 'Epoch': 1, 'Type': 'Fast AHP was detected at end of fast AHP window', 'Details': 'Consider increasing the fast AHP window with fastAhpWindow_ms'}]",20260908,16:38:22,,,20230324a,20230324a,19114001.abf,,20.0,-20.0,0,"[10, 20, 50, 80, 90]",651817,32.590849999999996,-64.1043526785714,-3.5176179846939637,,653816,32.690799999999996,44.869559151785694,108.9739118303571,99.94999999999976,653975,32.69875,24.53613281249999,651802,-63.61380440848212,651804,651810,0.3,-63.023158482142826,-62.412806919642826,2441.406250065563,,653805,8.98088727678571,137.23692602040805,654170,11.195591517857137,-21.31497130102039,9177.0,458.85,2.1793614470960008,9246.0,462.3,0.75,"[{'halfHeight': 10, 'risingPnt': np.int64(653589), 'fallingPnt': np.int64(657679), 'widthPnts': np.int64(4090), 'widthMs': np.float64(204.5)}, {'halfHeight': 20, 'risingPnt': np.int64(653775), 'fallingPnt': np.int64(656781), 'widthPnts': np.int64(3006), 'widthMs': np.float64(150.3)}, {'halfHeight': 50, 'risingPnt': np.int64(653802), 'fallingPnt': np.int64(654669), 'widthPnts': np.int64(867), 'widthMs': np.float64(43.35)}, {'halfHeight': 80, 'risingPnt': np.int64(653808), 'fallingPnt': np.int64(653989), 'widthPnts': np.int64(181), 'widthMs': np.float64(9.05)}, {'halfHeight': 90, 'risingPnt': np.int64(653810), 'fallingPnt': np.int64(653893), 'widthPnts': np.int64(83), 'widthMs': np.float64(4.15)}]",204.5,150.3,43.35,9.05,4.15,99.94999999999976,yes,2019-01-14,15:20:48,,,,,unknown,,,,
56,56,dvdt,0,1,0.0,56,0,"[{'Spike': 56, 'Seconds': np.float64(33.1709), 'Sweep': 0, 'Epoch': 1, 'Type': 'Fit EDD', 'Details': 'Early diastolic duration rate fit - preMinPnt == spikePnt'}]",20260908,16:38:22,,,20230324a,20230324a,19114001.abf,,20.0,-20.0,0,"[10, 20, 50, 80, 90]",663418,33.1709,-64.52287946428568,-16.18303571428563,,665206,33.2603,48.46191406249998,112.98479352678567,89.3999999999977,665364,33.2682,24.41406249999999,663418,-63.519112723214256,663418,663418,0.0,-64.52287946428568,-64.52287946428568,,,665195,15.537806919642849,148.24816645408148,665519,12.85226004464285,-23.048867984693867,11601.0,580.05,1.7239893112662703,11616.0,580.8,0.0,"[{'halfHeight': 10, 'risingPnt': np.int64(665038), 'fallingPnt': np.int64(668931), 'widthPnts': np.int64(3893), 'widthMs': np.float64(194.65)}, {'halfHeight': 20, 'risingPnt': np.int64(665166), 'fallingPnt': np.int64(667947), 'widthPnts': np.int64(2781), 'widthMs': np.float64(139.05)}, {'halfHeight': 50, 'risingPnt': np.int64(665192), 'fallingPnt': np.int64(665995), 'widthPnts': np.int64(803), 'widthMs': np.float64(40.15)}, {'halfHeight': 80, 'risingPnt': np.int64(665197), 'fallingPnt': np.int64(665349), 'widthPnts': np.int64(152), 'widthMs': np.float64(7.6)}, {'halfHeight': 90, 'risingPnt': np.int64(665200), 'fallingPnt': np.int64(665272), 'widthPnts': np.int64(72), 'widthMs': np.float64(3.6)}]",194.65,139.05,40.15,7.6,3.6,89.3999999999977,yes,2019-01-14,15:20:48,,,,,unknown,,,,
57,57,dvdt,0,1,0.0,57,0,[],20260908,16:38:22,,,20230324a,20230324a,19114001.abf,,20.0,-20.0,0,"[10, 20, 50, 80, 90]",674701,33.73505,-61.34905133928569,-5.171795280612215,,675499,33.77495,47.41559709821426,108.76464843749994,39.89999999999583,675653,33.782650000000004,22.286551339285705,674156,-63.85864257812497,674210,674428,10.9,-62.25585937499997,-62.32561383928569,22.801599340769982,,675479,17.368861607142847,123.31592793367335,675529,40.597098214285694,-22.00255102040813,11283.0,564.15,1.7725782150137377,10738.0,536.9,27.25,"[{'halfHeight': 10, 'risingPnt': np.int64(675384), 'fallingPnt': np.int64(679167), 'widthPnts': np.int64(3783), 'widthMs': np.float64(189.15)}, {'halfHeight': 20, 'risingPnt': np.int64(675458), 'fallingPnt': np.int64(677991), 'widthPnts': np.int64(2533), 'widthMs': np.float64(126.65)}, {'halfHeight': 50, 'risingPnt': np.int64(675475), 'fallingPnt': np.int64(676230), 'widthPnts': np.int64(755), 'widthMs': np.float64(37.75)}, {'halfHeight': 80, 'risingPnt': np.int64(675481), 'fallingPnt': np.int64(675628), 'widthPnts': np.int64(147), 'widthMs': np.float64(7.35)}, {'halfHeight': 90, 'risingPnt': np.int64(675483), 'fallingPnt': np.int64(675551), 'widthPnts': np.int64(68), 'widthMs': np.float64(3.4)}]",189.15,126.65,37.75,7.35,3.4,39.89999999999583,yes,2019-01-14,15:20:48,,,,,unknown,,,,
58,58,dvdt,0,1,0.0,58,0,"[{'Spike': 58, 'Seconds': np.float64(34.2666), 'Sweep': 0, 'Epoch': 1, 'Type': 'Fast AHP was detected at end of fast AHP window', 'Details': 'Consider increasing the fast AHP window with fastAhpWindow_ms'}]",20260908,16:38:22,,,20230324a,20230324a,19114001.abf,,20.0,-20.0,0,"[10, 20, 50, 80, 90]",685333,34.26665,-63.30217633928569,-9.835379464285694,,686931,34.34655,46.700613839285694,110.00279017857139,79.90000000000208,687090,34.3545,22.024972098214274,685052,-64.01977539062497,685080,685192,5.6,-63.42424665178569,-63.18010602678568,86.26654029509574,,686911,2.7727399553571415,137.56576849489784,686973,37.85923549107141,-21.83314732142859,10632.0,531.6,1.8811136192626032,10896.0,544.8,14.05,"[{'halfHeight': 10, 'risingPnt': np.int64(686781), 'fallingPnt': np.int64(690624), 'widthPnts': np.int64(3843), 'widthMs': np.float64(192.15)}, {'halfHeight': 20, 'risingPnt': np.int64(686888), 'fallingPnt': np.int64(689594), 'widthPnts': np.int64(2706), 'widthMs': np.float64(135.3)}, {'halfHeight': 50, 'risingPnt': np.int64(686910), 'fallingPnt': np.int64(687647), 'widthPnts': np.int64(737), 'widthMs': np.float64(36.85)}, {'halfHeight': 80, 'risingPnt': np.int64(686915), 'fallingPnt': np.int64(687064), 'widthPnts': np.int64(149), 'widthMs': np.float64(7.45)}, {'halfHeight': 90, 'risingPnt': np.int64(686918), 'fallingPnt': np.int64(686986), 'widthPnts': np.int64(68), 'widthMs': np.float64(3.4)}]",192.15,135.3,36.85,7.45,3.4,79.90000000000208,yes,2019-01-14,15:20:48,,,,,unknown,,,,
59,59,dvdt,0,1,0.0,59,0,"[{'Spike': 59, 'Seconds': np.float64(34.9261), 'Sweep': 0, 'Epoch': 1, 'Type': 'Fast AHP was detected at end of fast AHP window', 'Details': 'Consider increasing the fast AHP window with fastAhpWindow_ms'}]",20260908,16:38:22,,,20230324a,20230324a,19114001.abf,,20.0,-20.0,0,"[10, 20, 50, 80, 90]",698522,34.9261,-40.66685267857141,11.62906568877547,,698558,34.9279,48.06082589285712,88.72767857142853,1.8000000000029104,698717,34.93585,23.106166294642847,696969,-63.81835937499997,697124,697745,31.05,-62.186104910714256,-61.88964843749997,21.987269760405987,,698544,18.955775669642847,131.14835778061212,698665,27.832031249999986,-20.208864795918373,13189.0,659.45,1.5164151944802484,11917.0,595.85,77.65,"[{'halfHeight': 10, 'risingPnt': np.int64(698532), 'fallingPnt': np.int64(700377), 'widthPnts': np.int64(1845), 'widthMs': np.float64(92.25)}, {'halfHeight': 20, 'risingPnt': np.int64(698537), 'fallingPnt': np.int64(699792), 'widthPnts': np.int64(1255), 'widthMs': np.float64(62.75)}, {'halfHeight': 50, 'risingPnt': np.int64(698542), 'fallingPnt': np.int64(698996), 'widthPnts': np.int64(454), 'widthMs': np.float64(22.7)}, {'halfHeight': 80, 'risingPnt': np.int64(698546), 'fallingPnt': np.int64(698654), 'widthPnts': np.int64(108), 'widthMs': np.float64(5.4)}, {'halfHeight': 90, 'risingPnt': np.int64(698549), 'fallingPnt': np.int64(698605), 'widthPnts': np.int64(56), 'widthMs': np.float64(2.8)}]",92.25,62.75,22.7,5.4,2.8,1.8000000000029104,yes,2019-01-14,15:20:48,,,,,unknown,,,,
60,60,dvdt,0,1,0.0,60,0,[],20260908,16:38:22,,,20230324a,20230324a,19114001.abf,,20.0,-20.0,0,"[10, 20, 50, 80, 90]",709995,35.49975,-37.51046316964284,11.81839923469388,,710028,35.501400000000004,46.700613839285694,84.21107700892853,1.6500000000050363,710183,35.50915,23.001534598214274,709024,-63.50306919642854,709121,709510,19.45,-62.09891183035711,-59.727260044642826,140.5037063621416,,710011,4.586356026785712,131.0985331632652,710085,35.3480747767857,-21.723533163265223,11473.0,573.65,1.7432232197332869,12055.0,602.75,48.55,"[{'halfHeight': 10, 'risingPnt': np.int64(710003), 'fallingPnt': np.int64(711606), 'widthPnts': np.int64(1603), 'widthMs': np.float64(80.15)}, {'halfHeight': 20, 'risingPnt': np.int64(710006), 'fallingPnt': np.int64(711237), 'widthPnts': np.int64(1231), 'widthMs': np.float64(61.55)}, {'halfHeight': 50, 'risingPnt': np.int64(710011), 'fallingPnt': np.int64(710516), 'widthPnts': np.int64(505), 'widthMs': np.float64(25.25)}, {'halfHeight': 80, 'risingPnt': np.int64(710016), 'fallingPnt': np.int64(710121), 'widthPnts': np.int64(105), 'widthMs': np.float64(5.25)}, {'halfHeight': 90, 'risingPnt': np.int64(710018), 'fallingPnt': np.int64(710073), 'widthPnts': np.int64(55), 'widthMs': np.float64(2.75)}]",80.15,61.55,25.25,5.25,2.75,1.6500000000050363,yes,2019-01-14,15:20:48,,,,,unknown,,,,
61,61,dvdt,0,1,0.0,61,0,"[{'Spike': 61, 'Seconds': np.float64(36.0508), 'Sweep': 0, 'Epoch': 1, 'Type': 'Fit EDD', 'Details': 'Early diastolic duration rate fit - Too low -3122.343<=8'}]",20260908,16:38:22,,,20230324a,20230324a,19114001.abf,,20.0,-20.0,0,"[10, 20, 50, 80, 90]",721015,36.05075,-64.26130022321426,-1.8036511479592288,,723014,36.1507,13.933454241071422,78.19475446428568,99.94999999999976,723014,36.1507,13.933454241071422,720996,-63.860560825892826,720998,721006,0.4,-62.290736607142826,-62.81389508928568,-3122.342687072971,,723014,13.933454241071422,127.99944196428558,723063,40.597098214285694,-24.543606505102037,11020.0,551.0,1.8148820326678765,11972.0,598.6,0.95,"[{'halfHeight': 10, 'risingPnt': np.int64(722719), 'fallingPnt': np.int64(726985), 'widthPnts': np.int64(4266), 'widthMs': np.float64(213.3)}, {'halfHeight': 20, 'risingPnt': np.int64(722933), 'fallingPnt': np.int64(726305), 'widthPnts': np.int64(3372), 'widthMs': np.float64(168.6)}, {'halfHeight': 50, 'risingPnt': np.int64(723007), 'fallingPnt': np.int64(724195), 'widthPnts': np.int64(1188), 'widthMs': np.float64(59.4)}, {'halfHeight': 80, 'risingPnt': np.int64(723012), 'fallingPnt': np.int64(723532), 'widthPnts': np.int64(520), 'widthMs': np.float64(26.0)}, {'halfHeight': 90, 'risingPnt': np.int64(723013), 'fallingPnt': np.int64(723395), 'widthPnts': np.int64(382), 'widthMs': np.float64(19.1)}]",213.3,168.6,59.4,26.0,19.1,99.94999999999976,yes,2019-01-14,15:20:48,,,,,unknown,,,,
62,62,dvdt,0,1,0.0,62,0,"[{'Spike': 62, 'Seconds': np.float64(36.6407), 'Sweep': 0, 'Epoch': 1, 'Type': 'Fit EDD', 'Details': 'Early diastolic duration rate fit - preMinPnt == spikePnt'}]",20260908,16:38:22,,,20230324a,20230324a,19114001.abf,,20.0,-20.0,0,"[10, 20, 50, 80, 90]",732815,36.64075,-64.26130022321425,2.1623883928571943,,734666,36.7333,47.58998325892855,111.8512834821428,92.5500000000028,734818,36.7409,22.687639508928562,732815,-63.891078404017826,732815,732815,0.0,-64.26130022321425,-64.26130022321425,,,734653,22.44349888392856,124.21277104591823,734909,13.427734374999993,-23.04886798469386,11800.0,590.0,1.6949152542372883,11819.0,590.95,0.0,"[{'halfHeight': 10, 'risingPnt': np.int64(734487), 'fallingPnt': np.int64(738601), 'widthPnts': np.int64(4114), 'widthMs': np.float64(205.7)}, {'halfHeight': 20, 'risingPnt': np.int64(734627), 'fallingPnt': np.int64(737366), 'widthPnts': np.int64(2739), 'widthMs': np.float64(136.95)}, {'halfHeight': 50, 'risingPnt': np.int64(734648), 'fallingPnt': np.int64(735329), 'widthPnts': np.int64(681), 'widthMs': np.float64(34.05)}, {'halfHeight': 80, 'risingPnt': np.int64(734654), 'fallingPnt': np.int64(734795), 'widthPnts': np.int64(141), 'widthMs': np.float64(7.05)}, {'halfHeight': 90, 'risingPnt': np.int64(734656), 'fallingPnt': np.int64(734725), 'widthPnts': np.int64(69), 'widthMs': np.float64(3.45)}]",205.7,136.95,34.05,7.05,3.45,92.5500000000028,yes,2019-01-14,15:20:48,,,,,unknown,,,,
63,63,dvdt,0,1,0.0,63,0,[],20260908,16:38:22,,,20230324a,20230324a,19114001.abf,,20.0,-20.0,0,"[10, 20, 50, 80, 90]",743622,37.1811,-62.83133370535711,-6.098533163265313,,745377,37.26885,44.95675223214284,107.78808593749994,87.74999999999977,745528,37.2764,22.024972098214274,743413,-62.96997070312498,743434,743517,4.15,-61.64550781249997,-61.453683035714256,114.34185988053758,,745360,9.695870535714281,133.07158801020395,745515,23.507254464285705,-21.773357780612216,10807.0,540.35,1.8506523549551217,10598.0,529.9,10.45,"[{'halfHeight': 10, 'risingPnt': np.int64(745180), 'fallingPnt': np.int64(749197), 'widthPnts': np.int64(4017), 'widthMs': np.float64(200.85)}, {'halfHeight': 20, 'risingPnt': np.int64(745331), 'fallingPnt': np.int64(748100), 'widthPnts': np.int64(2769), 'widthMs': np.float64(138.45)}, {'halfHeight': 50, 'risingPnt': np.int64(745357), 'fallingPnt': np.int64(746121), 'widthPnts': np.int64(764), 'widthMs': np.float64(38.2)}, {'halfHeight': 80, 'risingPnt': np.int64(745363), 'fallingPnt': np.int64(745516), 'widthPnts': np.int64(153), 'widthMs': np.float64(7.65)}, {'halfHeight': 90, 'risingPnt': np.int64(745366), 'fallingPnt': np.int64(745440), 'widthPnts': np.int64(74), 'widthMs': np.float64(3.7)}]",200.85,138.45,38.2,7.65,3.7,87.74999999999977,yes,2019-01-14,15:20:48,,,,,unknown,,,,
64,64,dvdt,0,1,0.0,64,0,[],20260908,16:38:22,,,20230324a,20230324a,19114001.abf,,20.0,-20.0,0,"[10, 20, 50, 80, 90]",756280,37.814,-62.81389508928569,-9.496572066326486,,757264,37.8632,46.2820870535714,109.09598214285708,49.19999999999902,757418,37.8709,22.7748325892857,755646,-63.99030412946426,755709,755963,12.7,-63.0057198660714,-62.36049107142854,56.49768470964215,,757247,13.567243303571422,134.67594068877537,757573,12.677873883928566,-22.19188456632651,12658.0,632.9,1.5800284405119291,12233.0,611.65,31.7,"[{'halfHeight': 10, 'risingPnt': np.int64(757111), 'fallingPnt': np.int64(761231), 'widthPnts': np.int64(4120), 'widthMs': np.float64(206.0)}, {'halfHeight': 20, 'risingPnt': np.int64(757222), 'fallingPnt': np.int64(760186), 'widthPnts': np.int64(2964), 'widthMs': np.float64(148.2)}, {'halfHeight': 50, 'risingPnt': np.int64(757244), 'fallingPnt': np.int64(758059), 'widthPnts': np.int64(815), 'widthMs': np.float64(40.75)}, {'halfHeight': 80, 'risingPnt': np.int64(757249), 'fallingPnt': np.int64(757402), 'widthPnts': np.int64(153), 'widthMs': np.float64(7.65)}, {'halfHeight': 90, 'risingPnt': np.int64(757252), 'fallingPnt': np.int64(757322), 'widthPnts': np.int64(70), 'widthMs': np.float64(3.5)}]",206.0,148.2,40.75,7.65,3.5,49.19999999999902,yes,2019-01-14,15:20:48,,,,,unknown,,,,
65,65,dvdt,0,1,0.0,65,0,"[{'Spike': 65, 'Seconds': np.float64(38.3015), 'Sweep': 0, 'Epoch': 1, 'Type': 'Fast AHP was detected at end of fast AHP window', 'Details': 'Consider increasing the fast AHP window with fastAhpWindow_ms'}, {'Spike': 65, 'Seconds': np.float64(38.3015), 'Sweep': 0, 'Epoch': 1, 'Type': 'Fit EDD', 'Details': 'Early diastolic duration rate fit - preMinPnt == spikePnt'}]",20260908,16:38:22,,,20230324a,20230324a,19114001.abf,,20.0,-20.0,0,"[10, 20, 50, 80, 90]",766030,38.3015,-64.01715959821425,-0.8470184948979277,,767841,38.392050000000005,46.700613839285694,110.71777343749994,90.55000000000746,768000,38.4,21.780831473214274,766030,-63.95036969866069,766030,766030,0.0,-64.01715959821425,-64.01715959821425,,,767821,7.864815848214282,128.9062499999999,768043,18.57212611607142,-20.46795280612239,9750.0,487.5,2.0512820512820515,10384.0,519.2,0.0,"[{'halfHeight': 10, 'risingPnt': np.int64(767657), 'fallingPnt': np.int64(771738), 'widthPnts': np.int64(4081), 'widthMs': np.float64(204.05)}, {'halfHeight': 20, 'risingPnt': np.int64(767795), 'fallingPnt': np.int64(770510), 'widthPnts': np.int64(2715), 'widthMs': np.float64(135.75)}, {'halfHeight': 50, 'risingPnt': np.int64(767819), 'fallingPnt': np.int64(768554), 'widthPnts': np.int64(735), 'widthMs': np.float64(36.75)}, {'halfHeight': 80, 'risingPnt': np.int64(767824), 'fallingPnt': np.int64(767978), 'widthPnts': np.int64(154), 'widthMs': np.float64(7.7)}, {'halfHeight': 90, 'risingPnt': np.int64(767827), 'fallingPnt': np.int64(767898), 'widthPnts': np.int64(71), 'widthMs': np.float64(3.55)}]",204.05,135.75,36.75,7.7,3.55,90.55000000000746,yes,2019-01-14,15:20:48,,,,,unknown,,,,
66,66,dvdt,0,1,0.0,66,0,"[{'Spike': 66, 'Seconds': np.float64(38.9174), 'Sweep': 0, 'Epoch': 1, 'Type': 'Fit EDD', 'Details': 'Early diastolic duration rate fit - Too low -19.685<=8'}]",20260908,16:38:22,,,20230324a,20230324a,19114001.abf,,20.0,-20.0,0,"[10, 20, 50, 80, 90]",778347,38.91735,-63.773018973214256,-7.932079081632622,,779765,38.98825,47.60742187499998,111.38044084821423,70.90000000000174,779923,38.99615,23.03641183035713,778120,-64.3692452566964,778143,778234,4.55,-62.151227678571395,-63.11035156249997,-19.68544524839514,,779751,6.92313058035714,127.9894770408162,779832,34.47614397321427,-21.41462053571423,12317.0,615.85,1.6237720224080539,12090.0,604.5,11.35,"[{'halfHeight': 10, 'risingPnt': np.int64(779561), 'fallingPnt': np.int64(783745), 'widthPnts': np.int64(4184), 'widthMs': np.float64(209.2)}, {'halfHeight': 20, 'risingPnt': np.int64(779724), 'fallingPnt': np.int64(782620), 'widthPnts': np.int64(2896), 'widthMs': np.float64(144.8)}, {'halfHeight': 50, 'risingPnt': np.int64(779749), 'fallingPnt': np.int64(780495), 'widthPnts': np.int64(746), 'widthMs': np.float64(37.3)}, {'halfHeight': 80, 'risingPnt': np.int64(779755), 'fallingPnt': np.int64(779902), 'widthPnts': np.int64(147), 'widthMs': np.float64(7.35)}, {'halfHeight': 90, 'risingPnt': np.int64(779757), 'fallingPnt': np.int64(779824), 'widthPnts': np.int64(67), 'widthMs': np.float64(3.35)}]",209.2,144.8,37.3,7.35,3.35,70.90000000000174,yes,2019-01-14,15:20:48,,,,,unknown,,,,
67,67,dvdt,0,1,0.0,67,0,[],20260908,16:38:22,,,20230324a,20230324a,19114001.abf,,20.0,-20.0,0,"[10, 20, 50, 80, 90]",789222,39.4611,-60.26785714285712,-7.194674744898,,789859,39.49295,47.04938616071426,107.31724330357139,31.8499999999986,790015,39.50075,22.757393973214274,788440,-64.12772042410711,788518,788831,15.65,-62.901088169642826,-61.15722656249997,97.4460638386334,,789840,1.761300223214285,125.10961415816314,790186,11.718749999999995,-22.132095025510196,10875.0,543.75,1.8390804597701151,10320.0,516.0,39.1,"[{'halfHeight': 10, 'risingPnt': np.int64(789760), 'fallingPnt': np.int64(793103), 'widthPnts': np.int64(3343), 'widthMs': np.float64(167.15)}, {'halfHeight': 20, 'risingPnt': np.int64(789823), 'fallingPnt': np.int64(792231), 'widthPnts': np.int64(2408), 'widthMs': np.float64(120.4)}, {'halfHeight': 50, 'risingPnt': np.int64(789839), 'fallingPnt': np.int64(790604), 'widthPnts': np.int64(765), 'widthMs': np.float64(38.25)}, {'halfHeight': 80, 'risingPnt': np.int64(789844), 'fallingPnt': np.int64(789992), 'widthPnts': np.int64(148), 'widthMs': np.float64(7.4)}, {'halfHeight': 90, 'risingPnt': np.int64(789847), 'fallingPnt': np.int64(789915), 'widthPnts': np.int64(68), 'widthMs': np.float64(3.4)}]",167.15,120.4,38.25,7.4,3.4,31.8499999999986,yes,2019-01-14,15:20:48,,,,,unknown,,,,
68,68,dvdt,0,1,0.0,68,0,"[{'Spike': 68, 'Seconds': np.float64(40.0423), 'Sweep': 0, 'Epoch': 1, 'Type': 'Fit EDD', 'Details': 'Early diastolic duration rate fit - preMinPnt == spikePnt'}, {'Spike': 68, 'Seconds': np.float64(40.0423), 'Sweep': 0, 'Epoch': 1, 'Type': 'Spike Width', 'Details': 'Half width 10 error in ""falling point"" with halfWidthWindow_ms:200.0 searching for Vm:-54.0 from peak sec 40.13'}]",20260908,16:38:22,,,20230324a,20230324a,19114001.abf,,20.0,-20.0,0,"[10, 20, 50, 80, 90]",800846,40.042300000000004,-65.46456473214282,-4.67354910714282,,802671,40.13355,49.22921316964283,114.69377790178565,91.24999999999517,802825,40.14125,23.367745535714274,800846,-64.23130580357142,800846,800846,0.0,-65.46456473214282,-65.46456473214282,,,802656,11.021205357142852,136.59917091836724,802879,18.20591517857142,-22.08227040816324,11624.0,581.2,1.7205781142463867,12406.0,620.3,0.0,"[{'halfHeight': 10, 'risingPnt': None, 'fallingPnt': None, 'widthPnts': None, 'widthMs': nan}, {'halfHeight': 20, 'risingPnt': np.int64(802631), 'fallingPnt': np.int64(805803), 'widthPnts': np.int64(3172), 'widthMs': np.float64(158.6)}, {'halfHeight': 50, 'risingPnt': np.int64(802653), 'fallingPnt': np.int64(803424), 'widthPnts': np.int64(771), 'widthMs': np.float64(38.55)}, {'halfHeight': 80, 'risingPnt': np.int64(802659), 'fallingPnt': np.int64(802804), 'widthPnts': np.int64(145), 'widthMs': np.float64(7.25)}, {'halfHeight': 90, 'risingPnt': np.int64(802661), 'fallingPnt': np.int64(802723), 'widthPnts': np.int64(62), 'widthMs': np.float64(3.1)}]",,158.6,38.55,7.25,3.1,91.24999999999517,yes,2019-01-14,15:20:48,,,,,unknown,,,,
69,69,dvdt,0,1,0.0,69,0,"[{'Spike': 69, 'Seconds': np.float64(40.7136), 'Sweep': 0, 'Epoch': 1, 'Type': 'Fit EDD', 'Details': 'Early diastolic duration rate fit - Too low -1913.265<=8'}]",20260908,16:38:22,,,20230324a,20230324a,19114001.abf,,20.0,-20.0,0,"[10, 20, 50, 80, 90]",814271,40.713550000000005,-65.25530133928568,-12.486049107142794,,816065,40.80325,47.86900111607141,113.12430245535708,89.69999999999345,816221,40.81105,23.03641183035713,814257,-64.4083077566964,814258,814264,0.3,-63.66838727678568,-64.3484933035714,-1913.2653058368085,,816052,14.386858258928564,138.83131377551004,816241,21.501813616071416,-21.534199617346914,13425.0,671.25,1.48975791433892,13411.0,670.55,0.7,"[{'halfHeight': 10, 'risingPnt': np.int64(815850), 'fallingPnt': np.int64(820021), 'widthPnts': np.int64(4171), 'widthMs': np.float64(208.55)}, {'halfHeight': 20, 'risingPnt': np.int64(816022), 'fallingPnt': np.int64(819167), 'widthPnts': np.int64(3145), 'widthMs': np.float64(157.25)}, {'halfHeight': 50, 'risingPnt': np.int64(816049), 'fallingPnt': np.int64(816858), 'widthPnts': np.int64(809), 'widthMs': np.float64(40.45)}, {'halfHeight': 80, 'risingPnt': np.int64(816054), 'fallingPnt': np.int64(816205), 'widthPnts': np.int64(151), 'widthMs': np.float64(7.55)}, {'halfHeight': 90, 'risingPnt': np.int64(816056), 'fallingPnt': np.int64(816129), 'widthPnts': np.int64(73), 'widthMs': np.float64(3.65)}]",208.55,157.25,40.45,7.55,3.65,89.69999999999345,yes,2019-01-14,15:20:48,,,,,unknown,,,,
70,70,dvdt,0,1,0.0,70,0,"[{'Spike': 70, 'Seconds': np.float64(41.2989), 'Sweep': 0, 'Epoch': 1, 'Type': 'Fast AHP was detected at end of fast AHP window', 'Details': 'Consider increasing the fast AHP window with fastAhpWindow_ms'}, {'Spike': 70, 'Seconds': np.float64(41.2989), 'Sweep': 0, 'Epoch': 1, 'Type': 'Fit EDD', 'Details': 'Early diastolic duration rate fit - preMinPnt == spikePnt'}]",20260908,16:38:22,,,20230324a,20230324a,19114001.abf,,20.0,-20.0,0,"[10, 20, 50, 80, 90]",825978,41.2989,-64.66238839285711,-2.0527742346938616,,827637,41.38185,47.85156249999998,112.51395089285708,82.94999999999675,827796,41.3898,23.43749999999999,825978,-64.72080775669639,825978,825978,0.0,-64.66238839285711,-64.66238839285711,,,827622,12.36397879464285,140.4356664540815,827721,33.2728794642857,-19.969706632653036,11707.0,585.35,1.7083796019475526,11721.0,586.05,0.0,"[{'halfHeight': 10, 'risingPnt': np.int64(827405), 'fallingPnt': np.int64(830903), 'widthPnts': np.int64(3498), 'widthMs': np.float64(174.9)}, {'halfHeight': 20, 'risingPnt': np.int64(827596), 'fallingPnt': np.int64(830062), 'widthPnts': np.int64(2466), 'widthMs': np.float64(123.3)}, {'halfHeight': 50, 'risingPnt': np.int64(827619), 'fallingPnt': np.int64(828400), 'widthPnts': np.int64(781), 'widthMs': np.float64(39.05)}, {'halfHeight': 80, 'risingPnt': np.int64(827625), 'fallingPnt': np.int64(827781), 'widthPnts': np.int64(156), 'widthMs': np.float64(7.8)}, {'halfHeight': 90, 'risingPnt': np.int64(827627), 'fallingPnt': np.int64(827700), 'widthPnts': np.int64(73), 'widthMs': np.float64(3.65)}]",174.9,123.3,39.05,7.8,3.65,82.94999999999675,yes,2019-01-14,15:20:48,,,,,unknown,,,,
71,71,dvdt,0,1,0.0,71,0,[],20260908,16:38:22,,,20230324a,20230324a,19114001.abf,,20.0,-20.0,0,"[10, 20, 50, 80, 90]",837240,41.862,-64.78445870535711,-9.386957908163271,,839230,41.9615,48.75837053571426,113.54282924107137,99.49999999999903,839388,41.9694,23.088727678571416,837152,-64.90269252232139,837161,837196,1.75,-63.999720982142826,-63.68582589285711,64.96739320735041,,839210,-0.6801060267857141,144.32198660714272,839519,11.99776785714285,-22.341358418367324,11262.0,563.1,1.7758835020422659,11174.0,558.7,4.4,"[{'halfHeight': 10, 'risingPnt': np.int64(839042), 'fallingPnt': np.int64(842473), 'widthPnts': np.int64(3431), 'widthMs': np.float64(171.55)}, {'halfHeight': 20, 'risingPnt': np.int64(839187), 'fallingPnt': np.int64(841609), 'widthPnts': np.int64(2422), 'widthMs': np.float64(121.1)}, {'halfHeight': 50, 'risingPnt': np.int64(839209), 'fallingPnt': np.int64(839900), 'widthPnts': np.int64(691), 'widthMs': np.float64(34.55)}, {'halfHeight': 80, 'risingPnt': np.int64(839215), 'fallingPnt': np.int64(839355), 'widthPnts': np.int64(140), 'widthMs': np.float64(7.0)}, {'halfHeight': 90, 'risingPnt': np.int64(839217), 'fallingPnt': np.int64(839283), 'widthPnts': np.int64(66), 'widthMs': np.float64(3.3)}]",171.55,121.1,34.55,7.0,3.3,99.49999999999903,yes,2019-01-14,15:20:48,,,,,unknown,,,,
72,72,dvdt,0,1,0.0,72,0,"[{'Spike': 72, 'Seconds': np.float64(42.4064), 'Sweep': 0, 'Epoch': 1, 'Type': 'Fit EDD', 'Details': 'Early diastolic duration rate fit - preMinPnt == spikePnt'}]",20260908,16:38:22,,,20230324a,20230324a,19114001.abf,,20.0,-20.0,0,"[10, 20, 50, 80, 90]",848128,42.406400000000005,-65.39481026785711,-4.504145408163231,,849904,42.4952,49.07226562499997,114.46707589285708,88.799999999992,850062,42.503099999999996,21.60644531249999,848128,-64.70528738839283,848128,848128,0.0,-65.39481026785711,-65.39481026785711,,,849891,15.171595982142849,135.9813456632652,850259,6.9405691964285685,-18.873565051020396,10888.0,544.4,1.836884643644379,10976.0,548.8,0.0,"[{'halfHeight': 10, 'risingPnt': np.int64(849699), 'fallingPnt': np.int64(853149), 'widthPnts': np.int64(3450), 'widthMs': np.float64(172.5)}, {'halfHeight': 20, 'risingPnt': np.int64(849863), 'fallingPnt': np.int64(852279), 'widthPnts': np.int64(2416), 'widthMs': np.float64(120.8)}, {'halfHeight': 50, 'risingPnt': np.int64(849888), 'fallingPnt': np.int64(850536), 'widthPnts': np.int64(648), 'widthMs': np.float64(32.4)}, {'halfHeight': 80, 'risingPnt': np.int64(849893), 'fallingPnt': np.int64(850033), 'widthPnts': np.int64(140), 'widthMs': np.float64(7.0)}, {'halfHeight': 90, 'risingPnt': np.int64(849895), 'fallingPnt': np.int64(849960), 'widthPnts': np.int64(65), 'widthMs': np.float64(3.25)}]",172.5,120.8,32.4,7.0,3.25,88.799999999992,yes,2019-01-14,15:20:48,,,,,unknown,,,,
73,73,dvdt,0,1,0.0,73,0,"[{'Spike': 73, 'Seconds': np.float64(42.9614), 'Sweep': 0, 'Epoch': 1, 'Type': 'Fast AHP was detected at end of fast AHP window', 'Details': 'Consider increasing the fast AHP window with fastAhpWindow_ms'}]",20260908,16:38:22,,,20230324a,20230324a,19114001.abf,,20.0,-20.0,0,"[10, 20, 50, 80, 90]",859229,42.96145,-60.6863839285714,-11.100924744897949,,859920,42.996,47.555106026785694,108.2414899553571,34.55000000000297,860079,43.003949999999996,23.088727678571416,858702,-64.88333565848212,858755,858966,10.55,-63.99972098214283,-61.83733258928569,149.03054081611015,,859902,14.875139508928564,133.7890624999999,860277,10.498046874999995,-20.48788265306119,11101.0,555.05,1.8016394919376635,10574.0,528.7,26.35,"[{'halfHeight': 10, 'risingPnt': np.int64(859808), 'fallingPnt': np.int64(863067), 'widthPnts': np.int64(3259), 'widthMs': np.float64(162.95)}, {'halfHeight': 20, 'risingPnt': np.int64(859882), 'fallingPnt': np.int64(862241), 'widthPnts': np.int64(2359), 'widthMs': np.float64(117.95)}, {'halfHeight': 50, 'risingPnt': np.int64(859899), 'fallingPnt': np.int64(860655), 'widthPnts': np.int64(756), 'widthMs': np.float64(37.8)}, {'halfHeight': 80, 'risingPnt': np.int64(859904), 'fallingPnt': np.int64(860053), 'widthPnts': np.int64(149), 'widthMs': np.float64(7.45)}, {'halfHeight': 90, 'risingPnt': np.int64(859907), 'fallingPnt': np.int64(859973), 'widthPnts': np.int64(66), 'widthMs': np.float64(3.3)}]",162.95,117.95,37.8,7.45,3.3,34.55000000000297,yes,2019-01-14,15:20:48,,,,,unknown,,,,
74,74,dvdt,0,1,0.0,74,0,[],20260908,16:38:22,,,20230324a,20230324a,19114001.abf,,20.0,-20.0,0,"[10, 20, 50, 80, 90]",869513,43.47565,-62.5174386160714,-9.088010204081598,,870497,43.52485,48.39215959821426,110.90959821428567,49.19999999999902,870652,43.532599999999995,23.350306919642847,869065,-64.61390904017853,869110,869289,8.95,-63.773018973214256,-62.62207031249997,38.35087106485039,,870484,16.479492187499993,128.70695153061212,870536,40.719168526785694,-20.766900510204085,10284.0,514.2,1.9447685725398678,10363.0,518.15,22.4,"[{'halfHeight': 10, 'risingPnt': np.int64(870352), 'fallingPnt': np.int64(873934), 'widthPnts': np.int64(3582), 'widthMs': np.float64(179.1)}, {'halfHeight': 20, 'risingPnt': np.int64(870460), 'fallingPnt': np.int64(873044), 'widthPnts': np.int64(2584), 'widthMs': np.float64(129.2)}, {'halfHeight': 50, 'risingPnt': np.int64(870481), 'fallingPnt': np.int64(871265), 'widthPnts': np.int64(784), 'widthMs': np.float64(39.2)}, {'halfHeight': 80, 'risingPnt': np.int64(870486), 'fallingPnt': np.int64(870625), 'widthPnts': np.int64(139), 'widthMs': np.float64(6.95)}, {'halfHeight': 90, 'risingPnt': np.int64(870489), 'fallingPnt': np.int64(870555), 'widthPnts': np.int64(66), 'widthMs': np.float64(3.3)}]",179.1,129.2,39.2,6.95,3.3,49.19999999999902,yes,2019-01-14,15:20:48,,,,,unknown,,,,
75,75,dvdt,0,1,0.0,75,0,"[{'Spike': 75, 'Seconds': np.float64(43.9971), 'Sweep': 0, 'Epoch': 1, 'Type': 'Fit EDD', 'Details': 'Early diastolic duration rate fit - preMinPnt == spikePnt'}]",20260908,16:38:22,,,20230324a,20230324a,19114001.abf,,20.0,-20.0,0,"[10, 20, 50, 80, 90]",879942,43.997099999999996,-65.62151227678568,0.8968431122449111,,881419,44.070949999999996,49.29896763392855,114.92047991071422,73.8500000000002,881577,44.078849999999996,23.228236607142847,879942,-64.60780552455354,879942,879942,0.0,-65.62151227678568,-65.62151227678568,,,881400,16.37486049107142,142.41868622448965,881581,22.774832589285705,-19.531249999999986,10429.0,521.45,1.9177294083804772,10877.0,543.85,0.0,"[{'halfHeight': 10, 'risingPnt': np.int64(881204), 'fallingPnt': np.int64(885036), 'widthPnts': np.int64(3832), 'widthMs': np.float64(191.6)}, {'halfHeight': 20, 'risingPnt': np.int64(881375), 'fallingPnt': np.int64(884038), 'widthPnts': np.int64(2663), 'widthMs': np.float64(133.15)}, {'halfHeight': 50, 'risingPnt': np.int64(881397), 'fallingPnt': np.int64(882149), 'widthPnts': np.int64(752), 'widthMs': np.float64(37.6)}, {'halfHeight': 80, 'risingPnt': np.int64(881402), 'fallingPnt': np.int64(881547), 'widthPnts': np.int64(145), 'widthMs': np.float64(7.25)}, {'halfHeight': 90, 'risingPnt': np.int64(881404), 'fallingPnt': np.int64(881472), 'widthPnts': np.int64(68), 'widthMs': np.float64(3.4)}]",191.6,133.15,37.6,7.25,3.4,73.8500000000002,yes,2019-01-14,15:20:48,,,,,unknown,,,,
76,76,dvdt,0,1,0.0,76,0,[],20260908,16:38:22,,,20230324a,20230324a,19114001.abf,,20.0,-20.0,0,"[10, 20, 50, 80, 90]",890655,44.53275,-64.7147042410714,-6.995376275510148,,892057,44.60285,48.00851004464283,112.72321428571423,70.0999999999965,892211,44.61055,24.832589285714274,890650,-64.33523995535711,890650,890652,0.1,-64.24386160714283,-63.877650669642826,3138.950892094147,,892043,6.661551339285711,129.6934789540815,892093,42.34095982142855,-21.773357780612162,10713.0,535.65,1.8668906935498928,10708.0,535.4,0.25,"[{'halfHeight': 10, 'risingPnt': np.int64(891874), 'fallingPnt': np.int64(895370), 'widthPnts': np.int64(3496), 'widthMs': np.float64(174.8)}, {'halfHeight': 20, 'risingPnt': np.int64(892019), 'fallingPnt': np.int64(894570), 'widthPnts': np.int64(2551), 'widthMs': np.float64(127.55)}, {'halfHeight': 50, 'risingPnt': np.int64(892041), 'fallingPnt': np.int64(892833), 'widthPnts': np.int64(792), 'widthMs': np.float64(39.6)}, {'halfHeight': 80, 'risingPnt': np.int64(892046), 'fallingPnt': np.int64(892210), 'widthPnts': np.int64(164), 'widthMs': np.float64(8.2)}, {'halfHeight': 90, 'risingPnt': np.int64(892049), 'fallingPnt': np.int64(892120), 'widthPnts': np.int64(71), 'widthMs': np.float64(3.55)}]",174.8,127.55,39.6,8.2,3.55,70.0999999999965,yes,2019-01-14,15:20:48,,,,,unknown,,,,
77,77,dvdt,0,1,0.0,77,0,"[{'Spike': 77, 'Seconds': np.float64(44.9849), 'Sweep': 0, 'Epoch': 1, 'Type': 'Fast AHP was detected at end of fast AHP window', 'Details': 'Consider increasing the fast AHP window with fastAhpWindow_ms'}, {'Spike': 77, 'Seconds': np.float64(44.9849), 'Sweep': 0, 'Epoch': 1, 'Type': 'Fit EDD', 'Details': 'Early diastolic duration rate fit - Too low -28.832<=8'}]",20260908,16:38:22,,,20230324a,20230324a,19114001.abf,,20.0,-20.0,0,"[10, 20, 50, 80, 90]",899698,44.9849,-64.03459821428568,-10.841836734693882,,900965,45.04825,46.840122767857125,110.8747209821428,63.349999999999795,901124,45.0562,24.274553571428562,899500,-64.44091796874997,899520,899599,3.95,-63.70326450892854,-63.30217633928569,-28.832298041720126,,900947,1.4125279017857135,127.76028380102028,901234,16.584123883928562,-19.272161989795904,9043.0,452.15,2.2116554240849275,8850.0,442.5,9.9,"[{'halfHeight': 10, 'risingPnt': np.int64(900774), 'fallingPnt': np.int64(904803), 'widthPnts': np.int64(4029), 'widthMs': np.float64(201.45)}, {'halfHeight': 20, 'risingPnt': np.int64(900923), 'fallingPnt': np.int64(903779), 'widthPnts': np.int64(2856), 'widthMs': np.float64(142.8)}, {'halfHeight': 50, 'risingPnt': np.int64(900946), 'fallingPnt': np.int64(901835), 'widthPnts': np.int64(889), 'widthMs': np.float64(44.45)}, {'halfHeight': 80, 'risingPnt': np.int64(900951), 'fallingPnt': np.int64(901121), 'widthPnts': np.int64(170), 'widthMs': np.float64(8.5)}, {'halfHeight': 90, 'risingPnt': np.int64(900954), 'fallingPnt': np.int64(901031), 'widthPnts': np.int64(77), 'widthMs': np.float64(3.85)}]",201.45,142.8,44.45,8.5,3.85,63.349999999999795,yes,2019-01-14,15:20:48,,,,,unknown,,,,
78,78,dvdt,0,1,0.0,78,0,"[{'Spike': 78, 'Seconds': np.float64(45.64), 'Sweep': 0, 'Epoch': 1, 'Type': 'Fast AHP was detected at end of fast AHP window', 'Details': 'Consider increasing the fast AHP window with fastAhpWindow_ms'}]",20260908,16:38:22,,,20230324a,20230324a,19114001.abf,,20.0,-20.0,0,"[10, 20, 50, 80, 90]",912801,45.64005,-62.22098214285712,-14.229910714285696,,914150,45.7075,44.503348214285694,106.7243303571428,67.4500000000009,914309,45.71545,22.321428571428562,911023,-64.21316964285711,911201,911912,35.55,-62.0291573660714,-62.83133370535711,18.243788059927397,,914127,16.775948660714278,108.94650829081621,914219,31.215122767857128,-20.66725127551021,13103.0,655.15,1.5263680073265664,11523.0,576.15,88.9,"[{'halfHeight': 10, 'risingPnt': np.int64(913959), 'fallingPnt': np.int64(917541), 'widthPnts': np.int64(3582), 'widthMs': np.float64(179.1)}, {'halfHeight': 20, 'risingPnt': np.int64(914097), 'fallingPnt': np.int64(916709), 'widthPnts': np.int64(2612), 'widthMs': np.float64(130.6)}, {'halfHeight': 50, 'risingPnt': np.int64(914123), 'fallingPnt': np.int64(914988), 'widthPnts': np.int64(865), 'widthMs': np.float64(43.25)}, {'halfHeight': 80, 'risingPnt': np.int64(914129), 'fallingPnt': np.int64(914308), 'widthPnts': np.int64(179), 'widthMs': np.float64(8.95)}, {'halfHeight': 90, 'risingPnt': np.int64(914131), 'fallingPnt': np.int64(914205), 'widthPnts': np.int64(74), 'widthMs': np.float64(3.7)}]",179.1,130.6,43.25,8.95,3.7,67.4500000000009,yes,2019-01-14,15:20:48,,,,,unknown,,,,
79,79,dvdt,0,1,0.0,79,0,"[{'Spike': 79, 'Seconds': np.float64(46.1168), 'Sweep': 0, 'Epoch': 1, 'Type': 'Fit EDD', 'Details': 'Early diastolic duration rate fit - preMinPnt == spikePnt'}]",20260908,16:38:22,,,20230324a,20230324a,19114001.abf,,20.0,-20.0,0,"[10, 20, 50, 80, 90]",922335,46.11675,-64.4705636160714,-0.4583864795919352,,923642,46.1821,46.78780691964283,111.25837053571423,65.34999999999513,923797,46.18985,24.309430803571416,922335,-64.09109933035711,922335,922335,0.0,-64.4705636160714,-64.4705636160714,,,923624,19.967215401785705,129.00589923469374,923664,42.37583705357141,-21.464445153061217,9534.0,476.7,2.097755401720159,11312.0,565.6,0.0,"[{'halfHeight': 10, 'risingPnt': np.int64(923451), 'fallingPnt': np.int64(927042), 'widthPnts': np.int64(3591), 'widthMs': np.float64(179.55)}, {'halfHeight': 20, 'risingPnt': np.int64(923596), 'fallingPnt': np.int64(926277), 'widthPnts': np.int64(2681), 'widthMs': np.float64(134.05)}, {'halfHeight': 50, 'risingPnt': np.int64(923619), 'fallingPnt': np.int64(924482), 'widthPnts': np.int64(863), 'widthMs': np.float64(43.15)}, {'halfHeight': 80, 'risingPnt': np.int64(923625), 'fallingPnt': np.int64(923795), 'widthPnts': np.int64(170), 'widthMs': np.float64(8.5)}, {'halfHeight': 90, 'risingPnt': np.int64(923628), 'fallingPnt': np.int64(923705), 'widthPnts': np.int64(77), 'widthMs': np.float64(3.85)}]",179.55,134.05,43.15,8.5,3.85,65.34999999999513,yes,2019-01-14,15:20:48,,,,,unknown,,,,
80,80,dvdt,0,1,0.0,80,0,"[{'Spike': 80, 'Seconds': np.float64(46.6805), 'Sweep': 0, 'Epoch': 1, 'Type': 'Fit EDD', 'Details': 'Early diastolic duration rate fit - preMinPnt == spikePnt'}, {'Spike': 80, 'Seconds': np.float64(46.6805), 'Sweep': 0, 'Epoch': 1, 'Type': 'Spike Width', 'Details': 'Half width 10 error in ""falling point"" with halfWidthWindow_ms:200.0 searching for Vm:-53.78 from peak sec 46.75'}]",20260908,16:38:22,,,20230324a,20230324a,19114001.abf,,20.0,-20.0,0,"[10, 20, 50, 80, 90]",933610,46.6805,-65.01116071428568,-0.109614158163196,,934938,46.746900000000004,47.25864955357141,112.26981026785708,66.40000000000157,935096,46.7548,23.76883370535713,933610,-64.34640066964283,933610,933610,0.0,-65.01116071428568,-65.01116071428568,,,934920,21.44949776785713,129.5440051020407,934956,43.94531249999998,-20.64732142857138,11275.0,563.75,1.7738359201773837,11275.0,563.75,0.0,"[{'halfHeight': 10, 'risingPnt': None, 'fallingPnt': None, 'widthPnts': None, 'widthMs': nan}, {'halfHeight': 20, 'risingPnt': np.int64(934891), 'fallingPnt': np.int64(938115), 'widthPnts': np.int64(3224), 'widthMs': np.float64(161.2)}, {'halfHeight': 50, 'risingPnt': np.int64(934916), 'fallingPnt': np.int64(935814), 'widthPnts': np.int64(898), 'widthMs': np.float64(44.9)}, {'halfHeight': 80, 'risingPnt': np.int64(934921), 'fallingPnt': np.int64(935093), 'widthPnts': np.int64(172), 'widthMs': np.float64(8.6)}, {'halfHeight': 90, 'risingPnt': np.int64(934923), 'fallingPnt': np.int64(935002), 'widthPnts': np.int64(79), 'widthMs': np.float64(3.95)}]",,161.2,44.9,8.6,3.95,66.40000000000157,yes,2019-01-14,15:20:48,,,,,unknown,,,,
81,81,dvdt,0,1,0.0,81,0,[],20260908,16:38:22,,,20230324a,20230324a,19114001.abf,,20.0,-20.0,0,"[10, 20, 50, 80, 90]",946369,47.31845,-63.354492187499964,-5.002391581632634,,947968,47.3984,46.50878906249998,109.86328124999994,79.95000000000374,948113,47.40565,24.16992187499999,946069,-64.63361467633926,946099,946219,6.0,-63.84277343749997,-63.162667410714256,43.63590089947896,,947953,14.596121651785706,117.82525510204069,948316,10.602678571428568,-23.337850765306097,12759.0,637.95,1.5675209655929148,12459.0,622.95,15.0,"[{'halfHeight': 10, 'risingPnt': np.int64(947797), 'fallingPnt': np.int64(951352), 'widthPnts': np.int64(3555), 'widthMs': np.float64(177.75)}, {'halfHeight': 20, 'risingPnt': np.int64(947927), 'fallingPnt': np.int64(950559), 'widthPnts': np.int64(2632), 'widthMs': np.float64(131.6)}, {'halfHeight': 50, 'risingPnt': np.int64(947949), 'fallingPnt': np.int64(948768), 'widthPnts': np.int64(819), 'widthMs': np.float64(40.95)}, {'halfHeight': 80, 'risingPnt': np.int64(947955), 'fallingPnt': np.int64(948113), 'widthPnts': np.int64(158), 'widthMs': np.float64(7.9)}, {'halfHeight': 90, 'risingPnt': np.int64(947958), 'fallingPnt': np.int64(948030), 'widthPnts': np.int64(72), 'widthMs': np.float64(3.6)}]",177.75,131.6,40.95,7.9,3.6,79.95000000000374,yes,2019-01-14,15:20:48,,,,,unknown,,,,
82,82,dvdt,0,1,0.0,82,0,"[{'Spike': 82, 'Seconds': np.float64(47.8838), 'Sweep': 0, 'Epoch': 1, 'Type': 'Fit EDD', 'Details': 'Early diastolic duration rate fit - preMinPnt == spikePnt'}, {'Spike': 82, 'Seconds': np.float64(47.8838), 'Sweep': 0, 'Epoch': 1, 'Type': 'Spike Width', 'Details': 'Half width 10 error in ""falling point"" with halfWidthWindow_ms:200.0 searching for Vm:-53.96 from peak sec 47.97'}]",20260908,16:38:22,,,20230324a,20230324a,19114001.abf,,20.0,-20.0,0,"[10, 20, 50, 80, 90]",957675,47.88375,-65.18554687499997,-8.93853635204082,,959491,47.97455,47.03194754464283,112.2174944196428,90.80000000000155,959649,47.98245,21.170479910714274,957675,-64.51468331473212,957675,957675,0.0,-65.18554687499997,-65.18554687499997,,,959475,8.579799107142852,128.57740752551007,959556,34.075055803571416,-19.361846301020314,11306.0,565.3,1.7689722271360342,11606.0,580.3,0.0,"[{'halfHeight': 10, 'risingPnt': None, 'fallingPnt': None, 'widthPnts': None, 'widthMs': nan}, {'halfHeight': 20, 'risingPnt': np.int64(959448), 'fallingPnt': np.int64(963030), 'widthPnts': np.int64(3582), 'widthMs': np.float64(179.1)}, {'halfHeight': 50, 'risingPnt': np.int64(959473), 'fallingPnt': np.int64(960163), 'widthPnts': np.int64(690), 'widthMs': np.float64(34.5)}, {'halfHeight': 80, 'risingPnt': np.int64(959478), 'fallingPnt': np.int64(959625), 'widthPnts': np.int64(147), 'widthMs': np.float64(7.35)}, {'halfHeight': 90, 'risingPnt': np.int64(959481), 'fallingPnt': np.int64(959551), 'widthPnts': np.int64(70), 'widthMs': np.float64(3.5)}]",,179.1,34.5,7.35,3.5,90.80000000000155,yes,2019-01-14,15:20:48,,,,,unknown,,,,
83,83,dvdt,0,1,0.0,83,0,[],20260908,16:38:22,,,20230324a,20230324a,19114001.abf,,20.0,-20.0,0,"[10, 20, 50, 80, 90]",971572,48.5786,-42.14913504464284,8.300781250000016,,971609,48.58045,47.433035714285694,89.58217075892853,1.8499999999974648,971762,48.5881,23.28055245535713,970370,-64.46690150669639,970490,970971,24.05,-62.81389508928568,-59.605189732142826,105.63179062760653,,971596,12.817382812499993,130.68000637755088,971701,30.552455357142843,-23.497289540816304,13897.0,694.85,1.439159530833993,12695.0,634.75,60.1,"[{'halfHeight': 10, 'risingPnt': np.int64(971584), 'fallingPnt': np.int64(973490), 'widthPnts': np.int64(1906), 'widthMs': np.float64(95.3)}, {'halfHeight': 20, 'risingPnt': np.int64(971589), 'fallingPnt': np.int64(972896), 'widthPnts': np.int64(1307), 'widthMs': np.float64(65.35)}, {'halfHeight': 50, 'risingPnt': np.int64(971595), 'fallingPnt': np.int64(972101), 'widthPnts': np.int64(506), 'widthMs': np.float64(25.3)}, {'halfHeight': 80, 'risingPnt': np.int64(971599), 'fallingPnt': np.int64(971702), 'widthPnts': np.int64(103), 'widthMs': np.float64(5.15)}, {'halfHeight': 90, 'risingPnt': np.int64(971602), 'fallingPnt': np.int64(971662), 'widthPnts': np.int64(60), 'widthMs': np.float64(3.0)}]",95.3,65.35,25.3,5.15,3.0,1.8499999999974648,yes,2019-01-14,15:20:48,,,,,unknown,,,,
84,84,dvdt,0,1,0.0,84,0,[],20260908,16:38:22,,,20230324a,20230324a,19114001.abf,,20.0,-20.0,0,"[10, 20, 50, 80, 90]",980226,49.011300000000006,-64.69726562499997,-13.881138392857101,,981419,49.070949999999996,47.36328124999998,112.06054687499994,59.649999999990655,981574,49.0787,22.46093749999999,980062,-64.42016601562496,980078,980144,3.3,-63.528878348214256,-62.430245535714256,143.77530119153795,,981402,13.270786830357137,130.450813137755,981498,31.999860491071413,-23.437499999999996,8654.0,432.7,2.3110700254217704,9692.0,484.6,8.2,"[{'halfHeight': 10, 'risingPnt': np.int64(981201), 'fallingPnt': np.int64(985160), 'widthPnts': np.int64(3959), 'widthMs': np.float64(197.95)}, {'halfHeight': 20, 'risingPnt': np.int64(981376), 'fallingPnt': np.int64(984231), 'widthPnts': np.int64(2855), 'widthMs': np.float64(142.75)}, {'halfHeight': 50, 'risingPnt': np.int64(981399), 'fallingPnt': np.int64(982229), 'widthPnts': np.int64(830), 'widthMs': np.float64(41.5)}, {'halfHeight': 80, 'risingPnt': np.int64(981404), 'fallingPnt': np.int64(981554), 'widthPnts': np.int64(150), 'widthMs': np.float64(7.5)}, {'halfHeight': 90, 'risingPnt': np.int64(981407), 'fallingPnt': np.int64(981472), 'widthPnts': np.int64(65), 'widthMs': np.float64(3.25)}]",197.95,142.75,41.5,7.5,3.25,59.649999999990655,yes,2019-01-14,15:20:48,,,,,unknown,,,,
85,85,dvdt,0,1,0.0,85,0,"[{'Spike': 85, 'Seconds': np.float64(49.4234), 'Sweep': 0, 'Epoch': 1, 'Type': 'Fit EDD', 'Details': 'Early diastolic duration rate fit - preMinPnt == spikePnt'}]",20260908,16:38:22,,,20230324a,20230324a,19114001.abf,,20.0,-20.0,0,"[10, 20, 50, 80, 90]",988467,49.42335,-65.46456473214282,-14.957350127550995,,990443,49.52215,46.42159598214284,111.88616071428567,98.80000000000422,990599,49.52995,24.204799107142843,988467,-64.20235770089283,988467,988467,0.0,-65.46456473214282,-65.46456473214282,,,990424,5.789620535714283,131.9555165816325,990461,42.933872767857125,-22.480867346938727,8241.0,412.05,2.426889940541196,8405.0,420.25,0.0,"[{'halfHeight': 10, 'risingPnt': np.int64(990153), 'fallingPnt': np.int64(993641), 'widthPnts': np.int64(3488), 'widthMs': np.float64(174.4)}, {'halfHeight': 20, 'risingPnt': np.int64(990390), 'fallingPnt': np.int64(992868), 'widthPnts': np.int64(2478), 'widthMs': np.float64(123.9)}, {'halfHeight': 50, 'risingPnt': np.int64(990422), 'fallingPnt': np.int64(991316), 'widthPnts': np.int64(894), 'widthMs': np.float64(44.7)}, {'halfHeight': 80, 'risingPnt': np.int64(990428), 'fallingPnt': np.int64(990607), 'widthPnts': np.int64(179), 'widthMs': np.float64(8.95)}, {'halfHeight': 90, 'risingPnt': np.int64(990431), 'fallingPnt': np.int64(990509), 'widthPnts': np.int64(78), 'widthMs': np.float64(3.9)}]",174.4,123.9,44.7,8.95,3.9,98.80000000000422,yes,2019-01-14,15:20:48,,,,,unknown,,,,
86,86,dvdt,0,1,0.0,86,0,[],20260908,16:38:22,,,20230324a,20230324a,19114001.abf,,20.0,-20.0,0,"[10, 20, 50, 80, 90]",999118,49.9559,-64.64494977678568,-11.459661989795881,,1000962,50.0481,46.36928013392855,111.01422991071422,92.19999999999828,1001118,50.0559,21.71107700892856,999046,-64.47492327008925,999053,999082,1.45,-63.528878348214256,-62.46512276785711,444.9853756105763,,1000944,16.37486049107142,128.89628507653046,1001175,19.234793526785705,-22.58051658163266,10651.0,532.55,1.877757956999343,10579.0,528.95,3.6,"[{'halfHeight': 10, 'risingPnt': np.int64(1000755), 'fallingPnt': np.int64(1004231), 'widthPnts': np.int64(3476), 'widthMs': np.float64(173.8)}, {'halfHeight': 20, 'risingPnt': np.int64(1000915), 'fallingPnt': np.int64(1003460), 'widthPnts': np.int64(2545), 'widthMs': np.float64(127.25)}, {'halfHeight': 50, 'risingPnt': np.int64(1000940), 'fallingPnt': np.int64(1001820), 'widthPnts': np.int64(880), 'widthMs': np.float64(44.0)}, {'halfHeight': 80, 'risingPnt': np.int64(1000946), 'fallingPnt': np.int64(1001100), 'widthPnts': np.int64(154), 'widthMs': np.float64(7.7)}, {'halfHeight': 90, 'risingPnt': np.int64(1000948), 'fallingPnt': np.int64(1001023), 'widthPnts': np.int64(75), 'widthMs': np.float64(3.75)}]",173.8,127.25,44.0,7.7,3.75,92.19999999999828,yes,2019-01-14,15:20:48,,,,,unknown,,,,
87,87,dvdt,0,1,0.0,87,0,"[{'Spike': 87, 'Seconds': np.float64(50.4899), 'Sweep': 0, 'Epoch': 1, 'Type': 'Fit EDD', 'Details': 'Early diastolic duration rate fit - Too low 4.179<=8'}]",20260908,16:38:22,,,20230324a,20230324a,19114001.abf,,20.0,-20.0,0,"[10, 20, 50, 80, 90]",1009798,50.4899,-62.761579241071395,-7.61320153061215,,1011216,50.5608,45.21833147321426,107.97991071428567,70.90000000000174,1011371,50.56855,24.065290178571416,1008957,-64.41179547991067,1009041,1009377,16.8,-63.145228794642826,-62.60463169642854,4.1790097139518485,,1011200,17.037527901785705,129.07565369897947,1011412,21.11816406249999,-19.192442602040813,10680.0,534.0,1.8726591760299625,9911.0,495.55,42.05,"[{'halfHeight': 10, 'risingPnt': np.int64(1011018), 'fallingPnt': np.int64(1014787), 'widthPnts': np.int64(3769), 'widthMs': np.float64(188.45)}, {'halfHeight': 20, 'risingPnt': np.int64(1011172), 'fallingPnt': np.int64(1013908), 'widthPnts': np.int64(2736), 'widthMs': np.float64(136.8)}, {'halfHeight': 50, 'risingPnt': np.int64(1011196), 'fallingPnt': np.int64(1012084), 'widthPnts': np.int64(888), 'widthMs': np.float64(44.4)}, {'halfHeight': 80, 'risingPnt': np.int64(1011202), 'fallingPnt': np.int64(1011378), 'widthPnts': np.int64(176), 'widthMs': np.float64(8.8)}, {'halfHeight': 90, 'risingPnt': np.int64(1011205), 'fallingPnt': np.int64(1011282), 'widthPnts': np.int64(77), 'widthMs': np.float64(3.85)}]",188.45,136.8,44.4,8.8,3.85,70.90000000000174,yes,2019-01-14,15:20:48,,,,,unknown,,,,
88,88,dvdt,0,1,0.0,88,0,"[{'Spike': 88, 'Seconds': np.float64(51.1914), 'Sweep': 0, 'Epoch': 1, 'Type': 'Fast AHP was detected at end of fast AHP window', 'Details': 'Consider increasing the fast AHP window with fastAhpWindow_ms'}, {'Spike': 88, 'Seconds': np.float64(51.1914), 'Sweep': 0, 'Epoch': 1, 'Type': 'Fit EDD', 'Details': 'Early diastolic duration rate fit - preMinPnt == spikePnt'}]",20260908,16:38:22,,,20230324a,20230324a,19114001.abf,,20.0,-20.0,0,"[10, 20, 50, 80, 90]",1023827,51.19135,-65.27273995535711,-1.5445631377549554,,1025345,51.26725,48.88044084821426,114.15318080357137,75.89999999999719,1025504,51.2752,22.966657366071416,1023827,-64.64686802455354,1023827,1023827,0.0,-65.27273995535711,-65.27273995535711,,,1025328,6.417410714285711,135.7023278061223,1025601,15.328543526785706,-18.724091198979572,14029.0,701.45,1.425618361964502,14870.0,743.5,0.0,"[{'halfHeight': 10, 'risingPnt': np.int64(1025152), 'fallingPnt': np.int64(1028777), 'widthPnts': np.int64(3625), 'widthMs': np.float64(181.25)}, {'halfHeight': 20, 'risingPnt': np.int64(1025303), 'fallingPnt': np.int64(1027882), 'widthPnts': np.int64(2579), 'widthMs': np.float64(128.95)}, {'halfHeight': 50, 'risingPnt': np.int64(1025326), 'fallingPnt': np.int64(1026092), 'widthPnts': np.int64(766), 'widthMs': np.float64(38.3)}, {'halfHeight': 80, 'risingPnt': np.int64(1025332), 'fallingPnt': np.int64(1025474), 'widthPnts': np.int64(142), 'widthMs': np.float64(7.1)}, {'halfHeight': 90, 'risingPnt': np.int64(1025334), 'fallingPnt': np.int64(1025403), 'widthPnts': np.int64(69), 'widthMs': np.float64(3.45)}]",181.25,128.95,38.3,7.1,3.45,75.89999999999719,yes,2019-01-14,15:20:48,,,,,unknown,,,,
89,89,dvdt,0,1,0.0,89,0,[],20260908,16:38:22,,,20230324a,20230324a,19114001.abf,,20.0,-20.0,0,"[10, 20, 50, 80, 90]",1034589,51.72945,-60.87820870535712,-10.722257653061199,,1035359,51.76795,45.77636718749998,106.6545758928571,38.49999999999909,1035513,51.77565,24.50125558035713,1033986,-63.9847237723214,1034046,1034288,12.1,-62.517438616071395,-61.64550781249997,58.86250261157146,,1035340,9.015764508928568,124.8106664540815,1035645,15.572684151785708,-22.63034119897954,10762.0,538.1,1.858390633711206,10159.0,507.95,30.15,"[{'halfHeight': 10, 'risingPnt': np.int64(1035227), 'fallingPnt': np.int64(1038285), 'widthPnts': np.int64(3058), 'widthMs': np.float64(152.9)}, {'halfHeight': 20, 'risingPnt': np.int64(1035318), 'fallingPnt': np.int64(1037576), 'widthPnts': np.int64(2258), 'widthMs': np.float64(112.9)}, {'halfHeight': 50, 'risingPnt': np.int64(1035338), 'fallingPnt': np.int64(1036150), 'widthPnts': np.int64(812), 'widthMs': np.float64(40.6)}, {'halfHeight': 80, 'risingPnt': np.int64(1035343), 'fallingPnt': np.int64(1035523), 'widthPnts': np.int64(180), 'widthMs': np.float64(9.0)}, {'halfHeight': 90, 'risingPnt': np.int64(1035346), 'fallingPnt': np.int64(1035423), 'widthPnts': np.int64(77), 'widthMs': np.float64(3.85)}]",152.9,112.9,40.6,9.0,3.85,38.49999999999909,yes,2019-01-14,15:20:48,,,,,unknown,,,,
90,90,dvdt,0,1,0.0,90,0,[],20260908,16:38:22,,,20230324a,20230324a,19114001.abf,,20.0,-20.0,0,"[10, 20, 50, 80, 90]",1045247,52.26235,-64.19154575892854,-5.749760841836757,,1046272,52.3136,47.52022879464283,111.71177455357137,51.250000000003126,1046427,52.321349999999995,24.41406249999999,1045014,-64.80154854910711,1045037,1045130,4.65,-63.232421874999964,-63.44168526785711,65.91714654211798,,1046256,6.051199776785711,140.2662627551019,1046523,17.438616071428562,-19.11272321428569,10658.0,532.9,1.8765246762994936,11028.0,551.4,11.65,"[{'halfHeight': 10, 'risingPnt': np.int64(1046084), 'fallingPnt': np.int64(1050077), 'widthPnts': np.int64(3993), 'widthMs': np.float64(199.65)}, {'halfHeight': 20, 'risingPnt': np.int64(1046233), 'fallingPnt': np.int64(1049159), 'widthPnts': np.int64(2926), 'widthMs': np.float64(146.3)}, {'halfHeight': 50, 'risingPnt': np.int64(1046254), 'fallingPnt': np.int64(1047054), 'widthPnts': np.int64(800), 'widthMs': np.float64(40.0)}, {'halfHeight': 80, 'risingPnt': np.int64(1046259), 'fallingPnt': np.int64(1046419), 'widthPnts': np.int64(160), 'widthMs': np.float64(8.0)}, {'halfHeight': 90, 'risingPnt': np.int64(1046262), 'fallingPnt': np.int64(1046333), 'widthPnts': np.int64(71), 'widthMs': np.float64(3.55)}]",199.65,146.3,40.0,8.0,3.55,51.250000000003126,yes,2019-01-14,15:20:48,,,,,unknown,,,,
91,91,dvdt,0,1,0.0,91,0,"[{'Spike': 91, 'Seconds': np.float64(52.6965), 'Sweep': 0, 'Epoch': 1, 'Type': 'Fast AHP was detected at end of fast AHP window', 'Details': 'Consider increasing the fast AHP window with fastAhpWindow_ms'}]",20260908,16:38:22,,,20230324a,20230324a,19114001.abf,,20.0,-20.0,0,"[10, 20, 50, 80, 90]",1053930,52.6965,-58.43680245535712,-5.261479591836715,,1055062,52.753099999999996,40.248325892857125,98.68512834821425,56.59999999999599,1055221,52.761050000000004,22.82714843749999,1052383,-62.637067522321395,1052538,1053157,30.95,-61.680385044642826,-59.64006696428569,53.57740514477565,,1055035,-4.621233258928569,94.5671237244897,1055295,18.066406249999993,-23.706552933673443,8683.0,434.15,2.3033513762524476,7369.0,368.45,77.35,"[{'halfHeight': 10, 'risingPnt': np.int64(1054918), 'fallingPnt': np.int64(1058350), 'widthPnts': np.int64(3432), 'widthMs': np.float64(171.6)}, {'halfHeight': 20, 'risingPnt': np.int64(1055013), 'fallingPnt': np.int64(1057565), 'widthPnts': np.int64(2552), 'widthMs': np.float64(127.6)}, {'halfHeight': 50, 'risingPnt': np.int64(1055034), 'fallingPnt': np.int64(1055997), 'widthPnts': np.int64(963), 'widthMs': np.float64(48.15)}, {'halfHeight': 80, 'risingPnt': np.int64(1055041), 'fallingPnt': np.int64(1055263), 'widthPnts': np.int64(222), 'widthMs': np.float64(11.1)}, {'halfHeight': 90, 'risingPnt': np.int64(1055044), 'fallingPnt': np.int64(1055135), 'widthPnts': np.int64(91), 'widthMs': np.float64(4.55)}]",171.6,127.6,48.15,11.1,4.55,56.59999999999599,yes,2019-01-14,15:20:48,,,,,unknown,,,,
92,92,dvdt,0,1,0.0,92,0,"[{'Spike': 92, 'Seconds': np.float64(53.3818), 'Sweep': 0, 'Epoch': 1, 'Type': 'Fit EDD', 'Details': 'Early diastolic duration rate fit - preMinPnt == spikePnt'}]",20260908,16:38:22,,,20230324a,20230324a,19114001.abf,,20.0,-20.0,0,"[10, 20, 50, 80, 90]",1067636,53.381800000000005,-64.99372209821425,-15.624999999999902,,1068827,53.44135,48.182896205357125,113.17661830357137,59.54999999999444,1068984,53.4492,24.65820312499999,1067636,-64.09301757812499,1067636,1067636,0.0,-64.99372209821425,-64.99372209821425,,,1068812,11.40485491071428,133.54990433673458,1069057,19.374302455357135,-28.340242346938762,13706.0,685.3,1.45921494236101,15253.0,762.65,0.0,"[{'halfHeight': 10, 'risingPnt': np.int64(1068672), 'fallingPnt': np.int64(1072203), 'widthPnts': np.int64(3531), 'widthMs': np.float64(176.55)}, {'halfHeight': 20, 'risingPnt': np.int64(1068787), 'fallingPnt': np.int64(1071287), 'widthPnts': np.int64(2500), 'widthMs': np.float64(125.0)}, {'halfHeight': 50, 'risingPnt': np.int64(1068809), 'fallingPnt': np.int64(1069606), 'widthPnts': np.int64(797), 'widthMs': np.float64(39.85)}, {'halfHeight': 80, 'risingPnt': np.int64(1068815), 'fallingPnt': np.int64(1068976), 'widthPnts': np.int64(161), 'widthMs': np.float64(8.05)}, {'halfHeight': 90, 'risingPnt': np.int64(1068817), 'fallingPnt': np.int64(1068893), 'widthPnts': np.int64(76), 'widthMs': np.float64(3.8)}]",176.55,125.0,39.85,8.05,3.8,59.54999999999444,yes,2019-01-14,15:20:48,,,,,unknown,,,,
93,93,dvdt,0,1,0.0,93,0,"[{'Spike': 93, 'Seconds': np.float64(53.9372), 'Sweep': 0, 'Epoch': 1, 'Type': 'Fast AHP was detected at end of fast AHP window', 'Details': 'Consider increasing the fast AHP window with fastAhpWindow_ms'}]",20260908,16:38:22,,,20230324a,20230324a,19114001.abf,,20.0,-20.0,0,"[10, 20, 50, 80, 90]",1078745,53.93725,-61.61063058035712,-2.4414062500000386,,1080554,54.027699999999996,44.57310267857141,106.18373325892853,90.44999999999703,1080713,54.035650000000004,22.739955357142847,1078338,-63.388497488839256,1078379,1078542,8.15,-61.22698102678569,-61.59319196428569,34.13770902901985,,1080532,6.0860770089285685,111.90609056122437,1080725,22.495814732142847,-23.53714923469383,11109.0,555.45,1.8003420649923485,10702.0,535.1,20.35,"[{'halfHeight': 10, 'risingPnt': np.int64(1080386), 'fallingPnt': np.int64(1084064), 'widthPnts': np.int64(3678), 'widthMs': np.float64(183.9)}, {'halfHeight': 20, 'risingPnt': np.int64(1080506), 'fallingPnt': np.int64(1083173), 'widthPnts': np.int64(2667), 'widthMs': np.float64(133.35)}, {'halfHeight': 50, 'risingPnt': np.int64(1080530), 'fallingPnt': np.int64(1081399), 'widthPnts': np.int64(869), 'widthMs': np.float64(43.45)}, {'halfHeight': 80, 'risingPnt': np.int64(1080536), 'fallingPnt': np.int64(1080712), 'widthPnts': np.int64(176), 'widthMs': np.float64(8.8)}, {'halfHeight': 90, 'risingPnt': np.int64(1080539), 'fallingPnt': np.int64(1080609), 'widthPnts': np.int64(70), 'widthMs': np.float64(3.5)}]",183.9,133.35,43.45,8.8,3.5,90.44999999999703,yes,2019-01-14,15:20:48,,,,,unknown,,,,
94,94,dvdt,0,1,0.0,94,0,"[{'Spike': 94, 'Seconds': np.float64(54.6088), 'Sweep': 0, 'Epoch': 1, 'Type': 'Fit EDD', 'Details': 'Early diastolic duration rate fit - preMinPnt == spikePnt'}]",20260908,16:38:22,,,20230324a,20230324a,19114001.abf,,20.0,-20.0,0,"[10, 20, 50, 80, 90]",1092176,54.6088,-64.85421316964283,-12.2668207908164,,1093575,54.67875,46.99707031249998,111.8512834821428,69.94999999999862,1093733,54.68665,23.228236607142847,1092176,-63.924211774553534,1092176,1092176,0.0,-64.85421316964283,-64.85421316964283,,,1093561,24.65820312499999,125.5879304846938,1093617,38.26032366071426,-22.221779336734663,13431.0,671.55,1.4890923981833073,13838.0,691.9,0.0,"[{'halfHeight': 10, 'risingPnt': np.int64(1093355), 'fallingPnt': np.int64(1096841), 'widthPnts': np.int64(3486), 'widthMs': np.float64(174.3)}, {'halfHeight': 20, 'risingPnt': np.int64(1093531), 'fallingPnt': np.int64(1095888), 'widthPnts': np.int64(2357), 'widthMs': np.float64(117.85)}, {'halfHeight': 50, 'risingPnt': np.int64(1093556), 'fallingPnt': np.int64(1094294), 'widthPnts': np.int64(738), 'widthMs': np.float64(36.9)}, {'halfHeight': 80, 'risingPnt': np.int64(1093561), 'fallingPnt': np.int64(1093715), 'widthPnts': np.int64(154), 'widthMs': np.float64(7.7)}, {'halfHeight': 90, 'risingPnt': np.int64(1093564), 'fallingPnt': np.int64(1093633), 'widthPnts': np.int64(69), 'widthMs': np.float64(3.45)}]",174.3,117.85,36.9,7.7,3.45,69.94999999999862,yes,2019-01-14,15:20:48,,,,,unknown,,,,
95,95,dvdt,0,1,0.0,95,0,"[{'Spike': 95, 'Seconds': np.float64(55.2712), 'Sweep': 0, 'Epoch': 1, 'Type': 'Fast AHP was detected at end of fast AHP window', 'Details': 'Consider increasing the fast AHP window with fastAhpWindow_ms'}, {'Spike': 95, 'Seconds': np.float64(55.2712), 'Sweep': 0, 'Epoch': 1, 'Type': 'Fit EDD', 'Details': 'Early diastolic duration rate fit - preMinPnt == spikePnt'}, {'Spike': 95, 'Seconds': np.float64(55.2712), 'Sweep': 0, 'Epoch': 1, 'Type': 'Spike Width', 'Details': 'Half width 10 error in ""falling point"" with halfWidthWindow_ms:200.0 searching for Vm:-53.56 from peak sec 55.37'}]",20260908,16:38:22,,,20230324a,20230324a,19114001.abf,,20.0,-20.0,0,"[10, 20, 50, 80, 90]",1105425,55.27125,-64.7147042410714,-7.942044005102091,,1107410,55.3705,46.80524553571426,111.51994977678567,99.24999999999784,1107569,55.378449999999994,20.002092633928562,1105425,-63.83300781249997,1105425,1105425,0.0,-64.7147042410714,-64.7147042410714,,,1107397,8.841378348214281,122.38919005102028,1107470,34.545898437499986,-20.44802295918363,13249.0,662.45,1.509547890406823,13249.0,662.45,0.0,"[{'halfHeight': 10, 'risingPnt': None, 'fallingPnt': None, 'widthPnts': None, 'widthMs': nan}, {'halfHeight': 20, 'risingPnt': np.int64(1107366), 'fallingPnt': np.int64(1110365), 'widthPnts': np.int64(2999), 'widthMs': np.float64(149.95)}, {'halfHeight': 50, 'risingPnt': np.int64(1107394), 'fallingPnt': np.int64(1108105), 'widthPnts': np.int64(711), 'widthMs': np.float64(35.55)}, {'halfHeight': 80, 'risingPnt': np.int64(1107400), 'fallingPnt': np.int64(1107530), 'widthPnts': np.int64(130), 'widthMs': np.float64(6.5)}, {'halfHeight': 90, 'risingPnt': np.int64(1107403), 'fallingPnt': np.int64(1107463), 'widthPnts': np.int64(60), 'widthMs': np.float64(3.0)}]",,149.95,35.55,6.5,3.0,99.24999999999784,yes,2019-01-14,15:20:48,,,,,unknown,,,,
96,96,dvdt,0,1,0.0,96,0,"[{'Spike': 96, 'Seconds': np.float64(55.9453), 'Sweep': 0, 'Epoch': 1, 'Type': 'Fit EDD', 'Details': 'Early diastolic duration rate fit - preMinPnt == spikePnt'}, {'Spike': 96, 'Seconds': np.float64(55.9453), 'Sweep': 0, 'Epoch': 1, 'Type': 'Spike Width', 'Details': 'Half width 10 error in ""falling point"" with halfWidthWindow_ms:200.0 searching for Vm:-53.25 from peak sec 56.0'}]",20260908,16:38:22,,,20230324a,20230324a,19114001.abf,,20.0,-20.0,0,"[10, 20, 50, 80, 90]",1118906,55.9453,-64.40080915178568,-4.394531250000028,,1120087,56.004349999999995,47.08426339285712,111.4850725446428,59.04999999999205,1120245,56.01225,22.024972098214274,1118906,-63.707101004464256,1118906,1118906,0.0,-64.40080915178568,-64.40080915178568,,,1120066,8.108956473214281,126.853475765306,1120106,42.53278459821427,-19.670758928571367,13481.0,674.05,1.4835694681403457,13481.0,674.05,0.0,"[{'halfHeight': 10, 'risingPnt': None, 'fallingPnt': None, 'widthPnts': None, 'widthMs': nan}, {'halfHeight': 20, 'risingPnt': np.int64(1120037), 'fallingPnt': np.int64(1123279), 'widthPnts': np.int64(3242), 'widthMs': np.float64(162.1)}, {'halfHeight': 50, 'risingPnt': np.int64(1120064), 'fallingPnt': np.int64(1120846), 'widthPnts': np.int64(782), 'widthMs': np.float64(39.1)}, {'halfHeight': 80, 'risingPnt': np.int64(1120069), 'fallingPnt': np.int64(1120229), 'widthPnts': np.int64(160), 'widthMs': np.float64(8.0)}, {'halfHeight': 90, 'risingPnt': np.int64(1120072), 'fallingPnt': np.int64(1120140), 'widthPnts': np.int64(68), 'widthMs': np.float64(3.4)}]",,162.1,39.1,8.0,3.4,59.04999999999205,yes,2019-01-14,15:20:48,,,,,unknown,,,,
97,97,dvdt,0,1,0.0,97,0,"[{'Spike': 97, 'Seconds': np.float64(56.5696), 'Sweep': 0, 'Epoch': 1, 'Type': 'Spike Width', 'Details': 'Half width 10 error in ""falling point"" with halfWidthWindow_ms:200.0 searching for Vm:-51.5 from peak sec 56.63'}]",20260908,16:38:22,,,20230324a,20230324a,19114001.abf,,20.0,-20.0,0,"[10, 20, 50, 80, 90]",1131393,56.56965,-62.23842075892854,-18.474968112244888,,1132585,56.62925,45.14857700892855,107.38699776785708,59.5999999999961,1132742,56.6371,21.93777901785713,1130762,-63.93275669642855,1130825,1131078,12.65,-63.19754464285711,-62.86621093749997,42.198933119671096,,1132566,8.265904017857139,130.53053252551007,1132728,23.19335937499999,-21.5441645408163,12487.0,624.35,1.6016657323616559,11856.0,592.8,31.55,"[{'halfHeight': 10, 'risingPnt': None, 'fallingPnt': None, 'widthPnts': None, 'widthMs': nan}, {'halfHeight': 20, 'risingPnt': np.int64(1132542), 'fallingPnt': np.int64(1135449), 'widthPnts': np.int64(2907), 'widthMs': np.float64(145.35)}, {'halfHeight': 50, 'risingPnt': np.int64(1132563), 'fallingPnt': np.int64(1133291), 'widthPnts': np.int64(728), 'widthMs': np.float64(36.4)}, {'halfHeight': 80, 'risingPnt': np.int64(1132569), 'fallingPnt': np.int64(1132728), 'widthPnts': np.int64(159), 'widthMs': np.float64(7.95)}, {'halfHeight': 90, 'risingPnt': np.int64(1132572), 'fallingPnt': np.int64(1132644), 'widthPnts': np.int64(72), 'widthMs': np.float64(3.6)}]",,145.35,36.4,7.95,3.6,59.5999999999961,yes,2019-01-14,15:20:48,,,,,unknown,,,,
98,98,dvdt,0,1,0.0,98,0,"[{'Spike': 98, 'Seconds': np.float64(57.0591), 'Sweep': 0, 'Epoch': 1, 'Type': 'Fast AHP was detected at end of fast AHP window', 'Details': 'Consider increasing the fast AHP window with fastAhpWindow_ms'}, {'Spike': 98, 'Seconds': np.float64(57.0591), 'Sweep': 0, 'Epoch': 1, 'Type': 'Fit EDD', 'Details': 'Early diastolic duration rate fit - preMinPnt == spikePnt'}]",20260908,16:38:22,,,20230324a,20230324a,19114001.abf,,20.0,-20.0,0,"[10, 20, 50, 80, 90]",1141182,57.0591,-64.54031808035711,0.6477200255102062,,1143126,57.1563,45.63685825892855,110.17717633928567,97.20000000000084,1143285,57.16425,22.129603794642847,1141182,-63.07094029017854,1141182,1141182,0.0,-64.54031808035711,-64.54031808035711,,,1143106,7.3242187499999964,126.29544005102028,1143213,29.994419642857128,-20.577566964285694,9789.0,489.45,2.0431096128307282,10420.0,521.0,0.0,"[{'halfHeight': 10, 'risingPnt': np.int64(1142870), 'fallingPnt': np.int64(1146703), 'widthPnts': np.int64(3833), 'widthMs': np.float64(191.65)}, {'halfHeight': 20, 'risingPnt': np.int64(1143075), 'fallingPnt': np.int64(1145860), 'widthPnts': np.int64(2785), 'widthMs': np.float64(139.25)}, {'halfHeight': 50, 'risingPnt': np.int64(1143103), 'fallingPnt': np.int64(1143966), 'widthPnts': np.int64(863), 'widthMs': np.float64(43.15)}, {'halfHeight': 80, 'risingPnt': np.int64(1143109), 'fallingPnt': np.int64(1143274), 'widthPnts': np.int64(165), 'widthMs': np.float64(8.25)}, {'halfHeight': 90, 'risingPnt': np.int64(1143112), 'fallingPnt': np.int64(1143182), 'widthPnts': np.int64(70), 'widthMs': np.float64(3.5)}]",191.65,139.25,43.15,8.25,3.5,97.20000000000084,yes,2019-01-14,15:20:48,,,,,unknown,,,,
99,99,dvdt,0,1,0.0,99,0,"[{'Spike': 99, 'Seconds': np.float64(57.6266), 'Sweep': 0, 'Epoch': 1, 'Type': 'Fit EDD', 'Details': 'Early diastolic duration rate fit - preMinPnt == spikePnt'}]",20260908,16:38:22,,,20230324a,20230324a,19114001.abf,,20.0,-20.0,0,"[10, 20, 50, 80, 90]",1152533,57.62665,-64.13922991071425,-0.019929846938765806,,1154232,57.7116,46.31696428571426,110.45619419642851,84.94999999999919,1154390,57.7195,25.041852678571416,1152533,-64.03564453124999,1152533,1152533,0.0,-64.13922991071425,-64.13922991071425,,,1154217,13.811383928571422,132.10499043367332,1154318,32.244001116071416,-19.321986607142815,11351.0,567.55,1.761959298740199,11351.0,567.55,0.0,"[{'halfHeight': 10, 'risingPnt': np.int64(1154015), 'fallingPnt': np.int64(1158094), 'widthPnts': np.int64(4079), 'widthMs': np.float64(203.95)}, {'halfHeight': 20, 'risingPnt': np.int64(1154188), 'fallingPnt': np.int64(1157134), 'widthPnts': np.int64(2946), 'widthMs': np.float64(147.3)}, {'halfHeight': 50, 'risingPnt': np.int64(1154214), 'fallingPnt': np.int64(1155141), 'widthPnts': np.int64(927), 'widthMs': np.float64(46.35)}, {'halfHeight': 80, 'risingPnt': np.int64(1154219), 'fallingPnt': np.int64(1154399), 'widthPnts': np.int64(180), 'widthMs': np.float64(9.0)}, {'halfHeight': 90, 'risingPnt': np.int64(1154222), 'fallingPnt': np.int64(1154301), 'widthPnts': np.int64(79), 'widthMs': np.float64(3.95)}]",203.95,147.3,46.35,9.0,3.95,84.94999999999919,yes,2019-01-14,15:20:48,,,,,unknown,,,,
100,100,dvdt,0,1,0.0,100,0,"[{'Spike': 100, 'Seconds': np.float64(58.1304), 'Sweep': 0, 'Epoch': 1, 'Type': 'Fit EDD', 'Details': 'Early diastolic duration rate fit - preMinPnt == spikePnt'}, {'Spike': 100, 'Seconds': np.float64(58.1304), 'Sweep': 0, 'Epoch': 1, 'Type': 'Spike Width', 'Details': 'Half width 10 error in ""falling point"" with halfWidthWindow_ms:200.0 searching for Vm:-53.63 from peak sec 58.22'}]",20260908,16:38:22,,,20230324a,20230324a,19114001.abf,,20.0,-20.0,0,"[10, 20, 50, 80, 90]",1162608,58.1304,-64.64494977678568,-7.872289540816312,,1164441,58.22205,45.53222656249998,110.17717633928567,91.65000000000134,1164593,58.22965,24.448939732142847,1162608,-63.36425781249997,1162608,1162608,0.0,-64.64494977678568,-64.64494977678568,,,1164422,6.766183035714282,124.16294642857133,1164725,14.910016741071422,-19.79033801020406,10075.0,503.75,1.9851116625310172,10075.0,503.75,0.0,"[{'halfHeight': 10, 'risingPnt': None, 'fallingPnt': None, 'widthPnts': None, 'widthMs': nan}, {'halfHeight': 20, 'risingPnt': np.int64(1164386), 'fallingPnt': np.int64(1167977), 'widthPnts': np.int64(3591), 'widthMs': np.float64(179.55)}, {'halfHeight': 50, 'risingPnt': np.int64(1164420), 'fallingPnt': np.int64(1165330), 'widthPnts': np.int64(910), 'widthMs': np.float64(45.5)}, {'halfHeight': 80, 'risingPnt': np.int64(1164426), 'fallingPnt': np.int64(1164610), 'widthPnts': np.int64(184), 'widthMs': np.float64(9.2)}, {'halfHeight': 90, 'risingPnt': np.int64(1164428), 'fallingPnt': np.int64(1164503), 'widthPnts': np.int64(75), 'widthMs': np.float64(3.75)}]",,179.55,45.5,9.2,3.75,91.65000000000134,yes,2019-01-14,15:20:48,,,,,unknown,,,,
101,101,dvdt,0,1,0.0,101,0,[],20260908,16:38:22,,,20230324a,20230324a,19114001.abf,,20.0,-20.0,0,"[10, 20, 50, 80, 90]",1175412,58.7706,-62.98828124999997,1.9232302295917991,,1177123,58.85615,46.52622767857141,109.51450892857139,85.5499999999978,1177278,58.8639,23.699079241071416,1175288,-63.95211356026785,1175300,1175350,2.5,-62.517438616071395,-62.86621093749997,171.27944927672874,,1177106,23.68164062499999,117.1775350765305,1177155,40.143694196428555,-27.034837372448962,12804.0,640.2,1.5620118712902218,12680.0,634.0,6.2,"[{'halfHeight': 10, 'risingPnt': np.int64(1176924), 'fallingPnt': np.int64(1180816), 'widthPnts': np.int64(3892), 'widthMs': np.float64(194.6)}, {'halfHeight': 20, 'risingPnt': np.int64(1177076), 'fallingPnt': np.int64(1179834), 'widthPnts': np.int64(2758), 'widthMs': np.float64(137.9)}, {'halfHeight': 50, 'risingPnt': np.int64(1177101), 'fallingPnt': np.int64(1177918), 'widthPnts': np.int64(817), 'widthMs': np.float64(40.85)}, {'halfHeight': 80, 'risingPnt': np.int64(1177107), 'fallingPnt': np.int64(1177265), 'widthPnts': np.int64(158), 'widthMs': np.float64(7.9)}, {'halfHeight': 90, 'risingPnt': np.int64(1177109), 'fallingPnt': np.int64(1177180), 'widthPnts': np.int64(71), 'widthMs': np.float64(3.55)}]",194.6,137.9,40.85,7.9,3.55,85.5499999999978,yes,2019-01-14,15:20:48,,,,,unknown,,,,
102,102,dvdt,0,1,0.0,102,0,"[{'Spike': 102, 'Seconds': np.float64(59.4634), 'Sweep': 0, 'Epoch': 1, 'Type': 'Spike Width', 'Details': 'Half width 10 error in ""falling point"" with halfWidthWindow_ms:200.0 searching for Vm:-53.33 from peak sec 59.56'}]",20260908,16:38:22,,,20230324a,20230324a,19114001.abf,,20.0,-20.0,0,"[10, 20, 50, 80, 90]",1189268,59.4634,-64.24386160714282,-16.09335140306122,,1191206,59.560300000000005,44.90443638392855,109.14829799107136,96.9000000000051,1191364,59.5682,22.495814732142847,1189236,-63.80458286830354,1189239,1189252,0.65,-63.07547433035711,-63.023158482142826,157.13917777784587,,1191191,15.572684151785706,115.24433992346928,1191248,38.312639508928555,-21.703603316326564,13856.0,692.8,1.443418013856813,13948.0,697.4,1.6,"[{'halfHeight': 10, 'risingPnt': None, 'fallingPnt': None, 'widthPnts': None, 'widthMs': nan}, {'halfHeight': 20, 'risingPnt': np.int64(1191158), 'fallingPnt': np.int64(1195157), 'widthPnts': np.int64(3999), 'widthMs': np.float64(199.95)}, {'halfHeight': 50, 'risingPnt': np.int64(1191187), 'fallingPnt': np.int64(1192049), 'widthPnts': np.int64(862), 'widthMs': np.float64(43.1)}, {'halfHeight': 80, 'risingPnt': np.int64(1191193), 'fallingPnt': np.int64(1191362), 'widthPnts': np.int64(169), 'widthMs': np.float64(8.45)}, {'halfHeight': 90, 'risingPnt': np.int64(1191196), 'fallingPnt': np.int64(1191269), 'widthPnts': np.int64(73), 'widthMs': np.float64(3.65)}]",,199.95,43.1,8.45,3.65,96.9000000000051,yes,2019-01-14,15:20:48,,,,,unknown,,,,
