Include=yes;Acq Date=2021-07-20;Acq Time=17:26:31;Species=;Cell Type=;ID=;Age=;Sex=unknown;Genotype=;Condition1=;Condition2=;Note=;
,spikeNumber,detectionType,sweep,epoch,epochLevel,sweepSpikeNumber,userType,errors,analysisDate,analysisTime,modDate,modTime,analysisVersion,interfaceVersion,file,condition,dvdtThreshold,mvThreshold,medianFilter,halfHeights,thresholdPnt,thresholdSec,thresholdVal,thresholdVal_dvdt,dacCommand,peakPnt,peakSec,peakVal,peakHeight,timeToPeak_ms,fastAhpPnt,fastAhpSec,fastAhpValue,preMinPnt,preMinVal,preLinearFitPnt0,preLinearFitPnt1,earlyDiastolicDuration_ms,preLinearFitVal0,preLinearFitVal1,earlyDiastolicDurationRate,lateDiastolicDuration,preSpike_dvdt_max_pnt,preSpike_dvdt_max_val,preSpike_dvdt_max_val2,postSpike_dvdt_min_pnt,postSpike_dvdt_min_val,postSpike_dvdt_min_val2,isi_pnts,isi_ms,spikeFreq_hz,cycleLength_pnts,cycleLength_ms,diastolicDuration_ms,widths,widths_10,widths_20,widths_50,widths_80,widths_90,user_timeToPeak_ms,Include,Acq Date,Acq Time,Species,Cell Type,ID,Age,Sex,Genotype,Condition1,Condition2,Note
0,0,dvdt,9,2,3.725290298461914e-08,0,0,"[{'Spike': 0, 'Seconds': np.float64(0.0298), 'Sweep': 9, 'Epoch': 2, 'Type': 'Pre spike min under-run (mdp)', 'Details': 'Went past startPnt 0 searching for pre-spike min'}]",20260908,16:38:15,,,20230324a,20230324a,2021_07_20_0010.abf,,20.0,-20.0,0,"[10, 20, 50, 80, 90]",298,0.0298,-45.51042447771343,13.295451031898972,,303,0.0303,-7.732281807490755,37.77814267022267,0.5000000000000004,310.0,0.031,-77.118784223284,276.0,-67.22568293980186,278,287,0.9,-61.38392508370533,-55.58907263619557,6157.139587402382,,301,-22.263879108428945,138.603103139449,305,-40.965921824319004,-185.95467429647618,,,,,,2.2,"[{'halfHeight': 10, 'risingPnt': np.int64(298), 'fallingPnt': np.int64(306), 'widthPnts': np.int64(8), 'widthMs': np.float64(0.8)}, {'halfHeight': 20, 'risingPnt': np.int64(300), 'fallingPnt': np.int64(305), 'widthPnts': np.int64(5), 'widthMs': np.float64(0.5)}, {'halfHeight': 50, 'risingPnt': np.int64(300), 'fallingPnt': np.int64(305), 'widthPnts': np.int64(5), 'widthMs': np.float64(0.5)}, {'halfHeight': 80, 'risingPnt': np.int64(302), 'fallingPnt': np.int64(304), 'widthPnts': np.int64(2), 'widthMs': np.float64(0.2)}, {'halfHeight': 90, 'risingPnt': np.int64(302), 'fallingPnt': np.int64(304), 'widthPnts': np.int64(2), 'widthMs': np.float64(0.2)}]",0.8,0.5,0.5,0.2,0.2,0.5000000000000004,yes,2021-07-20,17:26:31,,,,,unknown,,,,
1,1,dvdt,10,2,0.1000000387430191,0,0,"[{'Spike': 0, 'Seconds': np.float64(0.0275), 'Sweep': 10, 'Epoch': 2, 'Type': 'Pre spike min under-run (mdp)', 'Details': 'Went past startPnt 0 searching for pre-spike min'}, {'Spike': 0, 'Seconds': np.float64(0.0275), 'Sweep': 10, 'Epoch': 2, 'Type': 'Fit EDD', 'Details': 'Early diastolic duration rate fit - Too low 2.013<=8'}]",20260908,16:38:15,,,20230324a,20230324a,2021_07_20_0010.abf,,20.0,-20.0,0,"[10, 20, 50, 80, 90]",275,0.0275,-67.04711118425638,2.291681966976235,,294,0.0294,-37.04223288127352,30.00487830298286,1.899999999999999,303.0,0.0303,-76.09862518310543,111.0,-67.99423762730186,127,193,6.6,-67.61386653355187,-67.42640141078401,2.0130580706614447,,294,-37.04223288127352,74.09742143981306,299,-39.15404961449757,-193.0354997907364,,,,,,16.4,"[{'halfHeight': 10, 'risingPnt': np.int64(276), 'fallingPnt': np.int64(301), 'widthPnts': np.int64(25), 'widthMs': np.float64(2.5)}, {'halfHeight': 20, 'risingPnt': np.int64(276), 'fallingPnt': np.int64(301), 'widthPnts': np.int64(25), 'widthMs': np.float64(2.5)}, {'halfHeight': 50, 'risingPnt': np.int64(281), 'fallingPnt': np.int64(300), 'widthPnts': np.int64(19), 'widthMs': np.float64(1.9)}, {'halfHeight': 80, 'risingPnt': np.int64(281), 'fallingPnt': np.int64(300), 'widthPnts': np.int64(19), 'widthMs': np.float64(1.9)}, {'halfHeight': 90, 'risingPnt': np.int64(281), 'fallingPnt': np.int64(300), 'widthPnts': np.int64(19), 'widthMs': np.float64(1.9)}]",2.5,2.5,1.9,1.9,1.9,1.899999999999999,yes,2021-07-20,17:26:31,,,,,unknown,,,,
2,2,dvdt,11,2,0.20000004023313522,0,0,"[{'Spike': 0, 'Seconds': np.float64(0.0275), 'Sweep': 11, 'Epoch': 2, 'Type': 'Pre spike min under-run (mdp)', 'Details': 'Went past startPnt 0 searching for pre-spike min'}]",20260908,16:38:15,,,20230324a,20230324a,2021_07_20_0010.abf,,20.0,-20.0,0,"[10, 20, 50, 80, 90]",275,0.0275,-67.87021386282781,3.1013319988640458,,294,0.0294,-21.41025891304015,46.45995494978766,1.899999999999999,302.0,0.030199999999999998,-74.19868796212329,215.0,-68.29050227573936,221,245,2.4,-68.18410927908758,-67.61909811837329,125.41776858501777,,294,-21.41025891304015,144.59301784281814,298,-37.98043073245456,-196.09448137867187,,,,,,6.0,"[{'halfHeight': 10, 'risingPnt': np.int64(277), 'fallingPnt': np.int64(300), 'widthPnts': np.int64(23), 'widthMs': np.float64(2.3)}, {'halfHeight': 20, 'risingPnt': np.int64(277), 'fallingPnt': np.int64(300), 'widthPnts': np.int64(23), 'widthMs': np.float64(2.3)}, {'halfHeight': 50, 'risingPnt': np.int64(281), 'fallingPnt': np.int64(299), 'widthPnts': np.int64(18), 'widthMs': np.float64(1.8)}, {'halfHeight': 80, 'risingPnt': np.int64(293), 'fallingPnt': np.int64(298), 'widthPnts': np.int64(5), 'widthMs': np.float64(0.5)}, {'halfHeight': 90, 'risingPnt': np.int64(293), 'fallingPnt': np.int64(298), 'widthPnts': np.int64(5), 'widthMs': np.float64(0.5)}]",2.3,2.3,1.8,0.5,0.5,1.899999999999999,yes,2021-07-20,17:26:31,,,,,unknown,,,,
3,3,dvdt,11,2,0.20000004023313522,1,0,"[{'Spike': 1, 'Seconds': np.float64(0.0338), 'Sweep': 11, 'Epoch': 2, 'Type': 'Pre spike min under-run (mdp)', 'Details': 'Went past startPnt 0 searching for pre-spike min'}, {'Spike': 1, 'Seconds': np.float64(0.0338), 'Sweep': 11, 'Epoch': 2, 'Type': 'Spike Width', 'Details': 'Half width 90 error in ""rising point"" with halfWidthWindow_ms:4.0 searching for Vm:-7.66 from peak sec 0.03'}]",20260908,16:38:15,,,20230324a,20230324a,2021_07_20_0010.abf,,20.0,-20.0,0,"[10, 20, 50, 80, 90]",338,0.0338,-42.87893731253486,13.803413040783921,,343,0.0343,-3.7484301396778643,39.130507172856994,0.5000000000000004,350.0,0.035,-73.50899069649829,326.0,-53.156751501083356,327,332,0.5,-52.25393731253485,-48.97896521432057,6320.626395089413,,342,-13.242884295327316,140.35120144084996,346,-43.781386429922904,-177.60232586957954,63.0,6.3,158.73015873015873,111.0,11.1,1.2,"[{'halfHeight': 10, 'risingPnt': np.int64(338), 'fallingPnt': np.int64(346), 'widthPnts': np.int64(8), 'widthMs': np.float64(0.8)}, {'halfHeight': 20, 'risingPnt': np.int64(338), 'fallingPnt': np.int64(346), 'widthPnts': np.int64(8), 'widthMs': np.float64(0.8)}, {'halfHeight': 50, 'risingPnt': np.int64(342), 'fallingPnt': np.int64(345), 'widthPnts': np.int64(3), 'widthMs': np.float64(0.3)}, {'halfHeight': 80, 'risingPnt': np.int64(342), 'fallingPnt': np.int64(345), 'widthPnts': np.int64(3), 'widthMs': np.float64(0.3)}, {'halfHeight': 90, 'risingPnt': None, 'fallingPnt': None, 'widthPnts': None, 'widthMs': nan}]",0.8,0.8,0.3,0.3,,0.5000000000000004,yes,2021-07-20,17:26:31,,,,,unknown,,,,
4,4,dvdt,11,2,0.20000004023313522,2,0,"[{'Spike': 2, 'Seconds': np.float64(0.0393), 'Sweep': 11, 'Epoch': 2, 'Type': 'Pre spike min under-run (mdp)', 'Details': 'Went past startPnt 0 searching for pre-spike min'}]",20260908,16:38:15,,,20230324a,20230324a,2021_07_20_0010.abf,,20.0,-20.0,0,"[10, 20, 50, 80, 90]",393,0.039299999999999995,-42.770817892892005,11.851283342011115,,399,0.0399,-6.0538150106157556,36.71700288227625,0.6000000000000033,407.0,0.0407,-72.30049460274829,377.0,-53.156751501083356,379,385,0.6,-51.97404752458842,-48.98506872994557,4716.896524234381,,398,-15.331158447265619,121.93951145094253,402,-40.23698771340504,-166.84768254805567,55.0,5.5,181.81818181818184,51.0,5.1,1.6,"[{'halfHeight': 10, 'risingPnt': np.int64(395), 'fallingPnt': np.int64(402), 'widthPnts': np.int64(7), 'widthMs': np.float64(0.7)}, {'halfHeight': 20, 'risingPnt': np.int64(395), 'fallingPnt': np.int64(402), 'widthPnts': np.int64(7), 'widthMs': np.float64(0.7)}, {'halfHeight': 50, 'risingPnt': np.int64(395), 'fallingPnt': np.int64(402), 'widthPnts': np.int64(7), 'widthMs': np.float64(0.7)}, {'halfHeight': 80, 'risingPnt': np.int64(398), 'fallingPnt': np.int64(401), 'widthPnts': np.int64(3), 'widthMs': np.float64(0.3)}, {'halfHeight': 90, 'risingPnt': np.int64(398), 'fallingPnt': np.int64(401), 'widthPnts': np.int64(3), 'widthMs': np.float64(0.3)}]",0.7,0.7,0.7,0.3,0.3,0.6000000000000033,yes,2021-07-20,17:26:31,,,,,unknown,,,,
5,5,dvdt,11,2,0.20000004023313522,3,0,"[{'Spike': 3, 'Seconds': np.float64(0.045), 'Sweep': 11, 'Epoch': 2, 'Type': 'Pre spike min under-run (mdp)', 'Details': 'Went past startPnt 0 searching for pre-spike min'}]",20260908,16:38:15,,,20230324a,20230324a,2021_07_20_0010.abf,,20.0,-20.0,0,"[10, 20, 50, 80, 90]",450,0.045,-43.04809188842771,11.000777264030614,,457,0.045700000000000005,-6.149727399008612,36.8983644894191,0.7000000000000062,464.0,0.0464,-71.71978868756972,434.0,-53.156751501083356,436,442,0.6,-51.87987899780271,-49.21525846208843,4120.7449776786425,,456,-11.055209786551336,112.66839577811095,460,-44.90094558170861,-157.77810745239242,57.0,5.7,175.43859649122805,57.0,5.7,1.6,"[{'halfHeight': 10, 'risingPnt': np.int64(450), 'fallingPnt': np.int64(460), 'widthPnts': np.int64(10), 'widthMs': np.float64(1.0)}, {'halfHeight': 20, 'risingPnt': np.int64(450), 'fallingPnt': np.int64(460), 'widthPnts': np.int64(10), 'widthMs': np.float64(1.0)}, {'halfHeight': 50, 'risingPnt': np.int64(455), 'fallingPnt': np.int64(459), 'widthPnts': np.int64(4), 'widthMs': np.float64(0.4)}, {'halfHeight': 80, 'risingPnt': np.int64(456), 'fallingPnt': np.int64(458), 'widthPnts': np.int64(2), 'widthMs': np.float64(0.2)}, {'halfHeight': 90, 'risingPnt': np.int64(456), 'fallingPnt': np.int64(458), 'widthPnts': np.int64(2), 'widthMs': np.float64(0.2)}]",1.0,1.0,0.4,0.2,0.2,0.7000000000000062,yes,2021-07-20,17:26:31,,,,,unknown,,,,
6,6,dvdt,12,2,0.30000004172325134,0,0,"[{'Spike': 0, 'Seconds': np.float64(0.0275), 'Sweep': 12, 'Epoch': 2, 'Type': 'Pre spike min under-run (mdp)', 'Details': 'Went past startPnt 0 searching for pre-spike min'}]",20260908,16:38:15,,,20230324a,20230324a,2021_07_20_0010.abf,,20.0,-20.0,0,"[10, 20, 50, 80, 90]",275,0.0275,-68.09691587175638,2.766759693379301,,292,0.0292,-0.6661550045013435,67.43076086725503,1.7000000000000002,299.0,0.0299,-73.23433249337329,228.0,-68.31125422886436,233,252,1.9,-68.17800576346258,-67.48918042864115,454.0770872493664,,291,-15.958947692598606,166.97373656448036,295,-40.563961703436696,-202.1693474049469,,,,,,4.7,"[{'halfHeight': 10, 'risingPnt': np.int64(276), 'fallingPnt': np.int64(297), 'widthPnts': np.int64(21), 'widthMs': np.float64(2.1)}, {'halfHeight': 20, 'risingPnt': np.int64(279), 'fallingPnt': np.int64(296), 'widthPnts': np.int64(17), 'widthMs': np.float64(1.7)}, {'halfHeight': 50, 'risingPnt': np.int64(290), 'fallingPnt': np.int64(295), 'widthPnts': np.int64(5), 'widthMs': np.float64(0.5)}, {'halfHeight': 80, 'risingPnt': np.int64(291), 'fallingPnt': np.int64(294), 'widthPnts': np.int64(3), 'widthMs': np.float64(0.3)}, {'halfHeight': 90, 'risingPnt': np.int64(291), 'fallingPnt': np.int64(294), 'widthPnts': np.int64(3), 'widthMs': np.float64(0.3)}]",2.1,1.7,0.5,0.3,0.3,1.7000000000000002,yes,2021-07-20,17:26:31,,,,,unknown,,,,
7,7,dvdt,12,2,0.30000004172325134,1,0,"[{'Spike': 1, 'Seconds': np.float64(0.0326), 'Sweep': 12, 'Epoch': 2, 'Type': 'Pre spike min under-run (mdp)', 'Details': 'Went past startPnt 0 searching for pre-spike min'}]",20260908,16:38:15,,,20230324a,20230324a,2021_07_20_0010.abf,,20.0,-20.0,0,"[10, 20, 50, 80, 90]",326,0.032600000000000004,-42.912070683070574,14.24261700766423,,331,0.033100000000000004,-0.6565637605530882,42.25550692251748,0.5000000000000004,338.0,0.0338,-72.65275464739115,317.0,-52.13127355303081,318,321,0.3,-51.22157124110628,-48.996403830392,6988.525390625219,,330,-6.577845525741575,151.54330379816935,333,-31.217736320836188,-185.89339429602316,51.0,5.1,196.07843137254903,89.0,8.9,0.9,"[{'halfHeight': 10, 'risingPnt': np.int64(326), 'fallingPnt': np.int64(334), 'widthPnts': np.int64(8), 'widthMs': np.float64(0.8)}, {'halfHeight': 20, 'risingPnt': np.int64(326), 'fallingPnt': np.int64(334), 'widthPnts': np.int64(8), 'widthMs': np.float64(0.8)}, {'halfHeight': 50, 'risingPnt': np.int64(329), 'fallingPnt': np.int64(333), 'widthPnts': np.int64(4), 'widthMs': np.float64(0.4)}, {'halfHeight': 80, 'risingPnt': np.int64(330), 'fallingPnt': np.int64(332), 'widthPnts': np.int64(2), 'widthMs': np.float64(0.2)}, {'halfHeight': 90, 'risingPnt': np.int64(330), 'fallingPnt': np.int64(332), 'widthPnts': np.int64(2), 'widthMs': np.float64(0.2)}]",0.8,0.8,0.4,0.2,0.2,0.5000000000000004,yes,2021-07-20,17:26:31,,,,,unknown,,,,
8,8,dvdt,12,2,0.30000004172325134,2,0,"[{'Spike': 2, 'Seconds': np.float64(0.0374), 'Sweep': 12, 'Epoch': 2, 'Type': 'Pre spike min under-run (mdp)', 'Details': 'Went past startPnt 0 searching for pre-spike min'}]",20260908,16:38:15,,,20230324a,20230324a,2021_07_20_0010.abf,,20.0,-20.0,0,"[10, 20, 50, 80, 90]",374,0.037399999999999996,-43.81887871878486,11.418307557397934,,381,0.0381,-2.729143357276916,41.08973536150794,0.7000000000000062,388.0,0.038799999999999994,-72.09384700230186,362.0,-52.13127355303081,363,368,0.5,-51.37764685494557,-48.71128245762414,5151.367187499825,,380,-5.841063935416083,128.74679666830556,383,-32.429719226700904,-175.625035303466,48.0,4.8,208.33333333333334,45.0,4.5,1.2,"[{'halfHeight': 10, 'risingPnt': np.int64(374), 'fallingPnt': np.int64(384), 'widthPnts': np.int64(10), 'widthMs': np.float64(1.0)}, {'halfHeight': 20, 'risingPnt': np.int64(374), 'fallingPnt': np.int64(384), 'widthPnts': np.int64(10), 'widthMs': np.float64(1.0)}, {'halfHeight': 50, 'risingPnt': np.int64(379), 'fallingPnt': np.int64(383), 'widthPnts': np.int64(4), 'widthMs': np.float64(0.4)}, {'halfHeight': 80, 'risingPnt': np.int64(380), 'fallingPnt': np.int64(382), 'widthPnts': np.int64(2), 'widthMs': np.float64(0.2)}, {'halfHeight': 90, 'risingPnt': np.int64(380), 'fallingPnt': np.int64(382), 'widthPnts': np.int64(2), 'widthMs': np.float64(0.2)}]",1.0,1.0,0.4,0.2,0.2,0.7000000000000062,yes,2021-07-20,17:26:31,,,,,unknown,,,,
9,9,dvdt,12,2,0.30000004172325134,3,0,"[{'Spike': 3, 'Seconds': np.float64(0.0426), 'Sweep': 12, 'Epoch': 2, 'Type': 'Pre spike min under-run (mdp)', 'Details': 'Went past startPnt 0 searching for pre-spike min'}, {'Spike': 3, 'Seconds': np.float64(0.0426), 'Sweep': 12, 'Epoch': 2, 'Type': 'Spike Width', 'Details': 'Half width 90 error in ""rising point"" with halfWidthWindow_ms:4.0 searching for Vm:-6.71 from peak sec 0.04'}]",20260908,16:38:15,,,20230324a,20230324a,2021_07_20_0010.abf,,20.0,-20.0,0,"[10, 20, 50, 80, 90]",426,0.0426,-42.106406620570574,12.690080775046805,,432,0.0432,-2.780586947713579,39.325819672856994,0.6000000000000033,439.0,0.0439,-71.48611123221258,412.0,-52.13127355303081,413,419,0.6,-51.32358714512414,-48.06343787057057,5304.577885841824,,431,-11.458041940416605,132.71333672465096,435,-41.308590670994334,-172.2623725054214,52.0,5.2,192.30769230769232,50.0,5.0,1.4,"[{'halfHeight': 10, 'risingPnt': np.int64(427), 'fallingPnt': np.int64(435), 'widthPnts': np.int64(8), 'widthMs': np.float64(0.8)}, {'halfHeight': 20, 'risingPnt': np.int64(427), 'fallingPnt': np.int64(435), 'widthPnts': np.int64(8), 'widthMs': np.float64(0.8)}, {'halfHeight': 50, 'risingPnt': np.int64(431), 'fallingPnt': np.int64(434), 'widthPnts': np.int64(3), 'widthMs': np.float64(0.3)}, {'halfHeight': 80, 'risingPnt': np.int64(431), 'fallingPnt': np.int64(434), 'widthPnts': np.int64(3), 'widthMs': np.float64(0.3)}, {'halfHeight': 90, 'risingPnt': None, 'fallingPnt': None, 'widthPnts': None, 'widthMs': nan}]",0.8,0.8,0.3,0.3,,0.6000000000000033,yes,2021-07-20,17:26:31,,,,,unknown,,,,
10,10,dvdt,12,2,0.30000004172325134,4,0,"[{'Spike': 4, 'Seconds': np.float64(0.0483), 'Sweep': 12, 'Epoch': 2, 'Type': 'Pre spike min under-run (mdp)', 'Details': 'Went past startPnt 0 searching for pre-spike min'}, {'Spike': 4, 'Seconds': np.float64(0.0483), 'Sweep': 12, 'Epoch': 2, 'Type': 'Spike Width', 'Details': 'Half width 90 error in ""rising point"" with halfWidthWindow_ms:4.0 searching for Vm:-8.95 from peak sec 0.05'}]",20260908,16:38:15,,,20230324a,20230324a,2021_07_20_0010.abf,,20.0,-20.0,0,"[10, 20, 50, 80, 90]",483,0.048299999999999996,-41.820413316999144,9.986348054846939,,490,0.049,-5.302210657937184,36.518202659061956,0.7000000000000062,498.0,0.0498,-70.18519047328401,464.0,-52.13127355303081,466,474,0.8,-51.08031845092771,-47.78006035940985,4175.82194010409,,489,-13.044083949497761,112.62529748410584,493,-38.30130100250243,-157.3149911841566,57.0,5.7,175.43859649122805,52.0,5.2,1.9,"[{'halfHeight': 10, 'risingPnt': np.int64(486), 'fallingPnt': np.int64(493), 'widthPnts': np.int64(7), 'widthMs': np.float64(0.7)}, {'halfHeight': 20, 'risingPnt': np.int64(486), 'fallingPnt': np.int64(493), 'widthPnts': np.int64(7), 'widthMs': np.float64(0.7)}, {'halfHeight': 50, 'risingPnt': np.int64(486), 'fallingPnt': np.int64(493), 'widthPnts': np.int64(7), 'widthMs': np.float64(0.7)}, {'halfHeight': 80, 'risingPnt': np.int64(489), 'fallingPnt': np.int64(492), 'widthPnts': np.int64(3), 'widthMs': np.float64(0.3)}, {'halfHeight': 90, 'risingPnt': None, 'fallingPnt': None, 'widthPnts': None, 'widthMs': nan}]",0.7,0.7,0.7,0.3,,0.7000000000000062,yes,2021-07-20,17:26:31,,,,,unknown,,,,
11,11,dvdt,12,2,0.30000004172325134,5,0,"[{'Spike': 5, 'Seconds': np.float64(0.0543), 'Sweep': 12, 'Epoch': 2, 'Type': 'Pre spike min under-run (mdp)', 'Details': 'Went past startPnt 0 searching for pre-spike min'}, {'Spike': 5, 'Seconds': np.float64(0.0543), 'Sweep': 12, 'Epoch': 2, 'Type': 'Spike Width', 'Details': 'Half width 90 error in ""rising point"" with halfWidthWindow_ms:4.0 searching for Vm:-10.04 from peak sec 0.06'}]",20260908,16:38:15,,,20230324a,20230324a,2021_07_20_0010.abf,,20.0,-20.0,0,"[10, 20, 50, 80, 90]",543,0.054299999999999994,-41.72014127458843,9.345354352678557,,551,0.0551,-6.520297990526469,35.199843284061956,0.800000000000009,559.0,0.0559,-69.29843684605186,525.0,-52.13127355303081,527,534,0.7,-51.04805701119557,-47.86638150896343,4515.667350924858,,550,-13.04146799360002,101.72018806301807,554,-38.247241292681,-149.54434386272806,60.0,6.0,166.66666666666666,61.0,6.1,1.8,"[{'halfHeight': 10, 'risingPnt': np.int64(546), 'fallingPnt': np.int64(554), 'widthPnts': np.int64(8), 'widthMs': np.float64(0.8)}, {'halfHeight': 20, 'risingPnt': np.int64(546), 'fallingPnt': np.int64(554), 'widthPnts': np.int64(8), 'widthMs': np.float64(0.8)}, {'halfHeight': 50, 'risingPnt': np.int64(546), 'fallingPnt': np.int64(554), 'widthPnts': np.int64(8), 'widthMs': np.float64(0.8)}, {'halfHeight': 80, 'risingPnt': np.int64(550), 'fallingPnt': np.int64(553), 'widthPnts': np.int64(3), 'widthMs': np.float64(0.3)}, {'halfHeight': 90, 'risingPnt': None, 'fallingPnt': None, 'widthPnts': None, 'widthMs': nan}]",0.8,0.8,0.8,0.3,,0.800000000000009,yes,2021-07-20,17:26:31,,,,,unknown,,,,
12,12,dvdt,13,2,0.40000004321336746,0,0,"[{'Spike': 0, 'Seconds': np.float64(0.0275), 'Sweep': 13, 'Epoch': 2, 'Type': 'Pre spike min under-run (mdp)', 'Details': 'Went past startPnt 0 searching for pre-spike min'}]",20260908,16:38:15,,,20230324a,20230324a,2021_07_20_0010.abf,,20.0,-20.0,0,"[10, 20, 50, 80, 90]",275,0.0275,-67.92078584943496,3.6349536506496367,,291,0.0291,2.8677800519125785,70.78856590134754,1.6000000000000008,297.0,0.0297,-72.20719767979209,123.0,-68.3252051217215,138,199,6.1,-67.61561039515901,-67.38542066301615,20.065935859240184,,290,0.12294229098728628,163.30340502797327,293,-33.72453643935066,-206.7699038369313,,,,,,15.2,"[{'halfHeight': 10, 'risingPnt': np.int64(277), 'fallingPnt': np.int64(295), 'widthPnts': np.int64(18), 'widthMs': np.float64(1.8)}, {'halfHeight': 20, 'risingPnt': np.int64(277), 'fallingPnt': np.int64(295), 'widthPnts': np.int64(18), 'widthMs': np.float64(1.8)}, {'halfHeight': 50, 'risingPnt': np.int64(289), 'fallingPnt': np.int64(293), 'widthPnts': np.int64(4), 'widthMs': np.float64(0.4)}, {'halfHeight': 80, 'risingPnt': np.int64(290), 'fallingPnt': np.int64(292), 'widthPnts': np.int64(2), 'widthMs': np.float64(0.2)}, {'halfHeight': 90, 'risingPnt': np.int64(290), 'fallingPnt': np.int64(292), 'widthPnts': np.int64(2), 'widthMs': np.float64(0.2)}]",1.8,1.8,0.4,0.2,0.2,1.6000000000000008,yes,2021-07-20,17:26:31,,,,,unknown,,,,
13,13,dvdt,13,2,0.40000004321336746,1,0,"[{'Spike': 1, 'Seconds': np.float64(0.0322), 'Sweep': 13, 'Epoch': 2, 'Type': 'Pre spike min under-run (mdp)', 'Details': 'Went past startPnt 0 searching for pre-spike min'}]",20260908,16:38:15,,,20230324a,20230324a,2021_07_20_0010.abf,,20.0,-20.0,0,"[10, 20, 50, 80, 90]",322,0.0322,-42.23894010271343,14.506936585173296,,327,0.0327,2.926199463435579,45.16513956614901,0.5000000000000004,334.0,0.0334,-71.88719940185544,314.0,-50.909018343516735,315,318,0.3,-49.66691861833843,-47.15052631923128,7904.052734374932,,326,-5.014473812920705,162.8612128024197,330,-44.62890313012257,-185.80246016638603,47.0,4.7,212.7659574468085,191.0,19.1,0.8,"[{'halfHeight': 10, 'risingPnt': np.int64(322), 'fallingPnt': np.int64(330), 'widthPnts': np.int64(8), 'widthMs': np.float64(0.8)}, {'halfHeight': 20, 'risingPnt': np.int64(322), 'fallingPnt': np.int64(330), 'widthPnts': np.int64(8), 'widthMs': np.float64(0.8)}, {'halfHeight': 50, 'risingPnt': np.int64(325), 'fallingPnt': np.int64(329), 'widthPnts': np.int64(4), 'widthMs': np.float64(0.4)}, {'halfHeight': 80, 'risingPnt': np.int64(326), 'fallingPnt': np.int64(328), 'widthPnts': np.int64(2), 'widthMs': np.float64(0.2)}, {'halfHeight': 90, 'risingPnt': np.int64(326), 'fallingPnt': np.int64(328), 'widthPnts': np.int64(2), 'widthMs': np.float64(0.2)}]",0.8,0.8,0.4,0.2,0.2,0.5000000000000004,yes,2021-07-20,17:26:31,,,,,unknown,,,,
14,14,dvdt,13,2,0.40000004321336746,2,0,"[{'Spike': 2, 'Seconds': np.float64(0.0363), 'Sweep': 13, 'Epoch': 2, 'Type': 'Pre spike min under-run (mdp)', 'Details': 'Went past startPnt 0 searching for pre-spike min'}]",20260908,16:38:15,,,20230324a,20230324a,2021_07_20_0010.abf,,20.0,-20.0,0,"[10, 20, 50, 80, 90]",363,0.0363,-40.707829611642,14.156918648311077,,368,0.0368,1.963588135583058,42.67141774722506,0.5000000000000004,375.0,0.0375,-71.25592150006972,352.0,-50.909018343516735,353,358,0.5,-50.28511755807057,-46.56982040405271,7142.857142857188,,367,-4.239327287673949,150.4451682986044,370,-27.16412999970571,-181.00360569856582,41.0,4.1,243.90243902439028,38.0,3.8,1.1,"[{'halfHeight': 10, 'risingPnt': np.int64(363), 'fallingPnt': np.int64(371), 'widthPnts': np.int64(8), 'widthMs': np.float64(0.8)}, {'halfHeight': 20, 'risingPnt': np.int64(363), 'fallingPnt': np.int64(371), 'widthPnts': np.int64(8), 'widthMs': np.float64(0.8)}, {'halfHeight': 50, 'risingPnt': np.int64(366), 'fallingPnt': np.int64(370), 'widthPnts': np.int64(4), 'widthMs': np.float64(0.4)}, {'halfHeight': 80, 'risingPnt': np.int64(367), 'fallingPnt': np.int64(369), 'widthPnts': np.int64(2), 'widthMs': np.float64(0.2)}, {'halfHeight': 90, 'risingPnt': np.int64(367), 'fallingPnt': np.int64(369), 'widthPnts': np.int64(2), 'widthMs': np.float64(0.2)}]",0.8,0.8,0.4,0.2,0.2,0.5000000000000004,yes,2021-07-20,17:26:31,,,,,unknown,,,,
15,15,dvdt,13,2,0.40000004321336746,3,0,"[{'Spike': 3, 'Seconds': np.float64(0.0406), 'Sweep': 13, 'Epoch': 2, 'Type': 'Pre spike min under-run (mdp)', 'Details': 'Went past startPnt 0 searching for pre-spike min'}]",20260908,16:38:15,,,20230324a,20230324a,2021_07_20_0010.abf,,20.0,-20.0,0,"[10, 20, 50, 80, 90]",406,0.040600000000000004,-41.31120572771343,13.020417988057023,,412,0.0412,0.763811407770428,42.075017135483854,0.5999999999999963,467.0,0.046700000000000005,-70.77374376569472,394.0,-50.909018343516735,395,400,0.5,-50.14212090628485,-46.88545935494557,6319.754464285676,,411,-3.637694992337907,137.703519190574,414,-28.193008358137934,-175.72742813071412,43.0,4.3,232.5581395348837,42.0,4.2,1.2,"[{'halfHeight': 10, 'risingPnt': np.int64(406), 'fallingPnt': np.int64(415), 'widthPnts': np.int64(9), 'widthMs': np.float64(0.9)}, {'halfHeight': 20, 'risingPnt': np.int64(406), 'fallingPnt': np.int64(415), 'widthPnts': np.int64(9), 'widthMs': np.float64(0.9)}, {'halfHeight': 50, 'risingPnt': np.int64(410), 'fallingPnt': np.int64(414), 'widthPnts': np.int64(4), 'widthMs': np.float64(0.4)}, {'halfHeight': 80, 'risingPnt': np.int64(411), 'fallingPnt': np.int64(413), 'widthPnts': np.int64(2), 'widthMs': np.float64(0.2)}, {'halfHeight': 90, 'risingPnt': np.int64(411), 'fallingPnt': np.int64(413), 'widthPnts': np.int64(2), 'widthMs': np.float64(0.2)}]",0.9,0.9,0.4,0.2,0.2,0.5999999999999963,yes,2021-07-20,17:26:31,,,,,unknown,,,,
16,16,dvdt,13,2,0.40000004321336746,4,0,"[{'Spike': 4, 'Seconds': np.float64(0.0453), 'Sweep': 13, 'Epoch': 2, 'Type': 'Pre spike min under-run (mdp)', 'Details': 'Went past startPnt 0 searching for pre-spike min'}]",20260908,16:38:15,,,20230324a,20230324a,2021_07_20_0010.abf,,20.0,-20.0,0,"[10, 20, 50, 80, 90]",453,0.0453,-42.01485388619557,11.467633788439713,,460,0.046,0.11945450305938618,42.134308389254954,0.6999999999999993,467.0,0.046700000000000005,-70.77374376569472,440.0,-50.909018343516735,441,446,0.5,-50.21623502458843,-47.54202325003486,5188.860212053247,,459,-3.337750690323965,129.75475318772436,462,-28.621126382691507,-172.91258612262942,47.0,4.7,212.7659574468085,46.0,4.6,1.3,"[{'halfHeight': 10, 'risingPnt': np.int64(453), 'fallingPnt': np.int64(463), 'widthPnts': np.int64(10), 'widthMs': np.float64(1.0)}, {'halfHeight': 20, 'risingPnt': np.int64(453), 'fallingPnt': np.int64(463), 'widthPnts': np.int64(10), 'widthMs': np.float64(1.0)}, {'halfHeight': 50, 'risingPnt': np.int64(458), 'fallingPnt': np.int64(462), 'widthPnts': np.int64(4), 'widthMs': np.float64(0.4)}, {'halfHeight': 80, 'risingPnt': np.int64(459), 'fallingPnt': np.int64(461), 'widthPnts': np.int64(2), 'widthMs': np.float64(0.2)}, {'halfHeight': 90, 'risingPnt': np.int64(459), 'fallingPnt': np.int64(461), 'widthPnts': np.int64(2), 'widthMs': np.float64(0.2)}]",1.0,1.0,0.4,0.2,0.2,0.6999999999999993,yes,2021-07-20,17:26:31,,,,,unknown,,,,
17,17,dvdt,13,2,0.40000004321336746,5,0,"[{'Spike': 5, 'Seconds': np.float64(0.0506), 'Sweep': 13, 'Epoch': 2, 'Type': 'Pre spike min under-run (mdp)', 'Details': 'Went past startPnt 0 searching for pre-spike min'}, {'Spike': 5, 'Seconds': np.float64(0.0506), 'Sweep': 13, 'Epoch': 2, 'Type': 'Spike Width', 'Details': 'Half width 90 error in ""rising point"" with halfWidthWindow_ms:4.0 searching for Vm:-5.03 from peak sec 0.05'}]",20260908,16:38:15,,,20230324a,20230324a,2021_07_20_0010.abf,,20.0,-20.0,0,"[10, 20, 50, 80, 90]",506,0.0506,-39.629251207624144,11.700065628363149,,512,0.0512,-1.1840818695724016,38.44516933805174,0.6000000000000033,572.0,0.0572,-69.9794144766671,489.0,-50.909018343516735,491,497,0.6,-49.96947860717771,-46.71194512503486,5330.237563775593,,511,-9.357560635890275,127.05749454771973,515,-37.502612345559236,-166.8270072902342,53.0,5.3,188.67924528301887,49.0,4.9,1.7,"[{'halfHeight': 10, 'risingPnt': np.int64(508), 'fallingPnt': np.int64(515), 'widthPnts': np.int64(7), 'widthMs': np.float64(0.7)}, {'halfHeight': 20, 'risingPnt': np.int64(508), 'fallingPnt': np.int64(515), 'widthPnts': np.int64(7), 'widthMs': np.float64(0.7)}, {'halfHeight': 50, 'risingPnt': np.int64(511), 'fallingPnt': np.int64(514), 'widthPnts': np.int64(3), 'widthMs': np.float64(0.3)}, {'halfHeight': 80, 'risingPnt': np.int64(511), 'fallingPnt': np.int64(514), 'widthPnts': np.int64(3), 'widthMs': np.float64(0.3)}, {'halfHeight': 90, 'risingPnt': None, 'fallingPnt': None, 'widthPnts': None, 'widthMs': nan}]",0.7,0.7,0.3,0.3,,0.6000000000000033,yes,2021-07-20,17:26:31,,,,,unknown,,,,
18,18,dvdt,13,2,0.40000004321336746,6,0,"[{'Spike': 6, 'Seconds': np.float64(0.0559), 'Sweep': 13, 'Epoch': 2, 'Type': 'Pre spike min under-run (mdp)', 'Details': 'Went past startPnt 0 searching for pre-spike min'}]",20260908,16:38:15,,,20230324a,20230324a,2021_07_20_0010.abf,,20.0,-20.0,0,"[10, 20, 50, 80, 90]",559,0.0559,-40.17943954467771,12.364229038783478,,565,0.0565,-0.05493153503963013,40.124508009638085,0.6000000000000033,625.0,0.0625,-70.00906012398853,544.0,-50.909018343516735,546,552,0.6,-49.80991527012414,-46.65962927682057,5270.448022959415,,564,-5.330112402779713,130.6999269349233,568,-42.12297371455599,-166.96552107869348,53.0,5.3,188.67924528301887,55.0,5.5,1.5,"[{'halfHeight': 10, 'risingPnt': np.int64(559), 'fallingPnt': np.int64(568), 'widthPnts': np.int64(9), 'widthMs': np.float64(0.9)}, {'halfHeight': 20, 'risingPnt': np.int64(559), 'fallingPnt': np.int64(568), 'widthPnts': np.int64(9), 'widthMs': np.float64(0.9)}, {'halfHeight': 50, 'risingPnt': np.int64(563), 'fallingPnt': np.int64(567), 'widthPnts': np.int64(4), 'widthMs': np.float64(0.4)}, {'halfHeight': 80, 'risingPnt': np.int64(564), 'fallingPnt': np.int64(566), 'widthPnts': np.int64(2), 'widthMs': np.float64(0.2)}, {'halfHeight': 90, 'risingPnt': np.int64(564), 'fallingPnt': np.int64(566), 'widthPnts': np.int64(2), 'widthMs': np.float64(0.2)}]",0.9,0.9,0.4,0.2,0.2,0.6000000000000033,yes,2021-07-20,17:26:31,,,,,unknown,,,,
19,19,dvdt,13,2,0.40000004321336746,7,0,"[{'Spike': 7, 'Seconds': np.float64(0.0612), 'Sweep': 13, 'Epoch': 2, 'Type': 'Pre spike min under-run (mdp)', 'Details': 'Went past startPnt 0 searching for pre-spike min'}]",20260908,16:38:15,,,20230324a,20230324a,2021_07_20_0010.abf,,20.0,-20.0,0,"[10, 20, 50, 80, 90]",612,0.061200000000000004,-40.298894064767005,13.248614735506,,618,0.061799999999999994,0.14910010950905808,40.44799417427606,0.5999999999999894,625.0,0.0625,-70.00906012398853,597.0,-50.909018343516735,599,605,0.6,-49.80468368530271,-46.495706285749144,5312.3007015309395,,617,-6.512450695037839,132.8862261227198,621,-40.20908555984495,-168.86184487050878,53.0,5.3,188.67924528301887,53.0,5.3,1.5,"[{'halfHeight': 10, 'risingPnt': np.int64(613), 'fallingPnt': np.int64(621), 'widthPnts': np.int64(8), 'widthMs': np.float64(0.8)}, {'halfHeight': 20, 'risingPnt': np.int64(613), 'fallingPnt': np.int64(621), 'widthPnts': np.int64(8), 'widthMs': np.float64(0.8)}, {'halfHeight': 50, 'risingPnt': np.int64(616), 'fallingPnt': np.int64(620), 'widthPnts': np.int64(4), 'widthMs': np.float64(0.4)}, {'halfHeight': 80, 'risingPnt': np.int64(616), 'fallingPnt': np.int64(620), 'widthPnts': np.int64(4), 'widthMs': np.float64(0.4)}, {'halfHeight': 90, 'risingPnt': np.int64(617), 'fallingPnt': np.int64(619), 'widthPnts': np.int64(2), 'widthMs': np.float64(0.2)}]",0.8,0.8,0.4,0.4,0.2,0.5999999999999894,yes,2021-07-20,17:26:31,,,,,unknown,,,,
20,20,dvdt,13,2,0.40000004321336746,8,0,"[{'Spike': 8, 'Seconds': np.float64(0.0666), 'Sweep': 13, 'Epoch': 2, 'Type': 'Pre spike min under-run (mdp)', 'Details': 'Went past startPnt 0 searching for pre-spike min'}]",20260908,16:38:15,,,20230324a,20230324a,2021_07_20_0010.abf,,20.0,-20.0,0,"[10, 20, 50, 80, 90]",666,0.06659999999999999,-39.92483575003486,10.84482607160294,,673,0.0673,-2.308872546468462,37.615963203566395,0.7000000000000062,680.0,0.068,-68.44045660836352,648.0,-50.909018343516735,650,657,0.7,-49.570134299142,-46.16698837280271,4765.72464923456,,672,-6.931849207196914,112.12306805240851,676,-40.105325835091705,-155.77615785987996,54.0,5.4,185.18518518518516,51.0,5.1,1.8,"[{'halfHeight': 10, 'risingPnt': np.int64(666), 'fallingPnt': np.int64(676), 'widthPnts': np.int64(10), 'widthMs': np.float64(1.0)}, {'halfHeight': 20, 'risingPnt': np.int64(666), 'fallingPnt': np.int64(676), 'widthPnts': np.int64(10), 'widthMs': np.float64(1.0)}, {'halfHeight': 50, 'risingPnt': np.int64(671), 'fallingPnt': np.int64(675), 'widthPnts': np.int64(4), 'widthMs': np.float64(0.4)}, {'halfHeight': 80, 'risingPnt': np.int64(671), 'fallingPnt': np.int64(675), 'widthPnts': np.int64(4), 'widthMs': np.float64(0.4)}, {'halfHeight': 90, 'risingPnt': np.int64(672), 'fallingPnt': np.int64(674), 'widthPnts': np.int64(2), 'widthMs': np.float64(0.2)}]",1.0,1.0,0.4,0.4,0.2,0.7000000000000062,yes,2021-07-20,17:26:31,,,,,unknown,,,,
21,21,dvdt,14,2,0.5000000447034836,0,0,"[{'Spike': 0, 'Seconds': np.float64(0.0275), 'Sweep': 14, 'Epoch': 2, 'Type': 'Pre spike min under-run (mdp)', 'Details': 'Went past startPnt 0 searching for pre-spike min'}]",20260908,16:38:15,,,20230324a,20230324a,2021_07_20_0010.abf,,20.0,-20.0,0,"[10, 20, 50, 80, 90]",275,0.0275,-67.65920660836352,4.386308880241579,,290,0.029,4.564557279859267,72.22376388822279,1.5000000000000013,296.0,0.0296,-71.08676659720281,265.0,-68.6285672869001,266,270,0.4,-68.44132886614115,-68.10476357596258,893.729073660743,,288,-12.812149906158442,176.0081826813365,292,-34.09249121802192,-211.62855123403102,,,,,,1.0,"[{'halfHeight': 10, 'risingPnt': np.int64(277), 'fallingPnt': np.int64(294), 'widthPnts': np.int64(17), 'widthMs': np.float64(1.7)}, {'halfHeight': 20, 'risingPnt': np.int64(277), 'fallingPnt': np.int64(294), 'widthPnts': np.int64(17), 'widthMs': np.float64(1.7)}, {'halfHeight': 50, 'risingPnt': np.int64(287), 'fallingPnt': np.int64(292), 'widthPnts': np.int64(5), 'widthMs': np.float64(0.5)}, {'halfHeight': 80, 'risingPnt': np.int64(288), 'fallingPnt': np.int64(291), 'widthPnts': np.int64(3), 'widthMs': np.float64(0.3)}, {'halfHeight': 90, 'risingPnt': np.int64(288), 'fallingPnt': np.int64(291), 'widthPnts': np.int64(3), 'widthMs': np.float64(0.3)}]",1.7,1.7,0.5,0.3,0.3,1.5000000000000013,yes,2021-07-20,17:26:31,,,,,unknown,,,,
22,22,dvdt,14,2,0.5000000447034836,1,0,"[{'Spike': 1, 'Seconds': np.float64(0.0319), 'Sweep': 14, 'Epoch': 2, 'Type': 'Pre spike min under-run (mdp)', 'Details': 'Went past startPnt 0 searching for pre-spike min'}, {'Spike': 1, 'Seconds': np.float64(0.0319), 'Sweep': 14, 'Epoch': 2, 'Type': 'Spike Width', 'Details': 'Half width 90 error in ""rising point"" with halfWidthWindow_ms:4.0 searching for Vm:0.99 from peak sec 0.03'}]",20260908,16:38:15,,,20230324a,20230324a,2021_07_20_0010.abf,,20.0,-20.0,0,"[10, 20, 50, 80, 90]",319,0.0319,-39.382494626726405,16.24033414101111,,323,0.032299999999999995,5.480956656592229,44.86345128331863,0.3999999999999976,330.0,0.033,-70.24622530255995,312.0,-49.22872052465164,313,316,0.3,-47.49319512503486,-44.402200426374144,9660.993303571224,,322,-6.453159487247465,170.3971862919475,326,-38.35623256649288,-196.24296199934804,44.0,4.4,227.27272727272725,47.0,4.7,0.7,"[{'halfHeight': 10, 'risingPnt': np.int64(320), 'fallingPnt': np.int64(326), 'widthPnts': np.int64(6), 'widthMs': np.float64(0.6)}, {'halfHeight': 20, 'risingPnt': np.int64(320), 'fallingPnt': np.int64(326), 'widthPnts': np.int64(6), 'widthMs': np.float64(0.6)}, {'halfHeight': 50, 'risingPnt': np.int64(322), 'fallingPnt': np.int64(325), 'widthPnts': np.int64(3), 'widthMs': np.float64(0.3)}, {'halfHeight': 80, 'risingPnt': np.int64(322), 'fallingPnt': np.int64(325), 'widthPnts': np.int64(3), 'widthMs': np.float64(0.3)}, {'halfHeight': 90, 'risingPnt': None, 'fallingPnt': None, 'widthPnts': None, 'widthMs': nan}]",0.6,0.6,0.3,0.3,,0.3999999999999976,yes,2021-07-20,17:26:31,,,,,unknown,,,,
23,23,dvdt,14,2,0.5000000447034836,2,0,"[{'Spike': 2, 'Seconds': np.float64(0.0358), 'Sweep': 14, 'Epoch': 2, 'Type': 'Pre spike min under-run (mdp)', 'Details': 'Went past startPnt 0 searching for pre-spike min'}, {'Spike': 2, 'Seconds': np.float64(0.0358), 'Sweep': 14, 'Epoch': 2, 'Type': 'Spike Width', 'Details': 'Half width 90 error in ""rising point"" with halfWidthWindow_ms:4.0 searching for Vm:-0.17 from peak sec 0.04'}]",20260908,16:38:15,,,20230324a,20230324a,2021_07_20_0010.abf,,20.0,-20.0,0,"[10, 20, 50, 80, 90]",358,0.0358,-38.046696635654975,15.703473889097886,,362,0.0362,4.041398880737166,42.088095516392144,0.4000000000000045,369.0,0.036899999999999995,-69.88611788068496,348.0,-49.22872052465164,349,353,0.4,-47.99891499110628,-44.80416052682057,7587.54185267887,,361,-7.925850609689947,158.38372362833832,365,-35.94360002822108,-189.8534529366662,39.0,3.9,256.4102564102564,36.0,3.6,1.0,"[{'halfHeight': 10, 'risingPnt': np.int64(359), 'fallingPnt': np.int64(365), 'widthPnts': np.int64(6), 'widthMs': np.float64(0.6)}, {'halfHeight': 20, 'risingPnt': np.int64(359), 'fallingPnt': np.int64(365), 'widthPnts': np.int64(6), 'widthMs': np.float64(0.6)}, {'halfHeight': 50, 'risingPnt': np.int64(361), 'fallingPnt': np.int64(364), 'widthPnts': np.int64(3), 'widthMs': np.float64(0.3)}, {'halfHeight': 80, 'risingPnt': np.int64(361), 'fallingPnt': np.int64(364), 'widthPnts': np.int64(3), 'widthMs': np.float64(0.3)}, {'halfHeight': 90, 'risingPnt': None, 'fallingPnt': None, 'widthPnts': None, 'widthMs': nan}]",0.6,0.6,0.3,0.3,,0.4000000000000045,yes,2021-07-20,17:26:31,,,,,unknown,,,,
24,24,dvdt,14,2,0.5000000447034836,3,0,"[{'Spike': 3, 'Seconds': np.float64(0.0398), 'Sweep': 14, 'Epoch': 2, 'Type': 'Pre spike min under-run (mdp)', 'Details': 'Went past startPnt 0 searching for pre-spike min'}, {'Spike': 3, 'Seconds': np.float64(0.0398), 'Sweep': 14, 'Epoch': 2, 'Type': 'Spike Width', 'Details': 'Half width 90 error in ""rising point"" with halfWidthWindow_ms:4.0 searching for Vm:0.15 from peak sec 0.04'}]",20260908,16:38:15,,,20230324a,20230324a,2021_07_20_0010.abf,,20.0,-20.0,0,"[10, 20, 50, 80, 90]",398,0.039799999999999995,-39.78532682146343,14.698761379475505,,403,0.040299999999999996,4.592459188188823,44.377786009652255,0.5000000000000004,410.0,0.041,-69.76055984497067,388.0,-49.22872052465164,389,393,0.4,-48.34158379690985,-45.64818954467771,6554.303850446314,,402,-5.82188159057072,158.38247812037548,406,-37.426754334994705,-186.72521461370025,40.0,4.0,250.0,40.0,4.0,1.0,"[{'halfHeight': 10, 'risingPnt': np.int64(400), 'fallingPnt': np.int64(406), 'widthPnts': np.int64(6), 'widthMs': np.float64(0.6)}, {'halfHeight': 20, 'risingPnt': np.int64(400), 'fallingPnt': np.int64(406), 'widthPnts': np.int64(6), 'widthMs': np.float64(0.6)}, {'halfHeight': 50, 'risingPnt': np.int64(402), 'fallingPnt': np.int64(405), 'widthPnts': np.int64(3), 'widthMs': np.float64(0.3)}, {'halfHeight': 80, 'risingPnt': np.int64(402), 'fallingPnt': np.int64(405), 'widthPnts': np.int64(3), 'widthMs': np.float64(0.3)}, {'halfHeight': 90, 'risingPnt': None, 'fallingPnt': None, 'widthPnts': None, 'widthMs': nan}]",0.6,0.6,0.3,0.3,,0.5000000000000004,yes,2021-07-20,17:26:31,,,,,unknown,,,,
25,25,dvdt,14,2,0.5000000447034836,4,0,"[{'Spike': 4, 'Seconds': np.float64(0.0443), 'Sweep': 14, 'Epoch': 2, 'Type': 'Pre spike min under-run (mdp)', 'Details': 'Went past startPnt 0 searching for pre-spike min'}]",20260908,16:38:15,,,20230324a,20230324a,2021_07_20_0010.abf,,20.0,-20.0,0,"[10, 20, 50, 80, 90]",443,0.0443,-39.28483854021343,13.04682629643654,,449,0.044899999999999995,3.0133925029209663,42.29823104313439,0.5999999999999963,456.0,0.0456,-69.11794684273853,431.0,-49.22872052465164,432,437,0.5,-47.99455533708843,-45.02388708932057,5741.664341517731,,448,-2.623639443942478,138.24486668158536,452,-40.66161764689852,-172.96265990490798,45.0,4.5,222.22222222222223,43.0,4.3,1.2,"[{'halfHeight': 10, 'risingPnt': np.int64(443), 'fallingPnt': np.int64(452), 'widthPnts': np.int64(9), 'widthMs': np.float64(0.9)}, {'halfHeight': 20, 'risingPnt': np.int64(443), 'fallingPnt': np.int64(452), 'widthPnts': np.int64(9), 'widthMs': np.float64(0.9)}, {'halfHeight': 50, 'risingPnt': np.int64(447), 'fallingPnt': np.int64(451), 'widthPnts': np.int64(4), 'widthMs': np.float64(0.4)}, {'halfHeight': 80, 'risingPnt': np.int64(448), 'fallingPnt': np.int64(450), 'widthPnts': np.int64(2), 'widthMs': np.float64(0.2)}, {'halfHeight': 90, 'risingPnt': np.int64(448), 'fallingPnt': np.int64(450), 'widthPnts': np.int64(2), 'widthMs': np.float64(0.2)}]",0.9,0.9,0.4,0.2,0.2,0.5999999999999963,yes,2021-07-20,17:26:31,,,,,unknown,,,,
26,26,dvdt,14,2,0.5000000447034836,5,0,"[{'Spike': 5, 'Seconds': np.float64(0.0492), 'Sweep': 14, 'Epoch': 2, 'Type': 'Pre spike min under-run (mdp)', 'Details': 'Went past startPnt 0 searching for pre-spike min'}]",20260908,16:38:15,,,20230324a,20230324a,2021_07_20_0010.abf,,20.0,-20.0,0,"[10, 20, 50, 80, 90]",492,0.0492,-38.75993619646343,11.989298793247734,,498,0.0498,2.280970743724276,41.0409069401877,0.5999999999999963,505.0,0.0505,-68.35762318202424,478.0,-49.22872052465164,479,485,0.6,-48.47673307146343,-45.02388708932057,5492.91493941329,,497,-2.648925355502537,131.6670212716471,501,-40.25791368484495,-168.22533550943632,49.0,4.9,204.0816326530612,47.0,4.7,1.4,"[{'halfHeight': 10, 'risingPnt': np.int64(492), 'fallingPnt': np.int64(501), 'widthPnts': np.int64(9), 'widthMs': np.float64(0.9)}, {'halfHeight': 20, 'risingPnt': np.int64(492), 'fallingPnt': np.int64(501), 'widthPnts': np.int64(9), 'widthMs': np.float64(0.9)}, {'halfHeight': 50, 'risingPnt': np.int64(496), 'fallingPnt': np.int64(500), 'widthPnts': np.int64(4), 'widthMs': np.float64(0.4)}, {'halfHeight': 80, 'risingPnt': np.int64(497), 'fallingPnt': np.int64(499), 'widthPnts': np.int64(2), 'widthMs': np.float64(0.2)}, {'halfHeight': 90, 'risingPnt': np.int64(497), 'fallingPnt': np.int64(499), 'widthPnts': np.int64(2), 'widthMs': np.float64(0.2)}]",0.9,0.9,0.4,0.2,0.2,0.5999999999999963,yes,2021-07-20,17:26:31,,,,,unknown,,,,
27,27,dvdt,14,2,0.5000000447034836,6,0,"[{'Spike': 6, 'Seconds': np.float64(0.0541), 'Sweep': 14, 'Epoch': 2, 'Type': 'Pre spike min under-run (mdp)', 'Details': 'Went past startPnt 0 searching for pre-spike min'}]",20260908,16:38:15,,,20230324a,20230324a,2021_07_20_0010.abf,,20.0,-20.0,0,"[10, 20, 50, 80, 90]",541,0.0541,-39.39470182146343,11.398128447240715,,548,0.054799999999999995,1.6331261975424611,41.02782801900589,0.6999999999999923,555.0,0.0555,-68.18672474452424,526.0,-49.22872052465164,528,534,0.6,-48.31368201119557,-45.02388708932057,5590.072943239983,,547,-3.0630924292973103,125.48279001858756,551,-39.69551831654138,-164.89555625331627,49.0,4.9,204.0816326530612,48.0,4.8,1.5,"[{'halfHeight': 10, 'risingPnt': np.int64(541), 'fallingPnt': np.int64(551), 'widthPnts': np.int64(10), 'widthMs': np.float64(1.0)}, {'halfHeight': 20, 'risingPnt': np.int64(541), 'fallingPnt': np.int64(551), 'widthPnts': np.int64(10), 'widthMs': np.float64(1.0)}, {'halfHeight': 50, 'risingPnt': np.int64(546), 'fallingPnt': np.int64(550), 'widthPnts': np.int64(4), 'widthMs': np.float64(0.4)}, {'halfHeight': 80, 'risingPnt': np.int64(547), 'fallingPnt': np.int64(549), 'widthPnts': np.int64(2), 'widthMs': np.float64(0.2)}, {'halfHeight': 90, 'risingPnt': np.int64(547), 'fallingPnt': np.int64(549), 'widthPnts': np.int64(2), 'widthMs': np.float64(0.2)}]",1.0,1.0,0.4,0.2,0.2,0.6999999999999923,yes,2021-07-20,17:26:31,,,,,unknown,,,,
28,28,dvdt,14,2,0.5000000447034836,7,0,"[{'Spike': 7, 'Seconds': np.float64(0.0592), 'Sweep': 14, 'Epoch': 2, 'Type': 'Pre spike min under-run (mdp)', 'Details': 'Went past startPnt 0 searching for pre-spike min'}, {'Spike': 7, 'Seconds': np.float64(0.0592), 'Sweep': 14, 'Epoch': 2, 'Type': 'Spike Width', 'Details': 'Half width 90 error in ""rising point"" with halfWidthWindow_ms:4.0 searching for Vm:-1.6 from peak sec 0.06'}]",20260908,16:38:15,,,20230324a,20230324a,2021_07_20_0010.abf,,20.0,-20.0,0,"[10, 20, 50, 80, 90]",592,0.0592,-39.554265158517,12.310418452048786,,598,0.0598,2.613176304953437,42.16744146347043,0.5999999999999963,605.0,0.0605,-68.10999483380996,579.0,-49.22872052465164,580,585,0.5,-48.49853134155271,-45.622031620570574,5633.5449218748045,,597,-6.5848208904266325,140.36340994542942,601,-35.23123258181979,-174.09467440235358,51.0,5.1,196.07843137254903,53.0,5.3,1.3,"[{'halfHeight': 10, 'risingPnt': np.int64(592), 'fallingPnt': np.int64(602), 'widthPnts': np.int64(10), 'widthMs': np.float64(1.0)}, {'halfHeight': 20, 'risingPnt': np.int64(595), 'fallingPnt': np.int64(601), 'widthPnts': np.int64(6), 'widthMs': np.float64(0.6)}, {'halfHeight': 50, 'risingPnt': np.int64(595), 'fallingPnt': np.int64(601), 'widthPnts': np.int64(6), 'widthMs': np.float64(0.6)}, {'halfHeight': 80, 'risingPnt': np.int64(597), 'fallingPnt': np.int64(600), 'widthPnts': np.int64(3), 'widthMs': np.float64(0.3)}, {'halfHeight': 90, 'risingPnt': None, 'fallingPnt': None, 'widthPnts': None, 'widthMs': nan}]",1.0,0.6,0.6,0.3,,0.5999999999999963,yes,2021-07-20,17:26:31,,,,,unknown,,,,
29,29,dvdt,14,2,0.5000000447034836,8,0,"[{'Spike': 8, 'Seconds': np.float64(0.0651), 'Sweep': 14, 'Epoch': 2, 'Type': 'Pre spike min under-run (mdp)', 'Details': 'Went past startPnt 0 searching for pre-spike min'}]",20260908,16:38:15,,,20230324a,20230324a,2021_07_20_0010.abf,,20.0,-20.0,0,"[10, 20, 50, 80, 90]",651,0.06509999999999999,-37.49650846208843,8.162766919817255,,659,0.0659,-5.814034121377126,31.682474340711302,0.800000000000009,718.0,0.0718,-67.56416615077424,628.0,-49.22872052465164,630,640,1.0,-48.22561700003485,-44.255716051374144,3895.364076028113,,658,-12.833076490674694,86.69183967746025,663,-40.08701528821671,-128.88979558750063,59.0,5.9,169.4915254237288,49.0,4.9,2.3,"[{'halfHeight': 10, 'risingPnt': np.int64(651), 'fallingPnt': np.int64(663), 'widthPnts': np.int64(12), 'widthMs': np.float64(1.2)}, {'halfHeight': 20, 'risingPnt': np.int64(651), 'fallingPnt': np.int64(663), 'widthPnts': np.int64(12), 'widthMs': np.float64(1.2)}, {'halfHeight': 50, 'risingPnt': np.int64(657), 'fallingPnt': np.int64(662), 'widthPnts': np.int64(5), 'widthMs': np.float64(0.5)}, {'halfHeight': 80, 'risingPnt': np.int64(658), 'fallingPnt': np.int64(661), 'widthPnts': np.int64(3), 'widthMs': np.float64(0.3)}, {'halfHeight': 90, 'risingPnt': np.int64(658), 'fallingPnt': np.int64(661), 'widthPnts': np.int64(3), 'widthMs': np.float64(0.3)}]",1.2,1.2,0.5,0.3,0.3,0.800000000000009,yes,2021-07-20,17:26:31,,,,,unknown,,,,
30,30,dvdt,14,2,0.5000000447034836,9,0,"[{'Spike': 9, 'Seconds': np.float64(0.0704), 'Sweep': 14, 'Epoch': 2, 'Type': 'Pre spike min under-run (mdp)', 'Details': 'Went past startPnt 0 searching for pre-spike min'}]",20260908,16:38:15,,,20230324a,20230324a,2021_07_20_0010.abf,,20.0,-20.0,0,"[10, 20, 50, 80, 90]",704,0.0704,-39.60658100673128,11.2890125352509,,711,0.0711,1.7499649252210328,41.35654593195232,0.6999999999999923,718.0,0.0718,-67.56416615077424,689.0,-49.22872052465164,691,697,0.6,-48.31455394199914,-45.16513987949914,5070.402184311288,,710,-4.357909672600881,127.41100270991409,714,-37.124194376809236,-164.5918752105867,53.0,5.3,188.67924528301887,61.0,6.1,1.5,"[{'halfHeight': 10, 'risingPnt': np.int64(706), 'fallingPnt': np.int64(714), 'widthPnts': np.int64(8), 'widthMs': np.float64(0.8)}, {'halfHeight': 20, 'risingPnt': np.int64(706), 'fallingPnt': np.int64(714), 'widthPnts': np.int64(8), 'widthMs': np.float64(0.8)}, {'halfHeight': 50, 'risingPnt': np.int64(709), 'fallingPnt': np.int64(713), 'widthPnts': np.int64(4), 'widthMs': np.float64(0.4)}, {'halfHeight': 80, 'risingPnt': np.int64(709), 'fallingPnt': np.int64(713), 'widthPnts': np.int64(4), 'widthMs': np.float64(0.4)}, {'halfHeight': 90, 'risingPnt': np.int64(710), 'fallingPnt': np.int64(712), 'widthPnts': np.int64(2), 'widthMs': np.float64(0.2)}]",0.8,0.8,0.4,0.4,0.2,0.6999999999999923,yes,2021-07-20,17:26:31,,,,,unknown,,,,
31,31,dvdt,14,2,0.5000000447034836,10,0,"[{'Spike': 10, 'Seconds': np.float64(0.0759), 'Sweep': 14, 'Epoch': 2, 'Type': 'Pre spike min under-run (mdp)', 'Details': 'Went past startPnt 0 searching for pre-spike min'}]",20260908,16:38:15,,,20230324a,20230324a,2021_07_20_0010.abf,,20.0,-20.0,0,"[10, 20, 50, 80, 90]",759,0.07590000000000001,-39.03459439958843,10.050621671092731,,767,0.0767,-0.8257183411291672,38.20887605845926,0.7999999999999952,826.0,0.08259999999999999,-66.97299706595281,741.0,-49.22872052465164,743,750,0.7,-48.062565939767,-45.10497665405271,4020.2238121809005,,765,-13.207134888427591,111.70329627625784,770,-40.40527003152028,-150.08568838202208,55.0,5.5,181.81818181818184,52.0,5.2,1.8,"[{'halfHeight': 10, 'risingPnt': np.int64(759), 'fallingPnt': np.int64(770), 'widthPnts': np.int64(11), 'widthMs': np.float64(1.1)}, {'halfHeight': 20, 'risingPnt': np.int64(759), 'fallingPnt': np.int64(770), 'widthPnts': np.int64(11), 'widthMs': np.float64(1.1)}, {'halfHeight': 50, 'risingPnt': np.int64(764), 'fallingPnt': np.int64(769), 'widthPnts': np.int64(5), 'widthMs': np.float64(0.5)}, {'halfHeight': 80, 'risingPnt': np.int64(766), 'fallingPnt': np.int64(768), 'widthPnts': np.int64(2), 'widthMs': np.float64(0.2)}, {'halfHeight': 90, 'risingPnt': np.int64(766), 'fallingPnt': np.int64(768), 'widthPnts': np.int64(2), 'widthMs': np.float64(0.2)}]",1.1,1.1,0.5,0.2,0.2,0.7999999999999952,yes,2021-07-20,17:26:31,,,,,unknown,,,,
32,32,dvdt,14,2,0.5000000447034836,11,0,"[{'Spike': 11, 'Seconds': np.float64(0.0812), 'Sweep': 14, 'Epoch': 2, 'Type': 'Pre spike min under-run (mdp)', 'Details': 'Went past startPnt 0 searching for pre-spike min'}]",20260908,16:38:15,,,20230324a,20230324a,2021_07_20_0010.abf,,20.0,-20.0,0,"[10, 20, 50, 80, 90]",812,0.08120000000000001,-39.00756454467771,11.080496511653969,,819,0.0819,1.0567799942834026,40.064344538961116,0.6999999999999923,826.0,0.08259999999999999,-66.97299706595281,797.0,-49.22872052465164,799,805,0.6,-47.96229389735628,-44.730046408517,5358.388472576415,,818,-3.2104486942291253,118.66553703619496,822,-38.710236508505666,-159.28630094333553,53.0,5.3,188.67924528301887,56.0,5.6,1.5,"[{'halfHeight': 10, 'risingPnt': np.int64(813), 'fallingPnt': np.int64(822), 'widthPnts': np.int64(9), 'widthMs': np.float64(0.9)}, {'halfHeight': 20, 'risingPnt': np.int64(813), 'fallingPnt': np.int64(822), 'widthPnts': np.int64(9), 'widthMs': np.float64(0.9)}, {'halfHeight': 50, 'risingPnt': np.int64(817), 'fallingPnt': np.int64(821), 'widthPnts': np.int64(4), 'widthMs': np.float64(0.4)}, {'halfHeight': 80, 'risingPnt': np.int64(818), 'fallingPnt': np.int64(820), 'widthPnts': np.int64(2), 'widthMs': np.float64(0.2)}, {'halfHeight': 90, 'risingPnt': np.int64(818), 'fallingPnt': np.int64(820), 'widthPnts': np.int64(2), 'widthMs': np.float64(0.2)}]",0.9,0.9,0.4,0.2,0.2,0.6999999999999923,yes,2021-07-20,17:26:31,,,,,unknown,,,,
33,33,dvdt,14,2,0.5000000447034836,12,0,"[{'Spike': 12, 'Seconds': np.float64(0.0871), 'Sweep': 14, 'Epoch': 2, 'Type': 'Pre spike min under-run (mdp)', 'Details': 'Went past startPnt 0 searching for pre-spike min'}]",20260908,16:38:15,,,20230324a,20230324a,2021_07_20_0010.abf,,20.0,-20.0,0,"[10, 20, 50, 80, 90]",871,0.0871,-38.915139879499144,8.482142857142854,,881,0.0881,-4.649134567805698,34.26600531169345,1.0000000000000009,889.0,0.0889,-64.49845842633925,850.0,-49.22872052465164,852,860,0.8,-48.34245572771343,-45.39794540405271,3411.117865114776,,879,-13.930837372371123,88.77201567669296,884,-37.88974966321671,-132.2305361806129,59.0,5.9,169.4915254237288,53.0,5.3,2.1,"[{'halfHeight': 10, 'risingPnt': np.int64(873), 'fallingPnt': np.int64(884), 'widthPnts': np.int64(11), 'widthMs': np.float64(1.1)}, {'halfHeight': 20, 'risingPnt': np.int64(873), 'fallingPnt': np.int64(884), 'widthPnts': np.int64(11), 'widthMs': np.float64(1.1)}, {'halfHeight': 50, 'risingPnt': np.int64(878), 'fallingPnt': np.int64(883), 'widthPnts': np.int64(5), 'widthMs': np.float64(0.5)}, {'halfHeight': 80, 'risingPnt': np.int64(880), 'fallingPnt': np.int64(882), 'widthPnts': np.int64(2), 'widthMs': np.float64(0.2)}, {'halfHeight': 90, 'risingPnt': np.int64(880), 'fallingPnt': np.int64(882), 'widthPnts': np.int64(2), 'widthMs': np.float64(0.2)}]",1.1,1.1,0.5,0.2,0.2,1.0000000000000009,yes,2021-07-20,17:26:31,,,,,unknown,,,,
34,34,dvdt,14,2,0.5000000447034836,13,0,"[{'Spike': 13, 'Seconds': np.float64(0.0931), 'Sweep': 14, 'Epoch': 2, 'Type': 'Pre spike min under-run (mdp)', 'Details': 'Went past startPnt 0 searching for pre-spike min'}]",20260908,16:38:15,,,20230324a,20230324a,2021_07_20_0010.abf,,20.0,-20.0,0,"[10, 20, 50, 80, 90]",931,0.09309999999999999,-40.134971073695574,6.800312898596921,,943,0.0943,-5.966621930258612,34.16834914343696,1.2000000000000066,1007.0,0.1007,-65.26750139508925,912.0,-49.22872052465164,914,922,0.8,-48.12272916521342,-44.77800260271343,4308.895188934837,,942,-10.499789701189309,78.5171145225057,946,-30.928255053928904,-123.05633345623392,60.0,6.0,166.66666666666666,62.0,6.2,1.9,"[{'halfHeight': 10, 'risingPnt': np.int64(931), 'fallingPnt': np.int64(947), 'widthPnts': np.int64(16), 'widthMs': np.float64(1.6)}, {'halfHeight': 20, 'risingPnt': np.int64(931), 'fallingPnt': np.int64(947), 'widthPnts': np.int64(16), 'widthMs': np.float64(1.6)}, {'halfHeight': 50, 'risingPnt': np.int64(939), 'fallingPnt': np.int64(946), 'widthPnts': np.int64(7), 'widthMs': np.float64(0.7)}, {'halfHeight': 80, 'risingPnt': np.int64(942), 'fallingPnt': np.int64(945), 'widthPnts': np.int64(3), 'widthMs': np.float64(0.3)}, {'halfHeight': 90, 'risingPnt': np.int64(942), 'fallingPnt': np.int64(945), 'widthPnts': np.int64(3), 'widthMs': np.float64(0.3)}]",1.6,1.6,0.7,0.3,0.3,1.2000000000000066,yes,2021-07-20,17:26:31,,,,,unknown,,,,
35,35,dvdt,14,2,0.5000000447034836,14,0,"[{'Spike': 14, 'Seconds': np.float64(0.0991), 'Sweep': 14, 'Epoch': 2, 'Type': 'Pre spike min under-run (mdp)', 'Details': 'Went past startPnt 0 searching for pre-spike min'}]",20260908,16:38:15,,,20230324a,20230324a,2021_07_20_0010.abf,,20.0,-20.0,0,"[10, 20, 50, 80, 90]",991,0.0991,-38.64222553798129,9.379484215561206,,999,0.0999,-2.7212957348142344,35.920929803167056,0.800000000000009,1064.0,0.10640000000000001,-65.47589154924663,973.0,-49.22872052465164,975,982,0.7,-47.850686754499144,-44.66813932146343,4684.759646046,,998,-10.057720865522107,101.11556551991667,1002,-29.555836255209773,-140.6877673032331,60.0,6.0,166.66666666666666,61.0,6.1,1.8,"[{'halfHeight': 10, 'risingPnt': np.int64(991), 'fallingPnt': np.int64(1003), 'widthPnts': np.int64(12), 'widthMs': np.float64(1.2)}, {'halfHeight': 20, 'risingPnt': np.int64(991), 'fallingPnt': np.int64(1003), 'widthPnts': np.int64(12), 'widthMs': np.float64(1.2)}, {'halfHeight': 50, 'risingPnt': np.int64(996), 'fallingPnt': np.int64(1002), 'widthPnts': np.int64(6), 'widthMs': np.float64(0.6)}, {'halfHeight': 80, 'risingPnt': np.int64(998), 'fallingPnt': np.int64(1001), 'widthPnts': np.int64(3), 'widthMs': np.float64(0.3)}, {'halfHeight': 90, 'risingPnt': np.int64(998), 'fallingPnt': np.int64(1001), 'widthPnts': np.int64(3), 'widthMs': np.float64(0.3)}]",1.2,1.2,0.6,0.3,0.3,0.800000000000009,yes,2021-07-20,17:26:31,,,,,unknown,,,,
36,36,dvdt,14,2,0.5000000447034836,15,0,"[{'Spike': 15, 'Seconds': np.float64(0.1048), 'Sweep': 14, 'Epoch': 2, 'Type': 'Pre spike min under-run (mdp)', 'Details': 'Went past startPnt 0 searching for pre-spike min'}]",20260908,16:38:15,,,20230324a,20230324a,2021_07_20_0010.abf,,20.0,-20.0,0,"[10, 20, 50, 80, 90]",1048,0.10479999999999999,-38.60647637503486,10.553850306296837,,1056,0.1056,-1.8188474348613188,36.78762894017354,0.800000000000009,1064.0,0.10640000000000001,-65.47589154924663,1028.0,-49.22872052465164,1030,1038,0.8,-48.550847189767,-45.34737341744557,3856.5291839390516,,1054,-13.21149451051439,105.67601269897139,1059,-39.205493245806,-144.18819504562677,57.0,5.7,175.43859649122805,55.0,5.5,2.0,"[{'halfHeight': 10, 'risingPnt': np.int64(1048), 'fallingPnt': np.int64(1059), 'widthPnts': np.int64(11), 'widthMs': np.float64(1.1)}, {'halfHeight': 20, 'risingPnt': np.int64(1048), 'fallingPnt': np.int64(1059), 'widthPnts': np.int64(11), 'widthMs': np.float64(1.1)}, {'halfHeight': 50, 'risingPnt': np.int64(1053), 'fallingPnt': np.int64(1058), 'widthPnts': np.int64(5), 'widthMs': np.float64(0.5)}, {'halfHeight': 80, 'risingPnt': np.int64(1055), 'fallingPnt': np.int64(1057), 'widthPnts': np.int64(2), 'widthMs': np.float64(0.2)}, {'halfHeight': 90, 'risingPnt': np.int64(1055), 'fallingPnt': np.int64(1057), 'widthPnts': np.int64(2), 'widthMs': np.float64(0.2)}]",1.1,1.1,0.5,0.2,0.2,0.800000000000009,yes,2021-07-20,17:26:31,,,,,unknown,,,,
37,37,dvdt,14,2,0.5000000447034836,16,0,"[{'Spike': 16, 'Seconds': np.float64(0.1106), 'Sweep': 14, 'Epoch': 2, 'Type': 'Pre spike min under-run (mdp)', 'Details': 'Went past startPnt 0 searching for pre-spike min'}]",20260908,16:38:15,,,20230324a,20230324a,2021_07_20_0010.abf,,20.0,-20.0,0,"[10, 20, 50, 80, 90]",1106,0.11059999999999999,-39.16189629690986,7.435078523596951,,1117,0.11170000000000001,-6.006730747222898,33.15516554968696,1.1000000000000176,1125.0,0.1125,-62.94816861833842,1086.0,-49.22872052465164,1088,1096,0.8,-48.24828720092771,-44.805032457624144,4536.323806866563,,1116,-9.641809790475023,75.49226214350479,1120,-31.930102620805997,-121.4380258521254,58.0,5.8,172.41379310344828,58.0,5.8,2.0,"[{'halfHeight': 10, 'risingPnt': np.int64(1106), 'fallingPnt': np.int64(1121), 'widthPnts': np.int64(15), 'widthMs': np.float64(1.5)}, {'halfHeight': 20, 'risingPnt': np.int64(1106), 'fallingPnt': np.int64(1121), 'widthPnts': np.int64(15), 'widthMs': np.float64(1.5)}, {'halfHeight': 50, 'risingPnt': np.int64(1113), 'fallingPnt': np.int64(1120), 'widthPnts': np.int64(7), 'widthMs': np.float64(0.7)}, {'halfHeight': 80, 'risingPnt': np.int64(1115), 'fallingPnt': np.int64(1119), 'widthPnts': np.int64(4), 'widthMs': np.float64(0.4)}, {'halfHeight': 90, 'risingPnt': np.int64(1116), 'fallingPnt': np.int64(1118), 'widthPnts': np.int64(2), 'widthMs': np.float64(0.2)}]",1.5,1.5,0.7,0.4,0.2,1.1000000000000176,yes,2021-07-20,17:26:31,,,,,unknown,,,,
38,38,dvdt,14,2,0.5000000447034836,17,0,"[{'Spike': 17, 'Seconds': np.float64(0.1171), 'Sweep': 14, 'Epoch': 2, 'Type': 'Pre spike min under-run (mdp)', 'Details': 'Went past startPnt 0 searching for pre-spike min'}]",20260908,16:38:15,,,20230324a,20230324a,2021_07_20_0010.abf,,20.0,-20.0,0,"[10, 20, 50, 80, 90]",1171,0.1171,-37.53923307146343,7.572345344387756,,1180,0.118,-6.752231747763495,30.787001323699933,0.899999999999998,1189.0,0.1189,-62.80953162057057,1150.0,-49.22872052465164,1152,1160,0.8,-47.917825426374144,-44.59489713396343,4239.867333652659,,1179,-12.147738879067552,76.03285865783684,1184,-39.479279599870935,-117.60452232750083,65.0,6.5,153.84615384615384,64.0,6.4,2.1,"[{'halfHeight': 10, 'risingPnt': np.int64(1171), 'fallingPnt': np.int64(1184), 'widthPnts': np.int64(13), 'widthMs': np.float64(1.3)}, {'halfHeight': 20, 'risingPnt': np.int64(1171), 'fallingPnt': np.int64(1184), 'widthPnts': np.int64(13), 'widthMs': np.float64(1.3)}, {'halfHeight': 50, 'risingPnt': np.int64(1177), 'fallingPnt': np.int64(1183), 'widthPnts': np.int64(6), 'widthMs': np.float64(0.6)}, {'halfHeight': 80, 'risingPnt': np.int64(1179), 'fallingPnt': np.int64(1182), 'widthPnts': np.int64(3), 'widthMs': np.float64(0.3)}, {'halfHeight': 90, 'risingPnt': np.int64(1179), 'fallingPnt': np.int64(1182), 'widthPnts': np.int64(3), 'widthMs': np.float64(0.3)}]",1.3,1.3,0.6,0.3,0.3,0.899999999999998,yes,2021-07-20,17:26:31,,,,,unknown,,,,
39,39,dvdt,15,2,0.6000000461935997,0,0,"[{'Spike': 0, 'Seconds': np.float64(0.0275), 'Sweep': 15, 'Epoch': 2, 'Type': 'Pre spike min under-run (mdp)', 'Details': 'Went past startPnt 0 searching for pre-spike min'}, {'Spike': 0, 'Seconds': np.float64(0.0275), 'Sweep': 15, 'Epoch': 2, 'Type': 'Pre spike min (mdp)', 'Details': 'Did not find preMinVal: nan'}, {'Spike': 0, 'Seconds': np.float64(0.0275), 'Sweep': 15, 'Epoch': 2, 'Type': 'Fit EDD', 'Details': 'Early diastolic duration rate fit - Too low -68.212<=8'}]",20260908,16:38:15,,,20230324a,20230324a,2021_07_20_0010.abf,,20.0,-20.0,0,"[10, 20, 50, 80, 90]",275,0.0275,-68.24165638514924,4.957298995037526,,289,0.0289,6.739152540479384,74.98080892562862,1.3999999999999986,295.0,0.0295,-69.62889829363138,,,30,139,10.9,-67.86323874337329,-68.64100102015901,-68.2117988328557,,287,-11.055210154397141,179.07190129027057,291,-32.409664767129065,-214.1103148401998,,,,,,27.2,"[{'halfHeight': 10, 'risingPnt': np.int64(277), 'fallingPnt': np.int64(293), 'widthPnts': np.int64(16), 'widthMs': np.float64(1.6)}, {'halfHeight': 20, 'risingPnt': np.int64(277), 'fallingPnt': np.int64(293), 'widthPnts': np.int64(16), 'widthMs': np.float64(1.6)}, {'halfHeight': 50, 'risingPnt': np.int64(286), 'fallingPnt': np.int64(291), 'widthPnts': np.int64(5), 'widthMs': np.float64(0.5)}, {'halfHeight': 80, 'risingPnt': np.int64(287), 'fallingPnt': np.int64(290), 'widthPnts': np.int64(3), 'widthMs': np.float64(0.3)}, {'halfHeight': 90, 'risingPnt': np.int64(287), 'fallingPnt': np.int64(290), 'widthPnts': np.int64(3), 'widthMs': np.float64(0.3)}]",1.6,1.6,0.5,0.3,0.3,1.3999999999999986,yes,2021-07-20,17:26:31,,,,,unknown,,,,
40,40,dvdt,15,2,0.6000000461935997,1,0,"[{'Spike': 1, 'Seconds': np.float64(0.0315), 'Sweep': 15, 'Epoch': 2, 'Type': 'Pre spike min under-run (mdp)', 'Details': 'Went past startPnt 0 searching for pre-spike min'}, {'Spike': 1, 'Seconds': np.float64(0.0315), 'Sweep': 15, 'Epoch': 2, 'Type': 'Spike Width', 'Details': 'Half width 90 error in ""rising point"" with halfWidthWindow_ms:4.0 searching for Vm:2.85 from peak sec 0.03'}]",20260908,16:38:15,,,20230324a,20230324a,2021_07_20_0010.abf,,20.0,-20.0,0,"[10, 20, 50, 80, 90]",315,0.0315,-40.061728886195574,15.443141145122272,,320,0.032,7.621546425138196,47.68327531133377,0.5000000000000004,327.0,0.0327,-68.64448841639924,310.0,-46.87473421304564,310,312,0.2,-46.30562537057057,-44.33593368530271,9329.659598212746,,319,-3.560965280873434,172.35778322511774,323,-37.2619593977928,-195.16126898454144,40.0,4.0,250.0,,,0.5,"[{'halfHeight': 10, 'risingPnt': np.int64(317), 'fallingPnt': np.int64(323), 'widthPnts': np.int64(6), 'widthMs': np.float64(0.6)}, {'halfHeight': 20, 'risingPnt': np.int64(317), 'fallingPnt': np.int64(323), 'widthPnts': np.int64(6), 'widthMs': np.float64(0.6)}, {'halfHeight': 50, 'risingPnt': np.int64(319), 'fallingPnt': np.int64(322), 'widthPnts': np.int64(3), 'widthMs': np.float64(0.3)}, {'halfHeight': 80, 'risingPnt': np.int64(319), 'fallingPnt': np.int64(322), 'widthPnts': np.int64(3), 'widthMs': np.float64(0.3)}, {'halfHeight': 90, 'risingPnt': None, 'fallingPnt': None, 'widthPnts': None, 'widthMs': nan}]",0.6,0.6,0.3,0.3,,0.5000000000000004,yes,2021-07-20,17:26:31,,,,,unknown,,,,
41,41,dvdt,15,2,0.6000000461935997,2,0,"[{'Spike': 2, 'Seconds': np.float64(0.035), 'Sweep': 15, 'Epoch': 2, 'Type': 'Pre spike min under-run (mdp)', 'Details': 'Went past startPnt 0 searching for pre-spike min'}]",20260908,16:38:15,,,20230324a,20230324a,2021_07_20_0010.abf,,20.0,-20.0,0,"[10, 20, 50, 80, 90]",350,0.035,-39.958841051374144,14.83378612751861,,356,0.0356,6.327601364680695,46.28644241605484,0.5999999999999963,363.0,0.0363,-68.12307412283758,344.0,-46.87473421304564,345,347,0.2,-45.71794400896343,-43.704655783517,9948.730468749964,,355,2.6210237230573363,151.0448116341414,358,-25.990511281149715,-191.07465384736332,35.0,3.5,285.7142857142857,34.0,3.4,0.6,"[{'halfHeight': 10, 'risingPnt': np.int64(350), 'fallingPnt': np.int64(359), 'widthPnts': np.int64(9), 'widthMs': np.float64(0.9)}, {'halfHeight': 20, 'risingPnt': np.int64(350), 'fallingPnt': np.int64(359), 'widthPnts': np.int64(9), 'widthMs': np.float64(0.9)}, {'halfHeight': 50, 'risingPnt': np.int64(354), 'fallingPnt': np.int64(358), 'widthPnts': np.int64(4), 'widthMs': np.float64(0.4)}, {'halfHeight': 80, 'risingPnt': np.int64(355), 'fallingPnt': np.int64(357), 'widthPnts': np.int64(2), 'widthMs': np.float64(0.2)}, {'halfHeight': 90, 'risingPnt': np.int64(355), 'fallingPnt': np.int64(357), 'widthPnts': np.int64(2), 'widthMs': np.float64(0.2)}]",0.9,0.9,0.4,0.2,0.2,0.5999999999999963,yes,2021-07-20,17:26:31,,,,,unknown,,,,
42,42,dvdt,15,2,0.6000000461935997,3,0,"[{'Spike': 3, 'Seconds': np.float64(0.0388), 'Sweep': 15, 'Epoch': 2, 'Type': 'Pre spike min under-run (mdp)', 'Details': 'Went past startPnt 0 searching for pre-spike min'}]",20260908,16:38:15,,,20230324a,20230324a,2021_07_20_0010.abf,,20.0,-20.0,0,"[10, 20, 50, 80, 90]",388,0.038799999999999994,-39.385110582624144,14.413764603283925,,394,0.0394,5.066789586203436,44.45190016882758,0.6000000000000033,401.0,0.040100000000000004,-67.90945107596258,381.0,-46.87473421304564,382,385,0.3,-45.71445628574914,-42.961770738874144,8924.211774553612,,392,-11.58272812707083,151.11506037809397,396,-27.866034276144834,-188.97778583448743,38.0,3.8,263.1578947368421,37.0,3.7,0.7,"[{'halfHeight': 10, 'risingPnt': np.int64(388), 'fallingPnt': np.int64(397), 'widthPnts': np.int64(9), 'widthMs': np.float64(0.9)}, {'halfHeight': 20, 'risingPnt': np.int64(388), 'fallingPnt': np.int64(397), 'widthPnts': np.int64(9), 'widthMs': np.float64(0.9)}, {'halfHeight': 50, 'risingPnt': np.int64(391), 'fallingPnt': np.int64(396), 'widthPnts': np.int64(5), 'widthMs': np.float64(0.5)}, {'halfHeight': 80, 'risingPnt': np.int64(393), 'fallingPnt': np.int64(395), 'widthPnts': np.int64(2), 'widthMs': np.float64(0.2)}, {'halfHeight': 90, 'risingPnt': np.int64(393), 'fallingPnt': np.int64(395), 'widthPnts': np.int64(2), 'widthMs': np.float64(0.2)}]",0.9,0.9,0.5,0.2,0.2,0.6000000000000033,yes,2021-07-20,17:26:31,,,,,unknown,,,,
43,43,dvdt,15,2,0.6000000461935997,4,0,"[{'Spike': 4, 'Seconds': np.float64(0.0431), 'Sweep': 15, 'Epoch': 2, 'Type': 'Pre spike min under-run (mdp)', 'Details': 'Went past startPnt 0 searching for pre-spike min'}, {'Spike': 4, 'Seconds': np.float64(0.0431), 'Sweep': 15, 'Epoch': 2, 'Type': 'Spike Width', 'Details': 'Half width 90 error in ""rising point"" with halfWidthWindow_ms:4.0 searching for Vm:1.24 from peak sec 0.04'}]",20260908,16:38:15,,,20230324a,20230324a,2021_07_20_0010.abf,,20.0,-20.0,0,"[10, 20, 50, 80, 90]",431,0.0431,-37.56103117806569,14.414510162509197,,436,0.0436,5.5463514259883295,43.10738260405402,0.5000000000000004,443.0,0.0443,-67.62781709943495,421.0,-46.87473421304564,422,426,0.4,-45.98998641967771,-43.31228692190985,6466.238839285905,,435,-4.8217767800603575,152.08589651438638,439,-34.150910290649946,-183.2080944460264,43.0,4.3,232.5581395348837,40.0,4.0,1.0,"[{'halfHeight': 10, 'risingPnt': np.int64(433), 'fallingPnt': np.int64(439), 'widthPnts': np.int64(6), 'widthMs': np.float64(0.6)}, {'halfHeight': 20, 'risingPnt': np.int64(433), 'fallingPnt': np.int64(439), 'widthPnts': np.int64(6), 'widthMs': np.float64(0.6)}, {'halfHeight': 50, 'risingPnt': np.int64(433), 'fallingPnt': np.int64(439), 'widthPnts': np.int64(6), 'widthMs': np.float64(0.6)}, {'halfHeight': 80, 'risingPnt': np.int64(435), 'fallingPnt': np.int64(438), 'widthPnts': np.int64(3), 'widthMs': np.float64(0.3)}, {'halfHeight': 90, 'risingPnt': None, 'fallingPnt': None, 'widthPnts': None, 'widthMs': nan}]",0.6,0.6,0.6,0.3,,0.5000000000000004,yes,2021-07-20,17:26:31,,,,,unknown,,,,
44,44,dvdt,15,2,0.6000000461935997,5,0,"[{'Spike': 5, 'Seconds': np.float64(0.0473), 'Sweep': 15, 'Epoch': 2, 'Type': 'Pre spike min under-run (mdp)', 'Details': 'Went past startPnt 0 searching for pre-spike min'}]",20260908,16:38:15,,,20230324a,20230324a,2021_07_20_0010.abf,,20.0,-20.0,0,"[10, 20, 50, 80, 90]",473,0.047299999999999995,-38.390237535749144,13.982283417059415,,478,0.047799999999999995,4.816545527321949,43.20678306307109,0.5000000000000004,486.0,0.048600000000000004,-67.41942563738138,464.0,-46.87473421304564,465,468,0.3,-45.91936002458843,-43.61571884155271,7747.105189731713,,477,-8.026994330542424,152.4909674080049,481,-30.585586472919996,-184.5573463556716,42.0,4.2,238.09523809523807,43.0,4.3,0.9,"[{'halfHeight': 10, 'risingPnt': np.int64(473), 'fallingPnt': np.int64(482), 'widthPnts': np.int64(9), 'widthMs': np.float64(0.9)}, {'halfHeight': 20, 'risingPnt': np.int64(476), 'fallingPnt': np.int64(481), 'widthPnts': np.int64(5), 'widthMs': np.float64(0.5)}, {'halfHeight': 50, 'risingPnt': np.int64(476), 'fallingPnt': np.int64(481), 'widthPnts': np.int64(5), 'widthMs': np.float64(0.5)}, {'halfHeight': 80, 'risingPnt': np.int64(477), 'fallingPnt': np.int64(480), 'widthPnts': np.int64(3), 'widthMs': np.float64(0.3)}, {'halfHeight': 90, 'risingPnt': np.int64(477), 'fallingPnt': np.int64(480), 'widthPnts': np.int64(3), 'widthMs': np.float64(0.3)}]",0.9,0.5,0.5,0.3,0.3,0.5000000000000004,yes,2021-07-20,17:26:31,,,,,unknown,,,,
45,45,dvdt,15,2,0.6000000461935997,6,0,"[{'Spike': 6, 'Seconds': np.float64(0.0518), 'Sweep': 15, 'Epoch': 2, 'Type': 'Pre spike min under-run (mdp)', 'Details': 'Went past startPnt 0 searching for pre-spike min'}]",20260908,16:38:15,,,20230324a,20230324a,2021_07_20_0010.abf,,20.0,-20.0,0,"[10, 20, 50, 80, 90]",518,0.0518,-38.371926988874144,12.554060830875338,,524,0.052399999999999995,4.377092300142558,42.7490192890167,0.5999999999999963,576.0,0.0576,-67.15261448451447,507.0,-46.87473421304564,508,513,0.5,-46.24459021432057,-43.03762871878486,6236.049107142759,,523,-5.8489112666675,143.45303482036186,527,-32.31898399932042,-175.71745945774762,45.0,4.5,222.22222222222223,43.0,4.3,1.1,"[{'halfHeight': 10, 'risingPnt': np.int64(518), 'fallingPnt': np.int64(528), 'widthPnts': np.int64(10), 'widthMs': np.float64(1.0)}, {'halfHeight': 20, 'risingPnt': np.int64(521), 'fallingPnt': np.int64(527), 'widthPnts': np.int64(6), 'widthMs': np.float64(0.6)}, {'halfHeight': 50, 'risingPnt': np.int64(521), 'fallingPnt': np.int64(527), 'widthPnts': np.int64(6), 'widthMs': np.float64(0.6)}, {'halfHeight': 80, 'risingPnt': np.int64(523), 'fallingPnt': np.int64(526), 'widthPnts': np.int64(3), 'widthMs': np.float64(0.3)}, {'halfHeight': 90, 'risingPnt': np.int64(523), 'fallingPnt': np.int64(526), 'widthPnts': np.int64(3), 'widthMs': np.float64(0.3)}]",1.0,0.6,0.6,0.3,0.3,0.5999999999999963,yes,2021-07-20,17:26:31,,,,,unknown,,,,
46,46,dvdt,15,2,0.6000000461935997,7,0,"[{'Spike': 7, 'Seconds': np.float64(0.0562), 'Sweep': 15, 'Epoch': 2, 'Type': 'Pre spike min under-run (mdp)', 'Details': 'Went past startPnt 0 searching for pre-spike min'}]",20260908,16:38:15,,,20230324a,20230324a,2021_07_20_0010.abf,,20.0,-20.0,0,"[10, 20, 50, 80, 90]",562,0.0562,-39.237754276820574,12.514199875812126,,569,0.0569,3.4467421531677225,42.6844964299883,0.6999999999999993,576.0,0.0576,-67.15261448451447,553.0,-46.87473421304564,554,557,0.3,-45.94813374110628,-43.85201208932057,6966.727120535825,,567,-10.628835827963687,141.1384281236297,571,-27.69426390784126,-178.41745566543253,44.0,4.4,227.27272727272725,46.0,4.6,0.9,"[{'halfHeight': 10, 'risingPnt': np.int64(562), 'fallingPnt': np.int64(572), 'widthPnts': np.int64(10), 'widthMs': np.float64(1.0)}, {'halfHeight': 20, 'risingPnt': np.int64(562), 'fallingPnt': np.int64(572), 'widthPnts': np.int64(10), 'widthMs': np.float64(1.0)}, {'halfHeight': 50, 'risingPnt': np.int64(566), 'fallingPnt': np.int64(571), 'widthPnts': np.int64(5), 'widthMs': np.float64(0.5)}, {'halfHeight': 80, 'risingPnt': np.int64(568), 'fallingPnt': np.int64(570), 'widthPnts': np.int64(2), 'widthMs': np.float64(0.2)}, {'halfHeight': 90, 'risingPnt': np.int64(568), 'fallingPnt': np.int64(570), 'widthPnts': np.int64(2), 'widthMs': np.float64(0.2)}]",1.0,1.0,0.5,0.2,0.2,0.6999999999999993,yes,2021-07-20,17:26:31,,,,,unknown,,,,
47,47,dvdt,15,2,0.6000000461935997,8,0,"[{'Spike': 8, 'Seconds': np.float64(0.0608), 'Sweep': 15, 'Epoch': 2, 'Type': 'Pre spike min under-run (mdp)', 'Details': 'Went past startPnt 0 searching for pre-spike min'}]",20260908,16:38:15,,,20230324a,20230324a,2021_07_20_0010.abf,,20.0,-20.0,0,"[10, 20, 50, 80, 90]",608,0.0608,-38.49574116298129,11.676897181296846,,615,0.0615,3.219168410982402,41.714909573963695,0.6999999999999993,622.0,0.062200000000000005,-66.27719595772876,597.0,-46.87473421304564,598,603,0.5,-46.300393785749144,-43.175393785749144,6161.934988839604,,613,-11.476352507727482,133.91286291005648,617,-25.77688809122357,-169.75968182622154,46.0,4.6,217.3913043478261,44.0,4.4,1.1,"[{'halfHeight': 10, 'risingPnt': np.int64(608), 'fallingPnt': np.int64(618), 'widthPnts': np.int64(10), 'widthMs': np.float64(1.0)}, {'halfHeight': 20, 'risingPnt': np.int64(608), 'fallingPnt': np.int64(618), 'widthPnts': np.int64(10), 'widthMs': np.float64(1.0)}, {'halfHeight': 50, 'risingPnt': np.int64(612), 'fallingPnt': np.int64(617), 'widthPnts': np.int64(5), 'widthMs': np.float64(0.5)}, {'halfHeight': 80, 'risingPnt': np.int64(614), 'fallingPnt': np.int64(616), 'widthPnts': np.int64(2), 'widthMs': np.float64(0.2)}, {'halfHeight': 90, 'risingPnt': np.int64(614), 'fallingPnt': np.int64(616), 'widthPnts': np.int64(2), 'widthMs': np.float64(0.2)}]",1.0,1.0,0.5,0.2,0.2,0.6999999999999993,yes,2021-07-20,17:26:31,,,,,unknown,,,,
48,48,dvdt,15,2,0.6000000461935997,9,0,"[{'Spike': 9, 'Seconds': np.float64(0.0653), 'Sweep': 15, 'Epoch': 2, 'Type': 'Pre spike min under-run (mdp)', 'Details': 'Went past startPnt 0 searching for pre-spike min'}, {'Spike': 9, 'Seconds': np.float64(0.0653), 'Sweep': 15, 'Epoch': 2, 'Type': 'Spike Width', 'Details': 'Half width 90 error in ""rising point"" with halfWidthWindow_ms:4.0 searching for Vm:-0.32 from peak sec 0.07'}]",20260908,16:38:15,,,20230324a,20230324a,2021_07_20_0010.abf,,20.0,-20.0,0,"[10, 20, 50, 80, 90]",653,0.0653,-38.803532736642005,11.618602379000919,,660,0.066,3.955949660709923,42.75948239735193,0.7000000000000062,714.0,0.0714,-66.0714202880859,642.0,-46.87473421304564,643,648,0.5,-46.00829696655271,-42.97049004690986,5985.804966517942,,659,-3.3874507495335155,133.9278127417271,663,-34.31134558405193,-167.75349298788558,45.0,4.5,222.22222222222223,45.0,4.5,1.1,"[{'halfHeight': 10, 'risingPnt': np.int64(653), 'fallingPnt': np.int64(664), 'widthPnts': np.int64(11), 'widthMs': np.float64(1.1)}, {'halfHeight': 20, 'risingPnt': np.int64(656), 'fallingPnt': np.int64(663), 'widthPnts': np.int64(7), 'widthMs': np.float64(0.7)}, {'halfHeight': 50, 'risingPnt': np.int64(659), 'fallingPnt': np.int64(662), 'widthPnts': np.int64(3), 'widthMs': np.float64(0.3)}, {'halfHeight': 80, 'risingPnt': np.int64(659), 'fallingPnt': np.int64(662), 'widthPnts': np.int64(3), 'widthMs': np.float64(0.3)}, {'halfHeight': 90, 'risingPnt': None, 'fallingPnt': None, 'widthPnts': None, 'widthMs': nan}]",1.1,0.7,0.3,0.3,,0.7000000000000062,yes,2021-07-20,17:26:31,,,,,unknown,,,,
49,49,dvdt,15,2,0.6000000461935997,10,0,"[{'Spike': 10, 'Seconds': np.float64(0.07), 'Sweep': 15, 'Epoch': 2, 'Type': 'Pre spike min under-run (mdp)', 'Details': 'Went past startPnt 0 searching for pre-spike min'}]",20260908,16:38:15,,,20230324a,20230324a,2021_07_20_0010.abf,,20.0,-20.0,0,"[10, 20, 50, 80, 90]",700,0.07,-38.18358993530272,12.66218025051815,,707,0.0707,2.8163363797324026,40.999926315035125,0.6999999999999923,714.0,0.0714,-66.0714202880859,689.0,-46.87473421304564,690,695,0.5,-45.91936002458843,-43.01147079467771,5705.043247767983,,705,-10.954937723704742,130.05096139713197,709,-25.328715658187853,-165.11179239701238,47.0,4.7,212.7659574468085,47.0,4.7,1.1,"[{'halfHeight': 10, 'risingPnt': np.int64(700), 'fallingPnt': np.int64(710), 'widthPnts': np.int64(10), 'widthMs': np.float64(1.0)}, {'halfHeight': 20, 'risingPnt': np.int64(700), 'fallingPnt': np.int64(710), 'widthPnts': np.int64(10), 'widthMs': np.float64(1.0)}, {'halfHeight': 50, 'risingPnt': np.int64(704), 'fallingPnt': np.int64(709), 'widthPnts': np.int64(5), 'widthMs': np.float64(0.5)}, {'halfHeight': 80, 'risingPnt': np.int64(706), 'fallingPnt': np.int64(708), 'widthPnts': np.int64(2), 'widthMs': np.float64(0.2)}, {'halfHeight': 90, 'risingPnt': np.int64(706), 'fallingPnt': np.int64(708), 'widthPnts': np.int64(2), 'widthMs': np.float64(0.2)}]",1.0,1.0,0.5,0.2,0.2,0.6999999999999923,yes,2021-07-20,17:26:31,,,,,unknown,,,,
50,50,dvdt,15,2,0.6000000461935997,11,0,"[{'Spike': 11, 'Seconds': np.float64(0.0746), 'Sweep': 15, 'Epoch': 2, 'Type': 'Pre spike min under-run (mdp)', 'Details': 'Went past startPnt 0 searching for pre-spike min'}]",20260908,16:38:15,,,20230324a,20230324a,2021_07_20_0010.abf,,20.0,-20.0,0,"[10, 20, 50, 80, 90]",746,0.0746,-39.17235946655272,11.679886658337624,,753,0.07529999999999999,4.652622301237921,43.82498176779064,0.6999999999999923,807.0,0.08070000000000001,-66.07839573451447,736.0,-46.87473421304564,737,741,0.4,-46.15478134155271,-43.69070489065986,5775.669642857023,,752,-1.550292647736413,136.25860790014255,756,-36.374333865301935,-169.18595339692354,46.0,4.6,217.3913043478261,47.0,4.7,1.0,"[{'halfHeight': 10, 'risingPnt': np.int64(748), 'fallingPnt': np.int64(756), 'widthPnts': np.int64(8), 'widthMs': np.float64(0.8)}, {'halfHeight': 20, 'risingPnt': np.int64(748), 'fallingPnt': np.int64(756), 'widthPnts': np.int64(8), 'widthMs': np.float64(0.8)}, {'halfHeight': 50, 'risingPnt': np.int64(751), 'fallingPnt': np.int64(755), 'widthPnts': np.int64(4), 'widthMs': np.float64(0.4)}, {'halfHeight': 80, 'risingPnt': np.int64(751), 'fallingPnt': np.int64(755), 'widthPnts': np.int64(4), 'widthMs': np.float64(0.4)}, {'halfHeight': 90, 'risingPnt': np.int64(752), 'fallingPnt': np.int64(754), 'widthPnts': np.int64(2), 'widthMs': np.float64(0.2)}]",0.8,0.8,0.4,0.4,0.2,0.6999999999999923,yes,2021-07-20,17:26:31,,,,,unknown,,,,
51,51,dvdt,15,2,0.6000000461935997,12,0,"[{'Spike': 12, 'Seconds': np.float64(0.0793), 'Sweep': 15, 'Epoch': 2, 'Type': 'Pre spike min under-run (mdp)', 'Details': 'Went past startPnt 0 searching for pre-spike min'}]",20260908,16:38:15,,,20230324a,20230324a,2021_07_20_0010.abf,,20.0,-20.0,0,"[10, 20, 50, 80, 90]",793,0.0793,-38.261191776820574,12.429001041334502,,799,0.0799,3.3150806835719493,41.576272460392524,0.6000000000000033,807.0,0.08070000000000001,-66.07839573451447,783.0,-46.87473421304564,784,788,0.4,-45.757180895124144,-43.070762089320574,6737.409319197577,,798,-7.972062526430399,137.31563915719778,802,-28.58014562470571,-169.630386722331,47.0,4.7,212.7659574468085,47.0,4.7,1.0,"[{'halfHeight': 10, 'risingPnt': np.int64(793), 'fallingPnt': np.int64(803), 'widthPnts': np.int64(10), 'widthMs': np.float64(1.0)}, {'halfHeight': 20, 'risingPnt': np.int64(793), 'fallingPnt': np.int64(803), 'widthPnts': np.int64(10), 'widthMs': np.float64(1.0)}, {'halfHeight': 50, 'risingPnt': np.int64(797), 'fallingPnt': np.int64(802), 'widthPnts': np.int64(5), 'widthMs': np.float64(0.5)}, {'halfHeight': 80, 'risingPnt': np.int64(798), 'fallingPnt': np.int64(801), 'widthPnts': np.int64(3), 'widthMs': np.float64(0.3)}, {'halfHeight': 90, 'risingPnt': np.int64(798), 'fallingPnt': np.int64(801), 'widthPnts': np.int64(3), 'widthMs': np.float64(0.3)}]",1.0,1.0,0.5,0.3,0.3,0.6000000000000033,yes,2021-07-20,17:26:31,,,,,unknown,,,,
52,52,dvdt,15,2,0.6000000461935997,13,0,"[{'Spike': 13, 'Seconds': np.float64(0.0841), 'Sweep': 15, 'Epoch': 2, 'Type': 'Pre spike min under-run (mdp)', 'Details': 'Went past startPnt 0 searching for pre-spike min'}]",20260908,16:38:15,,,20230324a,20230324a,2021_07_20_0010.abf,,20.0,-20.0,0,"[10, 20, 50, 80, 90]",841,0.0841,-38.02053887503486,11.192354038783465,,848,0.0848,3.10232958112444,41.122868456159296,0.7000000000000062,855.0,0.0855,-65.58488289969306,829.0,-46.87473421304564,830,835,0.5,-45.90715299333843,-43.14662006923128,5235.944475445951,,846,-13.103375162397105,121.44874195663284,851,-38.17051134109495,-160.16545633247904,48.0,4.8,208.33333333333334,46.0,4.6,1.2,"[{'halfHeight': 10, 'risingPnt': np.int64(841), 'fallingPnt': np.int64(851), 'widthPnts': np.int64(10), 'widthMs': np.float64(1.0)}, {'halfHeight': 20, 'risingPnt': np.int64(841), 'fallingPnt': np.int64(851), 'widthPnts': np.int64(10), 'widthMs': np.float64(1.0)}, {'halfHeight': 50, 'risingPnt': np.int64(846), 'fallingPnt': np.int64(850), 'widthPnts': np.int64(4), 'widthMs': np.float64(0.4)}, {'halfHeight': 80, 'risingPnt': np.int64(847), 'fallingPnt': np.int64(849), 'widthPnts': np.int64(2), 'widthMs': np.float64(0.2)}, {'halfHeight': 90, 'risingPnt': np.int64(847), 'fallingPnt': np.int64(849), 'widthPnts': np.int64(2), 'widthMs': np.float64(0.2)}]",1.0,1.0,0.4,0.2,0.2,0.7000000000000062,yes,2021-07-20,17:26:31,,,,,unknown,,,,
53,53,dvdt,16,2,0.7000000476837158,0,0,"[{'Spike': 0, 'Seconds': np.float64(0.0275), 'Sweep': 16, 'Epoch': 2, 'Type': 'Pre spike min under-run (mdp)', 'Details': 'Went past startPnt 0 searching for pre-spike min'}]",20260908,16:38:15,,,20230324a,20230324a,2021_07_20_0010.abf,,20.0,-20.0,0,"[10, 20, 50, 80, 90]",275,0.0275,-68.75173590523852,5.344187148736407,,288,0.0288,10.70469368525913,79.45642959049765,1.2999999999999992,295.0,0.0295,-67.74029584612163,224.0,-69.42627934047151,229,250,2.1,-68.96710314069472,-68.56775883265901,135.97591025046785,,287,-2.8050012588500968,191.37085703830311,291,-37.17738209451946,-207.60397024543894,,,,,,5.1,"[{'halfHeight': 10, 'risingPnt': np.int64(277), 'fallingPnt': np.int64(293), 'widthPnts': np.int64(16), 'widthMs': np.float64(1.6)}, {'halfHeight': 20, 'risingPnt': np.int64(277), 'fallingPnt': np.int64(293), 'widthPnts': np.int64(16), 'widthMs': np.float64(1.6)}, {'halfHeight': 50, 'risingPnt': np.int64(285), 'fallingPnt': np.int64(291), 'widthPnts': np.int64(6), 'widthMs': np.float64(0.6)}, {'halfHeight': 80, 'risingPnt': np.int64(287), 'fallingPnt': np.int64(290), 'widthPnts': np.int64(3), 'widthMs': np.float64(0.3)}, {'halfHeight': 90, 'risingPnt': np.int64(287), 'fallingPnt': np.int64(290), 'widthPnts': np.int64(3), 'widthMs': np.float64(0.3)}]",1.6,1.6,0.6,0.3,0.3,1.2999999999999992,yes,2021-07-20,17:26:31,,,,,unknown,,,,
54,54,dvdt,16,2,0.7000000476837158,1,0,"[{'Spike': 1, 'Seconds': np.float64(0.0314), 'Sweep': 16, 'Epoch': 2, 'Type': 'Pre spike min under-run (mdp)', 'Details': 'Went past startPnt 0 searching for pre-spike min'}, {'Spike': 1, 'Seconds': np.float64(0.0314), 'Sweep': 16, 'Epoch': 2, 'Type': 'Fit EDD', 'Details': 'Early diastolic duration rate fit - Too low -10.376<=8'}]",20260908,16:38:15,,,20230324a,20230324a,2021_07_20_0010.abf,,20.0,-20.0,0,"[10, 20, 50, 80, 90]",314,0.0314,-37.509587260654975,15.454848698207277,,318,0.0318,6.923130035400386,44.43271729605536,0.4000000000000045,325.0,0.0325,-66.9703812735421,224.0,-69.42627934047151,233,269,3.6,-68.62617819649829,-68.60612378801615,-10.375639909681404,,317,-8.632986382075714,165.94884431021538,321,-29.451204477037688,-199.29521802785428,39.0,3.9,256.4102564102564,0.0,0.0,9.0,"[{'halfHeight': 10, 'risingPnt': np.int64(314), 'fallingPnt': np.int64(322), 'widthPnts': np.int64(8), 'widthMs': np.float64(0.8)}, {'halfHeight': 20, 'risingPnt': np.int64(316), 'fallingPnt': np.int64(321), 'widthPnts': np.int64(5), 'widthMs': np.float64(0.5)}, {'halfHeight': 50, 'risingPnt': np.int64(316), 'fallingPnt': np.int64(321), 'widthPnts': np.int64(5), 'widthMs': np.float64(0.5)}, {'halfHeight': 80, 'risingPnt': np.int64(317), 'fallingPnt': np.int64(320), 'widthPnts': np.int64(3), 'widthMs': np.float64(0.3)}, {'halfHeight': 90, 'risingPnt': np.int64(317), 'fallingPnt': np.int64(320), 'widthPnts': np.int64(3), 'widthMs': np.float64(0.3)}]",0.8,0.5,0.5,0.3,0.3,0.4000000000000045,yes,2021-07-20,17:26:31,,,,,unknown,,,,
55,55,dvdt,16,2,0.7000000476837158,2,0,"[{'Spike': 2, 'Seconds': np.float64(0.0348), 'Sweep': 16, 'Epoch': 2, 'Type': 'Pre spike min under-run (mdp)', 'Details': 'Went past startPnt 0 searching for pre-spike min'}]",20260908,16:38:15,,,20230324a,20230324a,2021_07_20_0010.abf,,20.0,-20.0,0,"[10, 20, 50, 80, 90]",348,0.0348,-36.29760344369069,15.232132973962859,,352,0.0352,7.0879247937883605,43.38552823747905,0.4000000000000045,359.0,0.0359,-66.48297195434567,224.0,-69.42627934047151,236,286,5.0,-68.5529360089983,-23.458424268450045,4485.4336998111285,,351,-6.618826457432335,162.6228009710505,355,-30.623079477037688,-192.59604941776803,34.0,3.4,294.11764705882354,0.0,0.0,12.4,"[{'halfHeight': 10, 'risingPnt': np.int64(348), 'fallingPnt': np.int64(356), 'widthPnts': np.int64(8), 'widthMs': np.float64(0.8)}, {'halfHeight': 20, 'risingPnt': np.int64(350), 'fallingPnt': np.int64(355), 'widthPnts': np.int64(5), 'widthMs': np.float64(0.5)}, {'halfHeight': 50, 'risingPnt': np.int64(350), 'fallingPnt': np.int64(355), 'widthPnts': np.int64(5), 'widthMs': np.float64(0.5)}, {'halfHeight': 80, 'risingPnt': np.int64(351), 'fallingPnt': np.int64(354), 'widthPnts': np.int64(3), 'widthMs': np.float64(0.3)}, {'halfHeight': 90, 'risingPnt': np.int64(351), 'fallingPnt': np.int64(354), 'widthPnts': np.int64(3), 'widthMs': np.float64(0.3)}]",0.8,0.5,0.5,0.3,0.3,0.4000000000000045,yes,2021-07-20,17:26:31,,,,,unknown,,,,
56,56,dvdt,16,2,0.7000000476837158,3,0,"[{'Spike': 3, 'Seconds': np.float64(0.0382), 'Sweep': 16, 'Epoch': 2, 'Type': 'Pre spike min under-run (mdp)', 'Details': 'Went past startPnt 0 searching for pre-spike min'}]",20260908,16:38:15,,,20230324a,20230324a,2021_07_20_0010.abf,,20.0,-20.0,0,"[10, 20, 50, 80, 90]",382,0.038200000000000005,-39.01366806030272,14.49796827666612,,388,0.038799999999999994,8.043560852323255,47.05722891262597,0.5999999999999894,395.0,0.0395,-66.47163652692518,224.0,-69.42627934047151,240,303,6.3,-68.85811179024829,-50.08806119646343,5292.03437685652,,387,-0.11771055800574207,159.03094763269212,391,-37.031769675867885,-183.51451607918236,34.0,3.4,294.11764705882354,0.0,0.0,15.8,"[{'halfHeight': 10, 'risingPnt': np.int64(384), 'fallingPnt': np.int64(391), 'widthPnts': np.int64(7), 'widthMs': np.float64(0.7)}, {'halfHeight': 20, 'risingPnt': np.int64(384), 'fallingPnt': np.int64(391), 'widthPnts': np.int64(7), 'widthMs': np.float64(0.7)}, {'halfHeight': 50, 'risingPnt': np.int64(386), 'fallingPnt': np.int64(390), 'widthPnts': np.int64(4), 'widthMs': np.float64(0.4)}, {'halfHeight': 80, 'risingPnt': np.int64(386), 'fallingPnt': np.int64(390), 'widthPnts': np.int64(4), 'widthMs': np.float64(0.4)}, {'halfHeight': 90, 'risingPnt': np.int64(387), 'fallingPnt': np.int64(389), 'widthPnts': np.int64(2), 'widthMs': np.float64(0.2)}]",0.7,0.7,0.4,0.4,0.2,0.5999999999999894,yes,2021-07-20,17:26:31,,,,,unknown,,,,
57,57,dvdt,16,2,0.7000000476837158,4,0,"[{'Spike': 4, 'Seconds': np.float64(0.0421), 'Sweep': 16, 'Epoch': 2, 'Type': 'Pre spike min under-run (mdp)', 'Details': 'Went past startPnt 0 searching for pre-spike min'}]",20260908,16:38:15,,,20230324a,20230324a,2021_07_20_0010.abf,,20.0,-20.0,0,"[10, 20, 50, 80, 90]",421,0.0421,-37.161686870029975,14.217702923988815,,426,0.0426,6.422641672406874,43.58432854243685,0.5000000000000004,433.0,0.0433,-65.97376567295616,224.0,-69.42627934047151,244,322,7.8,-68.66105542864115,-46.27249273572647,6258.8502881195955,,425,-6.034632675988331,154.59307043892983,429,-30.500137254169996,-185.45916927882584,39.0,3.9,256.4102564102564,0.0,0.0,19.7,"[{'halfHeight': 10, 'risingPnt': np.int64(421), 'fallingPnt': np.int64(430), 'widthPnts': np.int64(9), 'widthMs': np.float64(0.9)}, {'halfHeight': 20, 'risingPnt': np.int64(424), 'fallingPnt': np.int64(429), 'widthPnts': np.int64(5), 'widthMs': np.float64(0.5)}, {'halfHeight': 50, 'risingPnt': np.int64(424), 'fallingPnt': np.int64(429), 'widthPnts': np.int64(5), 'widthMs': np.float64(0.5)}, {'halfHeight': 80, 'risingPnt': np.int64(425), 'fallingPnt': np.int64(428), 'widthPnts': np.int64(3), 'widthMs': np.float64(0.3)}, {'halfHeight': 90, 'risingPnt': np.int64(425), 'fallingPnt': np.int64(428), 'widthPnts': np.int64(3), 'widthMs': np.float64(0.3)}]",0.9,0.5,0.5,0.3,0.3,0.5000000000000004,yes,2021-07-20,17:26:31,,,,,unknown,,,,
58,58,dvdt,16,2,0.7000000476837158,5,0,"[{'Spike': 5, 'Seconds': np.float64(0.0462), 'Sweep': 16, 'Epoch': 2, 'Type': 'Pre spike min under-run (mdp)', 'Details': 'Went past startPnt 0 searching for pre-spike min'}, {'Spike': 5, 'Seconds': np.float64(0.0462), 'Sweep': 16, 'Epoch': 2, 'Type': 'Spike Width', 'Details': 'Half width 90 error in ""rising point"" with halfWidthWindow_ms:4.0 searching for Vm:2.23 from peak sec 0.05'}]",20260908,16:38:15,,,20230324a,20230324a,2021_07_20_0010.abf,,20.0,-20.0,0,"[10, 20, 50, 80, 90]",462,0.046200000000000005,-36.10665059770855,14.714952587594762,,467,0.046700000000000005,6.4862925801958315,42.59294317790438,0.5000000000000004,474.0,0.0474,-65.59011579241069,224.0,-69.42627934047151,248,343,9.5,-68.46661485944472,-43.077737535749144,2849.0147357119718,,466,-3.9943147216524384,150.41029355963866,470,-32.16378031117574,-180.74550776578923,41.0,4.1,243.90243902439028,0.0,0.0,23.8,"[{'halfHeight': 10, 'risingPnt': np.int64(464), 'fallingPnt': np.int64(470), 'widthPnts': np.int64(6), 'widthMs': np.float64(0.6)}, {'halfHeight': 20, 'risingPnt': np.int64(464), 'fallingPnt': np.int64(470), 'widthPnts': np.int64(6), 'widthMs': np.float64(0.6)}, {'halfHeight': 50, 'risingPnt': np.int64(464), 'fallingPnt': np.int64(470), 'widthPnts': np.int64(6), 'widthMs': np.float64(0.6)}, {'halfHeight': 80, 'risingPnt': np.int64(466), 'fallingPnt': np.int64(469), 'widthPnts': np.int64(3), 'widthMs': np.float64(0.3)}, {'halfHeight': 90, 'risingPnt': None, 'fallingPnt': None, 'widthPnts': None, 'widthMs': nan}]",0.6,0.6,0.6,0.3,,0.5000000000000004,yes,2021-07-20,17:26:31,,,,,unknown,,,,
59,59,dvdt,16,2,0.7000000476837158,6,0,"[{'Spike': 6, 'Seconds': np.float64(0.0502), 'Sweep': 16, 'Epoch': 2, 'Type': 'Pre spike min under-run (mdp)', 'Details': 'Went past startPnt 0 searching for pre-spike min'}]",20260908,16:38:15,,,20230324a,20230324a,2021_07_20_0010.abf,,20.0,-20.0,0,"[10, 20, 50, 80, 90]",502,0.0502,-37.85051236833843,12.64050654197227,,508,0.0508,5.8044429642813515,43.65495533261978,0.5999999999999963,516.0,0.0516,-65.4488616943359,224.0,-69.42627934047151,252,363,11.1,-68.65233612060544,-59.00355398995533,2400.208706721398,,507,-5.616977657590591,146.61714683844104,511,-29.64302927425928,-178.3853196747447,40.0,4.0,250.0,0.0,0.0,27.8,"[{'halfHeight': 10, 'risingPnt': np.int64(502), 'fallingPnt': np.int64(512), 'widthPnts': np.int64(10), 'widthMs': np.float64(1.0)}, {'halfHeight': 20, 'risingPnt': np.int64(506), 'fallingPnt': np.int64(511), 'widthPnts': np.int64(5), 'widthMs': np.float64(0.5)}, {'halfHeight': 50, 'risingPnt': np.int64(506), 'fallingPnt': np.int64(511), 'widthPnts': np.int64(5), 'widthMs': np.float64(0.5)}, {'halfHeight': 80, 'risingPnt': np.int64(507), 'fallingPnt': np.int64(510), 'widthPnts': np.int64(3), 'widthMs': np.float64(0.3)}, {'halfHeight': 90, 'risingPnt': np.int64(507), 'fallingPnt': np.int64(510), 'widthPnts': np.int64(3), 'widthMs': np.float64(0.3)}]",1.0,0.5,0.5,0.3,0.3,0.5999999999999963,yes,2021-07-20,17:26:31,,,,,unknown,,,,
60,60,dvdt,16,2,0.7000000476837158,7,0,"[{'Spike': 7, 'Seconds': np.float64(0.0546), 'Sweep': 16, 'Epoch': 2, 'Type': 'Pre spike min under-run (mdp)', 'Details': 'Went past startPnt 0 searching for pre-spike min'}]",20260908,16:38:15,,,20230324a,20230324a,2021_07_20_0010.abf,,20.0,-20.0,0,"[10, 20, 50, 80, 90]",546,0.0546,-36.791116441999144,12.083965566206922,,552,0.055200000000000006,6.386892618451796,43.17800906045094,0.6000000000000033,559.0,0.0559,-65.28494001116069,224.0,-69.42627934047151,256,385,12.9,-68.84067317417686,-30.208912049021023,1360.7522524716198,,551,0.06801085131508891,140.6451668963139,555,-35.912210539409074,-171.6674660400467,44.0,4.4,227.27272727272725,0.0,0.0,32.2,"[{'halfHeight': 10, 'risingPnt': np.int64(547), 'fallingPnt': np.int64(555), 'widthPnts': np.int64(8), 'widthMs': np.float64(0.8)}, {'halfHeight': 20, 'risingPnt': np.int64(547), 'fallingPnt': np.int64(555), 'widthPnts': np.int64(8), 'widthMs': np.float64(0.8)}, {'halfHeight': 50, 'risingPnt': np.int64(550), 'fallingPnt': np.int64(554), 'widthPnts': np.int64(4), 'widthMs': np.float64(0.4)}, {'halfHeight': 80, 'risingPnt': np.int64(550), 'fallingPnt': np.int64(554), 'widthPnts': np.int64(4), 'widthMs': np.float64(0.4)}, {'halfHeight': 90, 'risingPnt': np.int64(551), 'fallingPnt': np.int64(553), 'widthPnts': np.int64(2), 'widthMs': np.float64(0.2)}]",0.8,0.8,0.4,0.4,0.2,0.6000000000000033,yes,2021-07-20,17:26:31,,,,,unknown,,,,
61,61,dvdt,16,2,0.7000000476837158,8,0,"[{'Spike': 8, 'Seconds': np.float64(0.0593), 'Sweep': 16, 'Epoch': 2, 'Type': 'Pre spike min under-run (mdp)', 'Details': 'Went past startPnt 0 searching for pre-spike min'}, {'Spike': 8, 'Seconds': np.float64(0.0593), 'Sweep': 16, 'Epoch': 2, 'Type': 'Spike Width', 'Details': 'Half width 90 error in ""rising point"" with halfWidthWindow_ms:4.0 searching for Vm:1.29 from peak sec 0.06'}]",20260908,16:38:15,,,20230324a,20230324a,2021_07_20_0010.abf,,20.0,-20.0,0,"[10, 20, 50, 80, 90]",593,0.0593,-36.87220600673129,13.024654341717124,,599,0.0599,5.533272463934759,42.40547847066605,0.6000000000000033,649.0,0.0649,-64.90041852678569,224.0,-69.42627934047151,261,408,14.7,-68.62356240408758,-48.50289099557057,740.2514466635068,,598,-3.3639085922922396,139.0365800945125,602,-31.513320863246904,-170.3819919771076,47.0,4.7,212.7659574468085,0.0,0.0,36.9,"[{'halfHeight': 10, 'risingPnt': np.int64(593), 'fallingPnt': np.int64(603), 'widthPnts': np.int64(10), 'widthMs': np.float64(1.0)}, {'halfHeight': 20, 'risingPnt': np.int64(596), 'fallingPnt': np.int64(602), 'widthPnts': np.int64(6), 'widthMs': np.float64(0.6)}, {'halfHeight': 50, 'risingPnt': np.int64(596), 'fallingPnt': np.int64(602), 'widthPnts': np.int64(6), 'widthMs': np.float64(0.6)}, {'halfHeight': 80, 'risingPnt': np.int64(598), 'fallingPnt': np.int64(601), 'widthPnts': np.int64(3), 'widthMs': np.float64(0.3)}, {'halfHeight': 90, 'risingPnt': None, 'fallingPnt': None, 'widthPnts': None, 'widthMs': nan}]",1.0,0.6,0.6,0.3,,0.6000000000000033,yes,2021-07-20,17:26:31,,,,,unknown,,,,
62,62,dvdt,16,2,0.7000000476837158,9,0,"[{'Spike': 9, 'Seconds': np.float64(0.0635), 'Sweep': 16, 'Epoch': 2, 'Type': 'Pre spike min under-run (mdp)', 'Details': 'Went past startPnt 0 searching for pre-spike min'}]",20260908,16:38:15,,,20230324a,20230324a,2021_07_20_0010.abf,,20.0,-20.0,0,"[10, 20, 50, 80, 90]",635,0.0635,-37.468606676374144,12.629046879982475,,642,0.06420000000000001,4.478236293792722,41.94684297016686,0.7000000000000062,649.0,0.0649,-64.90041852678569,224.0,-69.42627934047151,265,430,16.5,-68.65320805140901,-46.123392241341705,894.6783294646104,,640,-8.855328410012376,137.7082569200164,644,-25.408933271680546,-172.04837482997334,42.0,4.2,238.09523809523807,0.0,0.0,41.1,"[{'halfHeight': 10, 'risingPnt': np.int64(635), 'fallingPnt': np.int64(645), 'widthPnts': np.int64(10), 'widthMs': np.float64(1.0)}, {'halfHeight': 20, 'risingPnt': np.int64(635), 'fallingPnt': np.int64(645), 'widthPnts': np.int64(10), 'widthMs': np.float64(1.0)}, {'halfHeight': 50, 'risingPnt': np.int64(639), 'fallingPnt': np.int64(644), 'widthPnts': np.int64(5), 'widthMs': np.float64(0.5)}, {'halfHeight': 80, 'risingPnt': np.int64(641), 'fallingPnt': np.int64(643), 'widthPnts': np.int64(2), 'widthMs': np.float64(0.2)}, {'halfHeight': 90, 'risingPnt': np.int64(641), 'fallingPnt': np.int64(643), 'widthPnts': np.int64(2), 'widthMs': np.float64(0.2)}]",1.0,1.0,0.5,0.2,0.2,0.7000000000000062,yes,2021-07-20,17:26:31,,,,,unknown,,,,
63,63,dvdt,16,2,0.7000000476837158,10,0,"[{'Spike': 10, 'Seconds': np.float64(0.0679), 'Sweep': 16, 'Epoch': 2, 'Type': 'Pre spike min under-run (mdp)', 'Details': 'Went past startPnt 0 searching for pre-spike min'}]",20260908,16:38:15,,,20230324a,20230324a,2021_07_20_0010.abf,,20.0,-20.0,0,"[10, 20, 50, 80, 90]",679,0.0679,-37.010843004499144,13.101882498604901,,685,0.0685,5.304826613834923,42.31566961833407,0.6000000000000033,693.0,0.0693,-64.43567940848212,224.0,-69.42627934047151,270,452,18.2,-68.58258165631973,-45.494729723249144,86.84637623629298,,684,-4.884555782590591,140.4112416247931,688,-29.827878604616423,-171.85954041772942,44.0,4.4,227.27272727272725,0.0,0.0,45.5,"[{'halfHeight': 10, 'risingPnt': np.int64(679), 'fallingPnt': np.int64(689), 'widthPnts': np.int64(10), 'widthMs': np.float64(1.0)}, {'halfHeight': 20, 'risingPnt': np.int64(682), 'fallingPnt': np.int64(688), 'widthPnts': np.int64(6), 'widthMs': np.float64(0.6)}, {'halfHeight': 50, 'risingPnt': np.int64(682), 'fallingPnt': np.int64(688), 'widthPnts': np.int64(6), 'widthMs': np.float64(0.6)}, {'halfHeight': 80, 'risingPnt': np.int64(684), 'fallingPnt': np.int64(687), 'widthPnts': np.int64(3), 'widthMs': np.float64(0.3)}, {'halfHeight': 90, 'risingPnt': np.int64(684), 'fallingPnt': np.int64(687), 'widthPnts': np.int64(3), 'widthMs': np.float64(0.3)}]",1.0,0.6,0.6,0.3,0.3,0.6000000000000033,yes,2021-07-20,17:26:31,,,,,unknown,,,,
64,64,dvdt,16,2,0.7000000476837158,11,0,"[{'Spike': 11, 'Seconds': np.float64(0.0726), 'Sweep': 16, 'Epoch': 2, 'Type': 'Pre spike min under-run (mdp)', 'Details': 'Went past startPnt 0 searching for pre-spike min'}]",20260908,16:38:15,,,20230324a,20230324a,2021_07_20_0010.abf,,20.0,-20.0,0,"[10, 20, 50, 80, 90]",726,0.0726,-36.38915634155272,11.369729676538547,,733,0.0733,4.079763875688823,40.468920217241546,0.7000000000000062,786.0,0.07859999999999999,-63.98751013619556,224.0,-69.42627934047151,274,475,20.1,-68.86247144426615,-65.37649274553569,190.88129241221154,,731,-11.850410597664963,118.76095260892583,736,-36.39526022502353,-158.05861996339277,47.0,4.7,212.7659574468085,0.0,0.0,50.2,"[{'halfHeight': 10, 'risingPnt': np.int64(726), 'fallingPnt': np.int64(736), 'widthPnts': np.int64(10), 'widthMs': np.float64(1.0)}, {'halfHeight': 20, 'risingPnt': np.int64(726), 'fallingPnt': np.int64(736), 'widthPnts': np.int64(10), 'widthMs': np.float64(1.0)}, {'halfHeight': 50, 'risingPnt': np.int64(731), 'fallingPnt': np.int64(735), 'widthPnts': np.int64(4), 'widthMs': np.float64(0.4)}, {'halfHeight': 80, 'risingPnt': np.int64(732), 'fallingPnt': np.int64(734), 'widthPnts': np.int64(2), 'widthMs': np.float64(0.2)}, {'halfHeight': 90, 'risingPnt': np.int64(732), 'fallingPnt': np.int64(734), 'widthPnts': np.int64(2), 'widthMs': np.float64(0.2)}]",1.0,1.0,0.4,0.2,0.2,0.7000000000000062,yes,2021-07-20,17:26:31,,,,,unknown,,,,
65,65,dvdt,16,2,0.7000000476837158,12,0,"[{'Spike': 12, 'Seconds': np.float64(0.0772), 'Sweep': 16, 'Epoch': 2, 'Type': 'Pre spike min under-run (mdp)', 'Details': 'Went past startPnt 0 searching for pre-spike min'}, {'Spike': 12, 'Seconds': np.float64(0.0772), 'Sweep': 16, 'Epoch': 2, 'Type': 'Fit EDD', 'Details': 'Early diastolic duration rate fit - Too low -177.873<=8'}]",20260908,16:38:15,,,20230324a,20230324a,2021_07_20_0010.abf,,20.0,-20.0,0,"[10, 20, 50, 80, 90]",772,0.0772,-36.74926376342772,11.790747693120188,,779,0.07790000000000001,4.062325218745638,40.81158898217336,0.7000000000000062,831.0,0.0831,-64.12265755789618,224.0,-69.42627934047151,279,498,21.9,-47.68501990182057,-42.01746967860628,-177.87327481274042,,777,-11.56267347335815,119.99834669463476,782,-36.72746586118424,-157.60272479349243,46.0,4.6,217.3913043478261,0.0,0.0,54.8,"[{'halfHeight': 10, 'risingPnt': np.int64(773), 'fallingPnt': np.int64(782), 'widthPnts': np.int64(9), 'widthMs': np.float64(0.9)}, {'halfHeight': 20, 'risingPnt': np.int64(773), 'fallingPnt': np.int64(782), 'widthPnts': np.int64(9), 'widthMs': np.float64(0.9)}, {'halfHeight': 50, 'risingPnt': np.int64(777), 'fallingPnt': np.int64(781), 'widthPnts': np.int64(4), 'widthMs': np.float64(0.4)}, {'halfHeight': 80, 'risingPnt': np.int64(778), 'fallingPnt': np.int64(780), 'widthPnts': np.int64(2), 'widthMs': np.float64(0.2)}, {'halfHeight': 90, 'risingPnt': np.int64(778), 'fallingPnt': np.int64(780), 'widthPnts': np.int64(2), 'widthMs': np.float64(0.2)}]",0.9,0.9,0.4,0.2,0.2,0.7000000000000062,yes,2021-07-20,17:26:31,,,,,unknown,,,,
66,66,dvdt,16,2,0.7000000476837158,13,0,"[{'Spike': 13, 'Seconds': np.float64(0.0817), 'Sweep': 16, 'Epoch': 2, 'Type': 'Pre spike min under-run (mdp)', 'Details': 'Went past startPnt 0 searching for pre-spike min'}, {'Spike': 13, 'Seconds': np.float64(0.0817), 'Sweep': 16, 'Epoch': 2, 'Type': 'Fit EDD', 'Details': 'Early diastolic duration rate fit - Too low -45.594<=8'}]",20260908,16:38:15,,,20230324a,20230324a,2021_07_20_0010.abf,,20.0,-20.0,0,"[10, 20, 50, 80, 90]",817,0.08170000000000001,-37.04833602905272,9.82815601582426,,824,0.0824,4.874092837742394,41.922428866795116,0.6999999999999923,831.0,0.0831,-64.12265755789618,224.0,-69.42627934047151,283,520,23.7,-39.55164936610628,-57.43669400896342,-45.593791707456894,,823,0.742884945869445,123.96912060659746,827,-36.171174008505666,-161.92251875838437,45.0,4.5,222.22222222222223,0.0,0.0,59.3,"[{'halfHeight': 10, 'risingPnt': np.int64(818), 'fallingPnt': np.int64(827), 'widthPnts': np.int64(9), 'widthMs': np.float64(0.9)}, {'halfHeight': 20, 'risingPnt': np.int64(818), 'fallingPnt': np.int64(827), 'widthPnts': np.int64(9), 'widthMs': np.float64(0.9)}, {'halfHeight': 50, 'risingPnt': np.int64(822), 'fallingPnt': np.int64(826), 'widthPnts': np.int64(4), 'widthMs': np.float64(0.4)}, {'halfHeight': 80, 'risingPnt': np.int64(823), 'fallingPnt': np.int64(825), 'widthPnts': np.int64(2), 'widthMs': np.float64(0.2)}, {'halfHeight': 90, 'risingPnt': np.int64(823), 'fallingPnt': np.int64(825), 'widthPnts': np.int64(2), 'widthMs': np.float64(0.2)}]",0.9,0.9,0.4,0.2,0.2,0.6999999999999923,yes,2021-07-20,17:26:31,,,,,unknown,,,,
67,67,dvdt,16,2,0.7000000476837158,14,0,"[{'Spike': 14, 'Seconds': np.float64(0.0863), 'Sweep': 16, 'Epoch': 2, 'Type': 'Pre spike min under-run (mdp)', 'Details': 'Went past startPnt 0 searching for pre-spike min'}, {'Spike': 14, 'Seconds': np.float64(0.0863), 'Sweep': 16, 'Epoch': 2, 'Type': 'Fit EDD', 'Details': 'Early diastolic duration rate fit - Too low -61.947<=8'}, {'Spike': 14, 'Seconds': np.float64(0.0863), 'Sweep': 16, 'Epoch': 2, 'Type': 'Spike Width', 'Details': 'Half width 90 error in ""rising point"" with halfWidthWindow_ms:4.0 searching for Vm:0.54 from peak sec 0.09'}]",20260908,16:38:15,,,20230324a,20230324a,2021_07_20_0010.abf,,20.0,-20.0,0,"[10, 20, 50, 80, 90]",863,0.0863,-37.17825371878486,11.236199702048758,,870,0.087,4.733711917059759,41.911965635844616,0.6999999999999923,878.0,0.0878,-63.96919958932056,224.0,-69.42627934047151,288,544,25.6,10.70469368525913,-39.01977157592771,-61.947327529545,,869,-3.9140969293458108,131.33519076619817,873,-29.832238273961188,-163.88685514002415,46.0,4.6,217.3913043478261,0.0,0.0,63.9,"[{'halfHeight': 10, 'risingPnt': np.int64(863), 'fallingPnt': np.int64(874), 'widthPnts': np.int64(11), 'widthMs': np.float64(1.1)}, {'halfHeight': 20, 'risingPnt': np.int64(867), 'fallingPnt': np.int64(873), 'widthPnts': np.int64(6), 'widthMs': np.float64(0.6)}, {'halfHeight': 50, 'risingPnt': np.int64(867), 'fallingPnt': np.int64(873), 'widthPnts': np.int64(6), 'widthMs': np.float64(0.6)}, {'halfHeight': 80, 'risingPnt': np.int64(869), 'fallingPnt': np.int64(872), 'widthPnts': np.int64(3), 'widthMs': np.float64(0.3)}, {'halfHeight': 90, 'risingPnt': None, 'fallingPnt': None, 'widthPnts': None, 'widthMs': nan}]",1.1,0.6,0.6,0.3,,0.6999999999999923,yes,2021-07-20,17:26:31,,,,,unknown,,,,
68,68,dvdt,16,2,0.7000000476837158,15,0,"[{'Spike': 15, 'Seconds': np.float64(0.0914), 'Sweep': 16, 'Epoch': 2, 'Type': 'Pre spike min under-run (mdp)', 'Details': 'Went past startPnt 0 searching for pre-spike min'}, {'Spike': 15, 'Seconds': np.float64(0.0914), 'Sweep': 16, 'Epoch': 2, 'Type': 'Spike Width', 'Details': 'Half width 90 error in ""rising point"" with halfWidthWindow_ms:4.0 searching for Vm:-1.12 from peak sec 0.09'}]",20260908,16:38:15,,,20230324a,20230324a,2021_07_20_0010.abf,,20.0,-20.0,0,"[10, 20, 50, 80, 90]",914,0.09140000000000001,-35.733464377267005,10.661721864038594,,921,0.09209999999999999,2.7300151075635624,38.463479484830565,0.6999999999999784,977.0,0.09770000000000001,-62.91677910940985,224.0,-69.42627934047151,293,569,27.6,-62.29073181152341,-51.09950092860628,83.65076455354165,,920,-4.1669567959649205,115.24881554817654,924,-29.706680253573815,-152.2640181794457,51.0,5.1,196.07843137254903,0.0,0.0,69.0,"[{'halfHeight': 10, 'risingPnt': np.int64(914), 'fallingPnt': np.int64(925), 'widthPnts': np.int64(11), 'widthMs': np.float64(1.1)}, {'halfHeight': 20, 'risingPnt': np.int64(918), 'fallingPnt': np.int64(924), 'widthPnts': np.int64(6), 'widthMs': np.float64(0.6)}, {'halfHeight': 50, 'risingPnt': np.int64(918), 'fallingPnt': np.int64(924), 'widthPnts': np.int64(6), 'widthMs': np.float64(0.6)}, {'halfHeight': 80, 'risingPnt': np.int64(920), 'fallingPnt': np.int64(923), 'widthPnts': np.int64(3), 'widthMs': np.float64(0.3)}, {'halfHeight': 90, 'risingPnt': None, 'fallingPnt': None, 'widthPnts': None, 'widthMs': nan}]",1.1,0.6,0.6,0.3,,0.6999999999999784,yes,2021-07-20,17:26:31,,,,,unknown,,,,
69,69,dvdt,16,2,0.7000000476837158,16,0,"[{'Spike': 16, 'Seconds': np.float64(0.0962), 'Sweep': 16, 'Epoch': 2, 'Type': 'Pre spike min under-run (mdp)', 'Details': 'Went past startPnt 0 searching for pre-spike min'}, {'Spike': 16, 'Seconds': np.float64(0.0962), 'Sweep': 16, 'Epoch': 2, 'Type': 'Fit EDD', 'Details': 'Early diastolic duration rate fit - Too low -28.77<=8'}]",20260908,16:38:15,,,20230324a,20230324a,2021_07_20_0010.abf,,20.0,-20.0,0,"[10, 20, 50, 80, 90]",962,0.09620000000000001,-36.35427910940986,10.956434475645718,,969,0.0969,2.783202917235236,39.137482026645095,0.6999999999999923,977.0,0.09770000000000001,-62.91677910940985,224.0,-69.42627934047151,298,593,29.5,-60.507634626116044,-36.87220600673129,-28.769705455005532,,968,-5.739919837032043,118.99139204560483,972,-27.479768968479963,-154.60527643330227,48.0,4.8,208.33333333333334,0.0,0.0,73.8,"[{'halfHeight': 10, 'risingPnt': np.int64(962), 'fallingPnt': np.int64(973), 'widthPnts': np.int64(11), 'widthMs': np.float64(1.1)}, {'halfHeight': 20, 'risingPnt': np.int64(962), 'fallingPnt': np.int64(973), 'widthPnts': np.int64(11), 'widthMs': np.float64(1.1)}, {'halfHeight': 50, 'risingPnt': np.int64(966), 'fallingPnt': np.int64(972), 'widthPnts': np.int64(6), 'widthMs': np.float64(0.6)}, {'halfHeight': 80, 'risingPnt': np.int64(968), 'fallingPnt': np.int64(971), 'widthPnts': np.int64(3), 'widthMs': np.float64(0.3)}, {'halfHeight': 90, 'risingPnt': np.int64(968), 'fallingPnt': np.int64(971), 'widthPnts': np.int64(3), 'widthMs': np.float64(0.3)}]",1.1,1.1,0.6,0.3,0.3,0.6999999999999923,yes,2021-07-20,17:26:31,,,,,unknown,,,,
70,70,dvdt,16,2,0.7000000476837158,17,0,"[{'Spike': 17, 'Seconds': np.float64(0.1011), 'Sweep': 16, 'Epoch': 2, 'Type': 'Pre spike min under-run (mdp)', 'Details': 'Went past startPnt 0 searching for pre-spike min'}, {'Spike': 17, 'Seconds': np.float64(0.1011), 'Sweep': 16, 'Epoch': 2, 'Type': 'Fit EDD', 'Details': 'Early diastolic duration rate fit - Too low -42.115<=8'}, {'Spike': 17, 'Seconds': np.float64(0.1011), 'Sweep': 16, 'Epoch': 2, 'Type': 'Spike Width', 'Details': 'Half width 90 error in ""rising point"" with halfWidthWindow_ms:4.0 searching for Vm:-0.88 from peak sec 0.1'}]",20260908,16:38:15,,,20230324a,20230324a,2021_07_20_0010.abf,,20.0,-20.0,0,"[10, 20, 50, 80, 90]",1011,0.1011,-35.99853134155272,11.414322709064065,,1018,0.1018,3.0186242035457047,39.017155545098426,0.7000000000000062,1026.0,0.1026,-62.41716275896342,224.0,-69.42627934047151,303,618,31.5,-50.08806119646343,-49.65035193307057,-42.11482710660304,,1017,-4.072788269179206,117.40497586386533,1021,-29.57676256384167,-152.98722250023656,49.0,4.9,204.0816326530612,0.0,0.0,78.7,"[{'halfHeight': 10, 'risingPnt': np.int64(1011), 'fallingPnt': np.int64(1022), 'widthPnts': np.int64(11), 'widthMs': np.float64(1.1)}, {'halfHeight': 20, 'risingPnt': np.int64(1015), 'fallingPnt': np.int64(1021), 'widthPnts': np.int64(6), 'widthMs': np.float64(0.6)}, {'halfHeight': 50, 'risingPnt': np.int64(1015), 'fallingPnt': np.int64(1021), 'widthPnts': np.int64(6), 'widthMs': np.float64(0.6)}, {'halfHeight': 80, 'risingPnt': np.int64(1017), 'fallingPnt': np.int64(1020), 'widthPnts': np.int64(3), 'widthMs': np.float64(0.3)}, {'halfHeight': 90, 'risingPnt': None, 'fallingPnt': None, 'widthPnts': None, 'widthMs': nan}]",1.1,0.6,0.6,0.3,,0.7000000000000062,yes,2021-07-20,17:26:31,,,,,unknown,,,,
71,71,dvdt,16,2,0.7000000476837158,18,0,"[{'Spike': 18, 'Seconds': np.float64(0.1059), 'Sweep': 16, 'Epoch': 2, 'Type': 'Pre spike min under-run (mdp)', 'Details': 'Went past startPnt 0 searching for pre-spike min'}]",20260908,16:38:15,,,20230324a,20230324a,2021_07_20_0010.abf,,20.0,-20.0,0,"[10, 20, 50, 80, 90]",1059,0.10590000000000001,-36.131936754499144,10.634816570671223,,1066,0.1066,1.0480608292988358,37.17999758379798,0.6999999999999923,1122.0,0.11220000000000001,-63.21672330583842,224.0,-69.42627934047151,308,642,33.4,-45.738870348249144,4.478236293792722,10.67100595699903,,1065,-8.074950253963467,111.00525452068864,1069,-24.291989948068334,-144.48689286660164,48.0,4.8,208.33333333333334,0.0,0.0,83.5,"[{'halfHeight': 10, 'risingPnt': np.int64(1059), 'fallingPnt': np.int64(1070), 'widthPnts': np.int64(11), 'widthMs': np.float64(1.1)}, {'halfHeight': 20, 'risingPnt': np.int64(1059), 'fallingPnt': np.int64(1070), 'widthPnts': np.int64(11), 'widthMs': np.float64(1.1)}, {'halfHeight': 50, 'risingPnt': np.int64(1064), 'fallingPnt': np.int64(1069), 'widthPnts': np.int64(5), 'widthMs': np.float64(0.5)}, {'halfHeight': 80, 'risingPnt': np.int64(1065), 'fallingPnt': np.int64(1068), 'widthPnts': np.int64(3), 'widthMs': np.float64(0.3)}, {'halfHeight': 90, 'risingPnt': np.int64(1065), 'fallingPnt': np.int64(1068), 'widthPnts': np.int64(3), 'widthMs': np.float64(0.3)}]",1.1,1.1,0.5,0.3,0.3,0.6999999999999923,yes,2021-07-20,17:26:31,,,,,unknown,,,,
72,72,dvdt,16,2,0.7000000476837158,19,0,"[{'Spike': 19, 'Seconds': np.float64(0.1107), 'Sweep': 16, 'Epoch': 2, 'Type': 'Pre spike min under-run (mdp)', 'Details': 'Went past startPnt 0 searching for pre-spike min'}, {'Spike': 19, 'Seconds': np.float64(0.1107), 'Sweep': 16, 'Epoch': 2, 'Type': 'Fit EDD', 'Details': 'Early diastolic duration rate fit - Too low -56.4<=8'}]",20260908,16:38:15,,,20230324a,20230324a,2021_07_20_0010.abf,,20.0,-20.0,0,"[10, 20, 50, 80, 90]",1107,0.1107,-36.819890158517005,11.221252316844712,,1114,0.1114,3.130231230599538,39.950121389116546,0.6999999999999923,1122.0,0.11220000000000001,-63.21672330583842,224.0,-69.42627934047151,312,666,35.4,-41.01649311610628,-46.56458881923128,-56.40016032562147,,1113,-6.045095692362102,122.36950044631946,1117,-26.69939089162008,-155.58582446623808,48.0,4.8,208.33333333333334,0.0,0.0,88.3,"[{'halfHeight': 10, 'risingPnt': np.int64(1107), 'fallingPnt': np.int64(1118), 'widthPnts': np.int64(11), 'widthMs': np.float64(1.1)}, {'halfHeight': 20, 'risingPnt': np.int64(1107), 'fallingPnt': np.int64(1118), 'widthPnts': np.int64(11), 'widthMs': np.float64(1.1)}, {'halfHeight': 50, 'risingPnt': np.int64(1112), 'fallingPnt': np.int64(1117), 'widthPnts': np.int64(5), 'widthMs': np.float64(0.5)}, {'halfHeight': 80, 'risingPnt': np.int64(1113), 'fallingPnt': np.int64(1116), 'widthPnts': np.int64(3), 'widthMs': np.float64(0.3)}, {'halfHeight': 90, 'risingPnt': np.int64(1113), 'fallingPnt': np.int64(1116), 'widthPnts': np.int64(3), 'widthMs': np.float64(0.3)}]",1.1,1.1,0.5,0.3,0.3,0.6999999999999923,yes,2021-07-20,17:26:31,,,,,unknown,,,,
73,73,dvdt,16,2,0.7000000476837158,20,0,"[{'Spike': 20, 'Seconds': np.float64(0.1153), 'Sweep': 16, 'Epoch': 2, 'Type': 'Pre spike min under-run (mdp)', 'Details': 'Went past startPnt 0 searching for pre-spike min'}]",20260908,16:38:15,,,20230324a,20230324a,2021_07_20_0010.abf,,20.0,-20.0,0,"[10, 20, 50, 80, 90]",1153,0.1153,-37.265446799142005,11.54112636021204,,1160,0.116,4.750278602327616,42.01572540146962,0.7000000000000062,1168.0,0.1168,-63.0798301696777,224.0,-69.42627934047151,317,688,37.1,-8.632986382075714,-29.827878604616423,65.2190972855303,,1159,-3.884451282024382,130.87057620943796,1163,-29.211423541818334,-162.07896889959048,46.0,4.6,217.3913043478261,0.0,0.0,92.9,"[{'halfHeight': 10, 'risingPnt': np.int64(1153), 'fallingPnt': np.int64(1164), 'widthPnts': np.int64(11), 'widthMs': np.float64(1.1)}, {'halfHeight': 20, 'risingPnt': np.int64(1157), 'fallingPnt': np.int64(1163), 'widthPnts': np.int64(6), 'widthMs': np.float64(0.6)}, {'halfHeight': 50, 'risingPnt': np.int64(1157), 'fallingPnt': np.int64(1163), 'widthPnts': np.int64(6), 'widthMs': np.float64(0.6)}, {'halfHeight': 80, 'risingPnt': np.int64(1159), 'fallingPnt': np.int64(1162), 'widthPnts': np.int64(3), 'widthMs': np.float64(0.3)}, {'halfHeight': 90, 'risingPnt': np.int64(1159), 'fallingPnt': np.int64(1162), 'widthPnts': np.int64(3), 'widthMs': np.float64(0.3)}]",1.1,0.6,0.6,0.3,0.3,0.7000000000000062,yes,2021-07-20,17:26:31,,,,,unknown,,,,
74,74,dvdt,16,2,0.7000000476837158,21,0,"[{'Spike': 21, 'Seconds': np.float64(0.1205), 'Sweep': 16, 'Epoch': 2, 'Type': 'Pre spike min under-run (mdp)', 'Details': 'Went past startPnt 0 searching for pre-spike min'}]",20260908,16:38:15,,,20230324a,20230324a,2021_07_20_0010.abf,,20.0,-20.0,0,"[10, 20, 50, 80, 90]",1205,0.1205,-35.79973111833843,9.399913429727341,,1213,0.12129999999999999,0.37493018763405844,36.174661305972485,0.7999999999999952,1281.0,0.1281,-81.00672367640901,224.0,-69.42627934047151,322,714,39.2,-46.27249273572647,-44.95500455583843,39.252606545175226,,1212,-5.650110946382792,98.75038964602403,1216,-27.749195609773896,-137.19306816373535,52.0,5.2,192.30769230769232,0.0,0.0,98.1,"[{'halfHeight': 10, 'risingPnt': np.int64(1205), 'fallingPnt': np.int64(1217), 'widthPnts': np.int64(12), 'widthMs': np.float64(1.2)}, {'halfHeight': 20, 'risingPnt': np.int64(1205), 'fallingPnt': np.int64(1217), 'widthPnts': np.int64(12), 'widthMs': np.float64(1.2)}, {'halfHeight': 50, 'risingPnt': np.int64(1210), 'fallingPnt': np.int64(1216), 'widthPnts': np.int64(6), 'widthMs': np.float64(0.6)}, {'halfHeight': 80, 'risingPnt': np.int64(1212), 'fallingPnt': np.int64(1215), 'widthPnts': np.int64(3), 'widthMs': np.float64(0.3)}, {'halfHeight': 90, 'risingPnt': np.int64(1212), 'fallingPnt': np.int64(1215), 'widthPnts': np.int64(3), 'widthMs': np.float64(0.3)}]",1.2,1.2,0.6,0.3,0.3,0.7999999999999952,yes,2021-07-20,17:26:31,,,,,unknown,,,,
75,75,dvdt,16,2,0.7000000476837158,22,0,"[{'Spike': 22, 'Seconds': np.float64(0.1258), 'Sweep': 16, 'Epoch': 2, 'Type': 'Pre spike min under-run (mdp)', 'Details': 'Went past startPnt 0 searching for pre-spike min'}]",20260908,16:38:15,,,20230324a,20230324a,2021_07_20_0010.abf,,20.0,-20.0,0,"[10, 20, 50, 80, 90]",1258,0.1258,-36.809426988874144,7.00210259885202,,1270,0.127,-4.695346900394982,32.11408008847916,1.2000000000000066,1281.0,0.1281,-81.00672367640901,224.0,-69.42627934047151,327,741,41.4,-64.64407119750973,-63.49748502458842,77.64741508142829,,1268,-11.539131178174696,72.3286469907176,1273,-32.657292910984566,-114.30114762831698,53.0,5.3,188.67924528301887,0.0,0.0,103.4,"[{'halfHeight': 10, 'risingPnt': np.int64(1258), 'fallingPnt': np.int64(1274), 'widthPnts': np.int64(16), 'widthMs': np.float64(1.6)}, {'halfHeight': 20, 'risingPnt': np.int64(1263), 'fallingPnt': np.int64(1273), 'widthPnts': np.int64(10), 'widthMs': np.float64(1.0)}, {'halfHeight': 50, 'risingPnt': np.int64(1267), 'fallingPnt': np.int64(1272), 'widthPnts': np.int64(5), 'widthMs': np.float64(0.5)}, {'halfHeight': 80, 'risingPnt': np.int64(1267), 'fallingPnt': np.int64(1272), 'widthPnts': np.int64(5), 'widthMs': np.float64(0.5)}, {'halfHeight': 90, 'risingPnt': np.int64(1269), 'fallingPnt': np.int64(1271), 'widthPnts': np.int64(2), 'widthMs': np.float64(0.2)}]",1.6,1.0,0.5,0.5,0.2,1.2000000000000066,yes,2021-07-20,17:26:31,,,,,unknown,,,,
76,76,dvdt,17,2,0.8000000491738319,0,0,"[{'Spike': 0, 'Seconds': np.float64(0.0275), 'Sweep': 17, 'Epoch': 2, 'Type': 'Pre spike min under-run (mdp)', 'Details': 'Went past startPnt 0 searching for pre-spike min'}, {'Spike': 0, 'Seconds': np.float64(0.0275), 'Sweep': 17, 'Epoch': 2, 'Type': 'Fit EDD', 'Details': 'Early diastolic duration rate fit - preMinPnt == spikePnt'}]",20260908,16:38:15,,,20230324a,20230324a,2021_07_20_0010.abf,,20.0,-20.0,0,"[10, 20, 50, 80, 90]",275,0.0275,-69.69429310389924,5.545229479731346,,288,0.0288,12.332588342257901,82.02688144615715,1.2999999999999992,295.0,0.0295,-65.43752790178569,275.0,-69.67294856480186,275,275,0.0,-69.69429310389924,-69.69429310389924,,,287,3.308105234588893,188.7717546117547,290,-20.887100400243476,-205.5793422239165,,,,,,0.0,"[{'halfHeight': 10, 'risingPnt': np.int64(277), 'fallingPnt': np.int64(293), 'widthPnts': np.int64(16), 'widthMs': np.float64(1.6)}, {'halfHeight': 20, 'risingPnt': np.int64(278), 'fallingPnt': np.int64(292), 'widthPnts': np.int64(14), 'widthMs': np.float64(1.4)}, {'halfHeight': 50, 'risingPnt': np.int64(282), 'fallingPnt': np.int64(291), 'widthPnts': np.int64(9), 'widthMs': np.float64(0.9)}, {'halfHeight': 80, 'risingPnt': np.int64(286), 'fallingPnt': np.int64(290), 'widthPnts': np.int64(4), 'widthMs': np.float64(0.4)}, {'halfHeight': 90, 'risingPnt': np.int64(287), 'fallingPnt': np.int64(289), 'widthPnts': np.int64(2), 'widthMs': np.float64(0.2)}]",1.6,1.4,0.9,0.4,0.2,1.2999999999999992,yes,2021-07-20,17:26:31,,,,,unknown,,,,
77,77,dvdt,17,2,0.8000000491738319,1,0,"[{'Spike': 1, 'Seconds': np.float64(0.0312), 'Sweep': 17, 'Epoch': 2, 'Type': 'Pre spike min under-run (mdp)', 'Details': 'Went past startPnt 0 searching for pre-spike min'}, {'Spike': 1, 'Seconds': np.float64(0.0312), 'Sweep': 17, 'Epoch': 2, 'Type': 'Spike Width', 'Details': 'Half width 90 error in ""rising point"" with halfWidthWindow_ms:4.0 searching for Vm:4.89 from peak sec 0.03'}]",20260908,16:38:15,,,20230324a,20230324a,2021_07_20_0010.abf,,20.0,-20.0,0,"[10, 20, 50, 80, 90]",312,0.0312,-37.06490255083355,16.379593044397758,,317,0.0317,9.555488845280234,46.62039139611379,0.5000000000000004,324.0,0.0324,-64.91088169642855,276.0,-69.67294856480186,280,294,1.4,-43.23904473440986,-65.3363839285714,1392.7504864182995,,316,-2.410016478810991,168.31177974136492,320,-32.672115939004065,-191.91095461066868,37.0,3.7,270.27027027027026,1.0,0.1,3.6,"[{'halfHeight': 10, 'risingPnt': np.int64(314), 'fallingPnt': np.int64(320), 'widthPnts': np.int64(6), 'widthMs': np.float64(0.6)}, {'halfHeight': 20, 'risingPnt': np.int64(314), 'fallingPnt': np.int64(320), 'widthPnts': np.int64(6), 'widthMs': np.float64(0.6)}, {'halfHeight': 50, 'risingPnt': np.int64(314), 'fallingPnt': np.int64(320), 'widthPnts': np.int64(6), 'widthMs': np.float64(0.6)}, {'halfHeight': 80, 'risingPnt': np.int64(316), 'fallingPnt': np.int64(319), 'widthPnts': np.int64(3), 'widthMs': np.float64(0.3)}, {'halfHeight': 90, 'risingPnt': None, 'fallingPnt': None, 'widthPnts': None, 'widthMs': nan}]",0.6,0.6,0.6,0.3,,0.5000000000000004,yes,2021-07-20,17:26:31,,,,,unknown,,,,
78,78,dvdt,17,2,0.8000000491738319,2,0,"[{'Spike': 2, 'Seconds': np.float64(0.0343), 'Sweep': 17, 'Epoch': 2, 'Type': 'Pre spike min under-run (mdp)', 'Details': 'Went past startPnt 0 searching for pre-spike min'}, {'Spike': 2, 'Seconds': np.float64(0.0343), 'Sweep': 17, 'Epoch': 2, 'Type': 'Fit EDD', 'Details': 'Early diastolic duration rate fit - Too low -11778.337<=8'}]",20260908,16:38:15,,,20230324a,20230324a,2021_07_20_0010.abf,,20.0,-20.0,0,"[10, 20, 50, 80, 90]",343,0.0343,-38.493125370570574,13.329830122967133,,349,0.0349,7.435825184413361,45.928950554983935,0.6000000000000033,393.0,0.039299999999999995,-64.3720297677176,276.0,-69.67294856480186,283,310,2.7,-37.675254276820574,-40.225651877267,-11778.336514509456,,348,-7.048688180106024,157.04917472917194,352,-26.857210336412688,-188.6531758016468,31.0,3.1,322.5806451612903,0.0,0.0,6.7,"[{'halfHeight': 10, 'risingPnt': np.int64(343), 'fallingPnt': np.int64(353), 'widthPnts': np.int64(10), 'widthMs': np.float64(1.0)}, {'halfHeight': 20, 'risingPnt': np.int64(343), 'fallingPnt': np.int64(353), 'widthPnts': np.int64(10), 'widthMs': np.float64(1.0)}, {'halfHeight': 50, 'risingPnt': np.int64(347), 'fallingPnt': np.int64(352), 'widthPnts': np.int64(5), 'widthMs': np.float64(0.5)}, {'halfHeight': 80, 'risingPnt': np.int64(348), 'fallingPnt': np.int64(351), 'widthPnts': np.int64(3), 'widthMs': np.float64(0.3)}, {'halfHeight': 90, 'risingPnt': np.int64(348), 'fallingPnt': np.int64(351), 'widthPnts': np.int64(3), 'widthMs': np.float64(0.3)}]",1.0,1.0,0.5,0.3,0.3,0.6000000000000033,yes,2021-07-20,17:26:31,,,,,unknown,,,,
79,79,dvdt,17,2,0.8000000491738319,3,0,"[{'Spike': 3, 'Seconds': np.float64(0.0379), 'Sweep': 17, 'Epoch': 2, 'Type': 'Pre spike min under-run (mdp)', 'Details': 'Went past startPnt 0 searching for pre-spike min'}, {'Spike': 3, 'Seconds': np.float64(0.0379), 'Sweep': 17, 'Epoch': 2, 'Type': 'Fit EDD', 'Details': 'Early diastolic duration rate fit - Too low -2681.226<=8'}]",20260908,16:38:15,,,20230324a,20230324a,2021_07_20_0010.abf,,20.0,-20.0,0,"[10, 20, 50, 80, 90]",379,0.037899999999999996,-37.66130338396343,13.104622852558999,,386,0.0386,8.309499808720176,45.970803192683604,0.7000000000000062,393.0,0.039299999999999995,-64.3720297677176,276.0,-69.67294856480186,286,328,4.2,-17.2659719467163,-56.38863318307057,-2681.2261884513355,,385,2.262660145759581,147.181162483838,389,-36.908827437673274,-176.48027423157967,36.0,3.6,277.77777777777777,0.0,0.0,10.3,"[{'halfHeight': 10, 'risingPnt': np.int64(380), 'fallingPnt': np.int64(389), 'widthPnts': np.int64(9), 'widthMs': np.float64(0.9)}, {'halfHeight': 20, 'risingPnt': np.int64(380), 'fallingPnt': np.int64(389), 'widthPnts': np.int64(9), 'widthMs': np.float64(0.9)}, {'halfHeight': 50, 'risingPnt': np.int64(384), 'fallingPnt': np.int64(388), 'widthPnts': np.int64(4), 'widthMs': np.float64(0.4)}, {'halfHeight': 80, 'risingPnt': np.int64(385), 'fallingPnt': np.int64(387), 'widthPnts': np.int64(2), 'widthMs': np.float64(0.2)}, {'halfHeight': 90, 'risingPnt': np.int64(385), 'fallingPnt': np.int64(387), 'widthPnts': np.int64(2), 'widthMs': np.float64(0.2)}]",0.9,0.9,0.4,0.2,0.2,0.7000000000000062,yes,2021-07-20,17:26:31,,,,,unknown,,,,
80,80,dvdt,17,2,0.8000000491738319,4,0,"[{'Spike': 4, 'Seconds': np.float64(0.0415), 'Sweep': 17, 'Epoch': 2, 'Type': 'Pre spike min under-run (mdp)', 'Details': 'Went past startPnt 0 searching for pre-spike min'}]",20260908,16:38:15,,,20230324a,20230324a,2021_07_20_0010.abf,,20.0,-20.0,0,"[10, 20, 50, 80, 90]",415,0.0415,-37.72669819423129,13.453395173987552,,421,0.0421,7.754951858520504,45.481650052751796,0.5999999999999963,428.0,0.0428,-64.32668805803569,276.0,-69.67294856480186,290,346,5.6,-20.887100400243476,-32.07658788136072,1167.1276120160594,,420,-5.412945992606025,155.11797256080456,424,-28.02385375159126,-185.7324567327692,36.0,3.6,277.77777777777777,0.0,0.0,13.9,"[{'halfHeight': 10, 'risingPnt': np.int64(415), 'fallingPnt': np.int64(425), 'widthPnts': np.int64(10), 'widthMs': np.float64(1.0)}, {'halfHeight': 20, 'risingPnt': np.int64(415), 'fallingPnt': np.int64(425), 'widthPnts': np.int64(10), 'widthMs': np.float64(1.0)}, {'halfHeight': 50, 'risingPnt': np.int64(419), 'fallingPnt': np.int64(424), 'widthPnts': np.int64(5), 'widthMs': np.float64(0.5)}, {'halfHeight': 80, 'risingPnt': np.int64(420), 'fallingPnt': np.int64(423), 'widthPnts': np.int64(3), 'widthMs': np.float64(0.3)}, {'halfHeight': 90, 'risingPnt': np.int64(420), 'fallingPnt': np.int64(423), 'widthPnts': np.int64(3), 'widthMs': np.float64(0.3)}]",1.0,1.0,0.5,0.3,0.3,0.5999999999999963,yes,2021-07-20,17:26:31,,,,,unknown,,,,
81,81,dvdt,17,2,0.8000000491738319,5,0,"[{'Spike': 5, 'Seconds': np.float64(0.0452), 'Sweep': 17, 'Epoch': 2, 'Type': 'Pre spike min under-run (mdp)', 'Details': 'Went past startPnt 0 searching for pre-spike min'}]",20260908,16:38:15,,,20230324a,20230324a,2021_07_20_0010.abf,,20.0,-20.0,0,"[10, 20, 50, 80, 90]",452,0.045200000000000004,-37.34217670985629,11.658712457150829,,459,0.045899999999999996,7.412283052716932,44.75445976257322,0.6999999999999923,466.0,0.0466,-64.14271196637831,276.0,-69.67294856480186,294,364,7.0,-65.3363839285714,-49.47945349557057,833.7384501344613,,457,-10.042898123604905,140.75328828072048,461,-22.86463930947439,-178.2610044946474,37.0,3.7,270.27027027027026,0.0,0.0,17.6,"[{'halfHeight': 10, 'risingPnt': np.int64(452), 'fallingPnt': np.int64(462), 'widthPnts': np.int64(10), 'widthMs': np.float64(1.0)}, {'halfHeight': 20, 'risingPnt': np.int64(452), 'fallingPnt': np.int64(462), 'widthPnts': np.int64(10), 'widthMs': np.float64(1.0)}, {'halfHeight': 50, 'risingPnt': np.int64(457), 'fallingPnt': np.int64(461), 'widthPnts': np.int64(4), 'widthMs': np.float64(0.4)}, {'halfHeight': 80, 'risingPnt': np.int64(458), 'fallingPnt': np.int64(460), 'widthPnts': np.int64(2), 'widthMs': np.float64(0.2)}, {'halfHeight': 90, 'risingPnt': np.int64(458), 'fallingPnt': np.int64(460), 'widthPnts': np.int64(2), 'widthMs': np.float64(0.2)}]",1.0,1.0,0.4,0.2,0.2,0.6999999999999923,yes,2021-07-20,17:26:31,,,,,unknown,,,,
82,82,dvdt,17,2,0.8000000491738319,6,0,"[{'Spike': 6, 'Seconds': np.float64(0.0492), 'Sweep': 17, 'Epoch': 2, 'Type': 'Pre spike min under-run (mdp)', 'Details': 'Went past startPnt 0 searching for pre-spike min'}]",20260908,16:38:15,,,20230324a,20230324a,2021_07_20_0010.abf,,20.0,-20.0,0,"[10, 20, 50, 80, 90]",492,0.0492,-35.469269180297836,13.154694747924792,,498,0.0498,7.753207935605726,43.22247711590356,0.5999999999999963,505.0,0.0505,-63.715467725481275,276.0,-69.67294856480186,298,384,8.6,-57.71222414289199,-13.684953008379248,8.15402882556744,,497,1.4639715347971223,140.68801829571612,501,-34.573796740600024,-171.57753202185324,40.0,4.0,250.0,0.0,0.0,21.6,"[{'halfHeight': 10, 'risingPnt': np.int64(493), 'fallingPnt': np.int64(501), 'widthPnts': np.int64(8), 'widthMs': np.float64(0.8)}, {'halfHeight': 20, 'risingPnt': np.int64(493), 'fallingPnt': np.int64(501), 'widthPnts': np.int64(8), 'widthMs': np.float64(0.8)}, {'halfHeight': 50, 'risingPnt': np.int64(496), 'fallingPnt': np.int64(500), 'widthPnts': np.int64(4), 'widthMs': np.float64(0.4)}, {'halfHeight': 80, 'risingPnt': np.int64(496), 'fallingPnt': np.int64(500), 'widthPnts': np.int64(4), 'widthMs': np.float64(0.4)}, {'halfHeight': 90, 'risingPnt': np.int64(497), 'fallingPnt': np.int64(499), 'widthPnts': np.int64(2), 'widthMs': np.float64(0.2)}]",0.8,0.8,0.4,0.4,0.2,0.5999999999999963,yes,2021-07-20,17:26:31,,,,,unknown,,,,
83,83,dvdt,17,2,0.8000000491738319,7,0,"[{'Spike': 7, 'Seconds': np.float64(0.0532), 'Sweep': 17, 'Epoch': 2, 'Type': 'Pre spike min under-run (mdp)', 'Details': 'Went past startPnt 0 searching for pre-spike min'}, {'Spike': 7, 'Seconds': np.float64(0.0532), 'Sweep': 17, 'Epoch': 2, 'Type': 'Fit EDD', 'Details': 'Early diastolic duration rate fit - Too low -523.39<=8'}]",20260908,16:38:15,,,20230324a,20230324a,2021_07_20_0010.abf,,20.0,-20.0,0,"[10, 20, 50, 80, 90]",532,0.053200000000000004,-36.234824589320574,11.153241714166125,,539,0.053899999999999997,6.690324578966409,42.925149168286985,0.6999999999999923,546.0,0.0546,-63.32222693307056,276.0,-69.67294856480186,302,404,10.2,-48.55433491298128,-47.35891778128485,-523.3895116674795,,537,-9.431674671173091,135.1104016868434,541,-22.25167199543543,-170.78830952936272,40.0,4.0,250.0,0.0,0.0,25.6,"[{'halfHeight': 10, 'risingPnt': np.int64(532), 'fallingPnt': np.int64(542), 'widthPnts': np.int64(10), 'widthMs': np.float64(1.0)}, {'halfHeight': 20, 'risingPnt': np.int64(532), 'fallingPnt': np.int64(542), 'widthPnts': np.int64(10), 'widthMs': np.float64(1.0)}, {'halfHeight': 50, 'risingPnt': np.int64(537), 'fallingPnt': np.int64(541), 'widthPnts': np.int64(4), 'widthMs': np.float64(0.4)}, {'halfHeight': 80, 'risingPnt': np.int64(538), 'fallingPnt': np.int64(540), 'widthPnts': np.int64(2), 'widthMs': np.float64(0.2)}, {'halfHeight': 90, 'risingPnt': np.int64(538), 'fallingPnt': np.int64(540), 'widthPnts': np.int64(2), 'widthMs': np.float64(0.2)}]",1.0,1.0,0.4,0.2,0.2,0.6999999999999923,yes,2021-07-20,17:26:31,,,,,unknown,,,,
84,84,dvdt,17,2,0.8000000491738319,8,0,"[{'Spike': 8, 'Seconds': np.float64(0.0575), 'Sweep': 17, 'Epoch': 2, 'Type': 'Pre spike min under-run (mdp)', 'Details': 'Went past startPnt 0 searching for pre-spike min'}]",20260908,16:38:15,,,20230324a,20230324a,2021_07_20_0010.abf,,20.0,-20.0,0,"[10, 20, 50, 80, 90]",575,0.0575,-35.49193938119069,11.2075487720723,,582,0.0582,5.479212692805696,40.971152073996386,0.6999999999999993,589.0,0.0589,-62.59678050449914,276.0,-69.67294856480186,306,426,12.0,-44.34988457815986,-54.976105444771875,357.1853323758077,,580,-8.418491077423091,129.8862923330189,584,-22.524586336953288,-164.3347759675005,43.0,4.3,232.5581395348837,0.0,0.0,29.9,"[{'halfHeight': 10, 'risingPnt': np.int64(575), 'fallingPnt': np.int64(585), 'widthPnts': np.int64(10), 'widthMs': np.float64(1.0)}, {'halfHeight': 20, 'risingPnt': np.int64(575), 'fallingPnt': np.int64(585), 'widthPnts': np.int64(10), 'widthMs': np.float64(1.0)}, {'halfHeight': 50, 'risingPnt': np.int64(579), 'fallingPnt': np.int64(584), 'widthPnts': np.int64(5), 'widthMs': np.float64(0.5)}, {'halfHeight': 80, 'risingPnt': np.int64(581), 'fallingPnt': np.int64(583), 'widthPnts': np.int64(2), 'widthMs': np.float64(0.2)}, {'halfHeight': 90, 'risingPnt': np.int64(581), 'fallingPnt': np.int64(583), 'widthPnts': np.int64(2), 'widthMs': np.float64(0.2)}]",1.0,1.0,0.5,0.2,0.2,0.6999999999999993,yes,2021-07-20,17:26:31,,,,,unknown,,,,
85,85,dvdt,17,2,0.8000000491738319,9,0,"[{'Spike': 9, 'Seconds': np.float64(0.0618), 'Sweep': 17, 'Epoch': 2, 'Type': 'Pre spike min under-run (mdp)', 'Details': 'Went past startPnt 0 searching for pre-spike min'}, {'Spike': 9, 'Seconds': np.float64(0.0618), 'Sweep': 17, 'Epoch': 2, 'Type': 'Fit EDD', 'Details': 'Early diastolic duration rate fit - Too low -483.178<=8'}]",20260908,16:38:15,,,20230324a,20230324a,2021_07_20_0010.abf,,20.0,-20.0,0,"[10, 20, 50, 80, 90]",618,0.061799999999999994,-35.15711795261927,11.440478858169243,,625,0.0625,5.685860293252125,40.84297824587139,0.7000000000000062,673.0,0.0673,-62.756343841552706,276.0,-69.67294856480186,310,447,13.7,-40.225651877267,-42.203190939767,-483.1782608020275,,624,1.3645715713500963,122.2257555105247,628,-34.66970914431979,-160.66942941899185,43.0,4.3,232.5581395348837,0.0,0.0,34.2,"[{'halfHeight': 10, 'risingPnt': np.int64(619), 'fallingPnt': np.int64(628), 'widthPnts': np.int64(9), 'widthMs': np.float64(0.9)}, {'halfHeight': 20, 'risingPnt': np.int64(619), 'fallingPnt': np.int64(628), 'widthPnts': np.int64(9), 'widthMs': np.float64(0.9)}, {'halfHeight': 50, 'risingPnt': np.int64(623), 'fallingPnt': np.int64(627), 'widthPnts': np.int64(4), 'widthMs': np.float64(0.4)}, {'halfHeight': 80, 'risingPnt': np.int64(624), 'fallingPnt': np.int64(626), 'widthPnts': np.int64(2), 'widthMs': np.float64(0.2)}, {'halfHeight': 90, 'risingPnt': np.int64(624), 'fallingPnt': np.int64(626), 'widthPnts': np.int64(2), 'widthMs': np.float64(0.2)}]",0.9,0.9,0.4,0.2,0.2,0.7000000000000062,yes,2021-07-20,17:26:31,,,,,unknown,,,,
86,86,dvdt,17,2,0.8000000491738319,10,0,"[{'Spike': 10, 'Seconds': np.float64(0.066), 'Sweep': 17, 'Epoch': 2, 'Type': 'Pre spike min under-run (mdp)', 'Details': 'Went past startPnt 0 searching for pre-spike min'}, {'Spike': 10, 'Seconds': np.float64(0.066), 'Sweep': 17, 'Epoch': 2, 'Type': 'Fit EDD', 'Details': 'Early diastolic duration rate fit - Too low -28.603<=8'}]",20260908,16:38:15,,,20230324a,20230324a,2021_07_20_0010.abf,,20.0,-20.0,0,"[10, 20, 50, 80, 90]",660,0.066,-34.803985977172836,13.28922121476153,,666,0.06659999999999999,7.211738927023747,42.01572490419658,0.5999999999999894,673.0,0.0673,-62.756343841552706,276.0,-69.67294856480186,314,468,15.4,-31.522911790439043,-60.66806989397318,-28.602923143458636,,665,1.6401015520095812,133.95247745513902,669,-34.18229981490542,-167.3212642280421,42.0,4.2,238.09523809523807,0.0,0.0,38.4,"[{'halfHeight': 10, 'risingPnt': np.int64(661), 'fallingPnt': np.int64(669), 'widthPnts': np.int64(8), 'widthMs': np.float64(0.8)}, {'halfHeight': 20, 'risingPnt': np.int64(661), 'fallingPnt': np.int64(669), 'widthPnts': np.int64(8), 'widthMs': np.float64(0.8)}, {'halfHeight': 50, 'risingPnt': np.int64(664), 'fallingPnt': np.int64(668), 'widthPnts': np.int64(4), 'widthMs': np.float64(0.4)}, {'halfHeight': 80, 'risingPnt': np.int64(665), 'fallingPnt': np.int64(667), 'widthPnts': np.int64(2), 'widthMs': np.float64(0.2)}, {'halfHeight': 90, 'risingPnt': np.int64(665), 'fallingPnt': np.int64(667), 'widthPnts': np.int64(2), 'widthMs': np.float64(0.2)}]",0.8,0.8,0.4,0.2,0.2,0.5999999999999894,yes,2021-07-20,17:26:31,,,,,unknown,,,,
87,87,dvdt,17,2,0.8000000491738319,11,0,"[{'Spike': 11, 'Seconds': np.float64(0.0701), 'Sweep': 17, 'Epoch': 2, 'Type': 'Pre spike min under-run (mdp)', 'Details': 'Went past startPnt 0 searching for pre-spike min'}, {'Spike': 11, 'Seconds': np.float64(0.0701), 'Sweep': 17, 'Epoch': 2, 'Type': 'Fit EDD', 'Details': 'Early diastolic duration rate fit - Too low -34.045<=8'}]",20260908,16:38:15,,,20230324a,20230324a,2021_07_20_0010.abf,,20.0,-20.0,0,"[10, 20, 50, 80, 90]",701,0.0701,-35.451830727713435,11.350796321946731,,708,0.0708,6.217738083430695,41.66956881114413,0.7000000000000062,715.0,0.0715,-62.03525706699913,276.0,-69.67294856480186,318,488,17.0,4.112025100844244,-39.939658573695574,-34.04545303106397,,707,0.13950889451163115,127.65788588961763,711,-32.2431257026536,-161.8816618116533,41.0,4.1,243.90243902439028,0.0,0.0,42.5,"[{'halfHeight': 10, 'risingPnt': np.int64(704), 'fallingPnt': np.int64(711), 'widthPnts': np.int64(7), 'widthMs': np.float64(0.7)}, {'halfHeight': 20, 'risingPnt': np.int64(704), 'fallingPnt': np.int64(711), 'widthPnts': np.int64(7), 'widthMs': np.float64(0.7)}, {'halfHeight': 50, 'risingPnt': np.int64(706), 'fallingPnt': np.int64(710), 'widthPnts': np.int64(4), 'widthMs': np.float64(0.4)}, {'halfHeight': 80, 'risingPnt': np.int64(706), 'fallingPnt': np.int64(710), 'widthPnts': np.int64(4), 'widthMs': np.float64(0.4)}, {'halfHeight': 90, 'risingPnt': np.int64(707), 'fallingPnt': np.int64(709), 'widthPnts': np.int64(2), 'widthMs': np.float64(0.2)}]",0.7,0.7,0.4,0.4,0.2,0.7000000000000062,yes,2021-07-20,17:26:31,,,,,unknown,,,,
88,88,dvdt,17,2,0.8000000491738319,12,0,"[{'Spike': 12, 'Seconds': np.float64(0.0744), 'Sweep': 17, 'Epoch': 2, 'Type': 'Pre spike min under-run (mdp)', 'Details': 'Went past startPnt 0 searching for pre-spike min'}, {'Spike': 12, 'Seconds': np.float64(0.0744), 'Sweep': 17, 'Epoch': 2, 'Type': 'Spike Width', 'Details': 'Half width 90 error in ""rising point"" with halfWidthWindow_ms:4.0 searching for Vm:2.4 from peak sec 0.08'}]",20260908,16:38:15,,,20230324a,20230324a,2021_07_20_0010.abf,,20.0,-20.0,0,"[10, 20, 50, 80, 90]",744,0.07440000000000001,-35.825889042445574,11.469628034319184,,751,0.0751,6.650215823309758,42.47610486575533,0.6999999999999923,758.0,0.07579999999999999,-61.901851654052706,276.0,-69.67294856480186,323,510,18.7,-63.27775748116626,-54.15300260271343,240.0195337385917,,750,-0.3914969427245007,131.46099940197794,754,-31.13664675865853,-164.786438785037,43.0,4.3,232.5581395348837,0.0,0.0,46.8,"[{'halfHeight': 10, 'risingPnt': np.int64(744), 'fallingPnt': np.int64(755), 'widthPnts': np.int64(11), 'widthMs': np.float64(1.1)}, {'halfHeight': 20, 'risingPnt': np.int64(747), 'fallingPnt': np.int64(754), 'widthPnts': np.int64(7), 'widthMs': np.float64(0.7)}, {'halfHeight': 50, 'risingPnt': np.int64(749), 'fallingPnt': np.int64(753), 'widthPnts': np.int64(4), 'widthMs': np.float64(0.4)}, {'halfHeight': 80, 'risingPnt': np.int64(749), 'fallingPnt': np.int64(753), 'widthPnts': np.int64(4), 'widthMs': np.float64(0.4)}, {'halfHeight': 90, 'risingPnt': None, 'fallingPnt': None, 'widthPnts': None, 'widthMs': nan}]",1.1,0.7,0.4,0.4,,0.6999999999999923,yes,2021-07-20,17:26:31,,,,,unknown,,,,
89,89,dvdt,17,2,0.8000000491738319,13,0,"[{'Spike': 13, 'Seconds': np.float64(0.0787), 'Sweep': 17, 'Epoch': 2, 'Type': 'Pre spike min under-run (mdp)', 'Details': 'Went past startPnt 0 searching for pre-spike min'}, {'Spike': 13, 'Seconds': np.float64(0.0787), 'Sweep': 17, 'Epoch': 2, 'Type': 'Fit EDD', 'Details': 'Early diastolic duration rate fit - Too low -33.705<=8'}, {'Spike': 13, 'Seconds': np.float64(0.0787), 'Sweep': 17, 'Epoch': 2, 'Type': 'Spike Width', 'Details': 'Half width 90 error in ""rising point"" with halfWidthWindow_ms:4.0 searching for Vm:1.54 from peak sec 0.08'}]",20260908,16:38:15,,,20230324a,20230324a,2021_07_20_0010.abf,,20.0,-20.0,0,"[10, 20, 50, 80, 90]",787,0.0787,-35.733464377267005,11.091708311742652,,794,0.07940000000000001,5.6858603341238805,41.419324711390885,0.7000000000000062,802.0,0.08020000000000001,-61.640272412981275,276.0,-69.67294856480186,327,532,20.5,-59.14131905691962,-36.234824589320574,-33.704930725119574,,793,-2.6384621586118415,127.9311728535865,797,-28.47289814608436,-161.9760809217179,43.0,4.3,232.5581395348837,0.0,0.0,51.1,"[{'halfHeight': 10, 'risingPnt': np.int64(787), 'fallingPnt': np.int64(798), 'widthPnts': np.int64(11), 'widthMs': np.float64(1.1)}, {'halfHeight': 20, 'risingPnt': np.int64(791), 'fallingPnt': np.int64(797), 'widthPnts': np.int64(6), 'widthMs': np.float64(0.6)}, {'halfHeight': 50, 'risingPnt': np.int64(791), 'fallingPnt': np.int64(797), 'widthPnts': np.int64(6), 'widthMs': np.float64(0.6)}, {'halfHeight': 80, 'risingPnt': np.int64(793), 'fallingPnt': np.int64(796), 'widthPnts': np.int64(3), 'widthMs': np.float64(0.3)}, {'halfHeight': 90, 'risingPnt': None, 'fallingPnt': None, 'widthPnts': None, 'widthMs': nan}]",1.1,0.6,0.6,0.3,,0.7000000000000062,yes,2021-07-20,17:26:31,,,,,unknown,,,,
90,90,dvdt,17,2,0.8000000491738319,14,0,"[{'Spike': 14, 'Seconds': np.float64(0.0833), 'Sweep': 17, 'Epoch': 2, 'Type': 'Pre spike min under-run (mdp)', 'Details': 'Went past startPnt 0 searching for pre-spike min'}, {'Spike': 14, 'Seconds': np.float64(0.0833), 'Sweep': 17, 'Epoch': 2, 'Type': 'Fit EDD', 'Details': 'Early diastolic duration rate fit - Too low -48.852<=8'}]",20260908,16:38:15,,,20230324a,20230324a,2021_07_20_0010.abf,,20.0,-20.0,0,"[10, 20, 50, 80, 90]",833,0.0833,-35.024584633963435,10.253658247967156,,841,0.0841,3.7222722053527804,38.746856839316216,0.7999999999999952,893.0,0.08929999999999999,-61.27144568307056,276.0,-69.67294856480186,332,554,22.2,-48.70866666521342,-49.48119735717771,-48.851990520786956,,839,-8.447264712197436,113.00944939438166,844,-35.54948734555924,-149.08969067359445,46.0,4.6,217.3913043478261,0.0,0.0,55.7,"[{'halfHeight': 10, 'risingPnt': np.int64(833), 'fallingPnt': np.int64(844), 'widthPnts': np.int64(11), 'widthMs': np.float64(1.1)}, {'halfHeight': 20, 'risingPnt': np.int64(833), 'fallingPnt': np.int64(844), 'widthPnts': np.int64(11), 'widthMs': np.float64(1.1)}, {'halfHeight': 50, 'risingPnt': np.int64(838), 'fallingPnt': np.int64(843), 'widthPnts': np.int64(5), 'widthMs': np.float64(0.5)}, {'halfHeight': 80, 'risingPnt': np.int64(840), 'fallingPnt': np.int64(842), 'widthPnts': np.int64(2), 'widthMs': np.float64(0.2)}, {'halfHeight': 90, 'risingPnt': np.int64(840), 'fallingPnt': np.int64(842), 'widthPnts': np.int64(2), 'widthMs': np.float64(0.2)}]",1.1,1.1,0.5,0.2,0.2,0.7999999999999952,yes,2021-07-20,17:26:31,,,,,unknown,,,,
91,91,dvdt,17,2,0.8000000491738319,15,0,"[{'Spike': 15, 'Seconds': np.float64(0.0878), 'Sweep': 17, 'Epoch': 2, 'Type': 'Pre spike min under-run (mdp)', 'Details': 'Went past startPnt 0 searching for pre-spike min'}, {'Spike': 15, 'Seconds': np.float64(0.0878), 'Sweep': 17, 'Epoch': 2, 'Type': 'Fit EDD', 'Details': 'Early diastolic duration rate fit - Too low -93.742<=8'}]",20260908,16:38:15,,,20230324a,20230324a,2021_07_20_0010.abf,,20.0,-20.0,0,"[10, 20, 50, 80, 90]",878,0.0878,-35.971501486642005,10.470395333426337,,886,0.0886,4.9743648392813515,40.945866325923355,0.7999999999999952,937.0,0.0937,-61.50861086164199,276.0,-69.67294856480186,336,577,24.1,-45.281106676374144,-32.07222834995813,-93.74187731570649,,884,-9.020123250143865,119.28436170305511,889,-35.10480263573781,-152.51787347015056,45.0,4.5,222.22222222222223,0.0,0.0,60.2,"[{'halfHeight': 10, 'risingPnt': np.int64(879), 'fallingPnt': np.int64(889), 'widthPnts': np.int64(10), 'widthMs': np.float64(1.0)}, {'halfHeight': 20, 'risingPnt': np.int64(879), 'fallingPnt': np.int64(889), 'widthPnts': np.int64(10), 'widthMs': np.float64(1.0)}, {'halfHeight': 50, 'risingPnt': np.int64(884), 'fallingPnt': np.int64(888), 'widthPnts': np.int64(4), 'widthMs': np.float64(0.4)}, {'halfHeight': 80, 'risingPnt': np.int64(885), 'fallingPnt': np.int64(887), 'widthPnts': np.int64(2), 'widthMs': np.float64(0.2)}, {'halfHeight': 90, 'risingPnt': np.int64(885), 'fallingPnt': np.int64(887), 'widthPnts': np.int64(2), 'widthMs': np.float64(0.2)}]",1.0,1.0,0.4,0.2,0.2,0.7999999999999952,yes,2021-07-20,17:26:31,,,,,unknown,,,,
92,92,dvdt,17,2,0.8000000491738319,16,0,"[{'Spike': 16, 'Seconds': np.float64(0.0922), 'Sweep': 17, 'Epoch': 2, 'Type': 'Pre spike min under-run (mdp)', 'Details': 'Went past startPnt 0 searching for pre-spike min'}, {'Spike': 16, 'Seconds': np.float64(0.0922), 'Sweep': 17, 'Epoch': 2, 'Type': 'Fit EDD', 'Details': 'Early diastolic duration rate fit - Too low -67.724<=8'}]",20260908,16:38:15,,,20230324a,20230324a,2021_07_20_0010.abf,,20.0,-20.0,0,"[10, 20, 50, 80, 90]",922,0.0922,-36.264470236642005,10.398897007533465,,930,0.093,5.099050862448553,41.363521099090555,0.7999999999999952,937.0,0.0937,-61.50861086164199,276.0,-69.67294856480186,341,599,25.8,-40.92668424333843,-47.73559188842771,-67.72388499355408,,928,-7.8273219926016635,126.14471269335053,932,-21.73636089052472,-157.61069473344438,44.0,4.4,227.27272727272725,0.0,0.0,64.6,"[{'halfHeight': 10, 'risingPnt': np.int64(922), 'fallingPnt': np.int64(933), 'widthPnts': np.int64(11), 'widthMs': np.float64(1.1)}, {'halfHeight': 20, 'risingPnt': np.int64(922), 'fallingPnt': np.int64(933), 'widthPnts': np.int64(11), 'widthMs': np.float64(1.1)}, {'halfHeight': 50, 'risingPnt': np.int64(927), 'fallingPnt': np.int64(932), 'widthPnts': np.int64(5), 'widthMs': np.float64(0.5)}, {'halfHeight': 80, 'risingPnt': np.int64(929), 'fallingPnt': np.int64(931), 'widthPnts': np.int64(2), 'widthMs': np.float64(0.2)}, {'halfHeight': 90, 'risingPnt': np.int64(929), 'fallingPnt': np.int64(931), 'widthPnts': np.int64(2), 'widthMs': np.float64(0.2)}]",1.1,1.1,0.5,0.2,0.2,0.7999999999999952,yes,2021-07-20,17:26:31,,,,,unknown,,,,
93,93,dvdt,17,2,0.8000000491738319,17,0,"[{'Spike': 17, 'Seconds': np.float64(0.0969), 'Sweep': 17, 'Epoch': 2, 'Type': 'Pre spike min under-run (mdp)', 'Details': 'Went past startPnt 0 searching for pre-spike min'}, {'Spike': 17, 'Seconds': np.float64(0.0969), 'Sweep': 17, 'Epoch': 2, 'Type': 'Fit EDD', 'Details': 'Early diastolic duration rate fit - Too low -41.494<=8'}]",20260908,16:38:15,,,20230324a,20230324a,2021_07_20_0010.abf,,20.0,-20.0,0,"[10, 20, 50, 80, 90]",969,0.0969,-34.37935567583355,9.673697927046792,,977,0.09770000000000001,3.2819472659911404,37.661302941824694,0.800000000000009,985.0,0.0985,-60.14316722324914,276.0,-69.67294856480186,345,622,27.7,-34.863277925763796,-23.77144773347036,-41.49355920674615,,976,-0.6478445248412233,101.67683878144125,980,-31.06253233637127,-145.18419156632544,47.0,4.7,212.7659574468085,0.0,0.0,69.3,"[{'halfHeight': 10, 'risingPnt': np.int64(972), 'fallingPnt': np.int64(980), 'widthPnts': np.int64(8), 'widthMs': np.float64(0.8)}, {'halfHeight': 20, 'risingPnt': np.int64(972), 'fallingPnt': np.int64(980), 'widthPnts': np.int64(8), 'widthMs': np.float64(0.8)}, {'halfHeight': 50, 'risingPnt': np.int64(975), 'fallingPnt': np.int64(979), 'widthPnts': np.int64(4), 'widthMs': np.float64(0.4)}, {'halfHeight': 80, 'risingPnt': np.int64(975), 'fallingPnt': np.int64(979), 'widthPnts': np.int64(4), 'widthMs': np.float64(0.4)}, {'halfHeight': 90, 'risingPnt': np.int64(976), 'fallingPnt': np.int64(978), 'widthPnts': np.int64(2), 'widthMs': np.float64(0.2)}]",0.8,0.8,0.4,0.4,0.2,0.800000000000009,yes,2021-07-20,17:26:31,,,,,unknown,,,,
94,94,dvdt,17,2,0.8000000491738319,18,0,"[{'Spike': 18, 'Seconds': np.float64(0.1018), 'Sweep': 17, 'Epoch': 2, 'Type': 'Pre spike min under-run (mdp)', 'Details': 'Went past startPnt 0 searching for pre-spike min'}]",20260908,16:38:15,,,20230324a,20230324a,2021_07_20_0010.abf,,20.0,-20.0,0,"[10, 20, 50, 80, 90]",1018,0.1018,-34.39853815351212,9.782813839036567,,1026,0.1026,1.5555243355887265,35.95406248910085,0.7999999999999952,1077.0,0.1077,-60.707306453159845,276.0,-69.67294856480186,350,647,29.7,7.019042532784594,-45.80949674333843,24.327909517237796,,1025,-6.095667602334701,101.79741369656145,1029,-23.453192515032622,-136.18785568256754,49.0,4.9,204.0816326530612,0.0,0.0,74.2,"[{'halfHeight': 10, 'risingPnt': np.int64(1018), 'fallingPnt': np.int64(1030), 'widthPnts': np.int64(12), 'widthMs': np.float64(1.2)}, {'halfHeight': 20, 'risingPnt': np.int64(1018), 'fallingPnt': np.int64(1030), 'widthPnts': np.int64(12), 'widthMs': np.float64(1.2)}, {'halfHeight': 50, 'risingPnt': np.int64(1024), 'fallingPnt': np.int64(1029), 'widthPnts': np.int64(5), 'widthMs': np.float64(0.5)}, {'halfHeight': 80, 'risingPnt': np.int64(1025), 'fallingPnt': np.int64(1028), 'widthPnts': np.int64(3), 'widthMs': np.float64(0.3)}, {'halfHeight': 90, 'risingPnt': np.int64(1025), 'fallingPnt': np.int64(1028), 'widthPnts': np.int64(3), 'widthMs': np.float64(0.3)}]",1.2,1.2,0.5,0.3,0.3,0.7999999999999952,yes,2021-07-20,17:26:31,,,,,unknown,,,,
95,95,dvdt,17,2,0.8000000491738319,19,0,"[{'Spike': 19, 'Seconds': np.float64(0.1062), 'Sweep': 17, 'Epoch': 2, 'Type': 'Pre spike min under-run (mdp)', 'Details': 'Went past startPnt 0 searching for pre-spike min'}, {'Spike': 19, 'Seconds': np.float64(0.1062), 'Sweep': 17, 'Epoch': 2, 'Type': 'Spike Width', 'Details': 'Half width 90 error in ""rising point"" with halfWidthWindow_ms:4.0 searching for Vm:1.4 from peak sec 0.11'}]",20260908,16:38:15,,,20230324a,20230324a,2021_07_20_0010.abf,,20.0,-20.0,0,"[10, 20, 50, 80, 90]",1062,0.1062,-34.94262297494069,11.945949601153911,,1069,0.10690000000000001,5.434744313785005,40.377367288725694,0.7000000000000062,1077.0,0.1077,-60.707306453159845,276.0,-69.67294856480186,355,669,31.4,-61.34381495884484,-34.18229981490542,208.0702828525857,,1068,-0.7873535096645358,120.16127330879763,1072,-29.510495813829543,-154.45929042526637,44.0,4.4,227.27272727272725,0.0,0.0,78.6,"[{'halfHeight': 10, 'risingPnt': np.int64(1062), 'fallingPnt': np.int64(1073), 'widthPnts': np.int64(11), 'widthMs': np.float64(1.1)}, {'halfHeight': 20, 'risingPnt': np.int64(1065), 'fallingPnt': np.int64(1072), 'widthPnts': np.int64(7), 'widthMs': np.float64(0.7)}, {'halfHeight': 50, 'risingPnt': np.int64(1065), 'fallingPnt': np.int64(1072), 'widthPnts': np.int64(7), 'widthMs': np.float64(0.7)}, {'halfHeight': 80, 'risingPnt': np.int64(1067), 'fallingPnt': np.int64(1071), 'widthPnts': np.int64(4), 'widthMs': np.float64(0.4)}, {'halfHeight': 90, 'risingPnt': None, 'fallingPnt': None, 'widthPnts': None, 'widthMs': nan}]",1.1,0.7,0.7,0.4,,0.7000000000000062,yes,2021-07-20,17:26:31,,,,,unknown,,,,
96,96,dvdt,17,2,0.8000000491738319,20,0,"[{'Spike': 20, 'Seconds': np.float64(0.1106), 'Sweep': 17, 'Epoch': 2, 'Type': 'Pre spike min under-run (mdp)', 'Details': 'Went past startPnt 0 searching for pre-spike min'}]",20260908,16:38:15,,,20230324a,20230324a,2021_07_20_0010.abf,,20.0,-20.0,0,"[10, 20, 50, 80, 90]",1106,0.11059999999999999,-35.25564629690986,10.504774319395732,,1114,0.1114,4.4764923862048525,39.73213868311471,0.800000000000009,1122.0,0.11220000000000001,-60.67155729021342,276.0,-69.67294856480186,359,691,33.2,-59.91123395647318,-43.34716415405271,15.467157365104335,,1113,-0.41765487236636045,111.23021068341868,1117,-30.60389705044881,-150.4185142284752,44.0,4.4,227.27272727272725,0.0,0.0,83.0,"[{'halfHeight': 10, 'risingPnt': np.int64(1106), 'fallingPnt': np.int64(1118), 'widthPnts': np.int64(12), 'widthMs': np.float64(1.2)}, {'halfHeight': 20, 'risingPnt': np.int64(1110), 'fallingPnt': np.int64(1117), 'widthPnts': np.int64(7), 'widthMs': np.float64(0.7)}, {'halfHeight': 50, 'risingPnt': np.int64(1112), 'fallingPnt': np.int64(1116), 'widthPnts': np.int64(4), 'widthMs': np.float64(0.4)}, {'halfHeight': 80, 'risingPnt': np.int64(1112), 'fallingPnt': np.int64(1116), 'widthPnts': np.int64(4), 'widthMs': np.float64(0.4)}, {'halfHeight': 90, 'risingPnt': np.int64(1113), 'fallingPnt': np.int64(1115), 'widthPnts': np.int64(2), 'widthMs': np.float64(0.2)}]",1.2,0.7,0.4,0.4,0.2,0.800000000000009,yes,2021-07-20,17:26:31,,,,,unknown,,,,
97,97,dvdt,17,2,0.8000000491738319,21,0,"[{'Spike': 21, 'Seconds': np.float64(0.1151), 'Sweep': 17, 'Epoch': 2, 'Type': 'Pre spike min under-run (mdp)', 'Details': 'Went past startPnt 0 searching for pre-spike min'}]",20260908,16:38:15,,,20230324a,20230324a,2021_07_20_0010.abf,,20.0,-20.0,0,"[10, 20, 50, 80, 90]",1151,0.1151,-35.378588540213435,10.511998888911009,,1159,0.1159,4.410225609370638,39.78881414958407,0.800000000000009,1166.0,0.1166,-60.473628997802706,276.0,-69.67294856480186,364,714,35.0,-49.47945349557057,-59.93303189958842,90.55673739830493,,1157,-9.60344495773315,113.86817667435616,1162,-33.76813271386281,-148.70429725841586,45.0,4.5,222.22222222222223,0.0,0.0,87.5,"[{'halfHeight': 10, 'risingPnt': np.int64(1153), 'fallingPnt': np.int64(1162), 'widthPnts': np.int64(9), 'widthMs': np.float64(0.9)}, {'halfHeight': 20, 'risingPnt': np.int64(1153), 'fallingPnt': np.int64(1162), 'widthPnts': np.int64(9), 'widthMs': np.float64(0.9)}, {'halfHeight': 50, 'risingPnt': np.int64(1157), 'fallingPnt': np.int64(1161), 'widthPnts': np.int64(4), 'widthMs': np.float64(0.4)}, {'halfHeight': 80, 'risingPnt': np.int64(1158), 'fallingPnt': np.int64(1160), 'widthPnts': np.int64(2), 'widthMs': np.float64(0.2)}, {'halfHeight': 90, 'risingPnt': np.int64(1158), 'fallingPnt': np.int64(1160), 'widthPnts': np.int64(2), 'widthMs': np.float64(0.2)}]",0.9,0.9,0.4,0.2,0.2,0.800000000000009,yes,2021-07-20,17:26:31,,,,,unknown,,,,
98,98,dvdt,17,2,0.8000000491738319,22,0,"[{'Spike': 22, 'Seconds': np.float64(0.1199), 'Sweep': 17, 'Epoch': 2, 'Type': 'Pre spike min under-run (mdp)', 'Details': 'Went past startPnt 0 searching for pre-spike min'}, {'Spike': 22, 'Seconds': np.float64(0.1199), 'Sweep': 17, 'Epoch': 2, 'Type': 'Fit EDD', 'Details': 'Early diastolic duration rate fit - Too low -30.445<=8'}]",20260908,16:38:15,,,20230324a,20230324a,2021_07_20_0010.abf,,20.0,-20.0,0,"[10, 20, 50, 80, 90]",1199,0.1199,-35.198098863874144,9.040179692482473,,1208,0.12079999999999999,2.2923059259142176,37.490404789788364,0.8999999999999841,1262.0,0.1262,-59.93390383039199,276.0,-69.67294856480186,368,738,37.0,-46.57243619646343,-41.257146017892,-30.444777020887315,,1207,-1.9321985415049956,96.00555259062311,1211,-28.95507591111318,-137.20402963502053,48.0,4.8,208.33333333333334,0.0,0.0,92.3,"[{'halfHeight': 10, 'risingPnt': np.int64(1199), 'fallingPnt': np.int64(1212), 'widthPnts': np.int64(13), 'widthMs': np.float64(1.3)}, {'halfHeight': 20, 'risingPnt': np.int64(1204), 'fallingPnt': np.int64(1211), 'widthPnts': np.int64(7), 'widthMs': np.float64(0.7)}, {'halfHeight': 50, 'risingPnt': np.int64(1204), 'fallingPnt': np.int64(1211), 'widthPnts': np.int64(7), 'widthMs': np.float64(0.7)}, {'halfHeight': 80, 'risingPnt': np.int64(1206), 'fallingPnt': np.int64(1210), 'widthPnts': np.int64(4), 'widthMs': np.float64(0.4)}, {'halfHeight': 90, 'risingPnt': np.int64(1207), 'fallingPnt': np.int64(1209), 'widthPnts': np.int64(2), 'widthMs': np.float64(0.2)}]",1.3,0.7,0.7,0.4,0.2,0.8999999999999841,yes,2021-07-20,17:26:31,,,,,unknown,,,,
99,99,dvdt,17,2,0.8000000491738319,23,0,"[{'Spike': 23, 'Seconds': np.float64(0.1247), 'Sweep': 17, 'Epoch': 2, 'Type': 'Pre spike min under-run (mdp)', 'Details': 'Went past startPnt 0 searching for pre-spike min'}]",20260908,16:38:15,,,20230324a,20230324a,2021_07_20_0010.abf,,20.0,-20.0,0,"[10, 20, 50, 80, 90]",1247,0.1247,-34.09336237226212,10.93774846913859,,1254,0.1254,3.484235055106024,37.57759742736815,0.7000000000000062,1262.0,0.1262,-59.93390383039199,276.0,-69.67294856480186,373,762,38.9,-43.36809049333843,-55.99539239065985,14.044328897542922,,1253,-4.105921701022555,111.06703335898248,1257,-25.304301605905792,-144.96496006712607,48.0,4.8,208.33333333333334,0.0,0.0,97.1,"[{'halfHeight': 10, 'risingPnt': np.int64(1247), 'fallingPnt': np.int64(1258), 'widthPnts': np.int64(11), 'widthMs': np.float64(1.1)}, {'halfHeight': 20, 'risingPnt': np.int64(1247), 'fallingPnt': np.int64(1258), 'widthPnts': np.int64(11), 'widthMs': np.float64(1.1)}, {'halfHeight': 50, 'risingPnt': np.int64(1251), 'fallingPnt': np.int64(1257), 'widthPnts': np.int64(6), 'widthMs': np.float64(0.6)}, {'halfHeight': 80, 'risingPnt': np.int64(1253), 'fallingPnt': np.int64(1256), 'widthPnts': np.int64(3), 'widthMs': np.float64(0.3)}, {'halfHeight': 90, 'risingPnt': np.int64(1253), 'fallingPnt': np.int64(1256), 'widthPnts': np.int64(3), 'widthMs': np.float64(0.3)}]",1.1,1.1,0.6,0.3,0.3,0.7000000000000062,yes,2021-07-20,17:26:31,,,,,unknown,,,,
100,100,dvdt,17,3,-0.4000000059604645,24,0,"[{'Spike': 24, 'Seconds': np.float64(0.1294), 'Sweep': 17, 'Epoch': 3, 'Type': 'Pre spike min under-run (mdp)', 'Details': 'Went past startPnt 0 searching for pre-spike min'}, {'Spike': 24, 'Seconds': np.float64(0.1294), 'Sweep': 17, 'Epoch': 3, 'Type': 'Fit EDD', 'Details': 'Early diastolic duration rate fit - Too low -28.397<=8'}]",20260908,16:38:15,,,20230324a,20230324a,2021_07_20_0010.abf,,20.0,-20.0,0,"[10, 20, 50, 80, 90]",1294,0.12940000000000002,-35.00278636387415,9.732492750518176,,1303,0.1303,1.4081681081226884,36.41095447199684,0.8999999999999841,1311.0,0.1311,-58.76900427682056,276.0,-69.67294856480186,378,785,40.7,-38.97355924333843,-37.826970236642,-28.397361802457304,,1301,-7.468958571978974,100.65169702646673,1306,-33.93990308216638,-133.5683260966319,47.0,4.7,212.7659574468085,0.0,0.0,101.8,"[{'halfHeight': 10, 'risingPnt': np.int64(1295), 'fallingPnt': np.int64(1306), 'widthPnts': np.int64(11), 'widthMs': np.float64(1.1)}, {'halfHeight': 20, 'risingPnt': np.int64(1295), 'fallingPnt': np.int64(1306), 'widthPnts': np.int64(11), 'widthMs': np.float64(1.1)}, {'halfHeight': 50, 'risingPnt': np.int64(1300), 'fallingPnt': np.int64(1305), 'widthPnts': np.int64(5), 'widthMs': np.float64(0.5)}, {'halfHeight': 80, 'risingPnt': np.int64(1302), 'fallingPnt': np.int64(1304), 'widthPnts': np.int64(2), 'widthMs': np.float64(0.2)}, {'halfHeight': 90, 'risingPnt': np.int64(1302), 'fallingPnt': np.int64(1304), 'widthPnts': np.int64(2), 'widthMs': np.float64(0.2)}]",1.1,1.1,0.5,0.2,0.2,0.8999999999999841,yes,2021-07-20,17:26:31,,,,,unknown,,,,
101,101,dvdt,17,3,-0.4000000059604645,25,0,"[{'Spike': 25, 'Seconds': np.float64(0.1341), 'Sweep': 17, 'Epoch': 3, 'Type': 'Pre spike min under-run (mdp)', 'Details': 'Went past startPnt 0 searching for pre-spike min'}]",20260908,16:38:15,,,20230324a,20230324a,2021_07_20_0010.abf,,20.0,-20.0,0,"[10, 20, 50, 80, 90]",1341,0.1341,-36.813786642892005,8.123654735331623,,1353,0.1353,0.5650111845561429,37.378797827448146,1.2000000000000066,1361.0,0.1361,-58.31647218976699,276.0,-69.67294856480186,382,808,42.6,-32.14895817892891,-51.30789239065985,8.134845674428856,,1352,-3.151157726560319,84.65749850370437,1356,-28.285433074406203,-129.47623208882843,47.0,4.7,212.7659574468085,0.0,0.0,106.5,"[{'halfHeight': 10, 'risingPnt': np.int64(1341), 'fallingPnt': np.int64(1357), 'widthPnts': np.int64(16), 'widthMs': np.float64(1.6)}, {'halfHeight': 20, 'risingPnt': np.int64(1341), 'fallingPnt': np.int64(1357), 'widthPnts': np.int64(16), 'widthMs': np.float64(1.6)}, {'halfHeight': 50, 'risingPnt': np.int64(1349), 'fallingPnt': np.int64(1356), 'widthPnts': np.int64(7), 'widthMs': np.float64(0.7)}, {'halfHeight': 80, 'risingPnt': np.int64(1351), 'fallingPnt': np.int64(1355), 'widthPnts': np.int64(4), 'widthMs': np.float64(0.4)}, {'halfHeight': 90, 'risingPnt': np.int64(1352), 'fallingPnt': np.int64(1354), 'widthPnts': np.int64(2), 'widthMs': np.float64(0.2)}]",1.6,1.6,0.7,0.4,0.2,1.2000000000000066,yes,2021-07-20,17:26:31,,,,,unknown,,,,
102,102,dvdt,17,3,-0.4000000059604645,26,0,"[{'Spike': 26, 'Seconds': np.float64(0.1392), 'Sweep': 17, 'Epoch': 3, 'Type': 'Pre spike min under-run (mdp)', 'Details': 'Went past startPnt 0 searching for pre-spike min'}]",20260908,16:38:15,,,20230324a,20230324a,2021_07_20_0010.abf,,20.0,-20.0,0,"[10, 20, 50, 80, 90]",1392,0.1392,-35.923545292445574,8.11991774889887,,1403,0.1403,0.6827217612947727,36.606267053740346,1.1000000000000176,1411.0,0.1411,-57.89968926565985,276.0,-69.67294856480186,388,834,44.6,-19.44667068208966,-33.755053220476405,43.538384421392045,,1402,-3.2374788556780123,85.50626063833423,1406,-27.592248065131038,-127.94537014863919,51.0,5.1,196.07843137254903,0.0,0.0,111.6,"[{'halfHeight': 10, 'risingPnt': np.int64(1392), 'fallingPnt': np.int64(1407), 'widthPnts': np.int64(15), 'widthMs': np.float64(1.5)}, {'halfHeight': 20, 'risingPnt': np.int64(1392), 'fallingPnt': np.int64(1407), 'widthPnts': np.int64(15), 'widthMs': np.float64(1.5)}, {'halfHeight': 50, 'risingPnt': np.int64(1399), 'fallingPnt': np.int64(1406), 'widthPnts': np.int64(7), 'widthMs': np.float64(0.7)}, {'halfHeight': 80, 'risingPnt': np.int64(1401), 'fallingPnt': np.int64(1405), 'widthPnts': np.int64(4), 'widthMs': np.float64(0.4)}, {'halfHeight': 90, 'risingPnt': np.int64(1402), 'fallingPnt': np.int64(1404), 'widthPnts': np.int64(2), 'widthMs': np.float64(0.2)}]",1.5,1.5,0.7,0.4,0.2,1.1000000000000176,yes,2021-07-20,17:26:31,,,,,unknown,,,,
103,103,dvdt,17,3,-0.4000000059604645,27,0,"[{'Spike': 27, 'Seconds': np.float64(0.1445), 'Sweep': 17, 'Epoch': 3, 'Type': 'Pre spike min under-run (mdp)', 'Details': 'Went past startPnt 0 searching for pre-spike min'}]",20260908,16:38:15,,,20230324a,20230324a,2021_07_20_0010.abf,,20.0,-20.0,0,"[10, 20, 50, 80, 90]",1445,0.1445,-34.330527714320574,8.232273522201854,,1455,0.1455,-1.4787944623402183,32.851733251980356,1.0000000000000009,1510.0,0.151,-59.45957347324914,276.0,-69.67294856480186,393,860,46.7,-64.3720297677176,-47.08338764735628,44.61773176055388,,1453,-8.83614577906472,82.55440114079681,1458,-32.071355410984566,-120.75791997422967,53.0,5.3,188.67924528301887,0.0,0.0,116.9,"[{'halfHeight': 10, 'risingPnt': np.int64(1448), 'fallingPnt': np.int64(1458), 'widthPnts': np.int64(10), 'widthMs': np.float64(1.0)}, {'halfHeight': 20, 'risingPnt': np.int64(1448), 'fallingPnt': np.int64(1458), 'widthPnts': np.int64(10), 'widthMs': np.float64(1.0)}, {'halfHeight': 50, 'risingPnt': np.int64(1452), 'fallingPnt': np.int64(1457), 'widthPnts': np.int64(5), 'widthMs': np.float64(0.5)}, {'halfHeight': 80, 'risingPnt': np.int64(1454), 'fallingPnt': np.int64(1456), 'widthPnts': np.int64(2), 'widthMs': np.float64(0.2)}, {'halfHeight': 90, 'risingPnt': np.int64(1454), 'fallingPnt': np.int64(1456), 'widthPnts': np.int64(2), 'widthMs': np.float64(0.2)}]",1.0,1.0,0.5,0.2,0.2,1.0000000000000009,yes,2021-07-20,17:26:31,,,,,unknown,,,,
104,104,dvdt,17,3,-0.4000000059604645,28,0,"[{'Spike': 28, 'Seconds': np.float64(0.1493), 'Sweep': 17, 'Epoch': 3, 'Type': 'Pre spike min under-run (mdp)', 'Details': 'Went past startPnt 0 searching for pre-spike min'}]",20260908,16:38:15,,,20230324a,20230324a,2021_07_20_0010.abf,,20.0,-20.0,0,"[10, 20, 50, 80, 90]",1493,0.14930000000000002,-35.886052267892005,9.435787154217124,,1502,0.1502,3.8643969978604975,39.7504492657525,0.8999999999999841,1510.0,0.151,-59.45957347324914,276.0,-69.67294856480186,398,884,48.6,-54.09458323887414,-9.020123250143865,24.17306043979586,,1501,-0.3243582938398636,102.93914545336537,1505,-29.628206491470323,-143.5940366864203,48.0,4.8,208.33333333333334,0.0,0.0,121.7,"[{'halfHeight': 10, 'risingPnt': np.int64(1493), 'fallingPnt': np.int64(1506), 'widthPnts': np.int64(13), 'widthMs': np.float64(1.3)}, {'halfHeight': 20, 'risingPnt': np.int64(1498), 'fallingPnt': np.int64(1505), 'widthPnts': np.int64(7), 'widthMs': np.float64(0.7)}, {'halfHeight': 50, 'risingPnt': np.int64(1498), 'fallingPnt': np.int64(1505), 'widthPnts': np.int64(7), 'widthMs': np.float64(0.7)}, {'halfHeight': 80, 'risingPnt': np.int64(1500), 'fallingPnt': np.int64(1504), 'widthPnts': np.int64(4), 'widthMs': np.float64(0.4)}, {'halfHeight': 90, 'risingPnt': np.int64(1501), 'fallingPnt': np.int64(1503), 'widthPnts': np.int64(2), 'widthMs': np.float64(0.2)}]",1.3,0.7,0.7,0.4,0.2,0.8999999999999841,yes,2021-07-20,17:26:31,,,,,unknown,,,,
105,105,dvdt,17,4,-0.4000000059604645,29,0,"[{'Spike': 29, 'Seconds': np.float64(0.1543), 'Sweep': 17, 'Epoch': 4, 'Type': 'Pre spike min under-run (mdp)', 'Details': 'Went past startPnt 0 searching for pre-spike min'}, {'Spike': 29, 'Seconds': np.float64(0.1543), 'Sweep': 17, 'Epoch': 4, 'Type': 'Fit EDD', 'Details': 'Early diastolic duration rate fit - Too low -1.58<=8'}]",20260908,16:38:15,,,20230324a,20230324a,2021_07_20_0010.abf,,20.0,-20.0,0,"[10, 20, 50, 80, 90]",1543,0.15430000000000002,-34.63395963396343,9.77160507513551,,1551,0.1551,2.1527969155992763,36.7867565495627,0.7999999999999674,,,,276.0,-69.67294856480186,403,910,50.7,-48.01112202235628,-45.05266080583843,-1.5802940015532647,,1550,-5.405970331600732,102.36541413871599,1554,-22.840225155012938,-135.03865074040925,50.0,5.0,200.0,0.0,0.0,126.7,"[{'halfHeight': 10, 'risingPnt': np.int64(1543), 'fallingPnt': np.int64(1555), 'widthPnts': np.int64(12), 'widthMs': np.float64(1.2)}, {'halfHeight': 20, 'risingPnt': np.int64(1543), 'fallingPnt': np.int64(1555), 'widthPnts': np.int64(12), 'widthMs': np.float64(1.2)}, {'halfHeight': 50, 'risingPnt': np.int64(1549), 'fallingPnt': np.int64(1554), 'widthPnts': np.int64(5), 'widthMs': np.float64(0.5)}, {'halfHeight': 80, 'risingPnt': np.int64(1550), 'fallingPnt': np.int64(1553), 'widthPnts': np.int64(3), 'widthMs': np.float64(0.3)}, {'halfHeight': 90, 'risingPnt': np.int64(1550), 'fallingPnt': np.int64(1553), 'widthPnts': np.int64(3), 'widthMs': np.float64(0.3)}]",1.2,1.2,0.5,0.3,0.3,0.7999999999999674,yes,2021-07-20,17:26:31,,,,,unknown,,,,
106,106,dvdt,17,4,-0.4000000059604645,30,0,"[{'Spike': 30, 'Seconds': np.float64(0.1597), 'Sweep': 17, 'Epoch': 4, 'Type': 'dvdt Percent', 'Details': 'Did not find dvdt_percentOfMax: 0.1 peak dV/dt is 36.98'}, {'Spike': 30, 'Seconds': np.float64(0.1597), 'Sweep': 17, 'Epoch': 4, 'Type': 'Pre spike min under-run (mdp)', 'Details': 'Went past startPnt 0 searching for pre-spike min'}, {'Spike': 30, 'Seconds': np.float64(0.1597), 'Sweep': 17, 'Epoch': 4, 'Type': 'Spike Width', 'Details': 'Half width 10 error in ""falling point"" with halfWidthWindow_ms:4.0 searching for Vm:-27.27 from peak sec 0.16'}, {'Spike': 30, 'Seconds': np.float64(0.1597), 'Sweep': 17, 'Epoch': 4, 'Type': 'Spike Width', 'Details': 'Half width 20 error in ""falling point"" with halfWidthWindow_ms:4.0 searching for Vm:-26.54 from peak sec 0.16'}, {'Spike': 30, 'Seconds': np.float64(0.1597), 'Sweep': 17, 'Epoch': 4, 'Type': 'Spike Width', 'Details': 'Half width 50 error in ""falling point"" with halfWidthWindow_ms:4.0 searching for Vm:-24.34 from peak sec 0.16'}, {'Spike': 30, 'Seconds': np.float64(0.1597), 'Sweep': 17, 'Epoch': 4, 'Type': 'Spike Width', 'Details': 'Half width 80 error in ""falling point"" with halfWidthWindow_ms:4.0 searching for Vm:-22.15 from peak sec 0.16'}, {'Spike': 30, 'Seconds': np.float64(0.1597), 'Sweep': 17, 'Epoch': 4, 'Type': 'Spike Width', 'Details': 'Half width 90 error in ""falling point"" with halfWidthWindow_ms:4.0 searching for Vm:-21.42 from peak sec 0.16'}]",20260908,16:38:15,,,20230324a,20230324a,2021_07_20_0010.abf,,20.0,-20.0,0,"[10, 20, 50, 80, 90]",1597,0.15969999999999998,-27.996824264526353,25.024413408551887,,1599,0.15990000000000001,-20.688300268990645,7.308523995535708,0.20000000000003348,,,,276.0,-69.67294856480186,408,936,52.8,-44.61320768083843,-60.218153272356275,36.4100410186928,,1599,-20.688300268990645,36.97509751611821,1599,-20.688300268990645,36.97509751611821,54.0,5.4,185.18518518518516,0.0,0.0,132.1,"[{'halfHeight': 10, 'risingPnt': None, 'fallingPnt': None, 'widthPnts': None, 'widthMs': nan}, {'halfHeight': 20, 'risingPnt': None, 'fallingPnt': None, 'widthPnts': None, 'widthMs': nan}, {'halfHeight': 50, 'risingPnt': None, 'fallingPnt': None, 'widthPnts': None, 'widthMs': nan}, {'halfHeight': 80, 'risingPnt': None, 'fallingPnt': None, 'widthPnts': None, 'widthMs': nan}, {'halfHeight': 90, 'risingPnt': None, 'fallingPnt': None, 'widthPnts': None, 'widthMs': nan}]",,,,,,0.20000000000003348,yes,2021-07-20,17:26:31,,,,,unknown,,,,
