Include=yes;Acq Date=;Acq Time=;Species=;Cell Type=;ID=;Age=;Sex=unknown;Genotype=;Condition1=;Condition2=;Note=;
,spikeNumber,detectionType,sweep,epoch,epochLevel,sweepSpikeNumber,userType,errors,analysisDate,analysisTime,modDate,modTime,analysisVersion,interfaceVersion,file,condition,dvdtThreshold,mvThreshold,medianFilter,halfHeights,thresholdPnt,thresholdSec,thresholdVal,thresholdVal_dvdt,dacCommand,peakPnt,peakSec,peakVal,peakHeight,timeToPeak_ms,fastAhpPnt,fastAhpSec,fastAhpValue,preMinPnt,preMinVal,preLinearFitPnt0,preLinearFitPnt1,earlyDiastolicDuration_ms,preLinearFitVal0,preLinearFitVal1,earlyDiastolicDurationRate,lateDiastolicDuration,preSpike_dvdt_max_pnt,preSpike_dvdt_max_val,preSpike_dvdt_max_val2,postSpike_dvdt_min_pnt,postSpike_dvdt_min_val,postSpike_dvdt_min_val2,isi_pnts,isi_ms,spikeFreq_hz,cycleLength_pnts,cycleLength_ms,diastolicDuration_ms,widths,widths_10,widths_20,widths_50,widths_80,widths_90,user_timeToPeak_ms,Include,Acq Date,Acq Time,Species,Cell Type,ID,Age,Sex,Genotype,Condition1,Condition2,Note
0,0,dvdt,0,1,0.0,0,0,"[{'Spike': 0, 'Seconds': np.float64(0.2039), 'Sweep': 0, 'Epoch': 1, 'Type': 'Pre spike min under-run (mdp)', 'Details': 'Went past startPnt 0 searching for pre-spike min'}, {'Spike': 0, 'Seconds': np.float64(0.2039), 'Sweep': 0, 'Epoch': 1, 'Type': 'Fit EDD', 'Details': 'Early diastolic duration rate fit - Too low -2.852<=8'}]",20260908,16:38:07,,,20230324a,20230324a,stochastic-hh.sanpy,,20.0,-40.0,0,"[10, 20, 50, 80, 90]",20388,0.20388,-45.2736106165336,18.645773739501603,,20465,0.20465,50.00052565281648,95.27413626935008,0.7699999999999929,20769,0.20768999999999999,-70.95925273293304,9001.0,-60.811020148514245,10140,14695,45.55,-58.97365417092216,-60.584992285011474,-2.8519448335673587,,20446,17.414517034029792,331.19712193952546,20542,17.04494945587599,-71.61410364905635,,,,,,113.87,"[{'halfHeight': 10, 'risingPnt': np.int64(20416), 'fallingPnt': np.int64(20659), 'widthPnts': np.int64(243), 'widthMs': np.float64(2.43)}, {'halfHeight': 20, 'risingPnt': np.int64(20427), 'fallingPnt': np.int64(20638), 'widthPnts': np.int64(211), 'widthMs': np.float64(2.11)}, {'halfHeight': 50, 'risingPnt': np.int64(20442), 'fallingPnt': np.int64(20570), 'widthPnts': np.int64(128), 'widthMs': np.float64(1.28)}, {'halfHeight': 80, 'risingPnt': np.int64(20451), 'fallingPnt': np.int64(20516), 'widthPnts': np.int64(65), 'widthMs': np.float64(0.65)}, {'halfHeight': 90, 'risingPnt': np.int64(20454), 'fallingPnt': np.int64(20498), 'widthPnts': np.int64(44), 'widthMs': np.float64(0.44)}]",2.43,2.11,1.28,0.65,0.44,0.7699999999999929,yes,,,,,,,unknown,,,,
1,1,dvdt,0,3,0.0,1,0,[],20260908,16:38:07,,,20230324a,20230324a,stochastic-hh.sanpy,,20.0,-40.0,0,"[10, 20, 50, 80, 90]",75421,0.75421,-46.004914334051016,19.694685888639135,,75496,0.7549600000000001,52.36242118086549,98.3673355149165,0.7500000000000284,75795,0.75795,-71.19359372342528,74796.0,-62.95535969582434,74858,75108,2.5,-62.711335145247006,-59.84579260477705,1110.373186710318,,75477,22.327925532591895,395.9771410389848,75551,32.95474709377918,-60.898097741935295,55033.0,550.33,1.817091563243872,65795.0,657.95,6.25,"[{'halfHeight': 10, 'risingPnt': np.int64(75447), 'fallingPnt': np.int64(75696), 'widthPnts': np.int64(249), 'widthMs': np.float64(2.49)}, {'halfHeight': 20, 'risingPnt': np.int64(75459), 'fallingPnt': np.int64(75676), 'widthPnts': np.int64(217), 'widthMs': np.float64(2.17)}, {'halfHeight': 50, 'risingPnt': np.int64(75472), 'fallingPnt': np.int64(75613), 'widthPnts': np.int64(141), 'widthMs': np.float64(1.41)}, {'halfHeight': 80, 'risingPnt': np.int64(75480), 'fallingPnt': np.int64(75552), 'widthPnts': np.int64(72), 'widthMs': np.float64(0.72)}, {'halfHeight': 90, 'risingPnt': np.int64(75483), 'fallingPnt': np.int64(75531), 'widthPnts': np.int64(48), 'widthMs': np.float64(0.48)}]",2.49,2.17,1.41,0.72,0.48,0.7500000000000284,yes,,,,,,,unknown,,,,
2,2,dvdt,0,3,0.0,2,0,[],20260908,16:38:07,,,20230324a,20230324a,stochastic-hh.sanpy,,20.0,-40.0,0,"[10, 20, 50, 80, 90]",77828,0.77828,-44.36268852692028,19.959223599329,,77907,0.77907,45.94013895572241,90.3028274826427,0.7900000000000684,78198,0.78198,-70.96757014921015,77806.0,-47.58388296738387,77808,77817,0.09,-47.37728353187926,-46.28507343103821,11908.01940802115,,77886,13.227985191057796,296.8324501273142,78017,-4.813619558001196,-69.44737475446868,2407.0,24.07,41.54549231408392,3010.0,30.1,0.22,"[{'halfHeight': 10, 'risingPnt': np.int64(77854), 'fallingPnt': np.int64(78085), 'widthPnts': np.int64(231), 'widthMs': np.float64(2.31)}, {'halfHeight': 20, 'risingPnt': np.int64(77867), 'fallingPnt': np.int64(78066), 'widthPnts': np.int64(199), 'widthMs': np.float64(1.99)}, {'halfHeight': 50, 'risingPnt': np.int64(77882), 'fallingPnt': np.int64(78008), 'widthPnts': np.int64(126), 'widthMs': np.float64(1.26)}, {'halfHeight': 80, 'risingPnt': np.int64(77892), 'fallingPnt': np.int64(77956), 'widthPnts': np.int64(64), 'widthMs': np.float64(0.64)}, {'halfHeight': 90, 'risingPnt': np.int64(77895), 'fallingPnt': np.int64(77935), 'widthPnts': np.int64(40), 'widthMs': np.float64(0.4)}]",2.31,1.99,1.26,0.64,0.4,0.7900000000000684,yes,,,,,,,unknown,,,,
3,3,dvdt,0,3,0.0,3,0,[],20260908,16:38:07,,,20230324a,20230324a,stochastic-hh.sanpy,,20.0,-40.0,0,"[10, 20, 50, 80, 90]",80012,0.80012,-46.53726540671358,18.96095030730094,,80094,0.8009400000000001,49.023515088306766,95.56078049502034,0.8200000000000429,80382,0.8038200000000001,-71.103245770788,80006.0,-47.58388296738387,80007,80009,0.02,-47.38331725466602,-47.071661011365585,15389.357538072338,,80076,20.996719701629555,338.17364770494214,80166,15.773181596832258,-67.06877153586716,2184.0,21.84,45.78754578754579,2200.0,22.0,0.06,"[{'halfHeight': 10, 'risingPnt': np.int64(80043), 'fallingPnt': np.int64(80278), 'widthPnts': np.int64(235), 'widthMs': np.float64(2.35)}, {'halfHeight': 20, 'risingPnt': np.int64(80055), 'fallingPnt': np.int64(80259), 'widthPnts': np.int64(204), 'widthMs': np.float64(2.04)}, {'halfHeight': 50, 'risingPnt': np.int64(80070), 'fallingPnt': np.int64(80193), 'widthPnts': np.int64(123), 'widthMs': np.float64(1.23)}, {'halfHeight': 80, 'risingPnt': np.int64(80079), 'fallingPnt': np.int64(80142), 'widthPnts': np.int64(63), 'widthMs': np.float64(0.63)}, {'halfHeight': 90, 'risingPnt': np.int64(80083), 'fallingPnt': np.int64(80123), 'widthPnts': np.int64(40), 'widthMs': np.float64(0.4)}]",2.35,2.04,1.23,0.63,0.4,0.8200000000000429,yes,,,,,,,unknown,,,,
4,4,dvdt,1,1,0.0,0,0,"[{'Spike': 0, 'Seconds': np.float64(0.0757), 'Sweep': 1, 'Epoch': 1, 'Type': 'Pre spike min under-run (mdp)', 'Details': 'Went past startPnt 0 searching for pre-spike min'}]",20260908,16:38:07,,,20230324a,20230324a,stochastic-hh.sanpy,,20.0,-40.0,0,"[10, 20, 50, 80, 90]",7573,0.07573,-44.09445438959729,19.79466770303214,,7651,0.07651000000000001,46.9133337990269,91.00778818862419,0.7800000000000029,7931,0.07931,-71.03990666180054,6363.0,-61.451991254064225,6484,6968,4.84,-61.15131403416837,-57.92945375695482,650.1926043937552,,7631,16.13689420739501,297.46282120676665,7692,28.68439216813079,-71.90327278683664,,,,,,12.1,"[{'halfHeight': 10, 'risingPnt': np.int64(7600), 'fallingPnt': np.int64(7824), 'widthPnts': np.int64(224), 'widthMs': np.float64(2.24)}, {'halfHeight': 20, 'risingPnt': np.int64(7611), 'fallingPnt': np.int64(7806), 'widthPnts': np.int64(195), 'widthMs': np.float64(1.95)}, {'halfHeight': 50, 'risingPnt': np.int64(7626), 'fallingPnt': np.int64(7747), 'widthPnts': np.int64(121), 'widthMs': np.float64(1.21)}, {'halfHeight': 80, 'risingPnt': np.int64(7636), 'fallingPnt': np.int64(7692), 'widthPnts': np.int64(56), 'widthMs': np.float64(0.56)}, {'halfHeight': 90, 'risingPnt': np.int64(7640), 'fallingPnt': np.int64(7677), 'widthPnts': np.int64(37), 'widthMs': np.float64(0.37)}]",2.24,1.95,1.21,0.56,0.37,0.7800000000000029,yes,,,,,,,unknown,,,,
5,5,dvdt,1,3,0.0,1,0,[],20260908,16:38:07,,,20230324a,20230324a,stochastic-hh.sanpy,,20.0,-40.0,0,"[10, 20, 50, 80, 90]",75462,0.75462,-45.68223025498983,19.495405622840718,,75541,0.7554099999999999,49.49084212611739,95.17307238110723,0.7899999999999574,75853,0.7585299999999999,-71.02040237414072,71336.0,-61.98640071612856,71749,73399,16.5,-60.39949795677025,-59.922810748693,49.55240068412451,,75523,21.643387331909196,332.54819616262307,75604,23.25045768165218,-65.87354289430363,67889.0,678.89,1.4729926792263843,64973.0,649.73,41.26,"[{'halfHeight': 10, 'risingPnt': np.int64(75491), 'fallingPnt': np.int64(75745), 'widthPnts': np.int64(254), 'widthMs': np.float64(2.54)}, {'halfHeight': 20, 'risingPnt': np.int64(75502), 'fallingPnt': np.int64(75718), 'widthPnts': np.int64(216), 'widthMs': np.float64(2.16)}, {'halfHeight': 50, 'risingPnt': np.int64(75517), 'fallingPnt': np.int64(75647), 'widthPnts': np.int64(130), 'widthMs': np.float64(1.3)}, {'halfHeight': 80, 'risingPnt': np.int64(75526), 'fallingPnt': np.int64(75592), 'widthPnts': np.int64(66), 'widthMs': np.float64(0.66)}, {'halfHeight': 90, 'risingPnt': np.int64(75530), 'fallingPnt': np.int64(75573), 'widthPnts': np.int64(43), 'widthMs': np.float64(0.43)}]",2.54,2.16,1.3,0.66,0.43,0.7899999999999574,yes,,,,,,,unknown,,,,
6,6,dvdt,2,1,0.0,0,0,"[{'Spike': 0, 'Seconds': np.float64(0.1095), 'Sweep': 2, 'Epoch': 1, 'Type': 'Pre spike min under-run (mdp)', 'Details': 'Went past startPnt 0 searching for pre-spike min'}, {'Spike': 0, 'Seconds': np.float64(0.1095), 'Sweep': 2, 'Epoch': 1, 'Type': 'Fit EDD', 'Details': 'Early diastolic duration rate fit - Too low -38.268<=8'}]",20260908,16:38:07,,,20230324a,20230324a,stochastic-hh.sanpy,,20.0,-40.0,0,"[10, 20, 50, 80, 90]",10952,0.10951999999999999,-44.65665991186179,19.40979108597776,,11029,0.11029000000000001,49.840062616984255,94.49672252884605,0.7700000000000207,11318,0.11318,-71.1126786889942,3261.0,-61.21010700246129,4030,7107,30.77,-58.345465164720224,-60.365806231318594,-38.26767282103164,,11010,19.46515802027492,330.93853401541054,11096,20.34213772215639,-66.01580562302684,,,,,,76.91,"[{'halfHeight': 10, 'risingPnt': np.int64(10978), 'fallingPnt': np.int64(11211), 'widthPnts': np.int64(233), 'widthMs': np.float64(2.33)}, {'halfHeight': 20, 'risingPnt': np.int64(10990), 'fallingPnt': np.int64(11193), 'widthPnts': np.int64(203), 'widthMs': np.float64(2.03)}, {'halfHeight': 50, 'risingPnt': np.int64(11005), 'fallingPnt': np.int64(11133), 'widthPnts': np.int64(128), 'widthMs': np.float64(1.28)}, {'halfHeight': 80, 'risingPnt': np.int64(11014), 'fallingPnt': np.int64(11079), 'widthPnts': np.int64(65), 'widthMs': np.float64(0.65)}, {'halfHeight': 90, 'risingPnt': np.int64(11018), 'fallingPnt': np.int64(11058), 'widthPnts': np.int64(40), 'widthMs': np.float64(0.4)}]",2.33,2.03,1.28,0.65,0.4,0.7700000000000207,yes,,,,,,,unknown,,,,
7,7,dvdt,2,1,0.0,1,0,"[{'Spike': 1, 'Seconds': np.float64(0.1311), 'Sweep': 2, 'Epoch': 1, 'Type': 'Pre spike min under-run (mdp)', 'Details': 'Went past startPnt 0 searching for pre-spike min'}]",20260908,16:38:07,,,20230324a,20230324a,stochastic-hh.sanpy,,20.0,-40.0,0,"[10, 20, 50, 80, 90]",13109,0.13109,-44.48206464719058,19.442725135883666,,13185,0.13185,50.69552905489275,95.17759370208333,0.7599999999999829,13479,0.13479,-71.0438441516193,13083.0,-48.51143812843222,13086,13096,0.1,-48.171288067134604,-46.82766639100068,12957.563382550765,,13167,22.059604424755495,333.73585561487033,13293,-1.3788012744006028,-64.81901251988732,2157.0,21.57,46.36068613815485,9822.0,98.22,0.26,"[{'halfHeight': 10, 'risingPnt': np.int64(13136), 'fallingPnt': np.int64(13373), 'widthPnts': np.int64(237), 'widthMs': np.float64(2.37)}, {'halfHeight': 20, 'risingPnt': np.int64(13147), 'fallingPnt': np.int64(13349), 'widthPnts': np.int64(202), 'widthMs': np.float64(2.02)}, {'halfHeight': 50, 'risingPnt': np.int64(13161), 'fallingPnt': np.int64(13286), 'widthPnts': np.int64(125), 'widthMs': np.float64(1.25)}, {'halfHeight': 80, 'risingPnt': np.int64(13170), 'fallingPnt': np.int64(13233), 'widthPnts': np.int64(63), 'widthMs': np.float64(0.63)}, {'halfHeight': 90, 'risingPnt': np.int64(13174), 'fallingPnt': np.int64(13215), 'widthPnts': np.int64(41), 'widthMs': np.float64(0.41)}]",2.37,2.02,1.25,0.63,0.41,0.7599999999999829,yes,,,,,,,unknown,,,,
8,8,dvdt,2,2,0.0,2,0,"[{'Spike': 2, 'Seconds': np.float64(0.594), 'Sweep': 2, 'Epoch': 2, 'Type': 'Fit EDD', 'Details': 'Early diastolic duration rate fit - Too low -56.66<=8'}]",20260908,16:38:07,,,20230324a,20230324a,stochastic-hh.sanpy,,20.0,-40.0,0,"[10, 20, 50, 80, 90]",59404,0.59404,-45.3453682771053,19.503140003578608,,59479,0.5947899999999999,49.8455549871662,95.1909232642715,0.7499999999999174,59762,0.59762,-71.13536245411873,56845.0,-60.4937463541513,57101,58125,10.24,-59.644047977478316,-59.826477998100486,-56.66011388098316,,59460,18.56868794263723,350.01321648814746,59558,13.92124867046995,-70.45784317799146,46295.0,462.95,2.1600604816934874,43762.0,437.62,25.59,"[{'halfHeight': 10, 'risingPnt': np.int64(59430), 'fallingPnt': np.int64(59661), 'widthPnts': np.int64(231), 'widthMs': np.float64(2.31)}, {'halfHeight': 20, 'risingPnt': np.int64(59441), 'fallingPnt': np.int64(59641), 'widthPnts': np.int64(200), 'widthMs': np.float64(2.0)}, {'halfHeight': 50, 'risingPnt': np.int64(59456), 'fallingPnt': np.int64(59581), 'widthPnts': np.int64(125), 'widthMs': np.float64(1.25)}, {'halfHeight': 80, 'risingPnt': np.int64(59464), 'fallingPnt': np.int64(59526), 'widthPnts': np.int64(62), 'widthMs': np.float64(0.62)}, {'halfHeight': 90, 'risingPnt': np.int64(59468), 'fallingPnt': np.int64(59508), 'widthPnts': np.int64(40), 'widthMs': np.float64(0.4)}]",2.31,2.0,1.25,0.62,0.4,0.7499999999999174,yes,,,,,,,unknown,,,,
9,9,dvdt,2,3,0.0,3,0,"[{'Spike': 3, 'Seconds': np.float64(0.8893), 'Sweep': 2, 'Epoch': 3, 'Type': 'Fit EDD', 'Details': 'Early diastolic duration rate fit - Too low -127.814<=8'}]",20260908,16:38:07,,,20230324a,20230324a,stochastic-hh.sanpy,,20.0,-40.0,0,"[10, 20, 50, 80, 90]",88932,0.88932,-45.069627791716734,19.262735386417873,,89006,0.89006,50.391702129276844,95.46132992099358,0.7399999999999629,89295,0.89295,-71.02704086339038,84124.0,-61.81183895246129,84605,86528,19.23,-58.11246807915263,-58.653247106539254,-127.81357380050142,,88988,20.7929157300439,344.705909893843,89058,28.761363097904322,-68.4318372351263,29528.0,295.28,3.386616093199675,27279.0,272.79,48.08,"[{'halfHeight': 10, 'risingPnt': np.int64(88957), 'fallingPnt': np.int64(89191), 'widthPnts': np.int64(234), 'widthMs': np.float64(2.34)}, {'halfHeight': 20, 'risingPnt': np.int64(88968), 'fallingPnt': np.int64(89170), 'widthPnts': np.int64(202), 'widthMs': np.float64(2.02)}, {'halfHeight': 50, 'risingPnt': np.int64(88983), 'fallingPnt': np.int64(89107), 'widthPnts': np.int64(124), 'widthMs': np.float64(1.24)}, {'halfHeight': 80, 'risingPnt': np.int64(88992), 'fallingPnt': np.int64(89054), 'widthPnts': np.int64(62), 'widthMs': np.float64(0.62)}, {'halfHeight': 90, 'risingPnt': np.int64(88995), 'fallingPnt': np.int64(89038), 'widthPnts': np.int64(43), 'widthMs': np.float64(0.43)}]",2.34,2.02,1.24,0.62,0.43,0.7399999999999629,yes,,,,,,,unknown,,,,
10,10,dvdt,3,1,0.0,0,0,"[{'Spike': 0, 'Seconds': np.float64(0.0105), 'Sweep': 3, 'Epoch': 1, 'Type': 'Pre spike min under-run (mdp)', 'Details': 'Went past startPnt 0 searching for pre-spike min'}, {'Spike': 0, 'Seconds': np.float64(0.0105), 'Sweep': 3, 'Epoch': 1, 'Type': 'Pre spike min (mdp)', 'Details': 'Did not find preMinVal: nan'}]",20260908,16:38:07,,,20230324a,20230324a,stochastic-hh.sanpy,,20.0,-40.0,0,"[10, 20, 50, 80, 90]",1051,0.01051,-43.89291391211643,19.54595808454533,,1128,0.01128,47.19527375173881,91.08818766385524,0.7699999999999998,1419,0.01419,-71.02927153078414,,,105,526,4.21,-59.37472613716795,-57.12204249494419,569.9891005062076,,1107,13.413356328179306,307.3894583994548,1325,-45.157316494135,-65.8210035789091,,,,,,10.51,"[{'halfHeight': 10, 'risingPnt': np.int64(1078), 'fallingPnt': np.int64(1305), 'widthPnts': np.int64(227), 'widthMs': np.float64(2.27)}, {'halfHeight': 20, 'risingPnt': np.int64(1089), 'fallingPnt': np.int64(1286), 'widthPnts': np.int64(197), 'widthMs': np.float64(1.97)}, {'halfHeight': 50, 'risingPnt': np.int64(1103), 'fallingPnt': np.int64(1229), 'widthPnts': np.int64(126), 'widthMs': np.float64(1.26)}, {'halfHeight': 80, 'risingPnt': np.int64(1112), 'fallingPnt': np.int64(1174), 'widthPnts': np.int64(62), 'widthMs': np.float64(0.62)}, {'halfHeight': 90, 'risingPnt': np.int64(1116), 'fallingPnt': np.int64(1157), 'widthPnts': np.int64(41), 'widthMs': np.float64(0.41)}]",2.27,1.97,1.26,0.62,0.41,0.7699999999999998,yes,,,,,,,unknown,,,,
11,11,dvdt,3,1,0.0,1,0,"[{'Spike': 1, 'Seconds': np.float64(0.1173), 'Sweep': 3, 'Epoch': 1, 'Type': 'Pre spike min under-run (mdp)', 'Details': 'Went past startPnt 0 searching for pre-spike min'}]",20260908,16:38:07,,,20230324a,20230324a,stochastic-hh.sanpy,,20.0,-40.0,0,"[10, 20, 50, 80, 90]",11727,0.11727,-45.039202267864404,19.948678309213538,,11805,0.11805,49.8038125466119,94.8430148144763,0.7800000000000029,12097,0.12097,-71.03176241638931,11689.0,-49.51081233647122,11693,11708,0.15,-49.20215239722341,-47.85064754804714,8966.02856895367,,11787,20.938539333589603,327.1028518358037,11892,9.761131510715787,-70.83918666515409,10676.0,106.76,9.366804046459347,,,0.38,"[{'halfHeight': 10, 'risingPnt': np.int64(11755), 'fallingPnt': np.int64(11986), 'widthPnts': np.int64(231), 'widthMs': np.float64(2.31)}, {'halfHeight': 20, 'risingPnt': np.int64(11766), 'fallingPnt': np.int64(11967), 'widthPnts': np.int64(201), 'widthMs': np.float64(2.01)}, {'halfHeight': 50, 'risingPnt': np.int64(11781), 'fallingPnt': np.int64(11905), 'widthPnts': np.int64(124), 'widthMs': np.float64(1.24)}, {'halfHeight': 80, 'risingPnt': np.int64(11791), 'fallingPnt': np.int64(11855), 'widthPnts': np.int64(64), 'widthMs': np.float64(0.64)}, {'halfHeight': 90, 'risingPnt': np.int64(11794), 'fallingPnt': np.int64(11836), 'widthPnts': np.int64(42), 'widthMs': np.float64(0.42)}]",2.31,2.01,1.24,0.64,0.42,0.7800000000000029,yes,,,,,,,unknown,,,,
12,12,dvdt,3,2,1.0,2,0,"[{'Spike': 2, 'Seconds': np.float64(0.4167), 'Sweep': 3, 'Epoch': 2, 'Type': 'Fit EDD', 'Details': 'Early diastolic duration rate fit - Too low -9.526<=8'}]",20260908,16:38:07,,,20230324a,20230324a,stochastic-hh.sanpy,,20.0,-40.0,0,"[10, 20, 50, 80, 90]",41666,0.41666000000000003,-45.027268902658584,19.834816582653627,,41745,0.41745,47.89527967687683,92.92254857953542,0.7899999999999574,42038,0.42038,-70.89588357642897,20808.0,-61.47692187962605,22894,31237,83.43,-58.75219347807433,-58.85601651680143,-9.526251079435216,,41726,16.687714180249728,309.66373976959767,41805,23.788302350382004,-67.77664104927726,29939.0,299.39,3.340124920672033,9119.0,91.19,208.58,"[{'halfHeight': 10, 'risingPnt': np.int64(41693), 'fallingPnt': np.int64(41928), 'widthPnts': np.int64(235), 'widthMs': np.float64(2.35)}, {'halfHeight': 20, 'risingPnt': np.int64(41705), 'fallingPnt': np.int64(41908), 'widthPnts': np.int64(203), 'widthMs': np.float64(2.03)}, {'halfHeight': 50, 'risingPnt': np.int64(41721), 'fallingPnt': np.int64(41851), 'widthPnts': np.int64(130), 'widthMs': np.float64(1.3)}, {'halfHeight': 80, 'risingPnt': np.int64(41731), 'fallingPnt': np.int64(41797), 'widthPnts': np.int64(66), 'widthMs': np.float64(0.66)}, {'halfHeight': 90, 'risingPnt': np.int64(41735), 'fallingPnt': np.int64(41778), 'widthPnts': np.int64(43), 'widthMs': np.float64(0.43)}]",2.35,2.03,1.3,0.66,0.43,0.7899999999999574,yes,,,,,,,unknown,,,,
13,13,dvdt,3,2,1.0,3,0,[],20260908,16:38:07,,,20230324a,20230324a,stochastic-hh.sanpy,,20.0,-40.0,0,"[10, 20, 50, 80, 90]",43710,0.43710000000000004,-45.1302027900177,19.76055694568567,,43788,0.43788,48.110344200033786,93.24054699005148,0.7799999999999474,44094,0.44094,-70.73366083530657,43680.0,-48.97633042835888,43683,43695,0.12,-48.687566490148946,-47.430837776763106,10341.5601508925,,43768,17.263247684893813,325.03107368697573,43856,17.68162687612834,-65.7984510343965,2044.0,20.44,48.923679060665364,22872.0,228.72,0.3,"[{'halfHeight': 10, 'risingPnt': np.int64(43737), 'fallingPnt': np.int64(43980), 'widthPnts': np.int64(243), 'widthMs': np.float64(2.43)}, {'halfHeight': 20, 'risingPnt': np.int64(43748), 'fallingPnt': np.int64(43956), 'widthPnts': np.int64(208), 'widthMs': np.float64(2.08)}, {'halfHeight': 50, 'risingPnt': np.int64(43763), 'fallingPnt': np.int64(43891), 'widthPnts': np.int64(128), 'widthMs': np.float64(1.28)}, {'halfHeight': 80, 'risingPnt': np.int64(43772), 'fallingPnt': np.int64(43834), 'widthPnts': np.int64(62), 'widthMs': np.float64(0.62)}, {'halfHeight': 90, 'risingPnt': np.int64(43776), 'fallingPnt': np.int64(43813), 'widthPnts': np.int64(37), 'widthMs': np.float64(0.37)}]",2.43,2.08,1.28,0.62,0.37,0.7799999999999474,yes,,,,,,,unknown,,,,
14,14,dvdt,3,2,1.0,4,0,[],20260908,16:38:07,,,20230324a,20230324a,stochastic-hh.sanpy,,20.0,-40.0,0,"[10, 20, 50, 80, 90]",50229,0.50229,-43.286158275420995,19.27133805017504,,50304,0.50304,45.3784584956869,88.66461677110789,0.7500000000000284,50585,0.50585,-70.93847319312206,50181.0,-48.97633042835888,50186,50205,0.19,-48.65916567652738,-46.83605326764446,9553.357934805665,,50283,15.03010015293742,291.8785342361206,50503,-50.03296684955278,-66.45083043803727,6519.0,65.19,15.339776039269827,6501.0,65.01,0.48,"[{'halfHeight': 10, 'risingPnt': np.int64(50253), 'fallingPnt': np.int64(50476), 'widthPnts': np.int64(223), 'widthMs': np.float64(2.23)}, {'halfHeight': 20, 'risingPnt': np.int64(50263), 'fallingPnt': np.int64(50458), 'widthPnts': np.int64(195), 'widthMs': np.float64(1.95)}, {'halfHeight': 50, 'risingPnt': np.int64(50279), 'fallingPnt': np.int64(50399), 'widthPnts': np.int64(120), 'widthMs': np.float64(1.2)}, {'halfHeight': 80, 'risingPnt': np.int64(50288), 'fallingPnt': np.int64(50347), 'widthPnts': np.int64(59), 'widthMs': np.float64(0.59)}, {'halfHeight': 90, 'risingPnt': np.int64(50292), 'fallingPnt': np.int64(50330), 'widthPnts': np.int64(38), 'widthMs': np.float64(0.38)}]",2.23,1.95,1.2,0.59,0.38,0.7500000000000284,yes,,,,,,,unknown,,,,
15,15,dvdt,3,2,1.0,5,0,[],20260908,16:38:07,,,20230324a,20230324a,stochastic-hh.sanpy,,20.0,-40.0,0,"[10, 20, 50, 80, 90]",55842,0.5584199999999999,-45.02469390009201,19.888555379881286,,55918,0.5591799999999999,48.120846082513886,93.1455399826059,0.7599999999999829,56202,0.56202,-70.86560440366448,55816.0,-48.551779674502605,55819,55829,0.1,-48.227524552940906,-47.194213882672955,9978.60274360285,,55900,20.6319137684172,314.07199905385716,56004,10.922887421446177,-73.08828357082224,5613.0,56.13,17.815784785319792,5635.0,56.35,0.26,"[{'halfHeight': 10, 'risingPnt': np.int64(55868), 'fallingPnt': np.int64(56099), 'widthPnts': np.int64(231), 'widthMs': np.float64(2.31)}, {'halfHeight': 20, 'risingPnt': np.int64(55879), 'fallingPnt': np.int64(56079), 'widthPnts': np.int64(200), 'widthMs': np.float64(2.0)}, {'halfHeight': 50, 'risingPnt': np.int64(55894), 'fallingPnt': np.int64(56022), 'widthPnts': np.int64(128), 'widthMs': np.float64(1.28)}, {'halfHeight': 80, 'risingPnt': np.int64(55903), 'fallingPnt': np.int64(55971), 'widthPnts': np.int64(68), 'widthMs': np.float64(0.68)}, {'halfHeight': 90, 'risingPnt': np.int64(55907), 'fallingPnt': np.int64(55951), 'widthPnts': np.int64(44), 'widthMs': np.float64(0.44)}]",2.31,2.0,1.28,0.68,0.44,0.7599999999999829,yes,,,,,,,unknown,,,,
16,16,dvdt,3,2,1.0,6,0,[],20260908,16:38:07,,,20230324a,20230324a,stochastic-hh.sanpy,,20.0,-40.0,0,"[10, 20, 50, 80, 90]",57815,0.5781499999999999,-45.1563806074222,19.413187432314764,,57892,0.57892,49.07749333685148,94.23387394427368,0.7700000000000484,58180,0.5818,-70.96968100734831,57791.0,-48.551779674502605,57793,57803,0.1,-48.29160038021507,-47.13941207760899,11413.588583910288,,57874,19.9578724991864,329.04919164716756,57957,20.532663423066666,-65.75656887455736,1973.0,19.73,50.6842372022301,1975.0,19.75,0.24,"[{'halfHeight': 10, 'risingPnt': np.int64(57843), 'fallingPnt': np.int64(58072), 'widthPnts': np.int64(229), 'widthMs': np.float64(2.29)}, {'halfHeight': 20, 'risingPnt': np.int64(57854), 'fallingPnt': np.int64(58054), 'widthPnts': np.int64(200), 'widthMs': np.float64(2.0)}, {'halfHeight': 50, 'risingPnt': np.int64(57869), 'fallingPnt': np.int64(57994), 'widthPnts': np.int64(125), 'widthMs': np.float64(1.25)}, {'halfHeight': 80, 'risingPnt': np.int64(57878), 'fallingPnt': np.int64(57940), 'widthPnts': np.int64(62), 'widthMs': np.float64(0.62)}, {'halfHeight': 90, 'risingPnt': np.int64(57881), 'fallingPnt': np.int64(57921), 'widthPnts': np.int64(40), 'widthMs': np.float64(0.4)}]",2.29,2.0,1.25,0.62,0.4,0.7700000000000484,yes,,,,,,,unknown,,,,
17,17,dvdt,3,2,1.0,7,0,[],20260908,16:38:07,,,20230324a,20230324a,stochastic-hh.sanpy,,20.0,-40.0,0,"[10, 20, 50, 80, 90]",62144,0.6214400000000001,-42.92434171623538,19.62668740084371,,62223,0.6222300000000001,43.16422859700741,86.0885703132428,0.7899999999999574,62500,0.625,-70.93907954979122,62085.0,-48.53900035777381,62091,62115,0.24,-48.31288136324884,-46.95842719307451,5423.855785038644,,62201,12.995916378753085,273.7797447466898,62342,-11.155369067520555,-69.04281257543899,4329.0,43.29,23.100023100023098,4294.0,42.94,0.59,"[{'halfHeight': 10, 'risingPnt': np.int64(62170), 'fallingPnt': np.int64(62391), 'widthPnts': np.int64(221), 'widthMs': np.float64(2.21)}, {'halfHeight': 20, 'risingPnt': np.int64(62182), 'fallingPnt': np.int64(62372), 'widthPnts': np.int64(190), 'widthMs': np.float64(1.9)}, {'halfHeight': 50, 'risingPnt': np.int64(62196), 'fallingPnt': np.int64(62319), 'widthPnts': np.int64(123), 'widthMs': np.float64(1.23)}, {'halfHeight': 80, 'risingPnt': np.int64(62206), 'fallingPnt': np.int64(62267), 'widthPnts': np.int64(61), 'widthMs': np.float64(0.61)}, {'halfHeight': 90, 'risingPnt': np.int64(62211), 'fallingPnt': np.int64(62249), 'widthPnts': np.int64(38), 'widthMs': np.float64(0.38)}]",2.21,1.9,1.23,0.61,0.38,0.7899999999999574,yes,,,,,,,unknown,,,,
18,18,dvdt,3,2,1.0,8,0,[],20260908,16:38:07,,,20230324a,20230324a,stochastic-hh.sanpy,,20.0,-40.0,0,"[10, 20, 50, 80, 90]",64911,0.64911,-45.41882314307411,18.548888477849925,,64990,0.6498999999999999,48.63737009863227,94.05619324170638,0.7899999999999574,65276,0.65276,-70.92593315520483,64888.0,-48.53900035777381,64890,64900,0.1,-48.283918270319106,-47.104327720074885,11674.403996024017,,64970,15.93708188423342,326.14299010147556,65065,13.095058401002092,-68.27890084790072,2767.0,27.67,36.14022406938923,2803.0,28.03,0.23,"[{'halfHeight': 10, 'risingPnt': np.int64(64938), 'fallingPnt': np.int64(65167), 'widthPnts': np.int64(229), 'widthMs': np.float64(2.29)}, {'halfHeight': 20, 'risingPnt': np.int64(64950), 'fallingPnt': np.int64(65146), 'widthPnts': np.int64(196), 'widthMs': np.float64(1.96)}, {'halfHeight': 50, 'risingPnt': np.int64(64966), 'fallingPnt': np.int64(65085), 'widthPnts': np.int64(119), 'widthMs': np.float64(1.19)}, {'halfHeight': 80, 'risingPnt': np.int64(64975), 'fallingPnt': np.int64(65035), 'widthPnts': np.int64(60), 'widthMs': np.float64(0.6)}, {'halfHeight': 90, 'risingPnt': np.int64(64979), 'fallingPnt': np.int64(65018), 'widthPnts': np.int64(39), 'widthMs': np.float64(0.39)}]",2.29,1.96,1.19,0.6,0.39,0.7899999999999574,yes,,,,,,,unknown,,,,
19,19,dvdt,3,2,1.0,9,0,[],20260908,16:38:07,,,20230324a,20230324a,stochastic-hh.sanpy,,20.0,-40.0,0,"[10, 20, 50, 80, 90]",73152,0.73152,-44.49034249535557,19.740853021537827,,73228,0.7322799999999999,48.55409885109102,93.04444134644659,0.7599999999999829,73508,0.7350800000000001,-71.04278063911104,73126.0,-48.53900035777381,73129,73139,0.1,-48.13184921854039,-46.782083303930776,13069.798095476826,,73208,17.437590172352397,327.8771718988386,73312,10.374664146738857,-74.57064143929979,8241.0,82.41,12.134449702705982,8238.0,82.38,0.26,"[{'halfHeight': 10, 'risingPnt': np.int64(73178), 'fallingPnt': np.int64(73408), 'widthPnts': np.int64(230), 'widthMs': np.float64(2.3)}, {'halfHeight': 20, 'risingPnt': np.int64(73189), 'fallingPnt': np.int64(73388), 'widthPnts': np.int64(199), 'widthMs': np.float64(1.99)}, {'halfHeight': 50, 'risingPnt': np.int64(73204), 'fallingPnt': np.int64(73326), 'widthPnts': np.int64(122), 'widthMs': np.float64(1.22)}, {'halfHeight': 80, 'risingPnt': np.int64(73212), 'fallingPnt': np.int64(73277), 'widthPnts': np.int64(65), 'widthMs': np.float64(0.65)}, {'halfHeight': 90, 'risingPnt': np.int64(73216), 'fallingPnt': np.int64(73257), 'widthPnts': np.int64(41), 'widthMs': np.float64(0.41)}]",2.3,1.99,1.22,0.65,0.41,0.7599999999999829,yes,,,,,,,unknown,,,,
20,20,dvdt,3,3,0.0,10,0,[],20260908,16:38:07,,,20230324a,20230324a,stochastic-hh.sanpy,,20.0,-40.0,0,"[10, 20, 50, 80, 90]",75946,0.75946,-45.57694313750371,19.515039706005727,,76022,0.76022,50.23973597040473,95.81667910790844,0.7599999999999829,76315,0.76315,-71.07343408637584,75938.0,-47.07048328797143,75939,75942,0.03,-46.79244817899279,-46.302030595172695,16366.903742915849,,76003,17.93175943853311,333.0209582463489,76108,10.09632373225505,-67.16126710489178,2794.0,27.94,35.79098067287044,2812.0,28.12,0.08,"[{'halfHeight': 10, 'risingPnt': np.int64(75973), 'fallingPnt': np.int64(76214), 'widthPnts': np.int64(241), 'widthMs': np.float64(2.41)}, {'halfHeight': 20, 'risingPnt': np.int64(75984), 'fallingPnt': np.int64(76191), 'widthPnts': np.int64(207), 'widthMs': np.float64(2.07)}, {'halfHeight': 50, 'risingPnt': np.int64(75998), 'fallingPnt': np.int64(76125), 'widthPnts': np.int64(127), 'widthMs': np.float64(1.27)}, {'halfHeight': 80, 'risingPnt': np.int64(76007), 'fallingPnt': np.int64(76071), 'widthPnts': np.int64(64), 'widthMs': np.float64(0.64)}, {'halfHeight': 90, 'risingPnt': np.int64(76011), 'fallingPnt': np.int64(76053), 'widthPnts': np.int64(42), 'widthMs': np.float64(0.42)}]",2.41,2.07,1.27,0.64,0.42,0.7599999999999829,yes,,,,,,,unknown,,,,
21,21,dvdt,3,3,0.0,11,0,[],20260908,16:38:07,,,20230324a,20230324a,stochastic-hh.sanpy,,20.0,-40.0,0,"[10, 20, 50, 80, 90]",89093,0.89093,-44.03500103135049,18.873895537476375,,89169,0.8916900000000001,45.52031365130176,89.55531468265225,0.7600000000000939,89471,0.89471,-70.88869925253857,89054.0,-48.522560252249,89058,89074,0.16,-48.230128773612954,-46.8930970597788,8128.350602731172,,89150,16.457031670108446,282.8776736065066,89227,22.011351478010212,-63.507090892253345,13147.0,131.47,7.606298014756218,13116.0,131.16,0.39,"[{'halfHeight': 10, 'risingPnt': np.int64(89120), 'fallingPnt': np.int64(89355), 'widthPnts': np.int64(235), 'widthMs': np.float64(2.35)}, {'halfHeight': 20, 'risingPnt': np.int64(89130), 'fallingPnt': np.int64(89332), 'widthPnts': np.int64(202), 'widthMs': np.float64(2.02)}, {'halfHeight': 50, 'risingPnt': np.int64(89145), 'fallingPnt': np.int64(89273), 'widthPnts': np.int64(128), 'widthMs': np.float64(1.28)}, {'halfHeight': 80, 'risingPnt': np.int64(89155), 'fallingPnt': np.int64(89217), 'widthPnts': np.int64(62), 'widthMs': np.float64(0.62)}, {'halfHeight': 90, 'risingPnt': np.int64(89158), 'fallingPnt': np.int64(89199), 'widthPnts': np.int64(41), 'widthMs': np.float64(0.41)}]",2.35,2.02,1.28,0.62,0.41,0.7600000000000939,yes,,,,,,,unknown,,,,
22,22,dvdt,4,1,0.0,0,0,"[{'Spike': 0, 'Seconds': np.float64(0.2142), 'Sweep': 4, 'Epoch': 1, 'Type': 'Pre spike min under-run (mdp)', 'Details': 'Went past startPnt 0 searching for pre-spike min'}]",20260908,16:38:07,,,20230324a,20230324a,stochastic-hh.sanpy,,20.0,-40.0,0,"[10, 20, 50, 80, 90]",21418,0.21418,-43.844665285665094,19.450416413206195,,21499,0.21499000000000001,45.94287383067551,89.78753911634061,0.8100000000000052,21787,0.21787,-70.98707532135191,16581.0,-60.783982349372494,17065,18999,19.34,-59.104467521915694,-59.5574002042546,30.48734689567605,,21478,19.612881103829594,295.6178579674767,21562,18.301334299731714,-67.30181043011243,,,,,,48.37,"[{'halfHeight': 10, 'risingPnt': np.int64(21444), 'fallingPnt': np.int64(21671), 'widthPnts': np.int64(227), 'widthMs': np.float64(2.27)}, {'halfHeight': 20, 'risingPnt': np.int64(21456), 'fallingPnt': np.int64(21652), 'widthPnts': np.int64(196), 'widthMs': np.float64(1.96)}, {'halfHeight': 50, 'risingPnt': np.int64(21472), 'fallingPnt': np.int64(21594), 'widthPnts': np.int64(122), 'widthMs': np.float64(1.22)}, {'halfHeight': 80, 'risingPnt': np.int64(21481), 'fallingPnt': np.int64(21544), 'widthPnts': np.int64(63), 'widthMs': np.float64(0.63)}, {'halfHeight': 90, 'risingPnt': np.int64(21485), 'fallingPnt': np.int64(21526), 'widthPnts': np.int64(41), 'widthMs': np.float64(0.41)}]",2.27,1.96,1.22,0.63,0.41,0.8100000000000052,yes,,,,,,,unknown,,,,
23,23,dvdt,4,2,2.0,1,0,[],20260908,16:38:07,,,20230324a,20230324a,stochastic-hh.sanpy,,20.0,-40.0,0,"[10, 20, 50, 80, 90]",30065,0.30065,-44.46372007101521,19.319115831424806,,30143,0.30143000000000003,47.00932894866379,91.473049019679,0.7800000000000584,30429,0.30429,-70.7525977867691,30010.0,-49.8810083333789,30016,30038,0.22,-49.40976737578733,-47.6897171516915,7636.350121572675,,30123,15.545048260661098,297.44630372404475,30209,18.728095272101655,-65.66722482522783,8647.0,86.47,11.564704521799467,13429.0,134.29,0.55,"[{'halfHeight': 10, 'risingPnt': np.int64(30091), 'fallingPnt': np.int64(30323), 'widthPnts': np.int64(232), 'widthMs': np.float64(2.32)}, {'halfHeight': 20, 'risingPnt': np.int64(30103), 'fallingPnt': np.int64(30304), 'widthPnts': np.int64(201), 'widthMs': np.float64(2.01)}, {'halfHeight': 50, 'risingPnt': np.int64(30118), 'fallingPnt': np.int64(30246), 'widthPnts': np.int64(128), 'widthMs': np.float64(1.28)}, {'halfHeight': 80, 'risingPnt': np.int64(30128), 'fallingPnt': np.int64(30188), 'widthPnts': np.int64(60), 'widthMs': np.float64(0.6)}, {'halfHeight': 90, 'risingPnt': np.int64(30132), 'fallingPnt': np.int64(30170), 'widthPnts': np.int64(38), 'widthMs': np.float64(0.38)}]",2.32,2.01,1.28,0.6,0.38,0.7800000000000584,yes,,,,,,,unknown,,,,
24,24,dvdt,4,2,2.0,2,0,[],20260908,16:38:07,,,20230324a,20230324a,stochastic-hh.sanpy,,20.0,-40.0,0,"[10, 20, 50, 80, 90]",37501,0.37501,-44.885900284425006,19.239079102696124,,37581,0.37581,47.95538459132273,92.84128487574773,0.7999999999999674,37858,0.37857999999999997,-70.80504246756618,37457.0,-49.8810083333789,37461,37479,0.18,-49.653062484976815,-48.12529363143022,8400.17605131887,,37560,15.106756771800772,310.5632392021297,37644,18.5927969768412,-70.70379293731403,7436.0,74.36,13.448090371167295,7447.0,74.47,0.44,"[{'halfHeight': 10, 'risingPnt': np.int64(37529), 'fallingPnt': np.int64(37754), 'widthPnts': np.int64(225), 'widthMs': np.float64(2.25)}, {'halfHeight': 20, 'risingPnt': np.int64(37541), 'fallingPnt': np.int64(37734), 'widthPnts': np.int64(193), 'widthMs': np.float64(1.93)}, {'halfHeight': 50, 'risingPnt': np.int64(37556), 'fallingPnt': np.int64(37674), 'widthPnts': np.int64(118), 'widthMs': np.float64(1.18)}, {'halfHeight': 80, 'risingPnt': np.int64(37565), 'fallingPnt': np.int64(37626), 'widthPnts': np.int64(61), 'widthMs': np.float64(0.61)}, {'halfHeight': 90, 'risingPnt': np.int64(37569), 'fallingPnt': np.int64(37608), 'widthPnts': np.int64(39), 'widthMs': np.float64(0.39)}]",2.25,1.93,1.18,0.61,0.39,0.7999999999999674,yes,,,,,,,unknown,,,,
25,25,dvdt,4,2,2.0,3,0,[],20260908,16:38:07,,,20230324a,20230324a,stochastic-hh.sanpy,,20.0,-40.0,0,"[10, 20, 50, 80, 90]",42260,0.42260000000000003,-44.354516552464666,19.713978615492426,,42338,0.42338,46.23896808898701,90.59348464145168,0.7799999999999474,42633,0.42633,-70.68936899922544,42216.0,-49.8810083333789,42220,42238,0.18,-49.547458035192356,-47.61880022093914,10714.234975079033,,42318,17.100546433192214,314.3629953994096,42409,14.948723506644331,-60.69324166678884,4759.0,47.59,21.01281781886951,4759.0,47.59,0.44,"[{'halfHeight': 10, 'risingPnt': np.int64(42286), 'fallingPnt': np.int64(42519), 'widthPnts': np.int64(233), 'widthMs': np.float64(2.33)}, {'halfHeight': 20, 'risingPnt': np.int64(42298), 'fallingPnt': np.int64(42500), 'widthPnts': np.int64(202), 'widthMs': np.float64(2.02)}, {'halfHeight': 50, 'risingPnt': np.int64(42313), 'fallingPnt': np.int64(42436), 'widthPnts': np.int64(123), 'widthMs': np.float64(1.23)}, {'halfHeight': 80, 'risingPnt': np.int64(42322), 'fallingPnt': np.int64(42385), 'widthPnts': np.int64(63), 'widthMs': np.float64(0.63)}, {'halfHeight': 90, 'risingPnt': np.int64(42326), 'fallingPnt': np.int64(42367), 'widthPnts': np.int64(41), 'widthMs': np.float64(0.41)}]",2.33,2.02,1.23,0.63,0.41,0.7799999999999474,yes,,,,,,,unknown,,,,
26,26,dvdt,4,2,2.0,4,0,[],20260908,16:38:07,,,20230324a,20230324a,stochastic-hh.sanpy,,20.0,-40.0,0,"[10, 20, 50, 80, 90]",44104,0.44104000000000004,-45.135039661766754,19.396428224101776,,44186,0.44186000000000003,47.977459594193654,93.11249925596042,0.8199999999999874,44473,0.44473,-70.8345313676452,44063.0,-49.8810083333789,44067,44083,0.16,-49.54468688555623,-48.16110224316522,8570.417184585545,,44166,17.854322927088116,308.47462205899234,44297,-1.9721436858744368,-66.65053174900581,1844.0,18.44,54.22993492407809,1847.0,18.47,0.41,"[{'halfHeight': 10, 'risingPnt': np.int64(44134), 'fallingPnt': np.int64(44366), 'widthPnts': np.int64(232), 'widthMs': np.float64(2.32)}, {'halfHeight': 20, 'risingPnt': np.int64(44146), 'fallingPnt': np.int64(44350), 'widthPnts': np.int64(204), 'widthMs': np.float64(2.04)}, {'halfHeight': 50, 'risingPnt': np.int64(44161), 'fallingPnt': np.int64(44292), 'widthPnts': np.int64(131), 'widthMs': np.float64(1.31)}, {'halfHeight': 80, 'risingPnt': np.int64(44170), 'fallingPnt': np.int64(44237), 'widthPnts': np.int64(67), 'widthMs': np.float64(0.67)}, {'halfHeight': 90, 'risingPnt': np.int64(44174), 'fallingPnt': np.int64(44216), 'widthPnts': np.int64(42), 'widthMs': np.float64(0.42)}]",2.32,2.04,1.31,0.67,0.42,0.8199999999999874,yes,,,,,,,unknown,,,,
27,27,dvdt,4,2,2.0,5,0,[],20260908,16:38:07,,,20230324a,20230324a,stochastic-hh.sanpy,,20.0,-40.0,0,"[10, 20, 50, 80, 90]",47037,0.47037,-43.870095759145435,19.439818666093252,,47116,0.47116,45.406279149495795,89.27637490864123,0.7900000000000129,47387,0.47387,-70.79883957325916,47003.0,-47.96332800822071,47006,47020,0.14,-47.64577340113278,-46.29333956094957,9744.272048510034,,47097,18.77219079873479,281.3493634904311,47161,25.972710059637816,-73.75999336487004,2933.0,29.33,34.09478349812479,2940.0,29.4,0.34,"[{'halfHeight': 10, 'risingPnt': np.int64(47064), 'fallingPnt': np.int64(47280), 'widthPnts': np.int64(216), 'widthMs': np.float64(2.16)}, {'halfHeight': 20, 'risingPnt': np.int64(47075), 'fallingPnt': np.int64(47261), 'widthPnts': np.int64(186), 'widthMs': np.float64(1.86)}, {'halfHeight': 50, 'risingPnt': np.int64(47091), 'fallingPnt': np.int64(47207), 'widthPnts': np.int64(116), 'widthMs': np.float64(1.16)}, {'halfHeight': 80, 'risingPnt': np.int64(47101), 'fallingPnt': np.int64(47159), 'widthPnts': np.int64(58), 'widthMs': np.float64(0.58)}, {'halfHeight': 90, 'risingPnt': np.int64(47105), 'fallingPnt': np.int64(47142), 'widthPnts': np.int64(37), 'widthMs': np.float64(0.37)}]",2.16,1.86,1.16,0.58,0.37,0.7900000000000129,yes,,,,,,,unknown,,,,
28,28,dvdt,4,2,2.0,6,0,[],20260908,16:38:07,,,20230324a,20230324a,stochastic-hh.sanpy,,20.0,-40.0,0,"[10, 20, 50, 80, 90]",48696,0.48696,-45.508165568821916,19.437888537028627,,48776,0.48775999999999997,48.62871738029008,94.13688294911199,0.7999999999999674,49063,0.49063,-70.90302017423153,48681.0,-47.96332800822071,48683,48689,0.06,-47.67804147241003,-46.75770012295127,15287.215834471679,,48757,16.270950774942424,321.2413359548026,48849,17.65235383415751,-73.72543026196139,1659.0,16.59,60.27727546714888,1678.0,16.78,0.15,"[{'halfHeight': 10, 'risingPnt': np.int64(48726), 'fallingPnt': np.int64(48958), 'widthPnts': np.int64(232), 'widthMs': np.float64(2.32)}, {'halfHeight': 20, 'risingPnt': np.int64(48737), 'fallingPnt': np.int64(48939), 'widthPnts': np.int64(202), 'widthMs': np.float64(2.02)}, {'halfHeight': 50, 'risingPnt': np.int64(48753), 'fallingPnt': np.int64(48880), 'widthPnts': np.int64(127), 'widthMs': np.float64(1.27)}, {'halfHeight': 80, 'risingPnt': np.int64(48762), 'fallingPnt': np.int64(48825), 'widthPnts': np.int64(63), 'widthMs': np.float64(0.63)}, {'halfHeight': 90, 'risingPnt': np.int64(48766), 'fallingPnt': np.int64(48805), 'widthPnts': np.int64(39), 'widthMs': np.float64(0.39)}]",2.32,2.02,1.27,0.63,0.39,0.7999999999999674,yes,,,,,,,unknown,,,,
29,29,dvdt,4,2,2.0,7,0,[],20260908,16:38:07,,,20230324a,20230324a,stochastic-hh.sanpy,,20.0,-40.0,0,"[10, 20, 50, 80, 90]",50413,0.50413,-45.17473062910964,19.48908385915592,,50492,0.50492,48.569155437365715,93.74388606647535,0.7900000000000684,50780,0.5078,-70.86425611843231,50394.0,-47.99912233676495,50396,50404,0.08,-47.69965225919064,-46.64276148525576,13256.873460699038,,50474,21.19937389237753,328.8905824822549,50543,28.597329879751946,-67.07402928981183,1717.0,17.17,58.241118229470004,1713.0,17.13,0.19,"[{'halfHeight': 10, 'risingPnt': np.int64(50441), 'fallingPnt': np.int64(50675), 'widthPnts': np.int64(234), 'widthMs': np.float64(2.34)}, {'halfHeight': 20, 'risingPnt': np.int64(50453), 'fallingPnt': np.int64(50653), 'widthPnts': np.int64(200), 'widthMs': np.float64(2.0)}, {'halfHeight': 50, 'risingPnt': np.int64(50468), 'fallingPnt': np.int64(50593), 'widthPnts': np.int64(125), 'widthMs': np.float64(1.25)}, {'halfHeight': 80, 'risingPnt': np.int64(50477), 'fallingPnt': np.int64(50542), 'widthPnts': np.int64(65), 'widthMs': np.float64(0.65)}, {'halfHeight': 90, 'risingPnt': np.int64(50481), 'fallingPnt': np.int64(50521), 'widthPnts': np.int64(40), 'widthMs': np.float64(0.4)}]",2.34,2.0,1.25,0.65,0.4,0.7900000000000684,yes,,,,,,,unknown,,,,
30,30,dvdt,4,2,2.0,8,0,[],20260908,16:38:07,,,20230324a,20230324a,stochastic-hh.sanpy,,20.0,-40.0,0,"[10, 20, 50, 80, 90]",60483,0.6048300000000001,-44.60602471678103,19.611567394696184,,60561,0.60561,48.515275044560646,93.12129976134167,0.7799999999998919,60849,0.60849,-70.62227693945255,60462.0,-47.99912233676495,60464,60472,0.08,-47.59012459094023,-46.453465867843356,14352.745474508254,,60541,17.362444881706494,323.8155365479412,60603,31.766217328692946,-71.10395835645154,10070.0,100.7,9.9304865938431,10068.0,100.68,0.21,"[{'halfHeight': 10, 'risingPnt': np.int64(60511), 'fallingPnt': np.int64(60741), 'widthPnts': np.int64(230), 'widthMs': np.float64(2.3)}, {'halfHeight': 20, 'risingPnt': np.int64(60522), 'fallingPnt': np.int64(60717), 'widthPnts': np.int64(195), 'widthMs': np.float64(1.95)}, {'halfHeight': 50, 'risingPnt': np.int64(60536), 'fallingPnt': np.int64(60656), 'widthPnts': np.int64(120), 'widthMs': np.float64(1.2)}, {'halfHeight': 80, 'risingPnt': np.int64(60546), 'fallingPnt': np.int64(60606), 'widthPnts': np.int64(60), 'widthMs': np.float64(0.6)}, {'halfHeight': 90, 'risingPnt': np.int64(60549), 'fallingPnt': np.int64(60590), 'widthPnts': np.int64(41), 'widthMs': np.float64(0.41)}]",2.3,1.95,1.2,0.6,0.41,0.7799999999998919,yes,,,,,,,unknown,,,,
31,31,dvdt,4,2,2.0,9,0,[],20260908,16:38:07,,,20230324a,20230324a,stochastic-hh.sanpy,,20.0,-40.0,0,"[10, 20, 50, 80, 90]",65816,0.65816,-45.84868991884149,19.114119967888033,,65897,0.6589700000000001,47.9126814360816,93.76137135492309,0.8100000000000884,66181,0.6618099999999999,-70.77082459798693,65802.0,-47.99912233676495,65803,65809,0.06,-47.79411788765316,-47.00745685131527,13073.349291112405,,65878,20.937750966559047,314.08459709013687,65953,24.30567927394671,-66.33553470683198,5333.0,53.33,18.751171948246768,5340.0,53.4,0.14,"[{'halfHeight': 10, 'risingPnt': np.int64(65844), 'fallingPnt': np.int64(66078), 'widthPnts': np.int64(234), 'widthMs': np.float64(2.34)}, {'halfHeight': 20, 'risingPnt': np.int64(65856), 'fallingPnt': np.int64(66059), 'widthPnts': np.int64(203), 'widthMs': np.float64(2.03)}, {'halfHeight': 50, 'risingPnt': np.int64(65872), 'fallingPnt': np.int64(65998), 'widthPnts': np.int64(126), 'widthMs': np.float64(1.26)}, {'halfHeight': 80, 'risingPnt': np.int64(65881), 'fallingPnt': np.int64(65946), 'widthPnts': np.int64(65), 'widthMs': np.float64(0.65)}, {'halfHeight': 90, 'risingPnt': np.int64(65885), 'fallingPnt': np.int64(65926), 'widthPnts': np.int64(41), 'widthMs': np.float64(0.41)}]",2.34,2.03,1.26,0.65,0.41,0.8100000000000884,yes,,,,,,,unknown,,,,
32,32,dvdt,4,2,2.0,10,0,[],20260908,16:38:07,,,20230324a,20230324a,stochastic-hh.sanpy,,20.0,-40.0,0,"[10, 20, 50, 80, 90]",67625,0.67625,-44.80009643193834,19.73569358256115,,67701,0.67701,49.39811319811563,94.19820963005398,0.7599999999999829,67995,0.67995,-70.7849195897015,67602.0,-47.99912233676495,67604,67614,0.1,-47.74532874581016,-46.54822849096436,11747.799133695245,,67684,23.46494677105155,332.78151385557595,67779,13.913714474880875,-63.93568137237088,1809.0,18.09,55.279159756771705,1800.0,18.0,0.23,"[{'halfHeight': 10, 'risingPnt': np.int64(67651), 'fallingPnt': np.int64(67888), 'widthPnts': np.int64(237), 'widthMs': np.float64(2.37)}, {'halfHeight': 20, 'risingPnt': np.int64(67663), 'fallingPnt': np.int64(67868), 'widthPnts': np.int64(205), 'widthMs': np.float64(2.05)}, {'halfHeight': 50, 'risingPnt': np.int64(67678), 'fallingPnt': np.int64(67805), 'widthPnts': np.int64(127), 'widthMs': np.float64(1.27)}, {'halfHeight': 80, 'risingPnt': np.int64(67687), 'fallingPnt': np.int64(67748), 'widthPnts': np.int64(61), 'widthMs': np.float64(0.61)}, {'halfHeight': 90, 'risingPnt': np.int64(67690), 'fallingPnt': np.int64(67729), 'widthPnts': np.int64(39), 'widthMs': np.float64(0.39)}]",2.37,2.05,1.27,0.61,0.39,0.7599999999999829,yes,,,,,,,unknown,,,,
33,33,dvdt,4,2,2.0,11,0,[],20260908,16:38:07,,,20230324a,20230324a,stochastic-hh.sanpy,,20.0,-40.0,0,"[10, 20, 50, 80, 90]",72316,0.7231599999999999,-43.590318687311466,19.542004130716617,,72389,0.72389,46.38885171936503,89.9791704066765,0.7300000000001194,72682,0.72682,-70.7335956658977,72281.0,-47.99912233676495,72285,72299,0.14,-47.59151372893614,-46.12625068881392,10360.606178842574,,72371,18.776360966197526,315.11609771585097,72471,10.245178658081533,-74.74072749107889,4691.0,46.91,21.31741632914091,4679.0,46.79,0.35,"[{'halfHeight': 10, 'risingPnt': np.int64(72340), 'fallingPnt': np.int64(72566), 'widthPnts': np.int64(226), 'widthMs': np.float64(2.26)}, {'halfHeight': 20, 'risingPnt': np.int64(72351), 'fallingPnt': np.int64(72545), 'widthPnts': np.int64(194), 'widthMs': np.float64(1.94)}, {'halfHeight': 50, 'risingPnt': np.int64(72366), 'fallingPnt': np.int64(72488), 'widthPnts': np.int64(122), 'widthMs': np.float64(1.22)}, {'halfHeight': 80, 'risingPnt': np.int64(72375), 'fallingPnt': np.int64(72435), 'widthPnts': np.int64(60), 'widthMs': np.float64(0.6)}, {'halfHeight': 90, 'risingPnt': np.int64(72378), 'fallingPnt': np.int64(72418), 'widthPnts': np.int64(40), 'widthMs': np.float64(0.4)}]",2.26,1.94,1.22,0.6,0.4,0.7300000000001194,yes,,,,,,,unknown,,,,
34,34,dvdt,4,2,2.0,12,0,[],20260908,16:38:07,,,20230324a,20230324a,stochastic-hh.sanpy,,20.0,-40.0,0,"[10, 20, 50, 80, 90]",74317,0.74317,-45.33250778822853,19.76793231682571,,74398,0.74398,46.62832536874515,91.96083315697368,0.8099999999999774,74678,0.74678,-70.87888599818191,74293.0,-48.25371917276314,74295,74305,0.1,-48.08836725668542,-47.14815028997993,8983.242939753598,,74378,15.455329541293565,303.8651243912971,74597,-48.65389905214665,-68.18184355852847,2001.0,20.01,49.97501249375313,2012.0,20.12,0.24,"[{'halfHeight': 10, 'risingPnt': np.int64(74345), 'fallingPnt': np.int64(74576), 'widthPnts': np.int64(231), 'widthMs': np.float64(2.31)}, {'halfHeight': 20, 'risingPnt': np.int64(74358), 'fallingPnt': np.int64(74556), 'widthPnts': np.int64(198), 'widthMs': np.float64(1.98)}, {'halfHeight': 50, 'risingPnt': np.int64(74373), 'fallingPnt': np.int64(74501), 'widthPnts': np.int64(128), 'widthMs': np.float64(1.28)}, {'halfHeight': 80, 'risingPnt': np.int64(74383), 'fallingPnt': np.int64(74448), 'widthPnts': np.int64(65), 'widthMs': np.float64(0.65)}, {'halfHeight': 90, 'risingPnt': np.int64(74387), 'fallingPnt': np.int64(74427), 'widthPnts': np.int64(40), 'widthMs': np.float64(0.4)}]",2.31,1.98,1.28,0.65,0.4,0.8099999999999774,yes,,,,,,,unknown,,,,
35,35,dvdt,4,3,0.0,13,0,[],20260908,16:38:07,,,20230324a,20230324a,stochastic-hh.sanpy,,20.0,-40.0,0,"[10, 20, 50, 80, 90]",79607,0.79607,-45.722019779427576,19.653892080585848,,79685,0.7968500000000001,49.48295132684447,95.20497110627204,0.7800000000000029,79984,0.79984,-71.0040379950936,79598.0,-47.35365189839155,79599,79602,0.03,-47.15929935175307,-46.65593432455228,16624.959034544238,,79667,18.5751168531462,331.9419972950813,79786,3.858312934959768,-63.19347541906789,5290.0,52.9,18.903591682419663,5305.0,53.05,0.09,"[{'halfHeight': 10, 'risingPnt': np.int64(79635), 'fallingPnt': np.int64(79878), 'widthPnts': np.int64(243), 'widthMs': np.float64(2.43)}, {'halfHeight': 20, 'risingPnt': np.int64(79647), 'fallingPnt': np.int64(79857), 'widthPnts': np.int64(210), 'widthMs': np.float64(2.1)}, {'halfHeight': 50, 'risingPnt': np.int64(79662), 'fallingPnt': np.int64(79790), 'widthPnts': np.int64(128), 'widthMs': np.float64(1.28)}, {'halfHeight': 80, 'risingPnt': np.int64(79671), 'fallingPnt': np.int64(79736), 'widthPnts': np.int64(65), 'widthMs': np.float64(0.65)}, {'halfHeight': 90, 'risingPnt': np.int64(79675), 'fallingPnt': np.int64(79716), 'widthPnts': np.int64(41), 'widthMs': np.float64(0.41)}]",2.43,2.1,1.28,0.65,0.41,0.7800000000000029,yes,,,,,,,unknown,,,,
36,36,dvdt,5,2,3.0,0,0,"[{'Spike': 0, 'Seconds': np.float64(0.2535), 'Sweep': 5, 'Epoch': 2, 'Type': 'Fit EDD', 'Details': 'Early diastolic duration rate fit - Too low -126.098<=8'}]",20260908,16:38:07,,,20230324a,20230324a,stochastic-hh.sanpy,,20.0,-40.0,0,"[10, 20, 50, 80, 90]",25354,0.25354,-45.10053143391615,19.470253096068486,,25433,0.25433,47.39505166449881,92.49558309841495,0.7900000000000129,25715,0.25715,-70.84569941422757,22687.0,-60.69631355896186,22954,24021,10.67,-58.94989298155654,-59.20951427408146,-126.09778102796318,,25414,17.83889228628031,308.07081844492774,25519,9.1978312884165,-63.857898012566785,,,,,,26.67,"[{'halfHeight': 10, 'risingPnt': np.int64(25382), 'fallingPnt': np.int64(25615), 'widthPnts': np.int64(233), 'widthMs': np.float64(2.33)}, {'halfHeight': 20, 'risingPnt': np.int64(25393), 'fallingPnt': np.int64(25596), 'widthPnts': np.int64(203), 'widthMs': np.float64(2.03)}, {'halfHeight': 50, 'risingPnt': np.int64(25409), 'fallingPnt': np.int64(25534), 'widthPnts': np.int64(125), 'widthMs': np.float64(1.25)}, {'halfHeight': 80, 'risingPnt': np.int64(25418), 'fallingPnt': np.int64(25480), 'widthPnts': np.int64(62), 'widthMs': np.float64(0.62)}, {'halfHeight': 90, 'risingPnt': np.int64(25422), 'fallingPnt': np.int64(25460), 'widthPnts': np.int64(38), 'widthMs': np.float64(0.38)}]",2.33,2.03,1.25,0.62,0.38,0.7900000000000129,yes,,,,,,,unknown,,,,
37,37,dvdt,5,2,3.0,1,0,[],20260908,16:38:07,,,20230324a,20230324a,stochastic-hh.sanpy,,20.0,-40.0,0,"[10, 20, 50, 80, 90]",27559,0.27559,-43.77071624531196,19.624926092234208,,27634,0.27634,46.88678930638165,90.65750555169362,0.7499999999999729,27921,0.27920999999999996,-70.6646577044145,27536.0,-47.17492476740025,27538,27548,0.1,-46.932159480465415,-45.629468192935846,12806.873556727303,,27616,18.366722585321117,300.01675486287803,27708,15.916594837050452,-62.92645030407872,2205.0,22.05,45.35147392290249,4849.0,48.49,0.23,"[{'halfHeight': 10, 'risingPnt': np.int64(27585), 'fallingPnt': np.int64(27811), 'widthPnts': np.int64(226), 'widthMs': np.float64(2.26)}, {'halfHeight': 20, 'risingPnt': np.int64(27596), 'fallingPnt': np.int64(27792), 'widthPnts': np.int64(196), 'widthMs': np.float64(1.96)}, {'halfHeight': 50, 'risingPnt': np.int64(27610), 'fallingPnt': np.int64(27736), 'widthPnts': np.int64(126), 'widthMs': np.float64(1.26)}, {'halfHeight': 80, 'risingPnt': np.int64(27620), 'fallingPnt': np.int64(27684), 'widthPnts': np.int64(64), 'widthMs': np.float64(0.64)}, {'halfHeight': 90, 'risingPnt': np.int64(27624), 'fallingPnt': np.int64(27666), 'widthPnts': np.int64(42), 'widthMs': np.float64(0.42)}]",2.26,1.96,1.26,0.64,0.42,0.7499999999999729,yes,,,,,,,unknown,,,,
38,38,dvdt,5,2,3.0,2,0,[],20260908,16:38:07,,,20230324a,20230324a,stochastic-hh.sanpy,,20.0,-40.0,0,"[10, 20, 50, 80, 90]",30032,0.30032,-42.958864372413046,19.794999677147068,,30109,0.30108999999999997,43.442710547344305,86.40157491975735,0.7699999999999929,30384,0.30384,-70.62620593382954,29998.0,-47.17492476740025,30001,30015,0.14,-46.90027157465633,-45.59708504694419,9270.651508550904,,30088,14.115348364797027,273.9337420131874,30306,-51.02401705372753,-65.65889730576654,2473.0,24.73,40.43671653861706,2462.0,24.62,0.34,"[{'halfHeight': 10, 'risingPnt': np.int64(30057), 'fallingPnt': np.int64(30275), 'widthPnts': np.int64(218), 'widthMs': np.float64(2.18)}, {'halfHeight': 20, 'risingPnt': np.int64(30068), 'fallingPnt': np.int64(30254), 'widthPnts': np.int64(186), 'widthMs': np.float64(1.86)}, {'halfHeight': 50, 'risingPnt': np.int64(30083), 'fallingPnt': np.int64(30200), 'widthPnts': np.int64(117), 'widthMs': np.float64(1.17)}, {'halfHeight': 80, 'risingPnt': np.int64(30093), 'fallingPnt': np.int64(30154), 'widthPnts': np.int64(61), 'widthMs': np.float64(0.61)}, {'halfHeight': 90, 'risingPnt': np.int64(30097), 'fallingPnt': np.int64(30136), 'widthPnts': np.int64(39), 'widthMs': np.float64(0.39)}]",2.18,1.86,1.17,0.61,0.39,0.7699999999999929,yes,,,,,,,unknown,,,,
39,39,dvdt,5,2,3.0,3,0,[],20260908,16:38:07,,,20230324a,20230324a,stochastic-hh.sanpy,,20.0,-40.0,0,"[10, 20, 50, 80, 90]",31926,0.31926,-43.33934405565776,19.71011172538729,,32003,0.32003,45.33641479599665,88.67575885165442,0.7699999999999929,32269,0.32269,-70.73878345174006,31899.0,-47.17492476740025,31902,31913,0.11,-46.77880676788494,-45.335664278772306,12988.542887360916,,31983,18.02391847779178,300.32173092383744,32200,-53.32288174949847,-73.01580076187115,1894.0,18.94,52.798310454065465,1901.0,19.01,0.27,"[{'halfHeight': 10, 'risingPnt': np.int64(31951), 'fallingPnt': np.int64(32169), 'widthPnts': np.int64(218), 'widthMs': np.float64(2.18)}, {'halfHeight': 20, 'risingPnt': np.int64(31962), 'fallingPnt': np.int64(32149), 'widthPnts': np.int64(187), 'widthMs': np.float64(1.87)}, {'halfHeight': 50, 'risingPnt': np.int64(31977), 'fallingPnt': np.int64(32095), 'widthPnts': np.int64(118), 'widthMs': np.float64(1.18)}, {'halfHeight': 80, 'risingPnt': np.int64(31987), 'fallingPnt': np.int64(32046), 'widthPnts': np.int64(59), 'widthMs': np.float64(0.59)}, {'halfHeight': 90, 'risingPnt': np.int64(31990), 'fallingPnt': np.int64(32028), 'widthPnts': np.int64(38), 'widthMs': np.float64(0.38)}]",2.18,1.87,1.18,0.59,0.38,0.7699999999999929,yes,,,,,,,unknown,,,,
40,40,dvdt,5,2,3.0,4,0,[],20260908,16:38:07,,,20230324a,20230324a,stochastic-hh.sanpy,,20.0,-40.0,0,"[10, 20, 50, 80, 90]",33674,0.33674,-44.158806089902505,19.27184422463064,,33750,0.3375,46.56215944561358,90.72096553551609,0.7600000000000384,34029,0.34029000000000004,-70.71555321422431,33656.0,-47.17492476740025,33658,33665,0.07,-46.80384387238641,-45.777107203609326,14577.935313407039,,33728,13.981473002335976,309.0009459566973,33807,21.894018700726722,-71.4920248738601,1748.0,17.48,57.20823798627003,1757.0,17.57,0.18,"[{'halfHeight': 10, 'risingPnt': np.int64(33698), 'fallingPnt': np.int64(33930), 'widthPnts': np.int64(232), 'widthMs': np.float64(2.32)}, {'halfHeight': 20, 'risingPnt': np.int64(33709), 'fallingPnt': np.int64(33908), 'widthPnts': np.int64(199), 'widthMs': np.float64(1.99)}, {'halfHeight': 50, 'risingPnt': np.int64(33724), 'fallingPnt': np.int64(33847), 'widthPnts': np.int64(123), 'widthMs': np.float64(1.23)}, {'halfHeight': 80, 'risingPnt': np.int64(33733), 'fallingPnt': np.int64(33797), 'widthPnts': np.int64(64), 'widthMs': np.float64(0.64)}, {'halfHeight': 90, 'risingPnt': np.int64(33737), 'fallingPnt': np.int64(33780), 'widthPnts': np.int64(43), 'widthMs': np.float64(0.43)}]",2.32,1.99,1.23,0.64,0.43,0.7600000000000384,yes,,,,,,,unknown,,,,
41,41,dvdt,5,2,3.0,5,0,[],20260908,16:38:07,,,20230324a,20230324a,stochastic-hh.sanpy,,20.0,-40.0,0,"[10, 20, 50, 80, 90]",35411,0.35411000000000004,-43.33501359059609,19.537390430729808,,35485,0.35485,45.43880263754963,88.77381622814572,0.7399999999999629,35763,0.35763,-70.73842201418529,35389.0,-47.17492476740025,35391,35400,0.09,-46.789010325294804,-45.32240772895673,16388.663508420683,,35465,14.571309635150785,302.7532542801633,35542,19.907951228241505,-68.98172017242833,1737.0,17.37,57.570523891767415,1733.0,17.33,0.22,"[{'halfHeight': 10, 'risingPnt': np.int64(35435), 'fallingPnt': np.int64(35656), 'widthPnts': np.int64(221), 'widthMs': np.float64(2.21)}, {'halfHeight': 20, 'risingPnt': np.int64(35446), 'fallingPnt': np.int64(35636), 'widthPnts': np.int64(190), 'widthMs': np.float64(1.9)}, {'halfHeight': 50, 'risingPnt': np.int64(35461), 'fallingPnt': np.int64(35578), 'widthPnts': np.int64(117), 'widthMs': np.float64(1.17)}, {'halfHeight': 80, 'risingPnt': np.int64(35470), 'fallingPnt': np.int64(35528), 'widthPnts': np.int64(58), 'widthMs': np.float64(0.58)}, {'halfHeight': 90, 'risingPnt': np.int64(35474), 'fallingPnt': np.int64(35512), 'widthPnts': np.int64(38), 'widthMs': np.float64(0.38)}]",2.21,1.9,1.17,0.58,0.38,0.7399999999999629,yes,,,,,,,unknown,,,,
42,42,dvdt,5,2,3.0,6,0,[],20260908,16:38:07,,,20230324a,20230324a,stochastic-hh.sanpy,,20.0,-40.0,0,"[10, 20, 50, 80, 90]",41121,0.41120999999999996,-44.11506769029182,19.66992956176265,,41202,0.41202,43.43382976607062,87.54889745636245,0.8100000000000329,41476,0.41476,-70.70725547159199,41099.0,-47.17492476740025,41101,41110,0.09,-46.92506512593419,-45.81671380927787,12294.107358796728,,41183,16.935072932260425,280.70355026435954,41262,16.27893349471767,-66.16781072175826,5710.0,57.1,17.513134851138354,5710.0,57.1,0.22,"[{'halfHeight': 10, 'risingPnt': np.int64(41150), 'fallingPnt': np.int64(41371), 'widthPnts': np.int64(221), 'widthMs': np.float64(2.21)}, {'halfHeight': 20, 'risingPnt': np.int64(41161), 'fallingPnt': np.int64(41353), 'widthPnts': np.int64(192), 'widthMs': np.float64(1.92)}, {'halfHeight': 50, 'risingPnt': np.int64(41177), 'fallingPnt': np.int64(41298), 'widthPnts': np.int64(121), 'widthMs': np.float64(1.21)}, {'halfHeight': 80, 'risingPnt': np.int64(41187), 'fallingPnt': np.int64(41245), 'widthPnts': np.int64(58), 'widthMs': np.float64(0.58)}, {'halfHeight': 90, 'risingPnt': np.int64(41191), 'fallingPnt': np.int64(41230), 'widthPnts': np.int64(39), 'widthMs': np.float64(0.39)}]",2.21,1.92,1.21,0.58,0.39,0.8100000000000329,yes,,,,,,,unknown,,,,
43,43,dvdt,5,2,3.0,7,0,[],20260908,16:38:07,,,20230324a,20230324a,stochastic-hh.sanpy,,20.0,-40.0,0,"[10, 20, 50, 80, 90]",43024,0.43024,-44.26990913924729,19.85121244931127,,43107,0.43107,44.706364158108016,88.9762732973553,0.8299999999999974,43383,0.43383,-70.6324172955169,43004.0,-47.17492476740025,43006,43014,0.08,-46.92801767118884,-45.979787148100094,11476.063300410135,,43083,18.795775335855026,296.48383018730635,43208,-4.7327484243987294,-68.19925609376976,1903.0,19.03,52.54860746190226,1905.0,19.05,0.2,"[{'halfHeight': 10, 'risingPnt': np.int64(43049), 'fallingPnt': np.int64(43277), 'widthPnts': np.int64(228), 'widthMs': np.float64(2.28)}, {'halfHeight': 20, 'risingPnt': np.int64(43061), 'fallingPnt': np.int64(43256), 'widthPnts': np.int64(195), 'widthMs': np.float64(1.95)}, {'halfHeight': 50, 'risingPnt': np.int64(43077), 'fallingPnt': np.int64(43200), 'widthPnts': np.int64(123), 'widthMs': np.float64(1.23)}, {'halfHeight': 80, 'risingPnt': np.int64(43086), 'fallingPnt': np.int64(43149), 'widthPnts': np.int64(63), 'widthMs': np.float64(0.63)}, {'halfHeight': 90, 'risingPnt': np.int64(43090), 'fallingPnt': np.int64(43130), 'widthPnts': np.int64(40), 'widthMs': np.float64(0.4)}]",2.28,1.95,1.23,0.63,0.4,0.8299999999999974,yes,,,,,,,unknown,,,,
44,44,dvdt,5,2,3.0,8,0,[],20260908,16:38:07,,,20230324a,20230324a,stochastic-hh.sanpy,,20.0,-40.0,0,"[10, 20, 50, 80, 90]",45578,0.45577999999999996,-43.618780205813025,19.768577324936,,45652,0.45652,47.154530880146986,90.77331108596002,0.7400000000000184,45948,0.45948,-70.6282247278146,45556.0,-47.17492476740025,45558,45567,0.09,-46.88218269580431,-45.66978056622623,13031.527465091689,,45633,16.936138005296826,318.5244070663848,45741,5.5761963446764025,-67.69112883702502,2554.0,25.54,39.15426781519186,2552.0,25.52,0.22,"[{'halfHeight': 10, 'risingPnt': np.int64(45603), 'fallingPnt': np.int64(45837), 'widthPnts': np.int64(234), 'widthMs': np.float64(2.34)}, {'halfHeight': 20, 'risingPnt': np.int64(45614), 'fallingPnt': np.int64(45816), 'widthPnts': np.int64(202), 'widthMs': np.float64(2.02)}, {'halfHeight': 50, 'risingPnt': np.int64(45628), 'fallingPnt': np.int64(45749), 'widthPnts': np.int64(121), 'widthMs': np.float64(1.21)}, {'halfHeight': 80, 'risingPnt': np.int64(45637), 'fallingPnt': np.int64(45701), 'widthPnts': np.int64(64), 'widthMs': np.float64(0.64)}, {'halfHeight': 90, 'risingPnt': np.int64(45641), 'fallingPnt': np.int64(45684), 'widthPnts': np.int64(43), 'widthMs': np.float64(0.43)}]",2.34,2.02,1.21,0.64,0.43,0.7400000000000184,yes,,,,,,,unknown,,,,
45,45,dvdt,5,2,3.0,9,0,[],20260908,16:38:07,,,20230324a,20230324a,stochastic-hh.sanpy,,20.0,-40.0,0,"[10, 20, 50, 80, 90]",47218,0.47218,-45.45422730524244,19.906352465808745,,47295,0.47295,49.68614116152154,95.14036846676399,0.7699999999999929,47576,0.47576,-70.56899592670715,47208.0,-47.17492476740025,47209,47213,0.04,-46.96162208271879,-46.353299766656455,15181.507784767353,,47276,19.915746603187756,337.3655544864678,47380,10.252372268839297,-67.99663173085783,1640.0,16.4,60.97560975609757,1652.0,16.52,0.1,"[{'halfHeight': 10, 'risingPnt': np.int64(47244), 'fallingPnt': np.int64(47472), 'widthPnts': np.int64(228), 'widthMs': np.float64(2.28)}, {'halfHeight': 20, 'risingPnt': np.int64(47256), 'fallingPnt': np.int64(47452), 'widthPnts': np.int64(196), 'widthMs': np.float64(1.96)}, {'halfHeight': 50, 'risingPnt': np.int64(47271), 'fallingPnt': np.int64(47396), 'widthPnts': np.int64(125), 'widthMs': np.float64(1.25)}, {'halfHeight': 80, 'risingPnt': np.int64(47280), 'fallingPnt': np.int64(47345), 'widthPnts': np.int64(65), 'widthMs': np.float64(0.65)}, {'halfHeight': 90, 'risingPnt': np.int64(47283), 'fallingPnt': np.int64(47325), 'widthPnts': np.int64(42), 'widthMs': np.float64(0.42)}]",2.28,1.96,1.25,0.65,0.42,0.7699999999999929,yes,,,,,,,unknown,,,,
46,46,dvdt,5,2,3.0,10,0,[],20260908,16:38:07,,,20230324a,20230324a,stochastic-hh.sanpy,,20.0,-40.0,0,"[10, 20, 50, 80, 90]",48925,0.48925,-45.18650926612817,19.327980846307337,,49004,0.49004000000000003,48.450979046285376,93.63748831241355,0.7900000000000129,49279,0.49279,-70.50964886371509,48913.0,-47.17492476740025,48914,48919,0.05,-46.99977114401204,-46.237824710492916,14841.050366518915,,48984,20.429025345893322,315.64615972245605,49084,7.321171260019251,-68.18207153457371,1707.0,17.07,58.582308142940825,1705.0,17.05,0.12,"[{'halfHeight': 10, 'risingPnt': np.int64(48951), 'fallingPnt': np.int64(49173), 'widthPnts': np.int64(222), 'widthMs': np.float64(2.22)}, {'halfHeight': 20, 'risingPnt': np.int64(48963), 'fallingPnt': np.int64(49153), 'widthPnts': np.int64(190), 'widthMs': np.float64(1.9)}, {'halfHeight': 50, 'risingPnt': np.int64(48978), 'fallingPnt': np.int64(49093), 'widthPnts': np.int64(115), 'widthMs': np.float64(1.15)}, {'halfHeight': 80, 'risingPnt': np.int64(48988), 'fallingPnt': np.int64(49045), 'widthPnts': np.int64(57), 'widthMs': np.float64(0.57)}, {'halfHeight': 90, 'risingPnt': np.int64(48991), 'fallingPnt': np.int64(49028), 'widthPnts': np.int64(37), 'widthMs': np.float64(0.37)}]",2.22,1.9,1.15,0.57,0.37,0.7900000000000129,yes,,,,,,,unknown,,,,
47,47,dvdt,5,2,3.0,11,0,[],20260908,16:38:07,,,20230324a,20230324a,stochastic-hh.sanpy,,20.0,-40.0,0,"[10, 20, 50, 80, 90]",50984,0.50984,-43.525250792546885,19.619337311872595,,51058,0.51058,45.242720162178145,88.76797095472503,0.7400000000000739,51342,0.51342,-70.65190649843828,50966.0,-46.14964527773421,50968,50975,0.07,-45.8749239834977,-44.969285286957664,12898.15906983359,,51040,16.41177222214121,304.0100724362304,51095,31.663131985633253,-61.97029974050036,2059.0,20.59,48.56726566294317,2053.0,20.53,0.18,"[{'halfHeight': 10, 'risingPnt': np.int64(51009), 'fallingPnt': np.int64(51235), 'widthPnts': np.int64(226), 'widthMs': np.float64(2.26)}, {'halfHeight': 20, 'risingPnt': np.int64(51020), 'fallingPnt': np.int64(51215), 'widthPnts': np.int64(195), 'widthMs': np.float64(1.95)}, {'halfHeight': 50, 'risingPnt': np.int64(51035), 'fallingPnt': np.int64(51155), 'widthPnts': np.int64(120), 'widthMs': np.float64(1.2)}, {'halfHeight': 80, 'risingPnt': np.int64(51044), 'fallingPnt': np.int64(51103), 'widthPnts': np.int64(59), 'widthMs': np.float64(0.59)}, {'halfHeight': 90, 'risingPnt': np.int64(51048), 'fallingPnt': np.int64(51086), 'widthPnts': np.int64(38), 'widthMs': np.float64(0.38)}]",2.26,1.95,1.2,0.59,0.38,0.7400000000000739,yes,,,,,,,unknown,,,,
48,48,dvdt,5,2,3.0,12,0,[],20260908,16:38:07,,,20230324a,20230324a,stochastic-hh.sanpy,,20.0,-40.0,0,"[10, 20, 50, 80, 90]",53124,0.53124,-43.408669852861436,19.797921084064455,,53202,0.5320199999999999,43.87085582407736,87.27952567693879,0.7799999999998919,53470,0.5347000000000001,-70.77736642930512,53107.0,-46.14964527773421,53109,53115,0.06,-45.849193158281835,-44.97014079671561,14428.680679954039,,53182,17.943486935131684,282.6401443984007,53400,-53.483612587232024,-71.4698936947124,2140.0,21.4,46.728971962616825,2141.0,21.41,0.17,"[{'halfHeight': 10, 'risingPnt': np.int64(53148), 'fallingPnt': np.int64(53371), 'widthPnts': np.int64(223), 'widthMs': np.float64(2.23)}, {'halfHeight': 20, 'risingPnt': np.int64(53160), 'fallingPnt': np.int64(53354), 'widthPnts': np.int64(194), 'widthMs': np.float64(1.94)}, {'halfHeight': 50, 'risingPnt': np.int64(53176), 'fallingPnt': np.int64(53294), 'widthPnts': np.int64(118), 'widthMs': np.float64(1.18)}, {'halfHeight': 80, 'risingPnt': np.int64(53186), 'fallingPnt': np.int64(53247), 'widthPnts': np.int64(61), 'widthMs': np.float64(0.61)}, {'halfHeight': 90, 'risingPnt': np.int64(53190), 'fallingPnt': np.int64(53230), 'widthPnts': np.int64(40), 'widthMs': np.float64(0.4)}]",2.23,1.94,1.18,0.61,0.4,0.7799999999998919,yes,,,,,,,unknown,,,,
49,49,dvdt,5,2,3.0,13,0,[],20260908,16:38:07,,,20230324a,20230324a,stochastic-hh.sanpy,,20.0,-40.0,0,"[10, 20, 50, 80, 90]",59431,0.5943099999999999,-45.0592446261456,19.702517758241008,,59515,0.59515,45.80693521661727,90.86617984276288,0.8400000000000629,59793,0.59793,-70.53934667573894,59423.0,-46.34636144840301,59424,59427,0.03,-46.192281152059984,-45.77986459275606,13082.423800967284,,59494,16.306600489228853,285.54273835703844,59589,12.541701069280752,-69.26858824864256,6307.0,63.07,15.855398763278897,6316.0,63.16,0.08,"[{'halfHeight': 10, 'risingPnt': np.int64(59459), 'fallingPnt': np.int64(59687), 'widthPnts': np.int64(228), 'widthMs': np.float64(2.28)}, {'halfHeight': 20, 'risingPnt': np.int64(59472), 'fallingPnt': np.int64(59667), 'widthPnts': np.int64(195), 'widthMs': np.float64(1.95)}, {'halfHeight': 50, 'risingPnt': np.int64(59488), 'fallingPnt': np.int64(59612), 'widthPnts': np.int64(124), 'widthMs': np.float64(1.24)}, {'halfHeight': 80, 'risingPnt': np.int64(59498), 'fallingPnt': np.int64(59563), 'widthPnts': np.int64(65), 'widthMs': np.float64(0.65)}, {'halfHeight': 90, 'risingPnt': np.int64(59503), 'fallingPnt': np.int64(59542), 'widthPnts': np.int64(39), 'widthMs': np.float64(0.39)}]",2.28,1.95,1.24,0.65,0.39,0.8400000000000629,yes,,,,,,,unknown,,,,
50,50,dvdt,5,2,3.0,14,0,[],20260908,16:38:07,,,20230324a,20230324a,stochastic-hh.sanpy,,20.0,-40.0,0,"[10, 20, 50, 80, 90]",61060,0.6106,-44.007159934469264,19.38654171884696,,61135,0.6113500000000001,47.40443185735133,91.4115917918206,0.7500000000000284,61419,0.61419,-70.83845339469312,61046.0,-46.34636144840301,61047,61053,0.06,-46.16092544178691,-45.27229713312634,14471.241230386237,,61117,19.942454037881053,322.48220362272826,61188,26.45776788393017,-68.27234706075164,1629.0,16.29,61.387354205033766,1623.0,16.23,0.14,"[{'halfHeight': 10, 'risingPnt': np.int64(61085), 'fallingPnt': np.int64(61316), 'widthPnts': np.int64(231), 'widthMs': np.float64(2.31)}, {'halfHeight': 20, 'risingPnt': np.int64(61097), 'fallingPnt': np.int64(61296), 'widthPnts': np.int64(199), 'widthMs': np.float64(1.99)}, {'halfHeight': 50, 'risingPnt': np.int64(61112), 'fallingPnt': np.int64(61237), 'widthPnts': np.int64(125), 'widthMs': np.float64(1.25)}, {'halfHeight': 80, 'risingPnt': np.int64(61120), 'fallingPnt': np.int64(61184), 'widthPnts': np.int64(64), 'widthMs': np.float64(0.64)}, {'halfHeight': 90, 'risingPnt': np.int64(61124), 'fallingPnt': np.int64(61167), 'widthPnts': np.int64(43), 'widthMs': np.float64(0.43)}]",2.31,1.99,1.25,0.64,0.43,0.7500000000000284,yes,,,,,,,unknown,,,,
51,51,dvdt,5,2,3.0,15,0,[],20260908,16:38:07,,,20230324a,20230324a,stochastic-hh.sanpy,,20.0,-40.0,0,"[10, 20, 50, 80, 90]",62925,0.62925,-42.94140661852485,19.72165613073008,,63002,0.63002,45.27322942055826,88.2146360390831,0.7700000000000484,63280,0.6327999999999999,-70.72913944111869,62895.0,-47.45339725750816,62898,62910,0.12,-47.12471970131401,-45.52777720977279,13132.835456034274,,62983,17.487776410821503,302.22811740954324,63201,-49.56097851488735,-70.33431731023705,1865.0,18.65,53.61930294906166,1849.0,18.49,0.3,"[{'halfHeight': 10, 'risingPnt': np.int64(62952), 'fallingPnt': np.int64(63175), 'widthPnts': np.int64(223), 'widthMs': np.float64(2.23)}, {'halfHeight': 20, 'risingPnt': np.int64(62963), 'fallingPnt': np.int64(63158), 'widthPnts': np.int64(195), 'widthMs': np.float64(1.95)}, {'halfHeight': 50, 'risingPnt': np.int64(62978), 'fallingPnt': np.int64(63100), 'widthPnts': np.int64(122), 'widthMs': np.float64(1.22)}, {'halfHeight': 80, 'risingPnt': np.int64(62987), 'fallingPnt': np.int64(63048), 'widthPnts': np.int64(61), 'widthMs': np.float64(0.61)}, {'halfHeight': 90, 'risingPnt': np.int64(62991), 'fallingPnt': np.int64(63029), 'widthPnts': np.int64(38), 'widthMs': np.float64(0.38)}]",2.23,1.95,1.22,0.61,0.38,0.7700000000000484,yes,,,,,,,unknown,,,,
52,52,dvdt,5,2,3.0,16,0,[],20260908,16:38:07,,,20230324a,20230324a,stochastic-hh.sanpy,,20.0,-40.0,0,"[10, 20, 50, 80, 90]",65935,0.65935,-43.247272520345255,19.48880785966841,,66008,0.66008,46.220704626460304,89.46797714680557,0.7300000000000084,66288,0.66288,-70.6307862372556,65906.0,-47.45339725750816,65909,65920,0.11,-47.11349580159909,-45.715949951644504,12558.690263244676,,65989,19.613106669233144,295.3561363118258,66073,16.175783643187884,-77.01997009303659,3010.0,30.1,33.222591362126245,3011.0,30.11,0.29,"[{'halfHeight': 10, 'risingPnt': np.int64(65958), 'fallingPnt': np.int64(66178), 'widthPnts': np.int64(220), 'widthMs': np.float64(2.2)}, {'halfHeight': 20, 'risingPnt': np.int64(65968), 'fallingPnt': np.int64(66159), 'widthPnts': np.int64(191), 'widthMs': np.float64(1.91)}, {'halfHeight': 50, 'risingPnt': np.int64(65983), 'fallingPnt': np.int64(66099), 'widthPnts': np.int64(116), 'widthMs': np.float64(1.16)}, {'halfHeight': 80, 'risingPnt': np.int64(65992), 'fallingPnt': np.int64(66053), 'widthPnts': np.int64(61), 'widthMs': np.float64(0.61)}, {'halfHeight': 90, 'risingPnt': np.int64(65996), 'fallingPnt': np.int64(66035), 'widthPnts': np.int64(39), 'widthMs': np.float64(0.39)}]",2.2,1.91,1.16,0.61,0.39,0.7300000000000084,yes,,,,,,,unknown,,,,
53,53,dvdt,5,2,3.0,17,0,[],20260908,16:38:07,,,20230324a,20230324a,stochastic-hh.sanpy,,20.0,-40.0,0,"[10, 20, 50, 80, 90]",70423,0.70423,-46.242403278612095,19.96116089368177,,70505,0.70505,48.170848759618046,94.41325203823014,0.8199999999999319,70776,0.70776,-70.74707192065588,70416.0,-47.45339725750816,70417,70420,0.03,-47.28623802441774,-46.81821134440621,14991.838077222663,,70487,17.803561466957788,318.98692459322865,70698,-51.656768732193804,-70.37783988462431,4488.0,44.88,22.281639928698752,4510.0,45.1,0.07,"[{'halfHeight': 10, 'risingPnt': np.int64(70452), 'fallingPnt': np.int64(70675), 'widthPnts': np.int64(223), 'widthMs': np.float64(2.23)}, {'halfHeight': 20, 'risingPnt': np.int64(70465), 'fallingPnt': np.int64(70657), 'widthPnts': np.int64(192), 'widthMs': np.float64(1.92)}, {'halfHeight': 50, 'risingPnt': np.int64(70482), 'fallingPnt': np.int64(70605), 'widthPnts': np.int64(123), 'widthMs': np.float64(1.23)}, {'halfHeight': 80, 'risingPnt': np.int64(70491), 'fallingPnt': np.int64(70551), 'widthPnts': np.int64(60), 'widthMs': np.float64(0.6)}, {'halfHeight': 90, 'risingPnt': np.int64(70495), 'fallingPnt': np.int64(70533), 'widthPnts': np.int64(38), 'widthMs': np.float64(0.38)}]",2.23,1.92,1.23,0.6,0.38,0.8199999999999319,yes,,,,,,,unknown,,,,
54,54,dvdt,6,0,0.0,0,0,"[{'Spike': 0, 'Seconds': np.float64(0.008), 'Sweep': 6, 'Epoch': 0, 'Type': 'Pre spike min under-run (mdp)', 'Details': 'Went past startPnt 0 searching for pre-spike min'}, {'Spike': 0, 'Seconds': np.float64(0.008), 'Sweep': 6, 'Epoch': 0, 'Type': 'Pre spike min (mdp)', 'Details': 'Did not find preMinVal: nan'}]",20260908,16:38:07,,,20230324a,20230324a,stochastic-hh.sanpy,,20.0,-40.0,0,"[10, 20, 50, 80, 90]",799,0.00799,-45.31063318112625,19.960733934713133,,876,0.00876,50.31140219351203,95.62203537463827,0.7699999999999998,1172,0.011720000000000001,-71.00825468376637,,,80,400,3.2,-59.46002206814266,-57.49323486607463,570.4565013123629,,856,17.15690799671359,335.0510783456551,941,22.48176431186315,-66.57699207909037,,,,,,7.99,"[{'halfHeight': 10, 'risingPnt': np.int64(826), 'fallingPnt': np.int64(1064), 'widthPnts': np.int64(238), 'widthMs': np.float64(2.38)}, {'halfHeight': 20, 'risingPnt': np.int64(837), 'fallingPnt': np.int64(1043), 'widthPnts': np.int64(206), 'widthMs': np.float64(2.06)}, {'halfHeight': 50, 'risingPnt': np.int64(852), 'fallingPnt': np.int64(984), 'widthPnts': np.int64(132), 'widthMs': np.float64(1.32)}, {'halfHeight': 80, 'risingPnt': np.int64(861), 'fallingPnt': np.int64(926), 'widthPnts': np.int64(65), 'widthMs': np.float64(0.65)}, {'halfHeight': 90, 'risingPnt': np.int64(864), 'fallingPnt': np.int64(909), 'widthPnts': np.int64(45), 'widthMs': np.float64(0.45)}]",2.38,2.06,1.32,0.65,0.45,0.7699999999999998,yes,,,,,,,unknown,,,,
55,55,dvdt,6,1,0.0,1,0,"[{'Spike': 1, 'Seconds': np.float64(0.1327), 'Sweep': 6, 'Epoch': 1, 'Type': 'Pre spike min under-run (mdp)', 'Details': 'Went past startPnt 0 searching for pre-spike min'}]",20260908,16:38:07,,,20230324a,20230324a,stochastic-hh.sanpy,,20.0,-40.0,0,"[10, 20, 50, 80, 90]",13266,0.13266,-45.65334166510983,19.82458615989581,,13341,0.13341,49.73434002307788,95.38768168818771,0.7500000000000007,13638,0.13638,-71.03240470596985,13243.0,-48.820130514722635,13245,13255,0.1,-48.57398874158448,-47.452646228625014,10992.546393167946,,13324,20.619565416978222,353.54049399301056,13434,7.88875924834278,-67.40974718409643,12467.0,124.67,8.021175904387583,,,0.23,"[{'halfHeight': 10, 'risingPnt': np.int64(13293), 'fallingPnt': np.int64(13532), 'widthPnts': np.int64(239), 'widthMs': np.float64(2.39)}, {'halfHeight': 20, 'risingPnt': np.int64(13305), 'fallingPnt': np.int64(13510), 'widthPnts': np.int64(205), 'widthMs': np.float64(2.05)}, {'halfHeight': 50, 'risingPnt': np.int64(13319), 'fallingPnt': np.int64(13446), 'widthPnts': np.int64(127), 'widthMs': np.float64(1.27)}, {'halfHeight': 80, 'risingPnt': np.int64(13327), 'fallingPnt': np.int64(13393), 'widthPnts': np.int64(66), 'widthMs': np.float64(0.66)}, {'halfHeight': 90, 'risingPnt': np.int64(13331), 'fallingPnt': np.int64(13373), 'widthPnts': np.int64(42), 'widthMs': np.float64(0.42)}]",2.39,2.05,1.27,0.66,0.42,0.7500000000000007,yes,,,,,,,unknown,,,,
56,56,dvdt,6,1,0.0,2,0,"[{'Spike': 2, 'Seconds': np.float64(0.219), 'Sweep': 6, 'Epoch': 1, 'Type': 'Pre spike min under-run (mdp)', 'Details': 'Went past startPnt 0 searching for pre-spike min'}]",20260908,16:38:07,,,20230324a,20230324a,stochastic-hh.sanpy,,20.0,-40.0,0,"[10, 20, 50, 80, 90]",21902,0.21902000000000002,-45.17332389676857,19.752414945811886,,21980,0.21980000000000002,48.37228612469394,93.54561002146252,0.7800000000000029,22266,0.22266,-71.08760073587814,21874.0,-49.08207697747934,21877,21888,0.11,-48.755606944468056,-47.41749379898543,12213.859406201536,,21960,18.96497020146008,333.9673549795994,22044,21.130789661794445,-68.56478733476722,8636.0,86.36,11.579434923575729,8631.0,86.31,0.28,"[{'halfHeight': 10, 'risingPnt': np.int64(21929), 'fallingPnt': np.int64(22159), 'widthPnts': np.int64(230), 'widthMs': np.float64(2.3)}, {'halfHeight': 20, 'risingPnt': np.int64(21940), 'fallingPnt': np.int64(22139), 'widthPnts': np.int64(199), 'widthMs': np.float64(1.99)}, {'halfHeight': 50, 'risingPnt': np.int64(21955), 'fallingPnt': np.int64(22079), 'widthPnts': np.int64(124), 'widthMs': np.float64(1.24)}, {'halfHeight': 80, 'risingPnt': np.int64(21964), 'fallingPnt': np.int64(22030), 'widthPnts': np.int64(66), 'widthMs': np.float64(0.66)}, {'halfHeight': 90, 'risingPnt': np.int64(21967), 'fallingPnt': np.int64(22011), 'widthPnts': np.int64(44), 'widthMs': np.float64(0.44)}]",2.3,1.99,1.24,0.66,0.44,0.7800000000000029,yes,,,,,,,unknown,,,,
57,57,dvdt,6,2,4.0,3,0,[],20260908,16:38:07,,,20230324a,20230324a,stochastic-hh.sanpy,,20.0,-40.0,0,"[10, 20, 50, 80, 90]",25211,0.25211,-45.45383433241764,19.61798206037826,,25288,0.25288,50.26141889842214,95.71525323083978,0.7699999999999929,25572,0.25572,-70.66505785522598,25192.0,-48.507973911856055,25194,25202,0.08,-48.20700269594086,-47.04539439930221,14387.708681580049,,25271,24.424850182836234,338.8974372583769,25367,14.470500451835843,-64.44217066840672,3309.0,33.09,30.220610456331215,3318.0,33.18,0.19,"[{'halfHeight': 10, 'risingPnt': np.int64(25238), 'fallingPnt': np.int64(25471), 'widthPnts': np.int64(233), 'widthMs': np.float64(2.33)}, {'halfHeight': 20, 'risingPnt': np.int64(25250), 'fallingPnt': np.int64(25452), 'widthPnts': np.int64(202), 'widthMs': np.float64(2.02)}, {'halfHeight': 50, 'risingPnt': np.int64(25265), 'fallingPnt': np.int64(25391), 'widthPnts': np.int64(126), 'widthMs': np.float64(1.26)}, {'halfHeight': 80, 'risingPnt': np.int64(25273), 'fallingPnt': np.int64(25337), 'widthPnts': np.int64(64), 'widthMs': np.float64(0.64)}, {'halfHeight': 90, 'risingPnt': np.int64(25277), 'fallingPnt': np.int64(25317), 'widthPnts': np.int64(40), 'widthMs': np.float64(0.4)}]",2.33,2.02,1.26,0.64,0.4,0.7699999999999929,yes,,,,,,,unknown,,,,
58,58,dvdt,6,2,4.0,4,0,[],20260908,16:38:07,,,20230324a,20230324a,stochastic-hh.sanpy,,20.0,-40.0,0,"[10, 20, 50, 80, 90]",28873,0.28873000000000004,-43.41644474191845,19.645032709499894,,28950,0.2895,44.13243973023325,87.5488844721517,0.7699999999999374,29224,0.29224,-70.52091555197401,28835.0,-48.507973911856055,28839,28854,0.15,-48.132833107514294,-46.51636676277475,10645.538930891023,,28930,19.026025724279588,285.6525869408844,29002,21.244913237207278,-74.79221034338703,3662.0,36.62,27.307482250136538,3643.0,36.43,0.38,"[{'halfHeight': 10, 'risingPnt': np.int64(28898), 'fallingPnt': np.int64(29118), 'widthPnts': np.int64(220), 'widthMs': np.float64(2.2)}, {'halfHeight': 20, 'risingPnt': np.int64(28909), 'fallingPnt': np.int64(29099), 'widthPnts': np.int64(190), 'widthMs': np.float64(1.9)}, {'halfHeight': 50, 'risingPnt': np.int64(28924), 'fallingPnt': np.int64(29043), 'widthPnts': np.int64(119), 'widthMs': np.float64(1.19)}, {'halfHeight': 80, 'risingPnt': np.int64(28933), 'fallingPnt': np.int64(28994), 'widthPnts': np.int64(61), 'widthMs': np.float64(0.61)}, {'halfHeight': 90, 'risingPnt': np.int64(28937), 'fallingPnt': np.int64(28975), 'widthPnts': np.int64(38), 'widthMs': np.float64(0.38)}]",2.2,1.9,1.19,0.61,0.38,0.7699999999999374,yes,,,,,,,unknown,,,,
59,59,dvdt,6,2,4.0,5,0,[],20260908,16:38:07,,,20230324a,20230324a,stochastic-hh.sanpy,,20.0,-40.0,0,"[10, 20, 50, 80, 90]",30724,0.30724,-43.431384278591615,19.591593949090903,,30802,0.30801999999999996,43.95918399063323,87.39056826922484,0.7799999999999474,31069,0.31069,-70.66666010859976,30677.0,-48.507973911856055,30682,30701,0.19,-48.126415580945306,-46.409575132851586,8983.043508572464,,30782,15.194910699764765,283.74216157526206,30995,-53.67386335632688,-69.76869269693897,1851.0,18.51,54.024851431658554,1842.0,18.42,0.47,"[{'halfHeight': 10, 'risingPnt': np.int64(30750), 'fallingPnt': np.int64(30963), 'widthPnts': np.int64(213), 'widthMs': np.float64(2.13)}, {'halfHeight': 20, 'risingPnt': np.int64(30761), 'fallingPnt': np.int64(30946), 'widthPnts': np.int64(185), 'widthMs': np.float64(1.85)}, {'halfHeight': 50, 'risingPnt': np.int64(30777), 'fallingPnt': np.int64(30893), 'widthPnts': np.int64(116), 'widthMs': np.float64(1.16)}, {'halfHeight': 80, 'risingPnt': np.int64(30786), 'fallingPnt': np.int64(30845), 'widthPnts': np.int64(59), 'widthMs': np.float64(0.59)}, {'halfHeight': 90, 'risingPnt': np.int64(30791), 'fallingPnt': np.int64(30830), 'widthPnts': np.int64(39), 'widthMs': np.float64(0.39)}]",2.13,1.85,1.16,0.59,0.39,0.7799999999999474,yes,,,,,,,unknown,,,,
60,60,dvdt,6,2,4.0,6,0,[],20260908,16:38:07,,,20230324a,20230324a,stochastic-hh.sanpy,,20.0,-40.0,0,"[10, 20, 50, 80, 90]",35110,0.3511,-44.204235362583276,19.867925659075812,,35187,0.35187,47.54077729475117,91.74501265733446,0.7699999999999929,35474,0.35474,-70.39760514889991,35081.0,-48.507973911856055,35084,35095,0.11,-48.060404615854225,-46.57153353442032,13550.029663787838,,35167,18.234199614749993,304.1240513315759,35293,-2.6591810540220706,-64.62998460084937,4386.0,43.86,22.79981760145919,4404.0,44.04,0.29,"[{'halfHeight': 10, 'risingPnt': np.int64(35136), 'fallingPnt': np.int64(35368), 'widthPnts': np.int64(232), 'widthMs': np.float64(2.32)}, {'halfHeight': 20, 'risingPnt': np.int64(35147), 'fallingPnt': np.int64(35348), 'widthPnts': np.int64(201), 'widthMs': np.float64(2.01)}, {'halfHeight': 50, 'risingPnt': np.int64(35162), 'fallingPnt': np.int64(35286), 'widthPnts': np.int64(124), 'widthMs': np.float64(1.24)}, {'halfHeight': 80, 'risingPnt': np.int64(35171), 'fallingPnt': np.int64(35234), 'widthPnts': np.int64(63), 'widthMs': np.float64(0.63)}, {'halfHeight': 90, 'risingPnt': np.int64(35175), 'fallingPnt': np.int64(35214), 'widthPnts': np.int64(39), 'widthMs': np.float64(0.39)}]",2.32,2.01,1.24,0.63,0.39,0.7699999999999929,yes,,,,,,,unknown,,,,
61,61,dvdt,6,2,4.0,7,0,[],20260908,16:38:07,,,20230324a,20230324a,stochastic-hh.sanpy,,20.0,-40.0,0,"[10, 20, 50, 80, 90]",36615,0.36615,-44.87094565126767,19.655863506835587,,36693,0.36693000000000003,47.423506713286734,92.2944523645544,0.7800000000000584,36981,0.36981,-70.56502533137515,36590.0,-48.507973911856055,36592,36602,0.1,-48.253023519020054,-47.02248307657642,11881.71208905497,,36672,13.650715123835425,309.4580500014767,36776,11.662852455382918,-64.24344003524357,1505.0,15.05,66.44518272425249,1509.0,15.09,0.25,"[{'halfHeight': 10, 'risingPnt': np.int64(36641), 'fallingPnt': np.int64(36879), 'widthPnts': np.int64(238), 'widthMs': np.float64(2.38)}, {'halfHeight': 20, 'risingPnt': np.int64(36653), 'fallingPnt': np.int64(36857), 'widthPnts': np.int64(204), 'widthMs': np.float64(2.04)}, {'halfHeight': 50, 'risingPnt': np.int64(36668), 'fallingPnt': np.int64(36798), 'widthPnts': np.int64(130), 'widthMs': np.float64(1.3)}, {'halfHeight': 80, 'risingPnt': np.int64(36678), 'fallingPnt': np.int64(36741), 'widthPnts': np.int64(63), 'widthMs': np.float64(0.63)}, {'halfHeight': 90, 'risingPnt': np.int64(36682), 'fallingPnt': np.int64(36723), 'widthPnts': np.int64(41), 'widthMs': np.float64(0.41)}]",2.38,2.04,1.3,0.63,0.41,0.7800000000000584,yes,,,,,,,unknown,,,,
62,62,dvdt,6,2,4.0,8,0,[],20260908,16:38:07,,,20230324a,20230324a,stochastic-hh.sanpy,,20.0,-40.0,0,"[10, 20, 50, 80, 90]",40366,0.40366,-42.53907717030823,19.91601252484954,,40445,0.40445,41.65653570392125,84.19561287422948,0.7899999999999574,40704,0.40704,-70.56334639395435,40311.0,-48.507973911856055,40317,40339,0.22,-48.27521749195979,-46.81690183360725,6274.472365724296,,40424,14.147738247268176,259.1399102305982,40521,5.112085308646576,-76.85439324402672,3751.0,37.51,26.659557451346313,3721.0,37.21,0.55,"[{'halfHeight': 10, 'risingPnt': np.int64(40391), 'fallingPnt': np.int64(40601), 'widthPnts': np.int64(210), 'widthMs': np.float64(2.1)}, {'halfHeight': 20, 'risingPnt': np.int64(40402), 'fallingPnt': np.int64(40584), 'widthPnts': np.int64(182), 'widthMs': np.float64(1.82)}, {'halfHeight': 50, 'risingPnt': np.int64(40418), 'fallingPnt': np.int64(40531), 'widthPnts': np.int64(113), 'widthMs': np.float64(1.13)}, {'halfHeight': 80, 'risingPnt': np.int64(40429), 'fallingPnt': np.int64(40487), 'widthPnts': np.int64(58), 'widthMs': np.float64(0.58)}, {'halfHeight': 90, 'risingPnt': np.int64(40433), 'fallingPnt': np.int64(40470), 'widthPnts': np.int64(37), 'widthMs': np.float64(0.37)}]",2.1,1.82,1.13,0.58,0.37,0.7899999999999574,yes,,,,,,,unknown,,,,
63,63,dvdt,6,2,4.0,9,0,[],20260908,16:38:07,,,20230324a,20230324a,stochastic-hh.sanpy,,20.0,-40.0,0,"[10, 20, 50, 80, 90]",41867,0.41867000000000004,-44.70311320576633,19.584520694977094,,41947,0.41947,47.10064653835939,91.80375974412573,0.7999999999999674,42234,0.42234,-70.49021071589371,41839.0,-48.507973911856055,41842,41853,0.11,-48.16671402556065,-46.94692436157464,11066.283255619046,,41926,19.814693285537974,313.40511057416495,42029,7.902285687156131,-71.21302123724138,1501.0,15.01,66.62225183211193,1528.0,15.28,0.28,"[{'halfHeight': 10, 'risingPnt': np.int64(41893), 'fallingPnt': np.int64(42131), 'widthPnts': np.int64(238), 'widthMs': np.float64(2.38)}, {'halfHeight': 20, 'risingPnt': np.int64(41905), 'fallingPnt': np.int64(42111), 'widthPnts': np.int64(206), 'widthMs': np.float64(2.06)}, {'halfHeight': 50, 'risingPnt': np.int64(41920), 'fallingPnt': np.int64(42041), 'widthPnts': np.int64(121), 'widthMs': np.float64(1.21)}, {'halfHeight': 80, 'risingPnt': np.int64(41929), 'fallingPnt': np.int64(41991), 'widthPnts': np.int64(62), 'widthMs': np.float64(0.62)}, {'halfHeight': 90, 'risingPnt': np.int64(41933), 'fallingPnt': np.int64(41973), 'widthPnts': np.int64(40), 'widthMs': np.float64(0.4)}]",2.38,2.06,1.21,0.62,0.4,0.7999999999999674,yes,,,,,,,unknown,,,,
64,64,dvdt,6,2,4.0,10,0,[],20260908,16:38:07,,,20230324a,20230324a,stochastic-hh.sanpy,,20.0,-40.0,0,"[10, 20, 50, 80, 90]",43589,0.43589,-45.009728241762296,19.68604490071506,,43667,0.43667,48.36233745348045,93.37206569524275,0.7800000000000029,43944,0.43944,-70.70316634175215,43565.0,-48.507973911856055,43567,43577,0.1,-48.204779724292614,-46.885012605030994,13158.610883967507,,43647,17.018803328024113,316.04118427270214,43732,17.341852372589326,-77.65829435879361,1722.0,17.22,58.07200929152149,1726.0,17.26,0.24,"[{'halfHeight': 10, 'risingPnt': np.int64(43616), 'fallingPnt': np.int64(43846), 'widthPnts': np.int64(230), 'widthMs': np.float64(2.3)}, {'halfHeight': 20, 'risingPnt': np.int64(43627), 'fallingPnt': np.int64(43827), 'widthPnts': np.int64(200), 'widthMs': np.float64(2.0)}, {'halfHeight': 50, 'risingPnt': np.int64(43642), 'fallingPnt': np.int64(43761), 'widthPnts': np.int64(119), 'widthMs': np.float64(1.19)}, {'halfHeight': 80, 'risingPnt': np.int64(43652), 'fallingPnt': np.int64(43712), 'widthPnts': np.int64(60), 'widthMs': np.float64(0.6)}, {'halfHeight': 90, 'risingPnt': np.int64(43655), 'fallingPnt': np.int64(43694), 'widthPnts': np.int64(39), 'widthMs': np.float64(0.39)}]",2.3,2.0,1.19,0.6,0.39,0.7800000000000029,yes,,,,,,,unknown,,,,
65,65,dvdt,6,2,4.0,11,0,[],20260908,16:38:07,,,20230324a,20230324a,stochastic-hh.sanpy,,20.0,-40.0,0,"[10, 20, 50, 80, 90]",45146,0.45146,-44.608797918763294,18.719343623029772,,45229,0.45229,47.6154181856694,92.22421610443268,0.8300000000000529,45507,0.45507,-70.65349824765569,45117.0,-48.507973911856055,45120,45131,0.11,-48.17119793875085,-46.944750497791425,10869.428434149606,,45209,21.873990670366553,310.44345472457564,45289,20.815985808401383,-68.3211191918135,1557.0,15.57,64.22607578676943,1552.0,15.52,0.29,"[{'halfHeight': 10, 'risingPnt': np.int64(45174), 'fallingPnt': np.int64(45402), 'widthPnts': np.int64(228), 'widthMs': np.float64(2.28)}, {'halfHeight': 20, 'risingPnt': np.int64(45187), 'fallingPnt': np.int64(45383), 'widthPnts': np.int64(196), 'widthMs': np.float64(1.96)}, {'halfHeight': 50, 'risingPnt': np.int64(45203), 'fallingPnt': np.int64(45324), 'widthPnts': np.int64(121), 'widthMs': np.float64(1.21)}, {'halfHeight': 80, 'risingPnt': np.int64(45212), 'fallingPnt': np.int64(45275), 'widthPnts': np.int64(63), 'widthMs': np.float64(0.63)}, {'halfHeight': 90, 'risingPnt': np.int64(45215), 'fallingPnt': np.int64(45259), 'widthPnts': np.int64(44), 'widthMs': np.float64(0.44)}]",2.28,1.96,1.21,0.63,0.44,0.8300000000000529,yes,,,,,,,unknown,,,,
66,66,dvdt,6,2,4.0,12,0,[],20260908,16:38:07,,,20230324a,20230324a,stochastic-hh.sanpy,,20.0,-40.0,0,"[10, 20, 50, 80, 90]",46785,0.46785000000000004,-44.84543339634381,19.704918018198885,,46863,0.46863,48.386678066612134,93.23211146295594,0.7799999999999474,47150,0.4715,-70.63461154672696,46757.0,-48.507973911856055,46760,46771,0.11,-48.203325194012805,-47.02347817234132,10587.518817535643,,46844,17.374415945075555,323.73438708853075,46937,16.392386667418748,-67.13125319150036,1639.0,16.39,61.01281269066504,1640.0,16.4,0.28,"[{'halfHeight': 10, 'risingPnt': np.int64(46812), 'fallingPnt': np.int64(47046), 'widthPnts': np.int64(234), 'widthMs': np.float64(2.34)}, {'halfHeight': 20, 'risingPnt': np.int64(46823), 'fallingPnt': np.int64(47025), 'widthPnts': np.int64(202), 'widthMs': np.float64(2.02)}, {'halfHeight': 50, 'risingPnt': np.int64(46839), 'fallingPnt': np.int64(46963), 'widthPnts': np.int64(124), 'widthMs': np.float64(1.24)}, {'halfHeight': 80, 'risingPnt': np.int64(46848), 'fallingPnt': np.int64(46912), 'widthPnts': np.int64(64), 'widthMs': np.float64(0.64)}, {'halfHeight': 90, 'risingPnt': np.int64(46852), 'fallingPnt': np.int64(46892), 'widthPnts': np.int64(40), 'widthMs': np.float64(0.4)}]",2.34,2.02,1.24,0.64,0.4,0.7799999999999474,yes,,,,,,,unknown,,,,
67,67,dvdt,6,2,4.0,13,0,[],20260908,16:38:07,,,20230324a,20230324a,stochastic-hh.sanpy,,20.0,-40.0,0,"[10, 20, 50, 80, 90]",48267,0.48267000000000004,-45.222937298733434,19.091523965700475,,48346,0.48346,46.76630464214448,91.98924194087792,0.7899999999999574,48626,0.48625999999999997,-70.42948200230256,48259.0,-46.66385772024453,48260,48263,0.03,-46.47946014047944,-45.965330264499805,16669.862528700352,,48324,17.039949541117856,298.20536473942695,48420,13.636238088435503,-75.72395019013565,1482.0,14.82,67.47638326585695,1502.0,15.02,0.08,"[{'halfHeight': 10, 'risingPnt': np.int64(48293), 'fallingPnt': np.int64(48525), 'widthPnts': np.int64(232), 'widthMs': np.float64(2.32)}, {'halfHeight': 20, 'risingPnt': np.int64(48304), 'fallingPnt': np.int64(48506), 'widthPnts': np.int64(202), 'widthMs': np.float64(2.02)}, {'halfHeight': 50, 'risingPnt': np.int64(48319), 'fallingPnt': np.int64(48448), 'widthPnts': np.int64(129), 'widthMs': np.float64(1.29)}, {'halfHeight': 80, 'risingPnt': np.int64(48328), 'fallingPnt': np.int64(48395), 'widthPnts': np.int64(67), 'widthMs': np.float64(0.67)}, {'halfHeight': 90, 'risingPnt': np.int64(48332), 'fallingPnt': np.int64(48376), 'widthPnts': np.int64(44), 'widthMs': np.float64(0.44)}]",2.32,2.02,1.29,0.67,0.44,0.7899999999999574,yes,,,,,,,unknown,,,,
68,68,dvdt,6,2,4.0,14,0,[],20260908,16:38:07,,,20230324a,20230324a,stochastic-hh.sanpy,,20.0,-40.0,0,"[10, 20, 50, 80, 90]",49939,0.49939,-44.00806780128392,19.67471583550259,,50015,0.50015,46.88365702690292,90.89172482818684,0.7599999999999829,50301,0.50301,-70.48369801138732,49922.0,-46.66385772024453,49924,49930,0.06,-46.36595576285521,-45.539615045274324,13581.448246238802,,49995,19.007099026806895,302.76014330417456,50139,-11.262208670132802,-63.823833258777896,1672.0,16.72,59.80861244019139,1663.0,16.63,0.17,"[{'halfHeight': 10, 'risingPnt': np.int64(49963), 'fallingPnt': np.int64(50187), 'widthPnts': np.int64(224), 'widthMs': np.float64(2.24)}, {'halfHeight': 20, 'risingPnt': np.int64(49974), 'fallingPnt': np.int64(50167), 'widthPnts': np.int64(193), 'widthMs': np.float64(1.93)}, {'halfHeight': 50, 'risingPnt': np.int64(49989), 'fallingPnt': np.int64(50114), 'widthPnts': np.int64(125), 'widthMs': np.float64(1.25)}, {'halfHeight': 80, 'risingPnt': np.int64(49999), 'fallingPnt': np.int64(50058), 'widthPnts': np.int64(59), 'widthMs': np.float64(0.59)}, {'halfHeight': 90, 'risingPnt': np.int64(50002), 'fallingPnt': np.int64(50041), 'widthPnts': np.int64(39), 'widthMs': np.float64(0.39)}]",2.24,1.93,1.25,0.59,0.39,0.7599999999999829,yes,,,,,,,unknown,,,,
69,69,dvdt,6,2,4.0,15,0,[],20260908,16:38:07,,,20230324a,20230324a,stochastic-hh.sanpy,,20.0,-40.0,0,"[10, 20, 50, 80, 90]",51782,0.5178200000000001,-45.21073769925571,19.09064529014325,,51862,0.51862,46.92841356489076,92.13915126414648,0.7999999999999119,52142,0.52142,-70.47010889940913,51774.0,-46.66385772024453,51775,51778,0.03,-46.43135529304208,-45.9313853876608,16469.435810034356,,51843,19.559894246622537,307.89655918363326,51919,23.231656975202984,-68.03531347641525,1843.0,18.43,54.25935973955508,1852.0,18.52,0.08,"[{'halfHeight': 10, 'risingPnt': np.int64(51810), 'fallingPnt': np.int64(52043), 'widthPnts': np.int64(233), 'widthMs': np.float64(2.33)}, {'halfHeight': 20, 'risingPnt': np.int64(51822), 'fallingPnt': np.int64(52026), 'widthPnts': np.int64(204), 'widthMs': np.float64(2.04)}, {'halfHeight': 50, 'risingPnt': np.int64(51837), 'fallingPnt': np.int64(51965), 'widthPnts': np.int64(128), 'widthMs': np.float64(1.28)}, {'halfHeight': 80, 'risingPnt': np.int64(51846), 'fallingPnt': np.int64(51911), 'widthPnts': np.int64(65), 'widthMs': np.float64(0.65)}, {'halfHeight': 90, 'risingPnt': np.int64(51850), 'fallingPnt': np.int64(51893), 'widthPnts': np.int64(43), 'widthMs': np.float64(0.43)}]",2.33,2.04,1.28,0.65,0.43,0.7999999999999119,yes,,,,,,,unknown,,,,
70,70,dvdt,6,2,4.0,16,0,[],20260908,16:38:07,,,20230324a,20230324a,stochastic-hh.sanpy,,20.0,-40.0,0,"[10, 20, 50, 80, 90]",53352,0.53352,-44.07279399674221,19.991883729947507,,53426,0.53426,47.98292666303969,92.05572065978191,0.7399999999999629,53709,0.5370900000000001,-70.51194413933764,53336.0,-46.66385772024453,53338,53344,0.06,-46.34154684123793,-45.49582825780747,13567.437536364676,,53408,19.9152339348884,312.4302038278672,53510,7.91965688168957,-64.58911135603299,1570.0,15.7,63.69426751592357,1562.0,15.62,0.16,"[{'halfHeight': 10, 'risingPnt': np.int64(53377), 'fallingPnt': np.int64(53605), 'widthPnts': np.int64(228), 'widthMs': np.float64(2.28)}, {'halfHeight': 20, 'risingPnt': np.int64(53388), 'fallingPnt': np.int64(53586), 'widthPnts': np.int64(198), 'widthMs': np.float64(1.98)}, {'halfHeight': 50, 'risingPnt': np.int64(53402), 'fallingPnt': np.int64(53522), 'widthPnts': np.int64(120), 'widthMs': np.float64(1.2)}, {'halfHeight': 80, 'risingPnt': np.int64(53412), 'fallingPnt': np.int64(53473), 'widthPnts': np.int64(61), 'widthMs': np.float64(0.61)}, {'halfHeight': 90, 'risingPnt': np.int64(53416), 'fallingPnt': np.int64(53455), 'widthPnts': np.int64(39), 'widthMs': np.float64(0.39)}]",2.28,1.98,1.2,0.61,0.39,0.7399999999999629,yes,,,,,,,unknown,,,,
71,71,dvdt,6,2,4.0,17,0,[],20260908,16:38:07,,,20230324a,20230324a,stochastic-hh.sanpy,,20.0,-40.0,0,"[10, 20, 50, 80, 90]",55004,0.55004,-43.78900626547724,19.949799027915553,,55079,0.55079,47.079916109192084,90.86892237466932,0.7500000000000284,55356,0.5535599999999999,-70.4270134982861,54986.0,-46.66385772024453,54988,54995,0.07,-46.377981960199754,-45.37956353152652,14074.315990136556,,55061,19.96964178183267,303.45333682000677,55119,31.039749464963144,-64.28813192669061,1652.0,16.52,60.53268765133172,1650.0,16.5,0.18,"[{'halfHeight': 10, 'risingPnt': np.int64(55029), 'fallingPnt': np.int64(55250), 'widthPnts': np.int64(221), 'widthMs': np.float64(2.21)}, {'halfHeight': 20, 'risingPnt': np.int64(55040), 'fallingPnt': np.int64(55230), 'widthPnts': np.int64(190), 'widthMs': np.float64(1.9)}, {'halfHeight': 50, 'risingPnt': np.int64(55055), 'fallingPnt': np.int64(55173), 'widthPnts': np.int64(118), 'widthMs': np.float64(1.18)}, {'halfHeight': 80, 'risingPnt': np.int64(55065), 'fallingPnt': np.int64(55123), 'widthPnts': np.int64(58), 'widthMs': np.float64(0.58)}, {'halfHeight': 90, 'risingPnt': np.int64(55068), 'fallingPnt': np.int64(55107), 'widthPnts': np.int64(39), 'widthMs': np.float64(0.39)}]",2.21,1.9,1.18,0.58,0.39,0.7500000000000284,yes,,,,,,,unknown,,,,
72,72,dvdt,6,2,4.0,18,0,[],20260908,16:38:07,,,20230324a,20230324a,stochastic-hh.sanpy,,20.0,-40.0,0,"[10, 20, 50, 80, 90]",56749,0.56749,-45.02792752601028,19.756041289021148,,56826,0.56826,47.90247135321745,92.93039887922774,0.7699999999999374,57116,0.57116,-70.47321314963025,56740.0,-46.66385772024453,56741,56744,0.03,-46.42516336224789,-45.958605019626624,15344.8452435342,,56808,21.24031196908408,309.5450482077436,56889,22.2834258323072,-71.40530261356548,1745.0,17.45,57.306590257879655,1754.0,17.54,0.09,"[{'halfHeight': 10, 'risingPnt': np.int64(56775), 'fallingPnt': np.int64(57007), 'widthPnts': np.int64(232), 'widthMs': np.float64(2.32)}, {'halfHeight': 20, 'risingPnt': np.int64(56787), 'fallingPnt': np.int64(56985), 'widthPnts': np.int64(198), 'widthMs': np.float64(1.98)}, {'halfHeight': 50, 'risingPnt': np.int64(56802), 'fallingPnt': np.int64(56930), 'widthPnts': np.int64(128), 'widthMs': np.float64(1.28)}, {'halfHeight': 80, 'risingPnt': np.int64(56811), 'fallingPnt': np.int64(56875), 'widthPnts': np.int64(64), 'widthMs': np.float64(0.64)}, {'halfHeight': 90, 'risingPnt': np.int64(56815), 'fallingPnt': np.int64(56856), 'widthPnts': np.int64(41), 'widthMs': np.float64(0.41)}]",2.32,1.98,1.28,0.64,0.41,0.7699999999999374,yes,,,,,,,unknown,,,,
73,73,dvdt,6,2,4.0,19,0,[],20260908,16:38:07,,,20230324a,20230324a,stochastic-hh.sanpy,,20.0,-40.0,0,"[10, 20, 50, 80, 90]",58750,0.5875,-44.07396824642131,19.242863047783743,,58832,0.5883200000000001,43.94404745057772,88.01801569699903,0.8200000000000429,59098,0.5909800000000001,-70.61155341628128,58731.0,-46.66385772024453,58733,58741,0.08,-46.45206675708986,-45.52936543684507,11269.224697642707,,58809,15.274865885814853,276.444375552078,59024,-49.022734176986,-70.39909972713272,2001.0,20.01,49.97501249375313,1991.0,19.91,0.19,"[{'halfHeight': 10, 'risingPnt': np.int64(58776), 'fallingPnt': np.int64(59001), 'widthPnts': np.int64(225), 'widthMs': np.float64(2.25)}, {'halfHeight': 20, 'risingPnt': np.int64(58788), 'fallingPnt': np.int64(58983), 'widthPnts': np.int64(195), 'widthMs': np.float64(1.95)}, {'halfHeight': 50, 'risingPnt': np.int64(58804), 'fallingPnt': np.int64(58922), 'widthPnts': np.int64(118), 'widthMs': np.float64(1.18)}, {'halfHeight': 80, 'risingPnt': np.int64(58814), 'fallingPnt': np.int64(58872), 'widthPnts': np.int64(58), 'widthMs': np.float64(0.58)}, {'halfHeight': 90, 'risingPnt': np.int64(58818), 'fallingPnt': np.int64(58855), 'widthPnts': np.int64(37), 'widthMs': np.float64(0.37)}]",2.25,1.95,1.18,0.58,0.37,0.8200000000000429,yes,,,,,,,unknown,,,,
74,74,dvdt,6,2,4.0,20,0,[],20260908,16:38:07,,,20230324a,20230324a,stochastic-hh.sanpy,,20.0,-40.0,0,"[10, 20, 50, 80, 90]",60670,0.6067,-44.11171806606666,19.21180544275388,,60748,0.60748,47.56008768628039,91.67180575234704,0.7800000000000029,61038,0.61038,-70.49976817946998,60655.0,-46.66385772024453,60657,60663,0.06,-46.322281612569135,-45.34583812933454,16286.43491535932,,60726,17.483007579490607,309.84837621365006,60827,11.114273465947111,-72.61489762839868,1920.0,19.2,52.083333333333336,1924.0,19.24,0.15,"[{'halfHeight': 10, 'risingPnt': np.int64(60696), 'fallingPnt': np.int64(60930), 'widthPnts': np.int64(234), 'widthMs': np.float64(2.34)}, {'halfHeight': 20, 'risingPnt': np.int64(60706), 'fallingPnt': np.int64(60910), 'widthPnts': np.int64(204), 'widthMs': np.float64(2.04)}, {'halfHeight': 50, 'risingPnt': np.int64(60721), 'fallingPnt': np.int64(60845), 'widthPnts': np.int64(124), 'widthMs': np.float64(1.24)}, {'halfHeight': 80, 'risingPnt': np.int64(60730), 'fallingPnt': np.int64(60795), 'widthPnts': np.int64(65), 'widthMs': np.float64(0.65)}, {'halfHeight': 90, 'risingPnt': np.int64(60734), 'fallingPnt': np.int64(60777), 'widthPnts': np.int64(43), 'widthMs': np.float64(0.43)}]",2.34,2.04,1.24,0.65,0.43,0.7800000000000029,yes,,,,,,,unknown,,,,
75,75,dvdt,6,2,4.0,21,0,[],20260908,16:38:07,,,20230324a,20230324a,stochastic-hh.sanpy,,20.0,-40.0,0,"[10, 20, 50, 80, 90]",62267,0.62267,-44.289973344228734,19.454660911835912,,62345,0.6234500000000001,47.390972670795584,91.68094601502432,0.7800000000001139,62634,0.62634,-70.46355131064945,62254.0,-46.66385772024453,62255,62260,0.05,-46.3798033222705,-45.581233138676446,15913.672064196595,,62326,20.502486011857158,308.01595870364287,62451,-0.16976842811244022,-66.12962783242563,1597.0,15.97,62.61740763932372,1599.0,15.99,0.13,"[{'halfHeight': 10, 'risingPnt': np.int64(62293), 'fallingPnt': np.int64(62526), 'widthPnts': np.int64(233), 'widthMs': np.float64(2.33)}, {'halfHeight': 20, 'risingPnt': np.int64(62304), 'fallingPnt': np.int64(62508), 'widthPnts': np.int64(204), 'widthMs': np.float64(2.04)}, {'halfHeight': 50, 'risingPnt': np.int64(62320), 'fallingPnt': np.int64(62449), 'widthPnts': np.int64(129), 'widthMs': np.float64(1.29)}, {'halfHeight': 80, 'risingPnt': np.int64(62329), 'fallingPnt': np.int64(62395), 'widthPnts': np.int64(66), 'widthMs': np.float64(0.66)}, {'halfHeight': 90, 'risingPnt': np.int64(62333), 'fallingPnt': np.int64(62373), 'widthPnts': np.int64(40), 'widthMs': np.float64(0.4)}]",2.33,2.04,1.29,0.66,0.4,0.7800000000001139,yes,,,,,,,unknown,,,,
76,76,dvdt,6,2,4.0,22,0,[],20260908,16:38:07,,,20230324a,20230324a,stochastic-hh.sanpy,,20.0,-40.0,0,"[10, 20, 50, 80, 90]",63869,0.6386900000000001,-44.23065300995914,19.788619902854006,,63944,0.63944,46.9772951556528,91.20794816561194,0.7499999999999174,64216,0.64216,-70.53933525882991,63856.0,-46.66385772024453,63857,63862,0.05,-46.38172394228611,-45.529146477204016,16954.999141340828,,63925,17.7535761041009,298.027772087113,63992,25.50618133029447,-71.93381787275545,1602.0,16.02,62.421972534332085,1602.0,16.02,0.13,"[{'halfHeight': 10, 'risingPnt': np.int64(63893), 'fallingPnt': np.int64(64115), 'widthPnts': np.int64(222), 'widthMs': np.float64(2.22)}, {'halfHeight': 20, 'risingPnt': np.int64(63904), 'fallingPnt': np.int64(64097), 'widthPnts': np.int64(193), 'widthMs': np.float64(1.93)}, {'halfHeight': 50, 'risingPnt': np.int64(63920), 'fallingPnt': np.int64(64040), 'widthPnts': np.int64(120), 'widthMs': np.float64(1.2)}, {'halfHeight': 80, 'risingPnt': np.int64(63929), 'fallingPnt': np.int64(63987), 'widthPnts': np.int64(58), 'widthMs': np.float64(0.58)}, {'halfHeight': 90, 'risingPnt': np.int64(63933), 'fallingPnt': np.int64(63971), 'widthPnts': np.int64(38), 'widthMs': np.float64(0.38)}]",2.22,1.93,1.2,0.58,0.38,0.7499999999999174,yes,,,,,,,unknown,,,,
77,77,dvdt,6,2,4.0,23,0,[],20260908,16:38:07,,,20230324a,20230324a,stochastic-hh.sanpy,,20.0,-40.0,0,"[10, 20, 50, 80, 90]",65608,0.65608,-45.027532662307685,19.88372798299193,,65682,0.6568200000000001,48.39264372862294,93.42017639093064,0.7400000000000739,65968,0.6596799999999999,-70.5989708405748,65599.0,-46.66385772024453,65600,65603,0.03,-46.413168920279105,-45.96212264756766,14455.774883687027,,65665,20.820961905739626,328.6187471023515,65762,11.126294185135686,-69.10663573725978,1739.0,17.39,57.50431282346176,1743.0,17.43,0.09,"[{'halfHeight': 10, 'risingPnt': np.int64(65633), 'fallingPnt': np.int64(65869), 'widthPnts': np.int64(236), 'widthMs': np.float64(2.36)}, {'halfHeight': 20, 'risingPnt': np.int64(65644), 'fallingPnt': np.int64(65849), 'widthPnts': np.int64(205), 'widthMs': np.float64(2.05)}, {'halfHeight': 50, 'risingPnt': np.int64(65659), 'fallingPnt': np.int64(65784), 'widthPnts': np.int64(125), 'widthMs': np.float64(1.25)}, {'halfHeight': 80, 'risingPnt': np.int64(65668), 'fallingPnt': np.int64(65733), 'widthPnts': np.int64(65), 'widthMs': np.float64(0.65)}, {'halfHeight': 90, 'risingPnt': np.int64(65672), 'fallingPnt': np.int64(65713), 'widthPnts': np.int64(41), 'widthMs': np.float64(0.41)}]",2.36,2.05,1.25,0.65,0.41,0.7400000000000739,yes,,,,,,,unknown,,,,
78,78,dvdt,6,2,4.0,24,0,[],20260908,16:38:07,,,20230324a,20230324a,stochastic-hh.sanpy,,20.0,-40.0,0,"[10, 20, 50, 80, 90]",68084,0.68084,-43.617346452629306,19.911310847704858,,68160,0.6816,45.900437473869985,89.51778392649929,0.7599999999999829,68450,0.6845,-70.60159816910308,68065.0,-46.66385772024453,68067,68075,0.08,-46.31549046201754,-45.2306351821474,13105.738799070454,,68141,17.865666263323227,299.3632970433936,68359,-42.231774335549765,-66.83612995815824,2476.0,24.76,40.38772213247173,2466.0,24.66,0.19,"[{'halfHeight': 10, 'risingPnt': np.int64(68109), 'fallingPnt': np.int64(68347), 'widthPnts': np.int64(238), 'widthMs': np.float64(2.38)}, {'halfHeight': 20, 'risingPnt': np.int64(68121), 'fallingPnt': np.int64(68324), 'widthPnts': np.int64(203), 'widthMs': np.float64(2.03)}, {'halfHeight': 50, 'risingPnt': np.int64(68136), 'fallingPnt': np.int64(68261), 'widthPnts': np.int64(125), 'widthMs': np.float64(1.25)}, {'halfHeight': 80, 'risingPnt': np.int64(68145), 'fallingPnt': np.int64(68207), 'widthPnts': np.int64(62), 'widthMs': np.float64(0.62)}, {'halfHeight': 90, 'risingPnt': np.int64(68149), 'fallingPnt': np.int64(68186), 'widthPnts': np.int64(37), 'widthMs': np.float64(0.37)}]",2.38,2.03,1.25,0.62,0.37,0.7599999999999829,yes,,,,,,,unknown,,,,
79,79,dvdt,6,2,4.0,25,0,[],20260908,16:38:07,,,20230324a,20230324a,stochastic-hh.sanpy,,20.0,-40.0,0,"[10, 20, 50, 80, 90]",69677,0.69677,-45.041075130556806,19.66068070482017,,69756,0.69756,47.44697070648843,92.48804583704523,0.7899999999999574,70060,0.7006,-70.51447241417023,69661.0,-47.26132310816342,69663,69669,0.06,-47.05652178022716,-46.37206520796939,10921.714453730581,,69738,20.30055413434999,321.39532860472184,69833,14.366232476271175,-62.07264024494028,1593.0,15.93,62.77463904582549,1596.0,15.96,0.16,"[{'halfHeight': 10, 'risingPnt': np.int64(69704), 'fallingPnt': np.int64(69949), 'widthPnts': np.int64(245), 'widthMs': np.float64(2.45)}, {'halfHeight': 20, 'risingPnt': np.int64(69716), 'fallingPnt': np.int64(69926), 'widthPnts': np.int64(210), 'widthMs': np.float64(2.1)}, {'halfHeight': 50, 'risingPnt': np.int64(69732), 'fallingPnt': np.int64(69859), 'widthPnts': np.int64(127), 'widthMs': np.float64(1.27)}, {'halfHeight': 80, 'risingPnt': np.int64(69741), 'fallingPnt': np.int64(69806), 'widthPnts': np.int64(65), 'widthMs': np.float64(0.65)}, {'halfHeight': 90, 'risingPnt': np.int64(69745), 'fallingPnt': np.int64(69789), 'widthPnts': np.int64(44), 'widthMs': np.float64(0.44)}]",2.45,2.1,1.27,0.65,0.44,0.7899999999999574,yes,,,,,,,unknown,,,,
80,80,dvdt,6,2,4.0,26,0,[],20260908,16:38:07,,,20230324a,20230324a,stochastic-hh.sanpy,,20.0,-40.0,0,"[10, 20, 50, 80, 90]",71893,0.71893,-45.25469417867574,18.56014952589643,,71976,0.71976,47.42655028352488,92.68124446220062,0.8299999999999974,72254,0.72254,-70.55256686826503,71875.0,-47.93825536713305,71877,71884,0.07,-47.68565026109322,-46.75158444999891,13193.683659145187,,71955,16.972429162758086,311.0506646336423,72175,-48.27049064392638,-66.31003651046655,2216.0,22.16,45.12635379061372,2214.0,22.14,0.18,"[{'halfHeight': 10, 'risingPnt': np.int64(71923), 'fallingPnt': np.int64(72153), 'widthPnts': np.int64(230), 'widthMs': np.float64(2.3)}, {'halfHeight': 20, 'risingPnt': np.int64(71934), 'fallingPnt': np.int64(72134), 'widthPnts': np.int64(200), 'widthMs': np.float64(2.0)}, {'halfHeight': 50, 'risingPnt': np.int64(71950), 'fallingPnt': np.int64(72076), 'widthPnts': np.int64(126), 'widthMs': np.float64(1.26)}, {'halfHeight': 80, 'risingPnt': np.int64(71959), 'fallingPnt': np.int64(72023), 'widthPnts': np.int64(64), 'widthMs': np.float64(0.64)}, {'halfHeight': 90, 'risingPnt': np.int64(71963), 'fallingPnt': np.int64(72005), 'widthPnts': np.int64(42), 'widthMs': np.float64(0.42)}]",2.3,2.0,1.26,0.64,0.42,0.8299999999999974,yes,,,,,,,unknown,,,,
81,81,dvdt,6,2,4.0,27,0,[],20260908,16:38:07,,,20230324a,20230324a,stochastic-hh.sanpy,,20.0,-40.0,0,"[10, 20, 50, 80, 90]",73452,0.73452,-44.366630608442016,19.301300826234446,,73526,0.73526,48.43880497838918,92.8054355868312,0.7400000000000739,73810,0.7381,-70.36907239719338,73442.0,-46.23337601795602,73443,73447,0.04,-45.941601862046916,-45.27650168333785,16469.368736018256,,73507,17.636822127282084,327.7916057111932,73616,9.46285617166587,-65.37027279289781,1559.0,15.59,64.14368184733804,1567.0,15.67,0.1,"[{'halfHeight': 10, 'risingPnt': np.int64(73477), 'fallingPnt': np.int64(73711), 'widthPnts': np.int64(234), 'widthMs': np.float64(2.34)}, {'halfHeight': 20, 'risingPnt': np.int64(73488), 'fallingPnt': np.int64(73692), 'widthPnts': np.int64(204), 'widthMs': np.float64(2.04)}, {'halfHeight': 50, 'risingPnt': np.int64(73502), 'fallingPnt': np.int64(73631), 'widthPnts': np.int64(129), 'widthMs': np.float64(1.29)}, {'halfHeight': 80, 'risingPnt': np.int64(73511), 'fallingPnt': np.int64(73575), 'widthPnts': np.int64(64), 'widthMs': np.float64(0.64)}, {'halfHeight': 90, 'risingPnt': np.int64(73515), 'fallingPnt': np.int64(73557), 'widthPnts': np.int64(42), 'widthMs': np.float64(0.42)}]",2.34,2.04,1.29,0.64,0.42,0.7400000000000739,yes,,,,,,,unknown,,,,
82,82,dvdt,6,3,0.0,28,0,[],20260908,16:38:07,,,20230324a,20230324a,stochastic-hh.sanpy,,20.0,-40.0,0,"[10, 20, 50, 80, 90]",76507,0.76507,-45.028574786936765,19.13899010915347,,76588,0.76588,48.230911747899704,93.25948653483647,0.8099999999999774,76877,0.76877,-71.04924268651338,76501.0,-46.23337601795602,76502,76504,0.02,-45.91577236284487,-45.578506600755546,16599.908053719235,,76568,17.45592485278521,310.4983430614905,76665,12.044566696222734,-70.36478345590734,3055.0,30.55,32.733224222585925,3059.0,30.59,0.06,"[{'halfHeight': 10, 'risingPnt': np.int64(76535), 'fallingPnt': np.int64(76768), 'widthPnts': np.int64(233), 'widthMs': np.float64(2.33)}, {'halfHeight': 20, 'risingPnt': np.int64(76548), 'fallingPnt': np.int64(76748), 'widthPnts': np.int64(200), 'widthMs': np.float64(2.0)}, {'halfHeight': 50, 'risingPnt': np.int64(76563), 'fallingPnt': np.int64(76686), 'widthPnts': np.int64(123), 'widthMs': np.float64(1.23)}, {'halfHeight': 80, 'risingPnt': np.int64(76572), 'fallingPnt': np.int64(76635), 'widthPnts': np.int64(63), 'widthMs': np.float64(0.63)}, {'halfHeight': 90, 'risingPnt': np.int64(76576), 'fallingPnt': np.int64(76617), 'widthPnts': np.int64(41), 'widthMs': np.float64(0.41)}]",2.33,2.0,1.23,0.63,0.41,0.8099999999999774,yes,,,,,,,unknown,,,,
83,83,dvdt,7,2,5.0,0,0,"[{'Spike': 0, 'Seconds': np.float64(0.2523), 'Sweep': 7, 'Epoch': 2, 'Type': 'Fit EDD', 'Details': 'Early diastolic duration rate fit - Too low -15.811<=8'}]",20260908,16:38:07,,,20230324a,20230324a,stochastic-hh.sanpy,,20.0,-40.0,0,"[10, 20, 50, 80, 90]",25228,0.25228,-45.4360838895024,19.540529139254648,,25305,0.25305,49.287628700128735,94.72371258963113,0.7699999999999929,25598,0.25598,-70.38707247630083,7093.0,-61.44552322221904,8907,16161,72.54,-57.907419675313314,-57.4135614766395,-15.811013158586134,,25287,21.365972903314393,322.74858898653787,25360,27.22681809706132,-63.16458667518556,,,,,,181.35,"[{'halfHeight': 10, 'risingPnt': np.int64(25255), 'fallingPnt': np.int64(25497), 'widthPnts': np.int64(242), 'widthMs': np.float64(2.42)}, {'halfHeight': 20, 'risingPnt': np.int64(25266), 'fallingPnt': np.int64(25477), 'widthPnts': np.int64(211), 'widthMs': np.float64(2.11)}, {'halfHeight': 50, 'risingPnt': np.int64(25281), 'fallingPnt': np.int64(25414), 'widthPnts': np.int64(133), 'widthMs': np.float64(1.33)}, {'halfHeight': 80, 'risingPnt': np.int64(25290), 'fallingPnt': np.int64(25355), 'widthPnts': np.int64(65), 'widthMs': np.float64(0.65)}, {'halfHeight': 90, 'risingPnt': np.int64(25294), 'fallingPnt': np.int64(25335), 'widthPnts': np.int64(41), 'widthMs': np.float64(0.41)}]",2.42,2.11,1.33,0.65,0.41,0.7699999999999929,yes,,,,,,,unknown,,,,
84,84,dvdt,7,2,5.0,1,0,[],20260908,16:38:07,,,20230324a,20230324a,stochastic-hh.sanpy,,20.0,-40.0,0,"[10, 20, 50, 80, 90]",26804,0.26804,-44.585639452445925,19.509704533175473,,26882,0.26882,46.575556257270705,91.16119570971662,0.7800000000000029,27159,0.27159,-70.37373835575328,26787.0,-47.20567190695535,26789,26795,0.06,-46.912107562458495,-46.08807415130197,13594.213356507584,,26863,19.537090518217926,303.21200751093306,26936,24.58033130328287,-72.00892237196895,1576.0,15.76,63.45177664974619,19694.0,196.94,0.17,"[{'halfHeight': 10, 'risingPnt': np.int64(26830), 'fallingPnt': np.int64(27057), 'widthPnts': np.int64(227), 'widthMs': np.float64(2.27)}, {'halfHeight': 20, 'risingPnt': np.int64(26842), 'fallingPnt': np.int64(27039), 'widthPnts': np.int64(197), 'widthMs': np.float64(1.97)}, {'halfHeight': 50, 'risingPnt': np.int64(26857), 'fallingPnt': np.int64(26982), 'widthPnts': np.int64(125), 'widthMs': np.float64(1.25)}, {'halfHeight': 80, 'risingPnt': np.int64(26866), 'fallingPnt': np.int64(26931), 'widthPnts': np.int64(65), 'widthMs': np.float64(0.65)}, {'halfHeight': 90, 'risingPnt': np.int64(26870), 'fallingPnt': np.int64(26911), 'widthPnts': np.int64(41), 'widthMs': np.float64(0.41)}]",2.27,1.97,1.25,0.65,0.41,0.7800000000000029,yes,,,,,,,unknown,,,,
85,85,dvdt,7,2,5.0,2,0,[],20260908,16:38:07,,,20230324a,20230324a,stochastic-hh.sanpy,,20.0,-40.0,0,"[10, 20, 50, 80, 90]",28300,0.283,-44.44602483180696,19.67321152354447,,28384,0.28384,44.56405086583424,89.0100756976412,0.8400000000000074,28656,0.28656,-70.40691574570333,28281.0,-47.20567190695535,28283,28291,0.08,-46.97512198382942,-46.005908773600396,11904.483124833685,,28363,15.874655827234339,297.75221820318484,28447,13.965019205201944,-67.94143564888286,1496.0,14.96,66.84491978609626,1494.0,14.94,0.19,"[{'halfHeight': 10, 'risingPnt': np.int64(28328), 'fallingPnt': np.int64(28556), 'widthPnts': np.int64(228), 'widthMs': np.float64(2.28)}, {'halfHeight': 20, 'risingPnt': np.int64(28341), 'fallingPnt': np.int64(28538), 'widthPnts': np.int64(197), 'widthMs': np.float64(1.97)}, {'halfHeight': 50, 'risingPnt': np.int64(28358), 'fallingPnt': np.int64(28478), 'widthPnts': np.int64(120), 'widthMs': np.float64(1.2)}, {'halfHeight': 80, 'risingPnt': np.int64(28367), 'fallingPnt': np.int64(28425), 'widthPnts': np.int64(58), 'widthMs': np.float64(0.58)}, {'halfHeight': 90, 'risingPnt': np.int64(28371), 'fallingPnt': np.int64(28410), 'widthPnts': np.int64(39), 'widthMs': np.float64(0.39)}]",2.28,1.97,1.2,0.58,0.39,0.8400000000000074,yes,,,,,,,unknown,,,,
86,86,dvdt,7,2,5.0,3,0,[],20260908,16:38:07,,,20230324a,20230324a,stochastic-hh.sanpy,,20.0,-40.0,0,"[10, 20, 50, 80, 90]",29879,0.29879,-43.913602663964326,18.84499611864498,,29956,0.29956,45.36941614473775,89.28301880870208,0.7699999999999929,30232,0.30232,-70.3803880137725,29858.0,-46.85704809418105,29860,29868,0.08,-46.55027041229319,-45.571026251596436,12214.668651581667,,29935,15.588807773345366,294.7931392348404,30014,19.791697528597346,-64.64778415314167,1579.0,15.79,63.331222292590255,1577.0,15.77,0.21,"[{'halfHeight': 10, 'risingPnt': np.int64(29904), 'fallingPnt': np.int64(30131), 'widthPnts': np.int64(227), 'widthMs': np.float64(2.27)}, {'halfHeight': 20, 'risingPnt': np.int64(29915), 'fallingPnt': np.int64(30112), 'widthPnts': np.int64(197), 'widthMs': np.float64(1.97)}, {'halfHeight': 50, 'risingPnt': np.int64(29930), 'fallingPnt': np.int64(30053), 'widthPnts': np.int64(123), 'widthMs': np.float64(1.23)}, {'halfHeight': 80, 'risingPnt': np.int64(29940), 'fallingPnt': np.int64(30000), 'widthPnts': np.int64(60), 'widthMs': np.float64(0.6)}, {'halfHeight': 90, 'risingPnt': np.int64(29944), 'fallingPnt': np.int64(29981), 'widthPnts': np.int64(37), 'widthMs': np.float64(0.37)}]",2.27,1.97,1.23,0.6,0.37,0.7699999999999929,yes,,,,,,,unknown,,,,
87,87,dvdt,7,2,5.0,4,0,[],20260908,16:38:07,,,20230324a,20230324a,stochastic-hh.sanpy,,20.0,-40.0,0,"[10, 20, 50, 80, 90]",31405,0.31405,-44.91426866993436,19.393097189725857,,31486,0.31486000000000003,46.66997775879983,91.58424642873419,0.8100000000000329,31764,0.31764,-70.40985418772648,31393.0,-46.85704809418105,31394,31399,0.05,-46.68344291845248,-45.97046115933519,13821.464593492828,,31465,16.221670942816964,297.95613002985385,31560,12.668568575922862,-71.55258770340505,1526.0,15.26,65.53079947575361,1535.0,15.35,0.12,"[{'halfHeight': 10, 'risingPnt': np.int64(31434), 'fallingPnt': np.int64(31660), 'widthPnts': np.int64(226), 'widthMs': np.float64(2.26)}, {'halfHeight': 20, 'risingPnt': np.int64(31445), 'fallingPnt': np.int64(31643), 'widthPnts': np.int64(198), 'widthMs': np.float64(1.98)}, {'halfHeight': 50, 'risingPnt': np.int64(31460), 'fallingPnt': np.int64(31584), 'widthPnts': np.int64(124), 'widthMs': np.float64(1.24)}, {'halfHeight': 80, 'risingPnt': np.int64(31470), 'fallingPnt': np.int64(31533), 'widthPnts': np.int64(63), 'widthMs': np.float64(0.63)}, {'halfHeight': 90, 'risingPnt': np.int64(31474), 'fallingPnt': np.int64(31515), 'widthPnts': np.int64(41), 'widthMs': np.float64(0.41)}]",2.26,1.98,1.24,0.63,0.41,0.8100000000000329,yes,,,,,,,unknown,,,,
88,88,dvdt,7,2,5.0,5,0,[],20260908,16:38:07,,,20230324a,20230324a,stochastic-hh.sanpy,,20.0,-40.0,0,"[10, 20, 50, 80, 90]",33024,0.33024000000000003,-45.237298146331526,19.23713166546052,,33106,0.33106,46.58612903126008,91.82342717759161,0.8199999999999874,33378,0.33377999999999997,-70.59508829898192,33013.0,-47.033736114877755,33014,33019,0.05,-46.807079903948036,-46.10659409351791,13639.84759891849,,33088,21.966194081919088,292.2327624929207,33305,-51.81965037217304,-68.93484940965746,1619.0,16.19,61.76652254478072,1620.0,16.2,0.11,"[{'halfHeight': 10, 'risingPnt': np.int64(33053), 'fallingPnt': np.int64(33278), 'widthPnts': np.int64(225), 'widthMs': np.float64(2.25)}, {'halfHeight': 20, 'risingPnt': np.int64(33065), 'fallingPnt': np.int64(33260), 'widthPnts': np.int64(195), 'widthMs': np.float64(1.95)}, {'halfHeight': 50, 'risingPnt': np.int64(33081), 'fallingPnt': np.int64(33203), 'widthPnts': np.int64(122), 'widthMs': np.float64(1.22)}, {'halfHeight': 80, 'risingPnt': np.int64(33091), 'fallingPnt': np.int64(33154), 'widthPnts': np.int64(63), 'widthMs': np.float64(0.63)}, {'halfHeight': 90, 'risingPnt': np.int64(33095), 'fallingPnt': np.int64(33135), 'widthPnts': np.int64(40), 'widthMs': np.float64(0.4)}]",2.25,1.95,1.22,0.63,0.4,0.8199999999999874,yes,,,,,,,unknown,,,,
89,89,dvdt,7,2,5.0,6,0,[],20260908,16:38:07,,,20230324a,20230324a,stochastic-hh.sanpy,,20.0,-40.0,0,"[10, 20, 50, 80, 90]",34576,0.34576,-45.37816820788127,18.961658913567135,,34654,0.34654,48.64907788244806,94.02724609032933,0.7800000000000029,34936,0.34936,-70.39115111770626,34572.0,-46.19295976312977,34572,34574,0.02,-46.08824628743219,-45.74561480935184,16944.86062134106,,34635,18.776093844754612,324.4913894495855,34704,27.416964595271814,-69.68745544655121,1552.0,15.52,64.43298969072166,1559.0,15.59,0.04,"[{'halfHeight': 10, 'risingPnt': np.int64(34602), 'fallingPnt': np.int64(34834), 'widthPnts': np.int64(232), 'widthMs': np.float64(2.32)}, {'halfHeight': 20, 'risingPnt': np.int64(34614), 'fallingPnt': np.int64(34814), 'widthPnts': np.int64(200), 'widthMs': np.float64(2.0)}, {'halfHeight': 50, 'risingPnt': np.int64(34630), 'fallingPnt': np.int64(34750), 'widthPnts': np.int64(120), 'widthMs': np.float64(1.2)}, {'halfHeight': 80, 'risingPnt': np.int64(34639), 'fallingPnt': np.int64(34701), 'widthPnts': np.int64(62), 'widthMs': np.float64(0.62)}, {'halfHeight': 90, 'risingPnt': np.int64(34643), 'fallingPnt': np.int64(34683), 'widthPnts': np.int64(40), 'widthMs': np.float64(0.4)}]",2.32,2.0,1.2,0.62,0.4,0.7800000000000029,yes,,,,,,,unknown,,,,
90,90,dvdt,7,2,5.0,7,0,[],20260908,16:38:07,,,20230324a,20230324a,stochastic-hh.sanpy,,20.0,-40.0,0,"[10, 20, 50, 80, 90]",36041,0.36041,-45.2225817199762,19.26018166735991,,36120,0.36119999999999997,45.6954106822886,90.9179924022648,0.7899999999999574,36387,0.36387,-70.42899990241744,36036.0,-46.19295976312977,36036,36038,0.02,-46.12335793808302,-45.78037365339626,16569.702561918923,,36101,14.812906085470365,289.75822569923935,36305,-45.38576949103132,-68.02894809344777,1465.0,14.65,68.25938566552901,1464.0,14.64,0.05,"[{'halfHeight': 10, 'risingPnt': np.int64(36068), 'fallingPnt': np.int64(36289), 'widthPnts': np.int64(221), 'widthMs': np.float64(2.21)}, {'halfHeight': 20, 'risingPnt': np.int64(36080), 'fallingPnt': np.int64(36270), 'widthPnts': np.int64(190), 'widthMs': np.float64(1.9)}, {'halfHeight': 50, 'risingPnt': np.int64(36096), 'fallingPnt': np.int64(36219), 'widthPnts': np.int64(123), 'widthMs': np.float64(1.23)}, {'halfHeight': 80, 'risingPnt': np.int64(36106), 'fallingPnt': np.int64(36168), 'widthPnts': np.int64(62), 'widthMs': np.float64(0.62)}, {'halfHeight': 90, 'risingPnt': np.int64(36110), 'fallingPnt': np.int64(36149), 'widthPnts': np.int64(39), 'widthMs': np.float64(0.39)}]",2.21,1.9,1.23,0.62,0.39,0.7899999999999574,yes,,,,,,,unknown,,,,
91,91,dvdt,7,2,5.0,8,0,[],20260908,16:38:07,,,20230324a,20230324a,stochastic-hh.sanpy,,20.0,-40.0,0,"[10, 20, 50, 80, 90]",37664,0.37664,-45.331387592662836,19.673604451871,,37746,0.37745999999999996,49.37983882189946,94.7112264145623,0.8199999999999874,38037,0.38037,-70.38374182253453,37660.0,-46.19295976312977,37660,37662,0.02,-46.06312570019527,-45.70975374958187,17630.961292809592,,37726,20.31697731236141,312.07833036705154,37791,31.11552498624645,-72.46908373694914,1623.0,16.23,61.61429451632778,1624.0,16.24,0.04,"[{'halfHeight': 10, 'risingPnt': np.int64(37693), 'fallingPnt': np.int64(37935), 'widthPnts': np.int64(242), 'widthMs': np.float64(2.42)}, {'halfHeight': 20, 'risingPnt': np.int64(37705), 'fallingPnt': np.int64(37915), 'widthPnts': np.int64(210), 'widthMs': np.float64(2.1)}, {'halfHeight': 50, 'risingPnt': np.int64(37720), 'fallingPnt': np.int64(37850), 'widthPnts': np.int64(130), 'widthMs': np.float64(1.3)}, {'halfHeight': 80, 'risingPnt': np.int64(37730), 'fallingPnt': np.int64(37792), 'widthPnts': np.int64(62), 'widthMs': np.float64(0.62)}, {'halfHeight': 90, 'risingPnt': np.int64(37734), 'fallingPnt': np.int64(37776), 'widthPnts': np.int64(42), 'widthMs': np.float64(0.42)}]",2.42,2.1,1.3,0.62,0.42,0.8199999999999874,yes,,,,,,,unknown,,,,
92,92,dvdt,7,2,5.0,9,0,[],20260908,16:38:07,,,20230324a,20230324a,stochastic-hh.sanpy,,20.0,-40.0,0,"[10, 20, 50, 80, 90]",39192,0.39192,-45.17036450244932,19.907317802226913,,39273,0.39273,47.5901289303917,92.76049343284102,0.8100000000000329,39559,0.39559,-70.38374057329231,39187.0,-46.19295976312977,39187,39189,0.02,-46.06533181658884,-45.744224083621944,15438.218208655275,,39252,16.392118027572952,306.2784624610169,39358,7.95413668459933,-68.71682991153094,1528.0,15.28,65.44502617801047,1527.0,15.27,0.05,"[{'halfHeight': 10, 'risingPnt': np.int64(39220), 'fallingPnt': np.int64(39457), 'widthPnts': np.int64(237), 'widthMs': np.float64(2.37)}, {'halfHeight': 20, 'risingPnt': np.int64(39233), 'fallingPnt': np.int64(39436), 'widthPnts': np.int64(203), 'widthMs': np.float64(2.03)}, {'halfHeight': 50, 'risingPnt': np.int64(39247), 'fallingPnt': np.int64(39370), 'widthPnts': np.int64(123), 'widthMs': np.float64(1.23)}, {'halfHeight': 80, 'risingPnt': np.int64(39257), 'fallingPnt': np.int64(39320), 'widthPnts': np.int64(63), 'widthMs': np.float64(0.63)}, {'halfHeight': 90, 'risingPnt': np.int64(39261), 'fallingPnt': np.int64(39301), 'widthPnts': np.int64(40), 'widthMs': np.float64(0.4)}]",2.37,2.03,1.23,0.63,0.4,0.8100000000000329,yes,,,,,,,unknown,,,,
93,93,dvdt,7,2,5.0,10,0,[],20260908,16:38:07,,,20230324a,20230324a,stochastic-hh.sanpy,,20.0,-40.0,0,"[10, 20, 50, 80, 90]",40759,0.40758999999999995,-43.41742395856511,19.947046386341906,,40836,0.40836,44.86304026439786,88.28046422296296,0.7700000000000484,41116,0.41116,-70.41408070455408,40741.0,-46.19295976312977,40743,40750,0.07,-45.91371702787209,-44.971961728083855,13087.798171069739,,40818,21.21377759909202,283.131896669171,40880,26.305365257764215,-73.75994539101553,1567.0,15.67,63.81620931716656,1554.0,15.54,0.18,"[{'halfHeight': 10, 'risingPnt': np.int64(40785), 'fallingPnt': np.int64(41011), 'widthPnts': np.int64(226), 'widthMs': np.float64(2.26)}, {'halfHeight': 20, 'risingPnt': np.int64(40796), 'fallingPnt': np.int64(40991), 'widthPnts': np.int64(195), 'widthMs': np.float64(1.95)}, {'halfHeight': 50, 'risingPnt': np.int64(40811), 'fallingPnt': np.int64(40928), 'widthPnts': np.int64(117), 'widthMs': np.float64(1.17)}, {'halfHeight': 80, 'risingPnt': np.int64(40821), 'fallingPnt': np.int64(40879), 'widthPnts': np.int64(58), 'widthMs': np.float64(0.58)}, {'halfHeight': 90, 'risingPnt': np.int64(40825), 'fallingPnt': np.int64(40863), 'widthPnts': np.int64(38), 'widthMs': np.float64(0.38)}]",2.26,1.95,1.17,0.58,0.38,0.7700000000000484,yes,,,,,,,unknown,,,,
94,94,dvdt,7,2,5.0,11,0,"[{'Spike': 11, 'Seconds': np.float64(0.4246), 'Sweep': 7, 'Epoch': 2, 'Type': 'Fit EDD', 'Details': 'Early diastolic duration rate fit - preMinPnt == spikePnt'}]",20260908,16:38:07,,,20230324a,20230324a,stochastic-hh.sanpy,,20.0,-40.0,0,"[10, 20, 50, 80, 90]",42461,0.42461,-45.64943080597951,19.904286337187468,,42544,0.42544,47.899949555888426,93.54938036186795,0.8299999999999974,42838,0.42838,-70.30898148849514,42459.0,-46.19295976312977,42459,42460,0.01,-46.035806099957156,-45.84988112426615,,,42524,20.65109077476008,312.29163104667924,42581,33.40651390522387,-64.60933846107577,1702.0,17.02,58.75440658049354,1718.0,17.18,0.02,"[{'halfHeight': 10, 'risingPnt': np.int64(42490), 'fallingPnt': np.int64(42736), 'widthPnts': np.int64(246), 'widthMs': np.float64(2.46)}, {'halfHeight': 20, 'risingPnt': np.int64(42502), 'fallingPnt': np.int64(42710), 'widthPnts': np.int64(208), 'widthMs': np.float64(2.08)}, {'halfHeight': 50, 'risingPnt': np.int64(42518), 'fallingPnt': np.int64(42643), 'widthPnts': np.int64(125), 'widthMs': np.float64(1.25)}, {'halfHeight': 80, 'risingPnt': np.int64(42527), 'fallingPnt': np.int64(42590), 'widthPnts': np.int64(63), 'widthMs': np.float64(0.63)}, {'halfHeight': 90, 'risingPnt': np.int64(42531), 'fallingPnt': np.int64(42573), 'widthPnts': np.int64(42), 'widthMs': np.float64(0.42)}]",2.46,2.08,1.25,0.63,0.42,0.8299999999999974,yes,,,,,,,unknown,,,,
95,95,dvdt,7,2,5.0,12,0,[],20260908,16:38:07,,,20230324a,20230324a,stochastic-hh.sanpy,,20.0,-40.0,0,"[10, 20, 50, 80, 90]",44564,0.44564,-44.423591840015256,19.175640246743516,,44641,0.44641000000000003,47.14908639650094,91.5726782365162,0.7700000000000484,44910,0.4491,-70.5714606118484,44554.0,-46.19295976312977,44555,44559,0.04,-45.989057652747185,-45.32418160201022,16608.904588050023,,44622,19.866147460246136,304.7229168929627,44836,-48.36032657224977,-69.66441766156967,2103.0,21.03,47.551117451260104,2095.0,20.95,0.1,"[{'halfHeight': 10, 'risingPnt': np.int64(44591), 'fallingPnt': np.int64(44815), 'widthPnts': np.int64(224), 'widthMs': np.float64(2.24)}, {'halfHeight': 20, 'risingPnt': np.int64(44602), 'fallingPnt': np.int64(44797), 'widthPnts': np.int64(195), 'widthMs': np.float64(1.95)}, {'halfHeight': 50, 'risingPnt': np.int64(44616), 'fallingPnt': np.int64(44738), 'widthPnts': np.int64(122), 'widthMs': np.float64(1.22)}, {'halfHeight': 80, 'risingPnt': np.int64(44625), 'fallingPnt': np.int64(44688), 'widthPnts': np.int64(63), 'widthMs': np.float64(0.63)}, {'halfHeight': 90, 'risingPnt': np.int64(44629), 'fallingPnt': np.int64(44670), 'widthPnts': np.int64(41), 'widthMs': np.float64(0.41)}]",2.24,1.95,1.22,0.63,0.41,0.7700000000000484,yes,,,,,,,unknown,,,,
96,96,dvdt,7,2,5.0,13,0,[],20260908,16:38:07,,,20230324a,20230324a,stochastic-hh.sanpy,,20.0,-40.0,0,"[10, 20, 50, 80, 90]",46449,0.46449,-44.60989784134748,19.425858588424198,,46527,0.46526999999999996,44.63974732223768,89.24964516358517,0.7799999999999474,46805,0.46805,-70.42972544259419,46440.0,-46.19295976312977,46441,46444,0.03,-45.99543051996587,-45.512715745340145,15787.161095870199,,46507,13.330192845823964,288.1397018901172,46604,11.574949232746576,-62.845345198530254,1885.0,18.85,53.05039787798408,1886.0,18.86,0.09,"[{'halfHeight': 10, 'risingPnt': np.int64(46475), 'fallingPnt': np.int64(46701), 'widthPnts': np.int64(226), 'widthMs': np.float64(2.26)}, {'halfHeight': 20, 'risingPnt': np.int64(46487), 'fallingPnt': np.int64(46683), 'widthPnts': np.int64(196), 'widthMs': np.float64(1.96)}, {'halfHeight': 50, 'risingPnt': np.int64(46503), 'fallingPnt': np.int64(46626), 'widthPnts': np.int64(123), 'widthMs': np.float64(1.23)}, {'halfHeight': 80, 'risingPnt': np.int64(46512), 'fallingPnt': np.int64(46576), 'widthPnts': np.int64(64), 'widthMs': np.float64(0.64)}, {'halfHeight': 90, 'risingPnt': np.int64(46516), 'fallingPnt': np.int64(46557), 'widthPnts': np.int64(41), 'widthMs': np.float64(0.41)}]",2.26,1.96,1.23,0.64,0.41,0.7799999999999474,yes,,,,,,,unknown,,,,
97,97,dvdt,7,2,5.0,14,0,[],20260908,16:38:07,,,20230324a,20230324a,stochastic-hh.sanpy,,20.0,-40.0,0,"[10, 20, 50, 80, 90]",48474,0.48474,-44.870518011062956,18.95701155870911,,48554,0.48554,48.447025397890144,93.3175434089531,0.8000000000000229,48838,0.48838,-70.3626263014563,48467.0,-46.19295976312977,48468,48471,0.03,-45.916353013881064,-45.41936588244323,16429.697594873476,,48533,17.205494408475207,306.2264216727263,48611,24.99299874181573,-65.7343411118443,2025.0,20.25,49.382716049382715,2027.0,20.27,0.07,"[{'halfHeight': 10, 'risingPnt': np.int64(48502), 'fallingPnt': np.int64(48737), 'widthPnts': np.int64(235), 'widthMs': np.float64(2.35)}, {'halfHeight': 20, 'risingPnt': np.int64(48513), 'fallingPnt': np.int64(48716), 'widthPnts': np.int64(203), 'widthMs': np.float64(2.03)}, {'halfHeight': 50, 'risingPnt': np.int64(48528), 'fallingPnt': np.int64(48661), 'widthPnts': np.int64(133), 'widthMs': np.float64(1.33)}, {'halfHeight': 80, 'risingPnt': np.int64(48538), 'fallingPnt': np.int64(48604), 'widthPnts': np.int64(66), 'widthMs': np.float64(0.66)}, {'halfHeight': 90, 'risingPnt': np.int64(48541), 'fallingPnt': np.int64(48586), 'widthPnts': np.int64(45), 'widthMs': np.float64(0.45)}]",2.35,2.03,1.33,0.66,0.45,0.8000000000000229,yes,,,,,,,unknown,,,,
98,98,dvdt,7,2,5.0,15,0,[],20260908,16:38:07,,,20230324a,20230324a,stochastic-hh.sanpy,,20.0,-40.0,0,"[10, 20, 50, 80, 90]",49885,0.49885,-44.251832184000705,19.999138652384943,,49964,0.49964,45.47706145853619,89.72889364253689,0.7899999999999574,50238,0.50238,-70.22585329713112,49874.0,-46.19295976312977,49875,49880,0.05,-46.00188938255544,-45.18673607742422,16027.31037601539,,49942,12.143397695258026,286.1633091476604,50019,20.7556806000834,-70.77414199247714,1411.0,14.11,70.87172218284904,1407.0,14.07,0.11,"[{'halfHeight': 10, 'risingPnt': np.int64(49911), 'fallingPnt': np.int64(50133), 'widthPnts': np.int64(222), 'widthMs': np.float64(2.22)}, {'halfHeight': 20, 'risingPnt': np.int64(49922), 'fallingPnt': np.int64(50117), 'widthPnts': np.int64(195), 'widthMs': np.float64(1.95)}, {'halfHeight': 50, 'risingPnt': np.int64(49938), 'fallingPnt': np.int64(50057), 'widthPnts': np.int64(119), 'widthMs': np.float64(1.19)}, {'halfHeight': 80, 'risingPnt': np.int64(49948), 'fallingPnt': np.int64(50009), 'widthPnts': np.int64(61), 'widthMs': np.float64(0.61)}, {'halfHeight': 90, 'risingPnt': np.int64(49952), 'fallingPnt': np.int64(49993), 'widthPnts': np.int64(41), 'widthMs': np.float64(0.41)}]",2.22,1.95,1.19,0.61,0.41,0.7899999999999574,yes,,,,,,,unknown,,,,
99,99,dvdt,7,2,5.0,16,0,[],20260908,16:38:07,,,20230324a,20230324a,stochastic-hh.sanpy,,20.0,-40.0,0,"[10, 20, 50, 80, 90]",51410,0.5141,-44.611987804560925,19.689300127539227,,51487,0.51487,46.37692241499209,90.98891021955302,0.7700000000000484,51767,0.51767,-70.41358013360095,51402.0,-46.19295976312977,51403,51406,0.03,-45.902475754423314,-45.38476686109022,16770.24485021596,,51467,16.413883613280973,293.72214851929897,51559,12.904389472331724,-72.57186865782661,1525.0,15.25,65.57377049180327,1528.0,15.28,0.08,"[{'halfHeight': 10, 'risingPnt': np.int64(51436), 'fallingPnt': np.int64(51662), 'widthPnts': np.int64(226), 'widthMs': np.float64(2.26)}, {'halfHeight': 20, 'risingPnt': np.int64(51447), 'fallingPnt': np.int64(51643), 'widthPnts': np.int64(196), 'widthMs': np.float64(1.96)}, {'halfHeight': 50, 'risingPnt': np.int64(51462), 'fallingPnt': np.int64(51583), 'widthPnts': np.int64(121), 'widthMs': np.float64(1.21)}, {'halfHeight': 80, 'risingPnt': np.int64(51471), 'fallingPnt': np.int64(51534), 'widthPnts': np.int64(63), 'widthMs': np.float64(0.63)}, {'halfHeight': 90, 'risingPnt': np.int64(51475), 'fallingPnt': np.int64(51517), 'widthPnts': np.int64(42), 'widthMs': np.float64(0.42)}]",2.26,1.96,1.21,0.63,0.42,0.7700000000000484,yes,,,,,,,unknown,,,,
100,100,dvdt,7,2,5.0,17,0,[],20260908,16:38:07,,,20230324a,20230324a,stochastic-hh.sanpy,,20.0,-40.0,0,"[10, 20, 50, 80, 90]",55818,0.5581799999999999,-44.12980384341669,19.237002336202085,,55897,0.5589700000000001,45.14495796182218,89.27476180523887,0.7900000000001794,56165,0.56165,-70.48505109937348,55806.0,-46.19295976312977,55807,55812,0.05,-45.96625552538286,-45.19817184181639,15281.394227631825,,55877,16.17380266490716,278.52413392842345,55953,18.83481928372427,-72.91212703084753,4408.0,44.08,22.686025408348456,4404.0,44.04,0.12,"[{'halfHeight': 10, 'risingPnt': np.int64(55844), 'fallingPnt': np.int64(56066), 'widthPnts': np.int64(222), 'widthMs': np.float64(2.22)}, {'halfHeight': 20, 'risingPnt': np.int64(55856), 'fallingPnt': np.int64(56048), 'widthPnts': np.int64(192), 'widthMs': np.float64(1.92)}, {'halfHeight': 50, 'risingPnt': np.int64(55872), 'fallingPnt': np.int64(55987), 'widthPnts': np.int64(115), 'widthMs': np.float64(1.15)}, {'halfHeight': 80, 'risingPnt': np.int64(55882), 'fallingPnt': np.int64(55940), 'widthPnts': np.int64(58), 'widthMs': np.float64(0.58)}, {'halfHeight': 90, 'risingPnt': np.int64(55886), 'fallingPnt': np.int64(55923), 'widthPnts': np.int64(37), 'widthMs': np.float64(0.37)}]",2.22,1.92,1.15,0.58,0.37,0.7900000000001794,yes,,,,,,,unknown,,,,
101,101,dvdt,7,2,5.0,18,0,[],20260908,16:38:07,,,20230324a,20230324a,stochastic-hh.sanpy,,20.0,-40.0,0,"[10, 20, 50, 80, 90]",57576,0.5757599999999999,-43.94884068786701,18.647129676929453,,57654,0.5765399999999999,46.79355390831111,90.74239459617812,0.7800000000000029,57934,0.5793400000000001,-70.51881490045623,57562.0,-46.19295976312977,57563,57569,0.06,-45.97269226624708,-45.105459809444724,14396.97269747917,,57632,14.386078671324478,298.51645134510767,57853,-47.01877671747363,-69.02823284716023,1758.0,17.58,56.882821387940844,1756.0,17.56,0.14,"[{'halfHeight': 10, 'risingPnt': np.int64(57602), 'fallingPnt': np.int64(57832), 'widthPnts': np.int64(230), 'widthMs': np.float64(2.3)}, {'halfHeight': 20, 'risingPnt': np.int64(57613), 'fallingPnt': np.int64(57813), 'widthPnts': np.int64(200), 'widthMs': np.float64(2.0)}, {'halfHeight': 50, 'risingPnt': np.int64(57628), 'fallingPnt': np.int64(57751), 'widthPnts': np.int64(123), 'widthMs': np.float64(1.23)}, {'halfHeight': 80, 'risingPnt': np.int64(57637), 'fallingPnt': np.int64(57700), 'widthPnts': np.int64(63), 'widthMs': np.float64(0.63)}, {'halfHeight': 90, 'risingPnt': np.int64(57641), 'fallingPnt': np.int64(57682), 'widthPnts': np.int64(41), 'widthMs': np.float64(0.41)}]",2.3,2.0,1.23,0.63,0.41,0.7800000000000029,yes,,,,,,,unknown,,,,
102,102,dvdt,7,2,5.0,19,0,[],20260908,16:38:07,,,20230324a,20230324a,stochastic-hh.sanpy,,20.0,-40.0,0,"[10, 20, 50, 80, 90]",59510,0.5951000000000001,-42.261142951325525,19.08523172370298,,59586,0.5958600000000001,38.53293353166856,80.79407648299409,0.7599999999999829,59853,0.59853,-70.29696010039667,59488.0,-45.233775862536135,59490,59499,0.09,-44.96707359420355,-43.94550961479715,11351.842179781212,,59565,9.631860860455108,235.71680509022409,59638,16.46581188576872,-68.00454186033252,1934.0,19.34,51.70630816959669,1926.0,19.26,0.22,"[{'halfHeight': 10, 'risingPnt': np.int64(59534), 'fallingPnt': np.int64(59743), 'widthPnts': np.int64(209), 'widthMs': np.float64(2.09)}, {'halfHeight': 20, 'risingPnt': np.int64(59545), 'fallingPnt': np.int64(59726), 'widthPnts': np.int64(181), 'widthMs': np.float64(1.81)}, {'halfHeight': 50, 'risingPnt': np.int64(59560), 'fallingPnt': np.int64(59674), 'widthPnts': np.int64(114), 'widthMs': np.float64(1.14)}, {'halfHeight': 80, 'risingPnt': np.int64(59571), 'fallingPnt': np.int64(59629), 'widthPnts': np.int64(58), 'widthMs': np.float64(0.58)}, {'halfHeight': 90, 'risingPnt': np.int64(59576), 'fallingPnt': np.int64(59613), 'widthPnts': np.int64(37), 'widthMs': np.float64(0.37)}]",2.09,1.81,1.14,0.58,0.37,0.7599999999999829,yes,,,,,,,unknown,,,,
103,103,dvdt,7,2,5.0,20,0,"[{'Spike': 20, 'Seconds': np.float64(0.6142), 'Sweep': 7, 'Epoch': 2, 'Type': 'Fit EDD', 'Details': 'Early diastolic duration rate fit - preMinPnt == spikePnt'}]",20260908,16:38:07,,,20230324a,20230324a,stochastic-hh.sanpy,,20.0,-40.0,0,"[10, 20, 50, 80, 90]",61422,0.61422,-44.75308412496645,18.60264211930969,,61501,0.61501,45.34143056529238,90.09451469025882,0.7899999999999574,61787,0.61787,-70.32668441948813,61420.0,-45.233775862536135,61420,61421,0.01,-45.11008989043963,-44.93898325407865,,,61483,17.318371743083755,304.1786314451763,61558,21.5050947847551,-72.7788862468486,1912.0,19.12,52.30125523012552,1932.0,19.32,0.02,"[{'halfHeight': 10, 'risingPnt': np.int64(61450), 'fallingPnt': np.int64(61684), 'widthPnts': np.int64(234), 'widthMs': np.float64(2.34)}, {'halfHeight': 20, 'risingPnt': np.int64(61462), 'fallingPnt': np.int64(61663), 'widthPnts': np.int64(201), 'widthMs': np.float64(2.01)}, {'halfHeight': 50, 'risingPnt': np.int64(61478), 'fallingPnt': np.int64(61598), 'widthPnts': np.int64(120), 'widthMs': np.float64(1.2)}, {'halfHeight': 80, 'risingPnt': np.int64(61487), 'fallingPnt': np.int64(61549), 'widthPnts': np.int64(62), 'widthMs': np.float64(0.62)}, {'halfHeight': 90, 'risingPnt': np.int64(61491), 'fallingPnt': np.int64(61531), 'widthPnts': np.int64(40), 'widthMs': np.float64(0.4)}]",2.34,2.01,1.2,0.62,0.4,0.7899999999999574,yes,,,,,,,unknown,,,,
104,104,dvdt,7,2,5.0,21,0,[],20260908,16:38:07,,,20230324a,20230324a,stochastic-hh.sanpy,,20.0,-40.0,0,"[10, 20, 50, 80, 90]",64297,0.64297,-44.55082239452465,19.01232117229444,,64379,0.64379,44.1772653641774,88.72808775870206,0.8199999999999319,64659,0.64659,-70.11565987167998,64294.0,-45.233775862536135,64294,64296,0.02,-45.09569359270812,-44.73991463515351,17736.87793608961,,64358,14.807244473380358,277.2650902682243,64421,26.545639458219366,-67.78425974931159,2875.0,28.75,34.78260869565217,2874.0,28.74,0.03,"[{'halfHeight': 10, 'risingPnt': np.int64(64323), 'fallingPnt': np.int64(64549), 'widthPnts': np.int64(226), 'widthMs': np.float64(2.26)}, {'halfHeight': 20, 'risingPnt': np.int64(64337), 'fallingPnt': np.int64(64529), 'widthPnts': np.int64(192), 'widthMs': np.float64(1.92)}, {'halfHeight': 50, 'risingPnt': np.int64(64353), 'fallingPnt': np.int64(64473), 'widthPnts': np.int64(120), 'widthMs': np.float64(1.2)}, {'halfHeight': 80, 'risingPnt': np.int64(64363), 'fallingPnt': np.int64(64422), 'widthPnts': np.int64(59), 'widthMs': np.float64(0.59)}, {'halfHeight': 90, 'risingPnt': np.int64(64367), 'fallingPnt': np.int64(64405), 'widthPnts': np.int64(38), 'widthMs': np.float64(0.38)}]",2.26,1.92,1.2,0.59,0.38,0.8199999999999319,yes,,,,,,,unknown,,,,
105,105,dvdt,7,2,5.0,22,0,[],20260908,16:38:07,,,20230324a,20230324a,stochastic-hh.sanpy,,20.0,-40.0,0,"[10, 20, 50, 80, 90]",65736,0.65736,-44.349315237676024,19.867780890895354,,65815,0.65815,46.31071478121733,90.66003001889335,0.7899999999999574,66091,0.66091,-70.45730933777966,65732.0,-45.233775862536135,65732,65734,0.02,-45.13178939927773,-44.74226579316372,19260.69977310327,,65794,18.663893816726127,299.48628763778163,66009,-45.14837560587801,-68.01587863764121,1439.0,14.39,69.49270326615705,1438.0,14.38,0.04,"[{'halfHeight': 10, 'risingPnt': np.int64(65762), 'fallingPnt': np.int64(65993), 'widthPnts': np.int64(231), 'widthMs': np.float64(2.31)}, {'halfHeight': 20, 'risingPnt': np.int64(65773), 'fallingPnt': np.int64(65971), 'widthPnts': np.int64(198), 'widthMs': np.float64(1.98)}, {'halfHeight': 50, 'risingPnt': np.int64(65788), 'fallingPnt': np.int64(65907), 'widthPnts': np.int64(119), 'widthMs': np.float64(1.19)}, {'halfHeight': 80, 'risingPnt': np.int64(65798), 'fallingPnt': np.int64(65859), 'widthPnts': np.int64(61), 'widthMs': np.float64(0.61)}, {'halfHeight': 90, 'risingPnt': np.int64(65801), 'fallingPnt': np.int64(65843), 'widthPnts': np.int64(42), 'widthMs': np.float64(0.42)}]",2.31,1.98,1.19,0.61,0.42,0.7899999999999574,yes,,,,,,,unknown,,,,
106,106,dvdt,7,2,5.0,23,0,[],20260908,16:38:07,,,20230324a,20230324a,stochastic-hh.sanpy,,20.0,-40.0,0,"[10, 20, 50, 80, 90]",67328,0.67328,-44.159357750231216,19.82684998667877,,67409,0.6740900000000001,45.42612718672829,89.5854849369595,0.8100000000000884,67677,0.67677,-70.55352755838717,67322.0,-45.233775862536135,67323,67325,0.02,-45.050674463670575,-44.72221077082028,16311.665383262025,,67388,17.229454621275103,296.6414135280901,67469,20.00955244461837,-75.75778025256643,1592.0,15.92,62.814070351758794,1590.0,15.9,0.06,"[{'halfHeight': 10, 'risingPnt': np.int64(67356), 'fallingPnt': np.int64(67577), 'widthPnts': np.int64(221), 'widthMs': np.float64(2.21)}, {'halfHeight': 20, 'risingPnt': np.int64(67367), 'fallingPnt': np.int64(67560), 'widthPnts': np.int64(193), 'widthMs': np.float64(1.93)}, {'halfHeight': 50, 'risingPnt': np.int64(67383), 'fallingPnt': np.int64(67507), 'widthPnts': np.int64(124), 'widthMs': np.float64(1.24)}, {'halfHeight': 80, 'risingPnt': np.int64(67392), 'fallingPnt': np.int64(67455), 'widthPnts': np.int64(63), 'widthMs': np.float64(0.63)}, {'halfHeight': 90, 'risingPnt': np.int64(67396), 'fallingPnt': np.int64(67439), 'widthPnts': np.int64(43), 'widthMs': np.float64(0.43)}]",2.21,1.93,1.24,0.63,0.43,0.8100000000000884,yes,,,,,,,unknown,,,,
107,107,dvdt,7,2,5.0,24,0,"[{'Spike': 24, 'Seconds': np.float64(0.688), 'Sweep': 7, 'Epoch': 2, 'Type': 'Fit EDD', 'Details': 'Early diastolic duration rate fit - preMinPnt == spikePnt'}]",20260908,16:38:07,,,20230324a,20230324a,stochastic-hh.sanpy,,20.0,-40.0,0,"[10, 20, 50, 80, 90]",68805,0.6880499999999999,-44.865919017855994,19.382973384096047,,68881,0.6888099999999999,47.86223210697792,92.72815112483391,0.7599999999999829,69164,0.69164,-70.5656474049234,68804.0,-45.233775862536135,68804,68804,0.0,-45.059702857850745,-45.059702857850745,,,68864,21.065739954405114,317.58097378088985,68943,21.18756564316716,-80.17090294706598,1477.0,14.77,67.70480704129993,1482.0,14.82,0.01,"[{'halfHeight': 10, 'risingPnt': np.int64(68831), 'fallingPnt': np.int64(69061), 'widthPnts': np.int64(230), 'widthMs': np.float64(2.3)}, {'halfHeight': 20, 'risingPnt': np.int64(68843), 'fallingPnt': np.int64(69042), 'widthPnts': np.int64(199), 'widthMs': np.float64(1.99)}, {'halfHeight': 50, 'risingPnt': np.int64(68858), 'fallingPnt': np.int64(68981), 'widthPnts': np.int64(123), 'widthMs': np.float64(1.23)}, {'halfHeight': 80, 'risingPnt': np.int64(68867), 'fallingPnt': np.int64(68929), 'widthPnts': np.int64(62), 'widthMs': np.float64(0.62)}, {'halfHeight': 90, 'risingPnt': np.int64(68871), 'fallingPnt': np.int64(68911), 'widthPnts': np.int64(40), 'widthMs': np.float64(0.4)}]",2.3,1.99,1.23,0.62,0.4,0.7599999999999829,yes,,,,,,,unknown,,,,
108,108,dvdt,7,2,5.0,25,0,[],20260908,16:38:07,,,20230324a,20230324a,stochastic-hh.sanpy,,20.0,-40.0,0,"[10, 20, 50, 80, 90]",70456,0.70456,-43.83490985117465,19.055312807001958,,70531,0.70531,47.863003516816114,91.69791336799076,0.7500000000000284,70817,0.70817,-70.52663748043254,70434.0,-47.27874246399236,70436,70445,0.09,-46.97925716057796,-45.65693322804816,14648.02471137947,,70511,20.664430760292753,312.744467877997,70565,36.17936343534786,-64.07951738726084,1651.0,16.51,60.56935190793458,1630.0,16.3,0.22,"[{'halfHeight': 10, 'risingPnt': np.int64(70481), 'fallingPnt': np.int64(70712), 'widthPnts': np.int64(231), 'widthMs': np.float64(2.31)}, {'halfHeight': 20, 'risingPnt': np.int64(70491), 'fallingPnt': np.int64(70692), 'widthPnts': np.int64(201), 'widthMs': np.float64(2.01)}, {'halfHeight': 50, 'risingPnt': np.int64(70505), 'fallingPnt': np.int64(70634), 'widthPnts': np.int64(129), 'widthMs': np.float64(1.29)}, {'halfHeight': 80, 'risingPnt': np.int64(70514), 'fallingPnt': np.int64(70578), 'widthPnts': np.int64(64), 'widthMs': np.float64(0.64)}, {'halfHeight': 90, 'risingPnt': np.int64(70518), 'fallingPnt': np.int64(70561), 'widthPnts': np.int64(43), 'widthMs': np.float64(0.43)}]",2.31,2.01,1.29,0.64,0.43,0.7500000000000284,yes,,,,,,,unknown,,,,
109,109,dvdt,7,2,5.0,26,0,[],20260908,16:38:07,,,20230324a,20230324a,stochastic-hh.sanpy,,20.0,-40.0,0,"[10, 20, 50, 80, 90]",72106,0.7210599999999999,-43.53624317132078,18.973125198158712,,72183,0.7218300000000001,44.56946157481985,88.10570474614062,0.7700000000001594,72457,0.72457,-70.49282681560808,72078.0,-47.27874246399236,72081,72092,0.11,-46.89932848544019,-45.67786555162632,10823.906795869969,,72164,18.960664348304736,291.8439903308191,72236,21.126864790993583,-65.80606391238507,1650.0,16.5,60.6060606060606,1644.0,16.44,0.28,"[{'halfHeight': 10, 'risingPnt': np.int64(72131), 'fallingPnt': np.int64(72358), 'widthPnts': np.int64(227), 'widthMs': np.float64(2.27)}, {'halfHeight': 20, 'risingPnt': np.int64(72142), 'fallingPnt': np.int64(72338), 'widthPnts': np.int64(196), 'widthMs': np.float64(1.96)}, {'halfHeight': 50, 'risingPnt': np.int64(72158), 'fallingPnt': np.int64(72278), 'widthPnts': np.int64(120), 'widthMs': np.float64(1.2)}, {'halfHeight': 80, 'risingPnt': np.int64(72167), 'fallingPnt': np.int64(72226), 'widthPnts': np.int64(59), 'widthMs': np.float64(0.59)}, {'halfHeight': 90, 'risingPnt': np.int64(72171), 'fallingPnt': np.int64(72212), 'widthPnts': np.int64(41), 'widthMs': np.float64(0.41)}]",2.27,1.96,1.2,0.59,0.41,0.7700000000001594,yes,,,,,,,unknown,,,,
110,110,dvdt,7,2,5.0,27,0,[],20260908,16:38:07,,,20230324a,20230324a,stochastic-hh.sanpy,,20.0,-40.0,0,"[10, 20, 50, 80, 90]",73541,0.73541,-43.44548655960281,19.40404011671789,,73617,0.73617,46.80124135320039,90.24672791280321,0.7599999999999829,73893,0.73893,-70.44996024928123,73517.0,-47.27874246399236,73519,73529,0.1,-46.989765136741994,-45.497668371685215,14769.01347637726,,73595,14.31422695312396,300.94408274803925,73681,17.627398038189206,-67.38967502988639,1435.0,14.35,69.68641114982579,1439.0,14.39,0.24,"[{'halfHeight': 10, 'risingPnt': np.int64(73566), 'fallingPnt': np.int64(73791), 'widthPnts': np.int64(225), 'widthMs': np.float64(2.25)}, {'halfHeight': 20, 'risingPnt': np.int64(73577), 'fallingPnt': np.int64(73771), 'widthPnts': np.int64(194), 'widthMs': np.float64(1.94)}, {'halfHeight': 50, 'risingPnt': np.int64(73591), 'fallingPnt': np.int64(73711), 'widthPnts': np.int64(120), 'widthMs': np.float64(1.2)}, {'halfHeight': 80, 'risingPnt': np.int64(73600), 'fallingPnt': np.int64(73663), 'widthPnts': np.int64(63), 'widthMs': np.float64(0.63)}, {'halfHeight': 90, 'risingPnt': np.int64(73604), 'fallingPnt': np.int64(73646), 'widthPnts': np.int64(42), 'widthMs': np.float64(0.42)}]",2.25,1.94,1.2,0.63,0.42,0.7599999999999829,yes,,,,,,,unknown,,,,
111,111,dvdt,7,3,0.0,28,0,[],20260908,16:38:07,,,20230324a,20230324a,stochastic-hh.sanpy,,20.0,-40.0,0,"[10, 20, 50, 80, 90]",75095,0.75095,-44.05972390080523,19.868684585857334,,75176,0.75176,46.52829370728111,90.58801760808635,0.8099999999999774,75463,0.75463,-71.0984098294826,75073.0,-47.27874246399236,75075,75084,0.09,-46.98619978039813,-45.881074154155485,12232.505993450453,,75155,17.276210483879996,300.6713068462805,75258,8.647359907802853,-66.40440648089752,1554.0,15.54,64.35006435006434,1556.0,15.56,0.22,"[{'halfHeight': 10, 'risingPnt': np.int64(75122), 'fallingPnt': np.int64(75353), 'widthPnts': np.int64(231), 'widthMs': np.float64(2.31)}, {'halfHeight': 20, 'risingPnt': np.int64(75134), 'fallingPnt': np.int64(75334), 'widthPnts': np.int64(200), 'widthMs': np.float64(2.0)}, {'halfHeight': 50, 'risingPnt': np.int64(75150), 'fallingPnt': np.int64(75273), 'widthPnts': np.int64(123), 'widthMs': np.float64(1.23)}, {'halfHeight': 80, 'risingPnt': np.int64(75159), 'fallingPnt': np.int64(75221), 'widthPnts': np.int64(62), 'widthMs': np.float64(0.62)}, {'halfHeight': 90, 'risingPnt': np.int64(75163), 'fallingPnt': np.int64(75204), 'widthPnts': np.int64(41), 'widthMs': np.float64(0.41)}]",2.31,2.0,1.23,0.62,0.41,0.8099999999999774,yes,,,,,,,unknown,,,,
112,112,dvdt,8,2,6.0,0,0,"[{'Spike': 0, 'Seconds': np.float64(0.2519), 'Sweep': 8, 'Epoch': 2, 'Type': 'Fit EDD', 'Details': 'Early diastolic duration rate fit - Too low -194.414<=8'}]",20260908,16:38:07,,,20230324a,20230324a,stochastic-hh.sanpy,,20.0,-40.0,0,"[10, 20, 50, 80, 90]",25187,0.25187,-45.91718783042596,19.32779917703504,,25266,0.25266,49.31922905571069,95.23641688613665,0.7900000000000129,25557,0.25557,-70.36613344706039,20979.0,-61.18908852249571,21400,23083,16.83,-58.5044676948502,-59.789563598635546,-194.4142875432687,,25246,15.430790554926268,330.98993861093015,25298,39.45978475185373,-61.370838015841436,,,,,,42.08,"[{'halfHeight': 10, 'risingPnt': np.int64(25216), 'fallingPnt': np.int64(25458), 'widthPnts': np.int64(242), 'widthMs': np.float64(2.42)}, {'halfHeight': 20, 'risingPnt': np.int64(25227), 'fallingPnt': np.int64(25438), 'widthPnts': np.int64(211), 'widthMs': np.float64(2.11)}, {'halfHeight': 50, 'risingPnt': np.int64(25242), 'fallingPnt': np.int64(25376), 'widthPnts': np.int64(134), 'widthMs': np.float64(1.34)}, {'halfHeight': 80, 'risingPnt': np.int64(25251), 'fallingPnt': np.int64(25318), 'widthPnts': np.int64(67), 'widthMs': np.float64(0.67)}, {'halfHeight': 90, 'risingPnt': np.int64(25254), 'fallingPnt': np.int64(25298), 'widthPnts': np.int64(44), 'widthMs': np.float64(0.44)}]",2.42,2.11,1.34,0.67,0.44,0.7900000000000129,yes,,,,,,,unknown,,,,
113,113,dvdt,8,2,6.0,1,0,[],20260908,16:38:07,,,20230324a,20230324a,stochastic-hh.sanpy,,20.0,-40.0,0,"[10, 20, 50, 80, 90]",26788,0.26788,-43.8300777516528,19.76040966545271,,26868,0.26868000000000003,43.620616123822224,87.45069387547503,0.8000000000000229,27138,0.27138,-70.28204389428434,26770.0,-46.75584268022458,26772,26779,0.07,-46.43457195669001,-45.412092804126104,14327.364233288761,,26849,17.708486862545886,285.0574054634508,27065,-53.148125584470485,-68.44735217587038,1601.0,16.01,62.460961898813245,5791.0,57.91,0.18,"[{'halfHeight': 10, 'risingPnt': np.int64(26815), 'fallingPnt': np.int64(27034), 'widthPnts': np.int64(219), 'widthMs': np.float64(2.19)}, {'halfHeight': 20, 'risingPnt': np.int64(26827), 'fallingPnt': np.int64(27015), 'widthPnts': np.int64(188), 'widthMs': np.float64(1.88)}, {'halfHeight': 50, 'risingPnt': np.int64(26843), 'fallingPnt': np.int64(26962), 'widthPnts': np.int64(119), 'widthMs': np.float64(1.19)}, {'halfHeight': 80, 'risingPnt': np.int64(26853), 'fallingPnt': np.int64(26913), 'widthPnts': np.int64(60), 'widthMs': np.float64(0.6)}, {'halfHeight': 90, 'risingPnt': np.int64(26856), 'fallingPnt': np.int64(26895), 'widthPnts': np.int64(39), 'widthMs': np.float64(0.39)}]",2.19,1.88,1.19,0.6,0.39,0.8000000000000229,yes,,,,,,,unknown,,,,
114,114,dvdt,8,2,6.0,2,0,[],20260908,16:38:07,,,20230324a,20230324a,stochastic-hh.sanpy,,20.0,-40.0,0,"[10, 20, 50, 80, 90]",28220,0.2822,-44.52758550732539,19.80843687359178,,28299,0.28299,46.71542858452619,91.24301409185158,0.7900000000000129,28566,0.28566,-70.33228705660855,28207.0,-46.75584268022458,28208,28213,0.05,-46.527296991596195,-45.78654515848996,14393.176872196887,,28280,20.877740041802106,318.3573329189558,28338,31.59982660619296,-76.45906136937177,1432.0,14.32,69.83240223463686,1437.0,14.37,0.13,"[{'halfHeight': 10, 'risingPnt': np.int64(28247), 'fallingPnt': np.int64(28467), 'widthPnts': np.int64(220), 'widthMs': np.float64(2.2)}, {'halfHeight': 20, 'risingPnt': np.int64(28259), 'fallingPnt': np.int64(28448), 'widthPnts': np.int64(189), 'widthMs': np.float64(1.89)}, {'halfHeight': 50, 'risingPnt': np.int64(28274), 'fallingPnt': np.int64(28396), 'widthPnts': np.int64(122), 'widthMs': np.float64(1.22)}, {'halfHeight': 80, 'risingPnt': np.int64(28283), 'fallingPnt': np.int64(28343), 'widthPnts': np.int64(60), 'widthMs': np.float64(0.6)}, {'halfHeight': 90, 'risingPnt': np.int64(28287), 'fallingPnt': np.int64(28328), 'widthPnts': np.int64(41), 'widthMs': np.float64(0.41)}]",2.2,1.89,1.22,0.6,0.41,0.7900000000000129,yes,,,,,,,unknown,,,,
115,115,dvdt,8,2,6.0,3,0,[],20260908,16:38:07,,,20230324a,20230324a,stochastic-hh.sanpy,,20.0,-40.0,0,"[10, 20, 50, 80, 90]",30019,0.30019,-44.25731322519358,19.25903408824024,,30097,0.30097,45.049514871272784,89.30682809646636,0.7800000000000029,30371,0.30371,-70.34648039946194,30003.0,-46.75584268022458,30005,30011,0.06,-46.37461654815788,-45.566167472025036,13452.408859336329,,30078,18.91075776233366,294.9136934967829,30151,21.120644786016125,-67.66058123686122,1799.0,17.99,55.58643690939411,1796.0,17.96,0.16,"[{'halfHeight': 10, 'risingPnt': np.int64(30044), 'fallingPnt': np.int64(30270), 'widthPnts': np.int64(226), 'widthMs': np.float64(2.26)}, {'halfHeight': 20, 'risingPnt': np.int64(30057), 'fallingPnt': np.int64(30248), 'widthPnts': np.int64(191), 'widthMs': np.float64(1.91)}, {'halfHeight': 50, 'risingPnt': np.int64(30072), 'fallingPnt': np.int64(30189), 'widthPnts': np.int64(117), 'widthMs': np.float64(1.17)}, {'halfHeight': 80, 'risingPnt': np.int64(30081), 'fallingPnt': np.int64(30141), 'widthPnts': np.int64(60), 'widthMs': np.float64(0.6)}, {'halfHeight': 90, 'risingPnt': np.int64(30085), 'fallingPnt': np.int64(30125), 'widthPnts': np.int64(40), 'widthMs': np.float64(0.4)}]",2.26,1.91,1.17,0.6,0.4,0.7800000000000029,yes,,,,,,,unknown,,,,
116,116,dvdt,8,2,6.0,4,0,[],20260908,16:38:07,,,20230324a,20230324a,stochastic-hh.sanpy,,20.0,-40.0,0,"[10, 20, 50, 80, 90]",31740,0.31739999999999996,-41.874182070539405,19.614192366495626,,31815,0.31815,41.50939766705578,83.38357973759518,0.7500000000000284,32100,0.321,-69.97421471940943,31704.0,-46.75584268022458,31708,31722,0.14,-46.26849490243561,-44.65451133847568,11769.930489489952,,31795,14.391290668418256,260.9510752090458,31856,25.126402903087175,-65.92318286008158,1721.0,17.21,58.10575246949448,1701.0,17.01,0.36,"[{'halfHeight': 10, 'risingPnt': np.int64(31764), 'fallingPnt': np.int64(31982), 'widthPnts': np.int64(218), 'widthMs': np.float64(2.18)}, {'halfHeight': 20, 'risingPnt': np.int64(31775), 'fallingPnt': np.int64(31962), 'widthPnts': np.int64(187), 'widthMs': np.float64(1.87)}, {'halfHeight': 50, 'risingPnt': np.int64(31790), 'fallingPnt': np.int64(31906), 'widthPnts': np.int64(116), 'widthMs': np.float64(1.16)}, {'halfHeight': 80, 'risingPnt': np.int64(31800), 'fallingPnt': np.int64(31857), 'widthPnts': np.int64(57), 'widthMs': np.float64(0.57)}, {'halfHeight': 90, 'risingPnt': np.int64(31804), 'fallingPnt': np.int64(31841), 'widthPnts': np.int64(37), 'widthMs': np.float64(0.37)}]",2.18,1.87,1.16,0.57,0.37,0.7500000000000284,yes,,,,,,,unknown,,,,
117,117,dvdt,8,2,6.0,5,0,[],20260908,16:38:07,,,20230324a,20230324a,stochastic-hh.sanpy,,20.0,-40.0,0,"[10, 20, 50, 80, 90]",33333,0.33332999999999996,-43.75538953072116,19.326810335835702,,33415,0.33415,42.07448594801961,85.82987547874077,0.8200000000000429,33686,0.33686,-70.22903580309762,33311.0,-46.75584268022458,33313,33322,0.09,-46.5190501819273,-45.480628095803944,11269.428651230914,,33391,12.270084553372682,250.42848372108688,33608,-49.575411686750854,-66.48551522156139,1593.0,15.93,62.77463904582549,1607.0,16.07,0.22,"[{'halfHeight': 10, 'risingPnt': np.int64(33359), 'fallingPnt': np.int64(33582), 'widthPnts': np.int64(223), 'widthMs': np.float64(2.23)}, {'halfHeight': 20, 'risingPnt': np.int64(33370), 'fallingPnt': np.int64(33563), 'widthPnts': np.int64(193), 'widthMs': np.float64(1.93)}, {'halfHeight': 50, 'risingPnt': np.int64(33386), 'fallingPnt': np.int64(33503), 'widthPnts': np.int64(117), 'widthMs': np.float64(1.17)}, {'halfHeight': 80, 'risingPnt': np.int64(33397), 'fallingPnt': np.int64(33454), 'widthPnts': np.int64(57), 'widthMs': np.float64(0.57)}, {'halfHeight': 90, 'risingPnt': np.int64(33401), 'fallingPnt': np.int64(33438), 'widthPnts': np.int64(37), 'widthMs': np.float64(0.37)}]",2.23,1.93,1.17,0.57,0.37,0.8200000000000429,yes,,,,,,,unknown,,,,
118,118,dvdt,8,2,6.0,6,0,[],20260908,16:38:07,,,20230324a,20230324a,stochastic-hh.sanpy,,20.0,-40.0,0,"[10, 20, 50, 80, 90]",34833,0.34833,-44.53831932025837,19.878032592736016,,34912,0.34912,47.781575333571666,92.31989465383003,0.7900000000000129,35196,0.35196,-70.20180589858488,34821.0,-46.75584268022458,34822,34827,0.05,-46.51256105328164,-45.65320448415205,17058.77252467295,,34892,20.39717608575689,303.730237604742,34992,8.653673214017404,-62.82283338107136,1500.0,15.0,66.66666666666667,1510.0,15.1,0.12,"[{'halfHeight': 10, 'risingPnt': np.int64(34858), 'fallingPnt': np.int64(35090), 'widthPnts': np.int64(232), 'widthMs': np.float64(2.32)}, {'halfHeight': 20, 'risingPnt': np.int64(34870), 'fallingPnt': np.int64(35068), 'widthPnts': np.int64(198), 'widthMs': np.float64(1.98)}, {'halfHeight': 50, 'risingPnt': np.int64(34886), 'fallingPnt': np.int64(35006), 'widthPnts': np.int64(120), 'widthMs': np.float64(1.2)}, {'halfHeight': 80, 'risingPnt': np.int64(34896), 'fallingPnt': np.int64(34954), 'widthPnts': np.int64(58), 'widthMs': np.float64(0.58)}, {'halfHeight': 90, 'risingPnt': np.int64(34900), 'fallingPnt': np.int64(34936), 'widthPnts': np.int64(36), 'widthMs': np.float64(0.36)}]",2.32,1.98,1.2,0.58,0.36,0.7900000000000129,yes,,,,,,,unknown,,,,
119,119,dvdt,8,2,6.0,7,0,[],20260908,16:38:07,,,20230324a,20230324a,stochastic-hh.sanpy,,20.0,-40.0,0,"[10, 20, 50, 80, 90]",36594,0.36594,-43.59303049646336,19.60436419741485,,36678,0.36678,42.89940996207202,86.49244045853538,0.8400000000000074,36943,0.36943,-70.34332350964732,36572.0,-46.75584268022458,36574,36583,0.09,-46.531615973786764,-45.40460024662695,12531.66016172554,,36658,18.790355837710777,262.0223550599538,36748,10.635902951396295,-77.70874244344881,1761.0,17.61,56.78591709256104,1751.0,17.51,0.22,"[{'halfHeight': 10, 'risingPnt': np.int64(36623), 'fallingPnt': np.int64(36840), 'widthPnts': np.int64(217), 'widthMs': np.float64(2.17)}, {'halfHeight': 20, 'risingPnt': np.int64(36635), 'fallingPnt': np.int64(36820), 'widthPnts': np.int64(185), 'widthMs': np.float64(1.85)}, {'halfHeight': 50, 'risingPnt': np.int64(36651), 'fallingPnt': np.int64(36767), 'widthPnts': np.int64(116), 'widthMs': np.float64(1.16)}, {'halfHeight': 80, 'risingPnt': np.int64(36661), 'fallingPnt': np.int64(36720), 'widthPnts': np.int64(59), 'widthMs': np.float64(0.59)}, {'halfHeight': 90, 'risingPnt': np.int64(36666), 'fallingPnt': np.int64(36704), 'widthPnts': np.int64(38), 'widthMs': np.float64(0.38)}]",2.17,1.85,1.16,0.59,0.38,0.8400000000000074,yes,,,,,,,unknown,,,,
120,120,dvdt,8,2,6.0,8,0,[],20260908,16:38:07,,,20230324a,20230324a,stochastic-hh.sanpy,,20.0,-40.0,0,"[10, 20, 50, 80, 90]",38010,0.38010000000000005,-44.69008019365233,19.85815158023638,,38092,0.38092000000000004,46.515944248790305,91.20602444244264,0.8199999999999874,38367,0.38367,-70.33096471896906,37998.0,-46.75584268022458,37999,38004,0.05,-46.526231121138075,-45.76804872007209,14935.5951597496,,38073,20.138218734772842,300.0906245668978,38291,-49.142501863131535,-66.27015614493568,1416.0,14.16,70.62146892655367,1426.0,14.26,0.12,"[{'halfHeight': 10, 'risingPnt': np.int64(38038), 'fallingPnt': np.int64(38268), 'widthPnts': np.int64(230), 'widthMs': np.float64(2.3)}, {'halfHeight': 20, 'risingPnt': np.int64(38051), 'fallingPnt': np.int64(38249), 'widthPnts': np.int64(198), 'widthMs': np.float64(1.98)}, {'halfHeight': 50, 'risingPnt': np.int64(38067), 'fallingPnt': np.int64(38191), 'widthPnts': np.int64(124), 'widthMs': np.float64(1.24)}, {'halfHeight': 80, 'risingPnt': np.int64(38076), 'fallingPnt': np.int64(38140), 'widthPnts': np.int64(64), 'widthMs': np.float64(0.64)}, {'halfHeight': 90, 'risingPnt': np.int64(38080), 'fallingPnt': np.int64(38122), 'widthPnts': np.int64(42), 'widthMs': np.float64(0.42)}]",2.3,1.98,1.24,0.64,0.42,0.8199999999999874,yes,,,,,,,unknown,,,,
121,121,dvdt,8,2,6.0,9,0,[],20260908,16:38:07,,,20230324a,20230324a,stochastic-hh.sanpy,,20.0,-40.0,0,"[10, 20, 50, 80, 90]",39432,0.39432,-44.16212008125824,19.889274266570762,,39513,0.39513,45.420838256950866,89.5829583382091,0.8099999999999774,39777,0.39776999999999996,-70.35110693831564,39416.0,-46.75584268022458,39418,39424,0.06,-46.4296953097829,-45.60867813191518,13181.93309715031,,39493,17.77515885095024,295.1644779202685,39708,-52.71013189415451,-71.16245733413723,1422.0,14.22,70.32348804500704,1418.0,14.18,0.16,"[{'halfHeight': 10, 'risingPnt': np.int64(39459), 'fallingPnt': np.int64(39679), 'widthPnts': np.int64(220), 'widthMs': np.float64(2.2)}, {'halfHeight': 20, 'risingPnt': np.int64(39472), 'fallingPnt': np.int64(39660), 'widthPnts': np.int64(188), 'widthMs': np.float64(1.88)}, {'halfHeight': 50, 'risingPnt': np.int64(39487), 'fallingPnt': np.int64(39609), 'widthPnts': np.int64(122), 'widthMs': np.float64(1.22)}, {'halfHeight': 80, 'risingPnt': np.int64(39497), 'fallingPnt': np.int64(39560), 'widthPnts': np.int64(63), 'widthMs': np.float64(0.63)}, {'halfHeight': 90, 'risingPnt': np.int64(39501), 'fallingPnt': np.int64(39542), 'widthPnts': np.int64(41), 'widthMs': np.float64(0.41)}]",2.2,1.88,1.22,0.63,0.41,0.8099999999999774,yes,,,,,,,unknown,,,,
122,122,dvdt,8,2,6.0,10,0,[],20260908,16:38:07,,,20230324a,20230324a,stochastic-hh.sanpy,,20.0,-40.0,0,"[10, 20, 50, 80, 90]",40925,0.40925,-43.4128328263445,19.63319377724926,,41005,0.41005,43.445566566741114,86.85839939308562,0.8000000000000229,41267,0.41267000000000004,-70.38354001504172,40903.0,-46.75584268022458,40905,40914,0.09,-46.493177675446155,-45.3365513131401,12636.81701462068,,40984,14.550951590514623,270.82517385143603,41068,13.391871040910646,-73.21302734479852,1493.0,14.93,66.97923643670462,1487.0,14.87,0.22,"[{'halfHeight': 10, 'risingPnt': np.int64(40951), 'fallingPnt': np.int64(41170), 'widthPnts': np.int64(219), 'widthMs': np.float64(2.19)}, {'halfHeight': 20, 'risingPnt': np.int64(40963), 'fallingPnt': np.int64(41153), 'widthPnts': np.int64(190), 'widthMs': np.float64(1.9)}, {'halfHeight': 50, 'risingPnt': np.int64(40979), 'fallingPnt': np.int64(41094), 'widthPnts': np.int64(115), 'widthMs': np.float64(1.15)}, {'halfHeight': 80, 'risingPnt': np.int64(40989), 'fallingPnt': np.int64(41047), 'widthPnts': np.int64(58), 'widthMs': np.float64(0.58)}, {'halfHeight': 90, 'risingPnt': np.int64(40993), 'fallingPnt': np.int64(41031), 'widthPnts': np.int64(38), 'widthMs': np.float64(0.38)}]",2.19,1.9,1.15,0.58,0.38,0.8000000000000229,yes,,,,,,,unknown,,,,
123,123,dvdt,8,2,6.0,11,0,[],20260908,16:38:07,,,20230324a,20230324a,stochastic-hh.sanpy,,20.0,-40.0,0,"[10, 20, 50, 80, 90]",42408,0.42407999999999996,-44.42360528100552,19.017436228558456,,42486,0.42486,46.637889948013985,91.0614952290195,0.7800000000000584,42771,0.42771,-70.31102402724926,42402.0,-45.61139071528551,42403,42405,0.02,-45.30641793470282,-44.96847861228866,16557.382590094345,,42467,17.3789561819675,311.7159845550827,42570,8.841705578323143,-69.1838167480443,1483.0,14.83,67.43088334457181,1499.0,14.99,0.06,"[{'halfHeight': 10, 'risingPnt': np.int64(42434), 'fallingPnt': np.int64(42666), 'widthPnts': np.int64(232), 'widthMs': np.float64(2.32)}, {'halfHeight': 20, 'risingPnt': np.int64(42446), 'fallingPnt': np.int64(42646), 'widthPnts': np.int64(200), 'widthMs': np.float64(2.0)}, {'halfHeight': 50, 'risingPnt': np.int64(42462), 'fallingPnt': np.int64(42584), 'widthPnts': np.int64(122), 'widthMs': np.float64(1.22)}, {'halfHeight': 80, 'risingPnt': np.int64(42471), 'fallingPnt': np.int64(42533), 'widthPnts': np.int64(62), 'widthMs': np.float64(0.62)}, {'halfHeight': 90, 'risingPnt': np.int64(42475), 'fallingPnt': np.int64(42513), 'widthPnts': np.int64(38), 'widthMs': np.float64(0.38)}]",2.32,2.0,1.22,0.62,0.38,0.7800000000000584,yes,,,,,,,unknown,,,,
124,124,dvdt,8,2,6.0,12,0,[],20260908,16:38:07,,,20230324a,20230324a,stochastic-hh.sanpy,,20.0,-40.0,0,"[10, 20, 50, 80, 90]",43802,0.43801999999999996,-44.399335134375896,19.917725874196172,,43879,0.43879,46.185916122767175,90.58525125714307,0.7700000000000484,44148,0.44148000000000004,-70.32170914963164,43796.0,-45.61139071528551,43797,43799,0.02,-45.29873211055997,-44.96332011566955,16590.693945223673,,43857,11.27871714926817,288.3902939362763,43951,11.379201188724457,-76.21168109753681,1394.0,13.94,71.73601147776183,1394.0,13.94,0.06,"[{'halfHeight': 10, 'risingPnt': np.int64(43828), 'fallingPnt': np.int64(44051), 'widthPnts': np.int64(223), 'widthMs': np.float64(2.23)}, {'halfHeight': 20, 'risingPnt': np.int64(43839), 'fallingPnt': np.int64(44032), 'widthPnts': np.int64(193), 'widthMs': np.float64(1.93)}, {'halfHeight': 50, 'risingPnt': np.int64(43854), 'fallingPnt': np.int64(43973), 'widthPnts': np.int64(119), 'widthMs': np.float64(1.19)}, {'halfHeight': 80, 'risingPnt': np.int64(43863), 'fallingPnt': np.int64(43922), 'widthPnts': np.int64(59), 'widthMs': np.float64(0.59)}, {'halfHeight': 90, 'risingPnt': np.int64(43868), 'fallingPnt': np.int64(43905), 'widthPnts': np.int64(37), 'widthMs': np.float64(0.37)}]",2.23,1.93,1.19,0.59,0.37,0.7700000000000484,yes,,,,,,,unknown,,,,
125,125,dvdt,8,2,6.0,13,0,"[{'Spike': 13, 'Seconds': np.float64(0.4522), 'Sweep': 8, 'Epoch': 2, 'Type': 'Fit EDD', 'Details': 'Early diastolic duration rate fit - preMinPnt == spikePnt'}]",20260908,16:38:07,,,20230324a,20230324a,stochastic-hh.sanpy,,20.0,-40.0,0,"[10, 20, 50, 80, 90]",45221,0.45221,-45.18796240885113,19.443943850912117,,45303,0.45303,47.06562114853363,92.25358355738476,0.8199999999999874,45593,0.45593,-70.07987377408436,45219.0,-45.61139071528551,45219,45220,0.01,-45.57743396100136,-45.38175605249331,,,45282,15.314130804091267,291.796417181825,45340,32.01375193074481,-65.53502243884975,1419.0,14.19,70.47216349541931,1423.0,14.23,0.02,"[{'halfHeight': 10, 'risingPnt': np.int64(45249), 'fallingPnt': np.int64(45490), 'widthPnts': np.int64(241), 'widthMs': np.float64(2.41)}, {'halfHeight': 20, 'risingPnt': np.int64(45261), 'fallingPnt': np.int64(45470), 'widthPnts': np.int64(209), 'widthMs': np.float64(2.09)}, {'halfHeight': 50, 'risingPnt': np.int64(45277), 'fallingPnt': np.int64(45403), 'widthPnts': np.int64(126), 'widthMs': np.float64(1.26)}, {'halfHeight': 80, 'risingPnt': np.int64(45287), 'fallingPnt': np.int64(45346), 'widthPnts': np.int64(59), 'widthMs': np.float64(0.59)}, {'halfHeight': 90, 'risingPnt': np.int64(45291), 'fallingPnt': np.int64(45331), 'widthPnts': np.int64(40), 'widthMs': np.float64(0.4)}]",2.41,2.09,1.26,0.59,0.4,0.8199999999999874,yes,,,,,,,unknown,,,,
126,126,dvdt,8,2,6.0,14,0,[],20260908,16:38:07,,,20230324a,20230324a,stochastic-hh.sanpy,,20.0,-40.0,0,"[10, 20, 50, 80, 90]",46790,0.4679,-44.12183162316127,19.138477108373074,,46867,0.46867000000000003,46.746484023949776,90.86831564711105,0.7700000000000484,47151,0.47151,-70.19987296711587,46782.0,-45.61139071528551,46783,46786,0.03,-45.353509142784205,-44.842420545970384,17226.662561365007,,46848,15.520019457868875,308.19799235419725,46916,26.98739666998815,-64.75717869355505,1569.0,15.69,63.73486297004462,1563.0,15.63,0.08,"[{'halfHeight': 10, 'risingPnt': np.int64(46818), 'fallingPnt': np.int64(47044), 'widthPnts': np.int64(226), 'widthMs': np.float64(2.26)}, {'halfHeight': 20, 'risingPnt': np.int64(46828), 'fallingPnt': np.int64(47028), 'widthPnts': np.int64(200), 'widthMs': np.float64(2.0)}, {'halfHeight': 50, 'risingPnt': np.int64(46844), 'fallingPnt': np.int64(46968), 'widthPnts': np.int64(124), 'widthMs': np.float64(1.24)}, {'halfHeight': 80, 'risingPnt': np.int64(46853), 'fallingPnt': np.int64(46914), 'widthPnts': np.int64(61), 'widthMs': np.float64(0.61)}, {'halfHeight': 90, 'risingPnt': np.int64(46857), 'fallingPnt': np.int64(46895), 'widthPnts': np.int64(38), 'widthMs': np.float64(0.38)}]",2.26,2.0,1.24,0.61,0.38,0.7700000000000484,yes,,,,,,,unknown,,,,
127,127,dvdt,8,2,6.0,15,0,[],20260908,16:38:07,,,20230324a,20230324a,stochastic-hh.sanpy,,20.0,-40.0,0,"[10, 20, 50, 80, 90]",48169,0.48169,-44.37613260065181,19.944441779822586,,48247,0.48247,45.86759149437735,90.24372409502917,0.7800000000000029,48520,0.48519999999999996,-70.33262765528241,48162.0,-45.61139071528551,48163,48166,0.03,-45.41980175252287,-44.93967279276728,15594.525773228122,,48227,17.57364174940329,298.97505155292896,48301,21.592127760542866,-74.06167393039154,1379.0,13.79,72.51631617113851,1380.0,13.8,0.07,"[{'halfHeight': 10, 'risingPnt': np.int64(48195), 'fallingPnt': np.int64(48417), 'widthPnts': np.int64(222), 'widthMs': np.float64(2.22)}, {'halfHeight': 20, 'risingPnt': np.int64(48206), 'fallingPnt': np.int64(48397), 'widthPnts': np.int64(191), 'widthMs': np.float64(1.91)}, {'halfHeight': 50, 'risingPnt': np.int64(48222), 'fallingPnt': np.int64(48339), 'widthPnts': np.int64(117), 'widthMs': np.float64(1.17)}, {'halfHeight': 80, 'risingPnt': np.int64(48231), 'fallingPnt': np.int64(48292), 'widthPnts': np.int64(61), 'widthMs': np.float64(0.61)}, {'halfHeight': 90, 'risingPnt': np.int64(48235), 'fallingPnt': np.int64(48275), 'widthPnts': np.int64(40), 'widthMs': np.float64(0.4)}]",2.22,1.91,1.17,0.61,0.4,0.7800000000000029,yes,,,,,,,unknown,,,,
128,128,dvdt,8,2,6.0,16,0,[],20260908,16:38:07,,,20230324a,20230324a,stochastic-hh.sanpy,,20.0,-40.0,0,"[10, 20, 50, 80, 90]",49644,0.49644,-43.76033880994485,19.700659990049417,,49718,0.49718,47.02487438546353,90.78521319540837,0.7400000000000184,50007,0.50007,-70.10073561771736,49634.0,-45.61139071528551,49635,49639,0.04,-45.367109413168016,-44.68297076706758,16849.98902302336,,49700,19.36977155020854,315.3575754502532,49781,17.98768464512666,-68.913486573815,1475.0,14.75,67.79661016949153,1472.0,14.72,0.1,"[{'halfHeight': 10, 'risingPnt': np.int64(49670), 'fallingPnt': np.int64(49901), 'widthPnts': np.int64(231), 'widthMs': np.float64(2.31)}, {'halfHeight': 20, 'risingPnt': np.int64(49680), 'fallingPnt': np.int64(49879), 'widthPnts': np.int64(199), 'widthMs': np.float64(1.99)}, {'halfHeight': 50, 'risingPnt': np.int64(49694), 'fallingPnt': np.int64(49813), 'widthPnts': np.int64(119), 'widthMs': np.float64(1.19)}, {'halfHeight': 80, 'risingPnt': np.int64(49703), 'fallingPnt': np.int64(49764), 'widthPnts': np.int64(61), 'widthMs': np.float64(0.61)}, {'halfHeight': 90, 'risingPnt': np.int64(49707), 'fallingPnt': np.int64(49747), 'widthPnts': np.int64(40), 'widthMs': np.float64(0.4)}]",2.31,1.99,1.19,0.61,0.4,0.7400000000000184,yes,,,,,,,unknown,,,,
129,129,dvdt,8,2,6.0,17,0,[],20260908,16:38:07,,,20230324a,20230324a,stochastic-hh.sanpy,,20.0,-40.0,0,"[10, 20, 50, 80, 90]",51124,0.51124,-44.616300219528426,19.83159096075636,,51200,0.512,46.477295105245545,91.09359532477397,0.7599999999999829,51482,0.51482,-70.30248415619356,51119.0,-45.61139071528551,51119,51121,0.02,-45.558145311294055,-45.19124516022655,18135.0049820278,,51183,21.505047651660163,298.52075441295193,51279,10.5491793636493,-70.05799418252238,1480.0,14.8,67.56756756756756,1485.0,14.85,0.05,"[{'halfHeight': 10, 'risingPnt': np.int64(51149), 'fallingPnt': np.int64(51381), 'widthPnts': np.int64(232), 'widthMs': np.float64(2.32)}, {'halfHeight': 20, 'risingPnt': np.int64(51160), 'fallingPnt': np.int64(51357), 'widthPnts': np.int64(197), 'widthMs': np.float64(1.97)}, {'halfHeight': 50, 'risingPnt': np.int64(51176), 'fallingPnt': np.int64(51299), 'widthPnts': np.int64(123), 'widthMs': np.float64(1.23)}, {'halfHeight': 80, 'risingPnt': np.int64(51186), 'fallingPnt': np.int64(51247), 'widthPnts': np.int64(61), 'widthMs': np.float64(0.61)}, {'halfHeight': 90, 'risingPnt': np.int64(51190), 'fallingPnt': np.int64(51227), 'widthPnts': np.int64(37), 'widthMs': np.float64(0.37)}]",2.32,1.97,1.23,0.61,0.37,0.7599999999999829,yes,,,,,,,unknown,,,,
130,130,dvdt,8,2,6.0,18,0,[],20260908,16:38:07,,,20230324a,20230324a,stochastic-hh.sanpy,,20.0,-40.0,0,"[10, 20, 50, 80, 90]",52648,0.5264800000000001,-44.781519760828466,19.540749832665565,,52728,0.52728,43.770202086042325,88.55172184687079,0.7999999999999119,52989,0.52989,-70.46361296558634,52644.0,-45.61139071528551,52644,52646,0.02,-45.505341544625395,-45.163231343921495,16479.631707774763,,52707,11.899791562668954,288.5795948628789,52914,-46.29391344085474,-69.14173580571342,1524.0,15.24,65.61679790026247,1525.0,15.25,0.04,"[{'halfHeight': 10, 'risingPnt': np.int64(52675), 'fallingPnt': np.int64(52898), 'widthPnts': np.int64(223), 'widthMs': np.float64(2.23)}, {'halfHeight': 20, 'risingPnt': np.int64(52687), 'fallingPnt': np.int64(52881), 'widthPnts': np.int64(194), 'widthMs': np.float64(1.94)}, {'halfHeight': 50, 'risingPnt': np.int64(52703), 'fallingPnt': np.int64(52822), 'widthPnts': np.int64(119), 'widthMs': np.float64(1.19)}, {'halfHeight': 80, 'risingPnt': np.int64(52713), 'fallingPnt': np.int64(52771), 'widthPnts': np.int64(58), 'widthMs': np.float64(0.58)}, {'halfHeight': 90, 'risingPnt': np.int64(52717), 'fallingPnt': np.int64(52754), 'widthPnts': np.int64(37), 'widthMs': np.float64(0.37)}]",2.23,1.94,1.19,0.58,0.37,0.7999999999999119,yes,,,,,,,unknown,,,,
131,131,dvdt,8,2,6.0,19,0,[],20260908,16:38:07,,,20230324a,20230324a,stochastic-hh.sanpy,,20.0,-40.0,0,"[10, 20, 50, 80, 90]",54173,0.54173,-44.080442338356335,19.492931518746794,,54249,0.54249,46.204883502309876,90.28532584066622,0.7599999999999829,54528,0.54528,-70.31305363135317,54169.0,-44.842093673370606,54169,54171,0.02,-44.81212610352984,-44.462108073010064,17238.037801460807,,54227,11.170789531992654,295.8909828063449,54303,21.328657277754452,-74.79354227548667,1525.0,15.25,65.57377049180327,1525.0,15.25,0.04,"[{'halfHeight': 10, 'risingPnt': np.int64(54198), 'fallingPnt': np.int64(54422), 'widthPnts': np.int64(224), 'widthMs': np.float64(2.24)}, {'halfHeight': 20, 'risingPnt': np.int64(54209), 'fallingPnt': np.int64(54399), 'widthPnts': np.int64(190), 'widthMs': np.float64(1.9)}, {'halfHeight': 50, 'risingPnt': np.int64(54224), 'fallingPnt': np.int64(54344), 'widthPnts': np.int64(120), 'widthMs': np.float64(1.2)}, {'halfHeight': 80, 'risingPnt': np.int64(54233), 'fallingPnt': np.int64(54292), 'widthPnts': np.int64(59), 'widthMs': np.float64(0.59)}, {'halfHeight': 90, 'risingPnt': np.int64(54237), 'fallingPnt': np.int64(54274), 'widthPnts': np.int64(37), 'widthMs': np.float64(0.37)}]",2.24,1.9,1.2,0.59,0.37,0.7599999999999829,yes,,,,,,,unknown,,,,
132,132,dvdt,8,2,6.0,20,0,"[{'Spike': 20, 'Seconds': np.float64(0.5565), 'Sweep': 8, 'Epoch': 2, 'Type': 'Fit EDD', 'Details': 'Early diastolic duration rate fit - preMinPnt == spikePnt'}]",20260908,16:38:07,,,20230324a,20230324a,stochastic-hh.sanpy,,20.0,-40.0,0,"[10, 20, 50, 80, 90]",55653,0.55653,-44.884316327305854,19.385689469602607,,55733,0.55733,46.61688298427942,91.50119931158528,0.8000000000000229,56011,0.56011,-70.19929638497466,55653.0,-44.842093673370606,55653,55653,0.0,-44.884316327305854,-44.884316327305854,,,55715,18.467295925459617,304.715722853389,55850,-9.653701140587971,-68.8599667224903,1480.0,14.8,67.56756756756756,1484.0,14.84,0.0,"[{'halfHeight': 10, 'risingPnt': np.int64(55681), 'fallingPnt': np.int64(55908), 'widthPnts': np.int64(227), 'widthMs': np.float64(2.27)}, {'halfHeight': 20, 'risingPnt': np.int64(55694), 'fallingPnt': np.int64(55885), 'widthPnts': np.int64(191), 'widthMs': np.float64(1.91)}, {'halfHeight': 50, 'risingPnt': np.int64(55709), 'fallingPnt': np.int64(55832), 'widthPnts': np.int64(123), 'widthMs': np.float64(1.23)}, {'halfHeight': 80, 'risingPnt': np.int64(55719), 'fallingPnt': np.int64(55780), 'widthPnts': np.int64(61), 'widthMs': np.float64(0.61)}, {'halfHeight': 90, 'risingPnt': np.int64(55723), 'fallingPnt': np.int64(55761), 'widthPnts': np.int64(38), 'widthMs': np.float64(0.38)}]",2.27,1.91,1.23,0.61,0.38,0.8000000000000229,yes,,,,,,,unknown,,,,
133,133,dvdt,8,2,6.0,21,0,[],20260908,16:38:07,,,20230324a,20230324a,stochastic-hh.sanpy,,20.0,-40.0,0,"[10, 20, 50, 80, 90]",57055,0.57055,-44.25701017787879,19.90124550512721,,57133,0.57133,46.63304619447758,90.89005637235637,0.7800000000000029,57414,0.57414,-70.26659869474189,57052.0,-44.842093673370606,57052,57054,0.02,-44.83511506827048,-44.45547660700603,18567.00699754411,,57113,18.20458023157378,283.09972446483476,57201,16.590217822228592,-66.31475156752484,1402.0,14.02,71.32667617689016,1399.0,13.99,0.03,"[{'halfHeight': 10, 'risingPnt': np.int64(57080), 'fallingPnt': np.int64(57306), 'widthPnts': np.int64(226), 'widthMs': np.float64(2.26)}, {'halfHeight': 20, 'risingPnt': np.int64(57092), 'fallingPnt': np.int64(57287), 'widthPnts': np.int64(195), 'widthMs': np.float64(1.95)}, {'halfHeight': 50, 'risingPnt': np.int64(57107), 'fallingPnt': np.int64(57229), 'widthPnts': np.int64(122), 'widthMs': np.float64(1.22)}, {'halfHeight': 80, 'risingPnt': np.int64(57117), 'fallingPnt': np.int64(57180), 'widthPnts': np.int64(63), 'widthMs': np.float64(0.63)}, {'halfHeight': 90, 'risingPnt': np.int64(57121), 'fallingPnt': np.int64(57162), 'widthPnts': np.int64(41), 'widthMs': np.float64(0.41)}]",2.26,1.95,1.22,0.63,0.41,0.7800000000000029,yes,,,,,,,unknown,,,,
134,134,dvdt,8,2,6.0,22,0,"[{'Spike': 22, 'Seconds': np.float64(0.5843), 'Sweep': 8, 'Epoch': 2, 'Type': 'Fit EDD', 'Details': 'Early diastolic duration rate fit - preMinPnt == spikePnt'}]",20260908,16:38:07,,,20230324a,20230324a,stochastic-hh.sanpy,,20.0,-40.0,0,"[10, 20, 50, 80, 90]",58428,0.58428,-44.83110591663071,19.43605383337394,,58510,0.5851000000000001,46.04437220614028,90.875478122771,0.8200000000000429,58783,0.5878300000000001,-70.30734943785014,58428.0,-44.842093673370606,58428,58428,0.0,-44.83110591663071,-44.83110591663071,,,58490,19.38399093179821,292.98104424287266,58709,-52.44696737092404,-66.05721323632172,1373.0,13.73,72.83321194464675,1376.0,13.76,0.0,"[{'halfHeight': 10, 'risingPnt': np.int64(58456), 'fallingPnt': np.int64(58681), 'widthPnts': np.int64(225), 'widthMs': np.float64(2.25)}, {'halfHeight': 20, 'risingPnt': np.int64(58469), 'fallingPnt': np.int64(58662), 'widthPnts': np.int64(193), 'widthMs': np.float64(1.93)}, {'halfHeight': 50, 'risingPnt': np.int64(58484), 'fallingPnt': np.int64(58606), 'widthPnts': np.int64(122), 'widthMs': np.float64(1.22)}, {'halfHeight': 80, 'risingPnt': np.int64(58493), 'fallingPnt': np.int64(58554), 'widthPnts': np.int64(61), 'widthMs': np.float64(0.61)}, {'halfHeight': 90, 'risingPnt': np.int64(58498), 'fallingPnt': np.int64(58537), 'widthPnts': np.int64(39), 'widthMs': np.float64(0.39)}]",2.25,1.93,1.22,0.61,0.39,0.8200000000000429,yes,,,,,,,unknown,,,,
135,135,dvdt,8,2,6.0,23,0,"[{'Spike': 23, 'Seconds': np.float64(0.5975), 'Sweep': 8, 'Epoch': 2, 'Type': 'Fit EDD', 'Details': 'Early diastolic duration rate fit - preMinPnt == spikePnt'}]",20260908,16:38:07,,,20230324a,20230324a,stochastic-hh.sanpy,,20.0,-40.0,0,"[10, 20, 50, 80, 90]",59746,0.59746,-44.86182380188363,19.279607378111002,,59826,0.59826,49.25410589947962,94.11592970136326,0.8000000000000229,60127,0.60127,-69.88850923528453,59746.0,-44.842093673370606,59746,59746,0.0,-44.86182380188363,-44.86182380188363,,,59804,16.840605968042432,330.37526910641986,59884,23.122487349183253,-67.5206769526188,1318.0,13.18,75.87253414264038,1318.0,13.18,0.0,"[{'halfHeight': 10, 'risingPnt': np.int64(59774), 'fallingPnt': np.int64(60021), 'widthPnts': np.int64(247), 'widthMs': np.float64(2.47)}, {'halfHeight': 20, 'risingPnt': np.int64(59785), 'fallingPnt': np.int64(60000), 'widthPnts': np.int64(215), 'widthMs': np.float64(2.15)}, {'halfHeight': 50, 'risingPnt': np.int64(59800), 'fallingPnt': np.int64(59927), 'widthPnts': np.int64(127), 'widthMs': np.float64(1.27)}, {'halfHeight': 80, 'risingPnt': np.int64(59809), 'fallingPnt': np.int64(59873), 'widthPnts': np.int64(64), 'widthMs': np.float64(0.64)}, {'halfHeight': 90, 'risingPnt': np.int64(59813), 'fallingPnt': np.int64(59855), 'widthPnts': np.int64(42), 'widthMs': np.float64(0.42)}]",2.47,2.15,1.27,0.64,0.42,0.8000000000000229,yes,,,,,,,unknown,,,,
136,136,dvdt,8,2,6.0,24,0,[],20260908,16:38:07,,,20230324a,20230324a,stochastic-hh.sanpy,,20.0,-40.0,0,"[10, 20, 50, 80, 90]",61116,0.6111599999999999,-43.39828623748569,19.58225864924611,,61193,0.61193,45.53764197645941,88.9359282139451,0.7700000000000484,61476,0.61476,-70.35758874457146,61109.0,-44.842093673370606,61110,61113,0.03,-44.52428334002144,-43.9672974120465,18554.505153575494,,61173,15.606912093273856,275.0710083038391,61392,-49.38323259079705,-67.6231337913087,1370.0,13.7,72.99270072992701,1363.0,13.63,0.07,"[{'halfHeight': 10, 'risingPnt': np.int64(61141), 'fallingPnt': np.int64(61365), 'widthPnts': np.int64(224), 'widthMs': np.float64(2.24)}, {'halfHeight': 20, 'risingPnt': np.int64(61152), 'fallingPnt': np.int64(61343), 'widthPnts': np.int64(191), 'widthMs': np.float64(1.91)}, {'halfHeight': 50, 'risingPnt': np.int64(61168), 'fallingPnt': np.int64(61288), 'widthPnts': np.int64(120), 'widthMs': np.float64(1.2)}, {'halfHeight': 80, 'risingPnt': np.int64(61178), 'fallingPnt': np.int64(61236), 'widthPnts': np.int64(58), 'widthMs': np.float64(0.58)}, {'halfHeight': 90, 'risingPnt': np.int64(61182), 'fallingPnt': np.int64(61220), 'widthPnts': np.int64(38), 'widthMs': np.float64(0.38)}]",2.24,1.91,1.2,0.58,0.38,0.7700000000000484,yes,,,,,,,unknown,,,,
137,137,dvdt,8,2,6.0,25,0,[],20260908,16:38:07,,,20230324a,20230324a,stochastic-hh.sanpy,,20.0,-40.0,0,"[10, 20, 50, 80, 90]",62569,0.6256900000000001,-44.20324513374765,19.145952946496024,,62649,0.62649,43.90667121436132,88.10991634810897,0.7999999999999119,62934,0.62934,-70.06101525153188,62566.0,-44.842093673370606,62566,62568,0.02,-44.76495089749383,-44.39359267186456,18288.003734936792,,62628,17.031410696392307,287.0500251387308,62716,12.845871876092236,-70.17680304288146,1453.0,14.53,68.82312456985548,1457.0,14.57,0.03,"[{'halfHeight': 10, 'risingPnt': np.int64(62595), 'fallingPnt': np.int64(62826), 'widthPnts': np.int64(231), 'widthMs': np.float64(2.31)}, {'halfHeight': 20, 'risingPnt': np.int64(62606), 'fallingPnt': np.int64(62806), 'widthPnts': np.int64(200), 'widthMs': np.float64(2.0)}, {'halfHeight': 50, 'risingPnt': np.int64(62622), 'fallingPnt': np.int64(62742), 'widthPnts': np.int64(120), 'widthMs': np.float64(1.2)}, {'halfHeight': 80, 'risingPnt': np.int64(62632), 'fallingPnt': np.int64(62692), 'widthPnts': np.int64(60), 'widthMs': np.float64(0.6)}, {'halfHeight': 90, 'risingPnt': np.int64(62636), 'fallingPnt': np.int64(62675), 'widthPnts': np.int64(39), 'widthMs': np.float64(0.39)}]",2.31,2.0,1.2,0.6,0.39,0.7999999999999119,yes,,,,,,,unknown,,,,
138,138,dvdt,8,2,6.0,26,0,[],20260908,16:38:07,,,20230324a,20230324a,stochastic-hh.sanpy,,20.0,-40.0,0,"[10, 20, 50, 80, 90]",64135,0.64135,-44.215656797402765,19.585021623074024,,64216,0.64216,45.43768340046202,89.6533401978648,0.8099999999999774,64494,0.6449400000000001,-70.295318379609,64132.0,-44.842093673370606,64132,64134,0.02,-44.772610301672415,-44.41132055279573,17719.322453180506,,64195,14.946079190291611,293.55249930426237,64255,27.58317118207892,-74.97490766573205,1566.0,15.66,63.85696040868454,1566.0,15.66,0.03,"[{'halfHeight': 10, 'risingPnt': np.int64(64163), 'fallingPnt': np.int64(64386), 'widthPnts': np.int64(223), 'widthMs': np.float64(2.23)}, {'halfHeight': 20, 'risingPnt': np.int64(64175), 'fallingPnt': np.int64(64370), 'widthPnts': np.int64(195), 'widthMs': np.float64(1.95)}, {'halfHeight': 50, 'risingPnt': np.int64(64190), 'fallingPnt': np.int64(64306), 'widthPnts': np.int64(116), 'widthMs': np.float64(1.16)}, {'halfHeight': 80, 'risingPnt': np.int64(64200), 'fallingPnt': np.int64(64256), 'widthPnts': np.int64(56), 'widthMs': np.float64(0.56)}, {'halfHeight': 90, 'risingPnt': np.int64(64204), 'fallingPnt': np.int64(64239), 'widthPnts': np.int64(35), 'widthMs': np.float64(0.35)}]",2.23,1.95,1.16,0.56,0.35,0.8099999999999774,yes,,,,,,,unknown,,,,
139,139,dvdt,8,2,6.0,27,0,"[{'Spike': 27, 'Seconds': np.float64(0.6559), 'Sweep': 8, 'Epoch': 2, 'Type': 'Fit EDD', 'Details': 'Early diastolic duration rate fit - preMinPnt == spikePnt'}]",20260908,16:38:07,,,20230324a,20230324a,stochastic-hh.sanpy,,20.0,-40.0,0,"[10, 20, 50, 80, 90]",65593,0.6559299999999999,-44.72022924269786,19.682715768923316,,65669,0.6566900000000001,47.93341151849884,92.6536407611967,0.760000000000205,65940,0.6594,-70.40708365692191,65593.0,-44.842093673370606,65593,65593,0.0,-44.72022924269786,-44.72022924269786,,,65649,16.09595672620456,307.1544823958883,65725,21.911076534472148,-74.26960116836285,1458.0,14.58,68.58710562414267,1461.0,14.61,0.0,"[{'halfHeight': 10, 'risingPnt': np.int64(65619), 'fallingPnt': np.int64(65844), 'widthPnts': np.int64(225), 'widthMs': np.float64(2.25)}, {'halfHeight': 20, 'risingPnt': np.int64(65630), 'fallingPnt': np.int64(65826), 'widthPnts': np.int64(196), 'widthMs': np.float64(1.96)}, {'halfHeight': 50, 'risingPnt': np.int64(65644), 'fallingPnt': np.int64(65766), 'widthPnts': np.int64(122), 'widthMs': np.float64(1.22)}, {'halfHeight': 80, 'risingPnt': np.int64(65654), 'fallingPnt': np.int64(65713), 'widthPnts': np.int64(59), 'widthMs': np.float64(0.59)}, {'halfHeight': 90, 'risingPnt': np.int64(65658), 'fallingPnt': np.int64(65697), 'widthPnts': np.int64(39), 'widthMs': np.float64(0.39)}]",2.25,1.96,1.22,0.59,0.39,0.760000000000205,yes,,,,,,,unknown,,,,
140,140,dvdt,8,2,6.0,28,0,"[{'Spike': 28, 'Seconds': np.float64(0.6714), 'Sweep': 8, 'Epoch': 2, 'Type': 'Fit EDD', 'Details': 'Early diastolic duration rate fit - preMinPnt == spikePnt'}]",20260908,16:38:07,,,20230324a,20230324a,stochastic-hh.sanpy,,20.0,-40.0,0,"[10, 20, 50, 80, 90]",67137,0.67137,-45.85496624657885,18.844436077718846,,67221,0.6722100000000001,46.518926841176146,92.373893087755,0.8400000000000629,67502,0.67502,-70.21829876465992,67137.0,-44.842093673370606,67137,67137,0.0,-45.85496624657885,-45.85496624657885,,,67201,16.60191754188687,300.24371726718374,67272,22.632676575809057,-70.69961820439254,1544.0,15.44,64.76683937823834,1544.0,15.44,0.0,"[{'halfHeight': 10, 'risingPnt': np.int64(67166), 'fallingPnt': np.int64(67395), 'widthPnts': np.int64(229), 'widthMs': np.float64(2.29)}, {'halfHeight': 20, 'risingPnt': np.int64(67179), 'fallingPnt': np.int64(67373), 'widthPnts': np.int64(194), 'widthMs': np.float64(1.94)}, {'halfHeight': 50, 'risingPnt': np.int64(67196), 'fallingPnt': np.int64(67311), 'widthPnts': np.int64(115), 'widthMs': np.float64(1.15)}, {'halfHeight': 80, 'risingPnt': np.int64(67205), 'fallingPnt': np.int64(67263), 'widthPnts': np.int64(58), 'widthMs': np.float64(0.58)}, {'halfHeight': 90, 'risingPnt': np.int64(67209), 'fallingPnt': np.int64(67246), 'widthPnts': np.int64(37), 'widthMs': np.float64(0.37)}]",2.29,1.94,1.15,0.58,0.37,0.8400000000000629,yes,,,,,,,unknown,,,,
141,141,dvdt,8,2,6.0,29,0,"[{'Spike': 29, 'Seconds': np.float64(0.6862), 'Sweep': 8, 'Epoch': 2, 'Type': 'Fit EDD', 'Details': 'Early diastolic duration rate fit - preMinPnt == spikePnt'}]",20260908,16:38:07,,,20230324a,20230324a,stochastic-hh.sanpy,,20.0,-40.0,0,"[10, 20, 50, 80, 90]",68622,0.68622,-44.424392731738216,18.88631803053572,,68701,0.68701,45.64643131781336,90.07082404955158,0.7899999999999574,68993,0.6899299999999999,-70.03698141825947,68620.0,-44.842093673370606,68620,68621,0.01,-44.79413955441956,-44.61160217461167,,,68683,18.87388155317775,296.57072387975813,68739,30.9927807387848,-63.805321745810474,1485.0,14.85,67.34006734006734,1483.0,14.83,0.02,"[{'halfHeight': 10, 'risingPnt': np.int64(68650), 'fallingPnt': np.int64(68887), 'widthPnts': np.int64(237), 'widthMs': np.float64(2.37)}, {'halfHeight': 20, 'risingPnt': np.int64(68661), 'fallingPnt': np.int64(68865), 'widthPnts': np.int64(204), 'widthMs': np.float64(2.04)}, {'halfHeight': 50, 'risingPnt': np.int64(68677), 'fallingPnt': np.int64(68799), 'widthPnts': np.int64(122), 'widthMs': np.float64(1.22)}, {'halfHeight': 80, 'risingPnt': np.int64(68686), 'fallingPnt': np.int64(68746), 'widthPnts': np.int64(60), 'widthMs': np.float64(0.6)}, {'halfHeight': 90, 'risingPnt': np.int64(68690), 'fallingPnt': np.int64(68729), 'widthPnts': np.int64(39), 'widthMs': np.float64(0.39)}]",2.37,2.04,1.22,0.6,0.39,0.7899999999999574,yes,,,,,,,unknown,,,,
142,142,dvdt,8,2,6.0,30,0,"[{'Spike': 30, 'Seconds': np.float64(0.7027), 'Sweep': 8, 'Epoch': 2, 'Type': 'Fit EDD', 'Details': 'Early diastolic duration rate fit - preMinPnt == spikePnt'}]",20260908,16:38:07,,,20230324a,20230324a,stochastic-hh.sanpy,,20.0,-40.0,0,"[10, 20, 50, 80, 90]",70269,0.70269,-44.779747830382206,19.623862434275484,,70349,0.7034900000000001,46.592366854461254,91.37211468484347,0.8000000000000229,70635,0.70635,-70.31843189169936,70269.0,-44.842093673370606,70269,70269,0.0,-44.779747830382206,-44.779747830382206,,,70329,16.492538910575135,298.56574923558037,70419,15.670606856541221,-67.62689770304088,1647.0,16.47,60.71645415907712,1649.0,16.49,0.0,"[{'halfHeight': 10, 'risingPnt': np.int64(70296), 'fallingPnt': np.int64(70530), 'widthPnts': np.int64(234), 'widthMs': np.float64(2.34)}, {'halfHeight': 20, 'risingPnt': np.int64(70308), 'fallingPnt': np.int64(70510), 'widthPnts': np.int64(202), 'widthMs': np.float64(2.02)}, {'halfHeight': 50, 'risingPnt': np.int64(70324), 'fallingPnt': np.int64(70447), 'widthPnts': np.int64(123), 'widthMs': np.float64(1.23)}, {'halfHeight': 80, 'risingPnt': np.int64(70334), 'fallingPnt': np.int64(70398), 'widthPnts': np.int64(64), 'widthMs': np.float64(0.64)}, {'halfHeight': 90, 'risingPnt': np.int64(70337), 'fallingPnt': np.int64(70379), 'widthPnts': np.int64(42), 'widthMs': np.float64(0.42)}]",2.34,2.02,1.23,0.64,0.42,0.8000000000000229,yes,,,,,,,unknown,,,,
143,143,dvdt,8,2,6.0,31,0,"[{'Spike': 31, 'Seconds': np.float64(0.7171), 'Sweep': 8, 'Epoch': 2, 'Type': 'Fit EDD', 'Details': 'Early diastolic duration rate fit - preMinPnt == spikePnt'}]",20260908,16:38:07,,,20230324a,20230324a,stochastic-hh.sanpy,,20.0,-40.0,0,"[10, 20, 50, 80, 90]",71715,0.71715,-44.80564106178433,19.1183514219842,,71792,0.71792,48.185549507939605,92.99119056972393,0.7700000000000484,72059,0.7205900000000001,-70.34291842637894,71715.0,-44.842093673370606,71715,71715,0.0,-44.80564106178433,-44.80564106178433,,,71773,18.083517672827686,312.43904884606417,71840,27.046552684683125,-70.31726490297333,1446.0,14.46,69.15629322268326,1446.0,14.46,0.0,"[{'halfHeight': 10, 'risingPnt': np.int64(71741), 'fallingPnt': np.int64(71964), 'widthPnts': np.int64(223), 'widthMs': np.float64(2.23)}, {'halfHeight': 20, 'risingPnt': np.int64(71753), 'fallingPnt': np.int64(71942), 'widthPnts': np.int64(189), 'widthMs': np.float64(1.89)}, {'halfHeight': 50, 'risingPnt': np.int64(71768), 'fallingPnt': np.int64(71884), 'widthPnts': np.int64(116), 'widthMs': np.float64(1.16)}, {'halfHeight': 80, 'risingPnt': np.int64(71777), 'fallingPnt': np.int64(71836), 'widthPnts': np.int64(59), 'widthMs': np.float64(0.59)}, {'halfHeight': 90, 'risingPnt': np.int64(71781), 'fallingPnt': np.int64(71819), 'widthPnts': np.int64(38), 'widthMs': np.float64(0.38)}]",2.23,1.89,1.16,0.59,0.38,0.7700000000000484,yes,,,,,,,unknown,,,,
144,144,dvdt,8,2,6.0,32,0,"[{'Spike': 32, 'Seconds': np.float64(0.7325), 'Sweep': 8, 'Epoch': 2, 'Type': 'Fit EDD', 'Details': 'Early diastolic duration rate fit - preMinPnt == spikePnt'}]",20260908,16:38:07,,,20230324a,20230324a,stochastic-hh.sanpy,,20.0,-40.0,0,"[10, 20, 50, 80, 90]",73255,0.7325499999999999,-45.07058319834507,19.36484423098458,,73336,0.73336,44.70927753435858,89.77986073270364,0.8100000000000884,73609,0.73609,-70.273246495324,73255.0,-44.842093673370606,73255,73255,0.0,-45.07058319834507,-45.07058319834507,,,73317,17.35307728872741,288.6307082763001,73535,-50.69873877563516,-63.03548871081658,1540.0,15.4,64.93506493506493,1540.0,15.4,0.0,"[{'halfHeight': 10, 'risingPnt': np.int64(73283), 'fallingPnt': np.int64(73508), 'widthPnts': np.int64(225), 'widthMs': np.float64(2.25)}, {'halfHeight': 20, 'risingPnt': np.int64(73295), 'fallingPnt': np.int64(73489), 'widthPnts': np.int64(194), 'widthMs': np.float64(1.94)}, {'halfHeight': 50, 'risingPnt': np.int64(73311), 'fallingPnt': np.int64(73435), 'widthPnts': np.int64(124), 'widthMs': np.float64(1.24)}, {'halfHeight': 80, 'risingPnt': np.int64(73321), 'fallingPnt': np.int64(73382), 'widthPnts': np.int64(61), 'widthMs': np.float64(0.61)}, {'halfHeight': 90, 'risingPnt': np.int64(73325), 'fallingPnt': np.int64(73364), 'widthPnts': np.int64(39), 'widthMs': np.float64(0.39)}]",2.25,1.94,1.24,0.61,0.39,0.8100000000000884,yes,,,,,,,unknown,,,,
145,145,dvdt,8,2,6.0,33,0,[],20260908,16:38:07,,,20230324a,20230324a,stochastic-hh.sanpy,,20.0,-40.0,0,"[10, 20, 50, 80, 90]",74992,0.7499199999999999,-42.674857126359,18.514981828616765,,75069,0.7506900000000001,42.002245919018584,84.67710304537758,0.7700000000001594,75353,0.7535299999999999,-71.03179746106781,74980.0,-44.842093673370606,74981,74986,0.05,-44.59375895912809,-43.75794972404271,16509.449887195788,,75048,15.757807477724567,274.5473071338782,75107,28.390924865820413,-66.1419884974694,1737.0,17.37,57.570523891767415,1725.0,17.25,0.12,"[{'halfHeight': 10, 'risingPnt': np.int64(75016), 'fallingPnt': np.int64(75240), 'widthPnts': np.int64(224), 'widthMs': np.float64(2.24)}, {'halfHeight': 20, 'risingPnt': np.int64(75028), 'fallingPnt': np.int64(75222), 'widthPnts': np.int64(194), 'widthMs': np.float64(1.94)}, {'halfHeight': 50, 'risingPnt': np.int64(75042), 'fallingPnt': np.int64(75165), 'widthPnts': np.int64(123), 'widthMs': np.float64(1.23)}, {'halfHeight': 80, 'risingPnt': np.int64(75052), 'fallingPnt': np.int64(75113), 'widthPnts': np.int64(61), 'widthMs': np.float64(0.61)}, {'halfHeight': 90, 'risingPnt': np.int64(75056), 'fallingPnt': np.int64(75098), 'widthPnts': np.int64(42), 'widthMs': np.float64(0.42)}]",2.24,1.94,1.23,0.61,0.42,0.7700000000001594,yes,,,,,,,unknown,,,,
146,146,dvdt,8,3,0.0,34,0,[],20260908,16:38:07,,,20230324a,20230324a,stochastic-hh.sanpy,,20.0,-40.0,0,"[10, 20, 50, 80, 90]",87395,0.87395,-44.28872434209502,19.29728232355088,,87471,0.87471,48.33325123144069,92.6219755735357,0.7599999999999829,87757,0.8775700000000001,-71.10960729838956,87350.0,-49.64872169826715,87354,87372,0.18,-49.298745591586446,-47.84566840302562,7898.335729709874,,87451,16.59417231746737,316.60926578388586,87557,7.542298182092453,-68.05135448364845,12403.0,124.03,8.062565508344756,12370.0,123.7,0.45,"[{'halfHeight': 10, 'risingPnt': np.int64(87421), 'fallingPnt': np.int64(87648), 'widthPnts': np.int64(227), 'widthMs': np.float64(2.27)}, {'halfHeight': 20, 'risingPnt': np.int64(87431), 'fallingPnt': np.int64(87627), 'widthPnts': np.int64(196), 'widthMs': np.float64(1.96)}, {'halfHeight': 50, 'risingPnt': np.int64(87447), 'fallingPnt': np.int64(87569), 'widthPnts': np.int64(122), 'widthMs': np.float64(1.22)}, {'halfHeight': 80, 'risingPnt': np.int64(87456), 'fallingPnt': np.int64(87519), 'widthPnts': np.int64(63), 'widthMs': np.float64(0.63)}, {'halfHeight': 90, 'risingPnt': np.int64(87459), 'fallingPnt': np.int64(87501), 'widthPnts': np.int64(42), 'widthMs': np.float64(0.42)}]",2.27,1.96,1.22,0.63,0.42,0.7599999999999829,yes,,,,,,,unknown,,,,
147,147,dvdt,8,3,0.0,35,0,[],20260908,16:38:07,,,20230324a,20230324a,stochastic-hh.sanpy,,20.0,-40.0,0,"[10, 20, 50, 80, 90]",99069,0.9906900000000001,-44.09276336047542,19.197143327555438,,99143,0.9914299999999999,49.095583232430634,93.18834659290606,0.7399999999998519,99450,0.9945,-71.00208830324387,99036.0,-48.797155468120216,99039,99052,0.13,-48.44273105110433,-46.98595934057564,10786.264957638634,,99124,19.36585011283867,318.30277657879924,99185,33.912978317772556,-60.5836160341384,11674.0,116.74,8.566044200788076,11686.0,116.86,0.33,"[{'halfHeight': 10, 'risingPnt': np.int64(99094), 'fallingPnt': np.int64(99339), 'widthPnts': np.int64(245), 'widthMs': np.float64(2.45)}, {'halfHeight': 20, 'risingPnt': np.int64(99105), 'fallingPnt': np.int64(99317), 'widthPnts': np.int64(212), 'widthMs': np.float64(2.12)}, {'halfHeight': 50, 'risingPnt': np.int64(99119), 'fallingPnt': np.int64(99248), 'widthPnts': np.int64(129), 'widthMs': np.float64(1.29)}, {'halfHeight': 80, 'risingPnt': np.int64(99128), 'fallingPnt': np.int64(99192), 'widthPnts': np.int64(64), 'widthMs': np.float64(0.64)}, {'halfHeight': 90, 'risingPnt': np.int64(99132), 'fallingPnt': np.int64(99173), 'widthPnts': np.int64(41), 'widthMs': np.float64(0.41)}]",2.45,2.12,1.29,0.64,0.41,0.7399999999998519,yes,,,,,,,unknown,,,,
148,148,dvdt,9,1,0.0,0,0,"[{'Spike': 0, 'Seconds': np.float64(0.0208), 'Sweep': 9, 'Epoch': 1, 'Type': 'Pre spike min under-run (mdp)', 'Details': 'Went past startPnt 0 searching for pre-spike min'}]",20260908,16:38:07,,,20230324a,20230324a,stochastic-hh.sanpy,,20.0,-40.0,0,"[10, 20, 50, 80, 90]",2084,0.02084,-45.678053993274645,19.263441309822717,,2161,0.02161,49.53688752912583,95.21494152240047,0.7699999999999998,2454,0.02454,-71.07666492119534,1304.0,-60.204426055316695,1382,1694,3.12,-59.96057165362756,-57.35840529395337,901.1991963448577,,2143,22.105211730518906,336.19718561477947,2226,22.188491979889424,-70.41596356324182,,,,,,7.8,"[{'halfHeight': 10, 'risingPnt': np.int64(2112), 'fallingPnt': np.int64(2348), 'widthPnts': np.int64(236), 'widthMs': np.float64(2.36)}, {'halfHeight': 20, 'risingPnt': np.int64(2123), 'fallingPnt': np.int64(2326), 'widthPnts': np.int64(203), 'widthMs': np.float64(2.03)}, {'halfHeight': 50, 'risingPnt': np.int64(2137), 'fallingPnt': np.int64(2262), 'widthPnts': np.int64(125), 'widthMs': np.float64(1.25)}, {'halfHeight': 80, 'risingPnt': np.int64(2146), 'fallingPnt': np.int64(2212), 'widthPnts': np.int64(66), 'widthMs': np.float64(0.66)}, {'halfHeight': 90, 'risingPnt': np.int64(2150), 'fallingPnt': np.int64(2191), 'widthPnts': np.int64(41), 'widthMs': np.float64(0.41)}]",2.36,2.03,1.25,0.66,0.41,0.7699999999999998,yes,,,,,,,unknown,,,,
149,149,dvdt,9,1,0.0,1,0,"[{'Spike': 1, 'Seconds': np.float64(0.0412), 'Sweep': 9, 'Epoch': 1, 'Type': 'Pre spike min under-run (mdp)', 'Details': 'Went past startPnt 0 searching for pre-spike min'}]",20260908,16:38:07,,,20230324a,20230324a,stochastic-hh.sanpy,,20.0,-40.0,0,"[10, 20, 50, 80, 90]",4119,0.04119,-44.80114255115326,19.759450840817873,,4193,0.04193,48.37629899744687,93.17744154860013,0.7400000000000045,4490,0.044899999999999995,-71.00146802651044,4087.0,-48.89674601539836,4090,4103,0.13,-48.542345654588786,-47.248500804044085,9827.789366003692,,4174,19.137478816410123,330.5050697119576,4282,7.576245212195693,-65.13276000633246,2035.0,20.35,49.14004914004914,2783.0,27.83,0.32,"[{'halfHeight': 10, 'risingPnt': np.int64(4144), 'fallingPnt': np.int64(4374), 'widthPnts': np.int64(230), 'widthMs': np.float64(2.3)}, {'halfHeight': 20, 'risingPnt': np.int64(4154), 'fallingPnt': np.int64(4354), 'widthPnts': np.int64(200), 'widthMs': np.float64(2.0)}, {'halfHeight': 50, 'risingPnt': np.int64(4169), 'fallingPnt': np.int64(4294), 'widthPnts': np.int64(125), 'widthMs': np.float64(1.25)}, {'halfHeight': 80, 'risingPnt': np.int64(4178), 'fallingPnt': np.int64(4239), 'widthPnts': np.int64(61), 'widthMs': np.float64(0.61)}, {'halfHeight': 90, 'risingPnt': np.int64(4181), 'fallingPnt': np.int64(4223), 'widthPnts': np.int64(42), 'widthMs': np.float64(0.42)}]",2.3,2.0,1.25,0.61,0.42,0.7400000000000045,yes,,,,,,,unknown,,,,
150,150,dvdt,9,1,0.0,2,0,"[{'Spike': 2, 'Seconds': np.float64(0.1601), 'Sweep': 9, 'Epoch': 1, 'Type': 'Pre spike min under-run (mdp)', 'Details': 'Went past startPnt 0 searching for pre-spike min'}]",20260908,16:38:07,,,20230324a,20230324a,stochastic-hh.sanpy,,20.0,-40.0,0,"[10, 20, 50, 80, 90]",16008,0.16008,-43.313490664905856,19.675088098998373,,16084,0.16084,45.930433976343856,89.24392464124972,0.7600000000000107,16378,0.16378,-70.99811170745889,15963.0,-48.89674601539836,15967,15985,0.18,-48.52238728253562,-46.77249484490912,9650.296946671648,,16064,14.533119592792687,298.0495195991982,16193,-5.231854967214707,-71.74614593293127,11889.0,118.89,8.411136344520145,11876.0,118.76,0.45,"[{'halfHeight': 10, 'risingPnt': np.int64(16034), 'fallingPnt': np.int64(16261), 'widthPnts': np.int64(227), 'widthMs': np.float64(2.27)}, {'halfHeight': 20, 'risingPnt': np.int64(16045), 'fallingPnt': np.int64(16240), 'widthPnts': np.int64(195), 'widthMs': np.float64(1.95)}, {'halfHeight': 50, 'risingPnt': np.int64(16060), 'fallingPnt': np.int64(16182), 'widthPnts': np.int64(122), 'widthMs': np.float64(1.22)}, {'halfHeight': 80, 'risingPnt': np.int64(16069), 'fallingPnt': np.int64(16131), 'widthPnts': np.int64(62), 'widthMs': np.float64(0.62)}, {'halfHeight': 90, 'risingPnt': np.int64(16073), 'fallingPnt': np.int64(16113), 'widthPnts': np.int64(40), 'widthMs': np.float64(0.4)}]",2.27,1.95,1.22,0.62,0.4,0.7600000000000107,yes,,,,,,,unknown,,,,
151,151,dvdt,9,1,0.0,3,0,"[{'Spike': 3, 'Seconds': np.float64(0.1852), 'Sweep': 9, 'Epoch': 1, 'Type': 'Pre spike min under-run (mdp)', 'Details': 'Went past startPnt 0 searching for pre-spike min'}]",20260908,16:38:07,,,20230324a,20230324a,stochastic-hh.sanpy,,20.0,-40.0,0,"[10, 20, 50, 80, 90]",18515,0.18515,-44.90293777871422,18.932497874116773,,18587,0.18587,47.45931062210428,92.3622484008185,0.7199999999999984,18867,0.18866999999999998,-71.1870254026879,18485.0,-48.89674601539836,18488,18500,0.12,-48.47186879817175,-47.09115923928986,11619.458415522453,,18570,21.874368909062827,319.5040361748443,18786,-48.26583494867751,-66.68554410259847,2507.0,25.07,39.88831272437176,2522.0,25.22,0.3,"[{'halfHeight': 10, 'risingPnt': np.int64(18539), 'fallingPnt': np.int64(18764), 'widthPnts': np.int64(225), 'widthMs': np.float64(2.25)}, {'halfHeight': 20, 'risingPnt': np.int64(18549), 'fallingPnt': np.int64(18745), 'widthPnts': np.int64(196), 'widthMs': np.float64(1.96)}, {'halfHeight': 50, 'risingPnt': np.int64(18564), 'fallingPnt': np.int64(18688), 'widthPnts': np.int64(124), 'widthMs': np.float64(1.24)}, {'halfHeight': 80, 'risingPnt': np.int64(18573), 'fallingPnt': np.int64(18634), 'widthPnts': np.int64(61), 'widthMs': np.float64(0.61)}, {'halfHeight': 90, 'risingPnt': np.int64(18576), 'fallingPnt': np.int64(18614), 'widthPnts': np.int64(38), 'widthMs': np.float64(0.38)}]",2.25,1.96,1.24,0.61,0.38,0.7199999999999984,yes,,,,,,,unknown,,,,
152,152,dvdt,9,2,7.0,4,0,[],20260908,16:38:07,,,20230324a,20230324a,stochastic-hh.sanpy,,20.0,-40.0,0,"[10, 20, 50, 80, 90]",25133,0.25133,-45.655381478015464,19.513733878333557,,25209,0.25209,51.204788267530766,96.86016974554623,0.7599999999999829,25506,0.25506,-70.29381884018328,25121.0,-47.60755785440354,25122,25127,0.05,-47.470064553812534,-46.72935533863515,14566.816078394937,,25191,22.148644265577943,353.7999724135041,25311,4.841368794429429,-69.93119406432584,6618.0,66.18,15.110305228165608,6636.0,66.36,0.12,"[{'halfHeight': 10, 'risingPnt': np.int64(25161), 'fallingPnt': np.int64(25404), 'widthPnts': np.int64(243), 'widthMs': np.float64(2.43)}, {'halfHeight': 20, 'risingPnt': np.int64(25171), 'fallingPnt': np.int64(25381), 'widthPnts': np.int64(210), 'widthMs': np.float64(2.1)}, {'halfHeight': 50, 'risingPnt': np.int64(25186), 'fallingPnt': np.int64(25315), 'widthPnts': np.int64(129), 'widthMs': np.float64(1.29)}, {'halfHeight': 80, 'risingPnt': np.int64(25194), 'fallingPnt': np.int64(25262), 'widthPnts': np.int64(68), 'widthMs': np.float64(0.68)}, {'halfHeight': 90, 'risingPnt': np.int64(25198), 'fallingPnt': np.int64(25242), 'widthPnts': np.int64(44), 'widthMs': np.float64(0.44)}]",2.43,2.1,1.29,0.68,0.44,0.7599999999999829,yes,,,,,,,unknown,,,,
153,153,dvdt,9,2,7.0,5,0,[],20260908,16:38:07,,,20230324a,20230324a,stochastic-hh.sanpy,,20.0,-40.0,0,"[10, 20, 50, 80, 90]",26677,0.26677,-43.30889754657785,19.243853384626757,,26753,0.26753,43.0484163017462,86.35731384832405,0.7599999999999829,27027,0.27026999999999995,-70.08471266906865,26648.0,-47.60755785440354,26651,26662,0.11,-47.28229831337726,-45.78227001952598,13489.724518910367,,26734,17.270023251094177,271.81946134792156,26827,10.20524733374271,-69.58012470707226,1544.0,15.44,64.76683937823834,1527.0,15.27,0.29,"[{'halfHeight': 10, 'risingPnt': np.int64(26702), 'fallingPnt': np.int64(26921), 'widthPnts': np.int64(219), 'widthMs': np.float64(2.19)}, {'halfHeight': 20, 'risingPnt': np.int64(26713), 'fallingPnt': np.int64(26903), 'widthPnts': np.int64(190), 'widthMs': np.float64(1.9)}, {'halfHeight': 50, 'risingPnt': np.int64(26728), 'fallingPnt': np.int64(26846), 'widthPnts': np.int64(118), 'widthMs': np.float64(1.18)}, {'halfHeight': 80, 'risingPnt': np.int64(26738), 'fallingPnt': np.int64(26797), 'widthPnts': np.int64(59), 'widthMs': np.float64(0.59)}, {'halfHeight': 90, 'risingPnt': np.int64(26742), 'fallingPnt': np.int64(26781), 'widthPnts': np.int64(39), 'widthMs': np.float64(0.39)}]",2.19,1.9,1.18,0.59,0.39,0.7599999999999829,yes,,,,,,,unknown,,,,
154,154,dvdt,9,2,7.0,6,0,[],20260908,16:38:07,,,20230324a,20230324a,stochastic-hh.sanpy,,20.0,-40.0,0,"[10, 20, 50, 80, 90]",28167,0.28167000000000003,-44.48541911288297,19.510768265090146,,28245,0.28245,46.35382147763736,90.83924059052033,0.7799999999999474,28527,0.28526999999999997,-70.14163946231776,28146.0,-47.60755785440354,28148,28156,0.08,-47.37883595711644,-46.457177344973864,11028.693150621313,,28226,17.8478251398995,288.3978624793086,28435,-41.13398910264853,-67.20285211471324,1490.0,14.9,67.11409395973155,1498.0,14.98,0.21,"[{'halfHeight': 10, 'risingPnt': np.int64(28192), 'fallingPnt': np.int64(28426), 'widthPnts': np.int64(234), 'widthMs': np.float64(2.34)}, {'halfHeight': 20, 'risingPnt': np.int64(28204), 'fallingPnt': np.int64(28406), 'widthPnts': np.int64(202), 'widthMs': np.float64(2.02)}, {'halfHeight': 50, 'risingPnt': np.int64(28220), 'fallingPnt': np.int64(28345), 'widthPnts': np.int64(125), 'widthMs': np.float64(1.25)}, {'halfHeight': 80, 'risingPnt': np.int64(28230), 'fallingPnt': np.int64(28289), 'widthPnts': np.int64(59), 'widthMs': np.float64(0.59)}, {'halfHeight': 90, 'risingPnt': np.int64(28234), 'fallingPnt': np.int64(28272), 'widthPnts': np.int64(38), 'widthMs': np.float64(0.38)}]",2.34,2.02,1.25,0.59,0.38,0.7799999999999474,yes,,,,,,,unknown,,,,
155,155,dvdt,9,2,7.0,7,0,[],20260908,16:38:07,,,20230324a,20230324a,stochastic-hh.sanpy,,20.0,-40.0,0,"[10, 20, 50, 80, 90]",29874,0.29874,-43.265903690179584,19.87024209118984,,29950,0.2995,43.69642376616701,86.9623274563466,0.7599999999999829,30222,0.30222000000000004,-70.13671967685197,29844.0,-47.60755785440354,29847,29859,0.12,-47.326124834181165,-45.81296358827169,12417.226766386655,,29931,16.959265276070585,263.28980466954573,30011,15.29213430373672,-71.83413224926525,1707.0,17.07,58.582308142940825,1698.0,16.98,0.3,"[{'halfHeight': 10, 'risingPnt': np.int64(29898), 'fallingPnt': np.int64(30116), 'widthPnts': np.int64(218), 'widthMs': np.float64(2.18)}, {'halfHeight': 20, 'risingPnt': np.int64(29910), 'fallingPnt': np.int64(30093), 'widthPnts': np.int64(183), 'widthMs': np.float64(1.83)}, {'halfHeight': 50, 'risingPnt': np.int64(29925), 'fallingPnt': np.int64(30038), 'widthPnts': np.int64(113), 'widthMs': np.float64(1.13)}, {'halfHeight': 80, 'risingPnt': np.int64(29935), 'fallingPnt': np.int64(29993), 'widthPnts': np.int64(58), 'widthMs': np.float64(0.58)}, {'halfHeight': 90, 'risingPnt': np.int64(29939), 'fallingPnt': np.int64(29977), 'widthPnts': np.int64(38), 'widthMs': np.float64(0.38)}]",2.18,1.83,1.13,0.58,0.38,0.7599999999999829,yes,,,,,,,unknown,,,,
156,156,dvdt,9,2,7.0,8,0,[],20260908,16:38:07,,,20230324a,20230324a,stochastic-hh.sanpy,,20.0,-40.0,0,"[10, 20, 50, 80, 90]",31262,0.31262,-44.294056792344854,19.524255346440306,,31342,0.31342000000000003,46.538871282280425,90.83292807462527,0.8000000000000229,31615,0.31615,-69.98794597166945,31241.0,-47.60755785440354,31243,31251,0.08,-47.307070750367295,-46.24535815951039,13037.791604502692,,31324,21.525613114477423,300.6874507801147,31403,18.37319084886356,-69.92251437040522,1388.0,13.88,72.04610951008645,1397.0,13.97,0.21,"[{'halfHeight': 10, 'risingPnt': np.int64(31289), 'fallingPnt': np.int64(31514), 'widthPnts': np.int64(225), 'widthMs': np.float64(2.25)}, {'halfHeight': 20, 'risingPnt': np.int64(31302), 'fallingPnt': np.int64(31494), 'widthPnts': np.int64(192), 'widthMs': np.float64(1.92)}, {'halfHeight': 50, 'risingPnt': np.int64(31317), 'fallingPnt': np.int64(31436), 'widthPnts': np.int64(119), 'widthMs': np.float64(1.19)}, {'halfHeight': 80, 'risingPnt': np.int64(31327), 'fallingPnt': np.int64(31387), 'widthPnts': np.int64(60), 'widthMs': np.float64(0.6)}, {'halfHeight': 90, 'risingPnt': np.int64(31331), 'fallingPnt': np.int64(31370), 'widthPnts': np.int64(39), 'widthMs': np.float64(0.39)}]",2.25,1.92,1.19,0.6,0.39,0.8000000000000229,yes,,,,,,,unknown,,,,
157,157,dvdt,9,2,7.0,9,0,[],20260908,16:38:07,,,20230324a,20230324a,stochastic-hh.sanpy,,20.0,-40.0,0,"[10, 20, 50, 80, 90]",32713,0.32713,-44.32677557662168,19.86978698378243,,32793,0.32793,46.851506961685,91.17828253830668,0.8000000000000229,33085,0.33085000000000003,-69.94931313318367,32693.0,-47.60755785440354,32695,32703,0.08,-47.29359758560807,-46.1707481011048,13837.790623407798,,32771,16.872861800735176,303.3887551711123,32847,23.44868961919552,-62.973925212577065,1451.0,14.51,68.91798759476224,1452.0,14.52,0.2,"[{'halfHeight': 10, 'risingPnt': np.int64(32739), 'fallingPnt': np.int64(32974), 'widthPnts': np.int64(235), 'widthMs': np.float64(2.35)}, {'halfHeight': 20, 'risingPnt': np.int64(32751), 'fallingPnt': np.int64(32950), 'widthPnts': np.int64(199), 'widthMs': np.float64(1.99)}, {'halfHeight': 50, 'risingPnt': np.int64(32766), 'fallingPnt': np.int64(32892), 'widthPnts': np.int64(126), 'widthMs': np.float64(1.26)}, {'halfHeight': 80, 'risingPnt': np.int64(32776), 'fallingPnt': np.int64(32838), 'widthPnts': np.int64(62), 'widthMs': np.float64(0.62)}, {'halfHeight': 90, 'risingPnt': np.int64(32780), 'fallingPnt': np.int64(32820), 'widthPnts': np.int64(40), 'widthMs': np.float64(0.4)}]",2.35,1.99,1.26,0.62,0.4,0.8000000000000229,yes,,,,,,,unknown,,,,
158,158,dvdt,9,2,7.0,10,0,[],20260908,16:38:07,,,20230324a,20230324a,stochastic-hh.sanpy,,20.0,-40.0,0,"[10, 20, 50, 80, 90]",34108,0.34108,-44.314670762797,19.869922014081844,,34189,0.34188999999999997,45.287014650555534,89.60168541335253,0.8099999999999774,34453,0.34452999999999995,-70.21709973009851,34088.0,-47.60755785440354,34090,34098,0.08,-47.26248894725753,-46.126652664784444,14076.138913363176,,34169,16.1622172266614,278.7120442412331,34253,16.148289753777537,-74.53622492987769,1395.0,13.95,71.68458781362008,1395.0,13.95,0.2,"[{'halfHeight': 10, 'risingPnt': np.int64(34135), 'fallingPnt': np.int64(34351), 'widthPnts': np.int64(216), 'widthMs': np.float64(2.16)}, {'halfHeight': 20, 'risingPnt': np.int64(34147), 'fallingPnt': np.int64(34332), 'widthPnts': np.int64(185), 'widthMs': np.float64(1.85)}, {'halfHeight': 50, 'risingPnt': np.int64(34163), 'fallingPnt': np.int64(34280), 'widthPnts': np.int64(117), 'widthMs': np.float64(1.17)}, {'halfHeight': 80, 'risingPnt': np.int64(34174), 'fallingPnt': np.int64(34235), 'widthPnts': np.int64(61), 'widthMs': np.float64(0.61)}, {'halfHeight': 90, 'risingPnt': np.int64(34178), 'fallingPnt': np.int64(34218), 'widthPnts': np.int64(40), 'widthMs': np.float64(0.4)}]",2.16,1.85,1.17,0.61,0.4,0.8099999999999774,yes,,,,,,,unknown,,,,
159,159,dvdt,9,2,7.0,11,0,[],20260908,16:38:07,,,20230324a,20230324a,stochastic-hh.sanpy,,20.0,-40.0,0,"[10, 20, 50, 80, 90]",35477,0.35477,-45.20592099452676,19.664907264741316,,35558,0.35558,46.780268852043974,91.98618984657074,0.8100000000000329,35843,0.35843,-70.12263826264984,35462.0,-47.60755785440354,35464,35470,0.06,-47.36007872906118,-46.45931915894761,14714.271950508868,,35541,22.6432148919243,303.0215515822364,35617,20.150551606966143,-68.3395897543824,1369.0,13.69,73.04601899196494,1374.0,13.74,0.15,"[{'halfHeight': 10, 'risingPnt': np.int64(35506), 'fallingPnt': np.int64(35734), 'widthPnts': np.int64(228), 'widthMs': np.float64(2.28)}, {'halfHeight': 20, 'risingPnt': np.int64(35518), 'fallingPnt': np.int64(35716), 'widthPnts': np.int64(198), 'widthMs': np.float64(1.98)}, {'halfHeight': 50, 'risingPnt': np.int64(35534), 'fallingPnt': np.int64(35655), 'widthPnts': np.int64(121), 'widthMs': np.float64(1.21)}, {'halfHeight': 80, 'risingPnt': np.int64(35543), 'fallingPnt': np.int64(35604), 'widthPnts': np.int64(61), 'widthMs': np.float64(0.61)}, {'halfHeight': 90, 'risingPnt': np.int64(35547), 'fallingPnt': np.int64(35585), 'widthPnts': np.int64(38), 'widthMs': np.float64(0.38)}]",2.28,1.98,1.21,0.61,0.38,0.8100000000000329,yes,,,,,,,unknown,,,,
160,160,dvdt,9,2,7.0,12,0,[],20260908,16:38:07,,,20230324a,20230324a,stochastic-hh.sanpy,,20.0,-40.0,0,"[10, 20, 50, 80, 90]",36929,0.36929,-44.955705144933056,18.267566100455916,,37009,0.37009,46.31043084000463,91.26613598493768,0.7999999999999674,37293,0.37293,-70.04438173075127,36910.0,-47.60755785440354,36912,36920,0.08,-47.36510841153848,-46.32192734005522,12941.013129342005,,36991,20.1579831960559,307.39212453724775,37066,21.835504501172725,-66.95898351337127,1452.0,14.52,68.87052341597796,1448.0,14.48,0.19,"[{'halfHeight': 10, 'risingPnt': np.int64(36956), 'fallingPnt': np.int64(37188), 'widthPnts': np.int64(232), 'widthMs': np.float64(2.32)}, {'halfHeight': 20, 'risingPnt': np.int64(36969), 'fallingPnt': np.int64(37168), 'widthPnts': np.int64(199), 'widthMs': np.float64(1.99)}, {'halfHeight': 50, 'risingPnt': np.int64(36985), 'fallingPnt': np.int64(37106), 'widthPnts': np.int64(121), 'widthMs': np.float64(1.21)}, {'halfHeight': 80, 'risingPnt': np.int64(36994), 'fallingPnt': np.int64(37055), 'widthPnts': np.int64(61), 'widthMs': np.float64(0.61)}, {'halfHeight': 90, 'risingPnt': np.int64(36998), 'fallingPnt': np.int64(37038), 'widthPnts': np.int64(40), 'widthMs': np.float64(0.4)}]",2.32,1.99,1.21,0.61,0.4,0.7999999999999674,yes,,,,,,,unknown,,,,
161,161,dvdt,9,2,7.0,13,0,[],20260908,16:38:07,,,20230324a,20230324a,stochastic-hh.sanpy,,20.0,-40.0,0,"[10, 20, 50, 80, 90]",38248,0.38248000000000004,-43.56596970456075,19.92392669471391,,38325,0.38325,45.63136533486639,89.19733503942714,0.7699999999999374,38607,0.38606999999999997,-70.11912123227968,38222.0,-47.60755785440354,38225,38235,0.1,-47.20321385533274,-45.90869410319005,12606.664424558101,,38304,14.914310908763046,289.016150661411,38373,25.229224005489392,-75.64185723232053,1319.0,13.19,75.8150113722517,1312.0,13.12,0.26,"[{'halfHeight': 10, 'risingPnt': np.int64(38273), 'fallingPnt': np.int64(38504), 'widthPnts': np.int64(231), 'widthMs': np.float64(2.31)}, {'halfHeight': 20, 'risingPnt': np.int64(38284), 'fallingPnt': np.int64(38483), 'widthPnts': np.int64(199), 'widthMs': np.float64(1.99)}, {'halfHeight': 50, 'risingPnt': np.int64(38299), 'fallingPnt': np.int64(38418), 'widthPnts': np.int64(119), 'widthMs': np.float64(1.19)}, {'halfHeight': 80, 'risingPnt': np.int64(38309), 'fallingPnt': np.int64(38370), 'widthPnts': np.int64(61), 'widthMs': np.float64(0.61)}, {'halfHeight': 90, 'risingPnt': np.int64(38313), 'fallingPnt': np.int64(38354), 'widthPnts': np.int64(41), 'widthMs': np.float64(0.41)}]",2.31,1.99,1.19,0.61,0.41,0.7699999999999374,yes,,,,,,,unknown,,,,
162,162,dvdt,9,2,7.0,14,0,[],20260908,16:38:07,,,20230324a,20230324a,stochastic-hh.sanpy,,20.0,-40.0,0,"[10, 20, 50, 80, 90]",39606,0.39606,-44.78694418183474,19.473289932811134,,39683,0.39682999999999996,47.675066843486746,92.46201102532149,0.7699999999999374,39964,0.39964,-70.19935900020911,39589.0,-47.60755785440354,39591,39597,0.06,-47.252425374208464,-46.358620352353356,14701.14525023256,,39665,19.74498014984448,306.3342614565913,39785,1.1843403339081773,-66.69035089011514,1358.0,13.58,73.63770250368188,1367.0,13.67,0.17,"[{'halfHeight': 10, 'risingPnt': np.int64(39633), 'fallingPnt': np.int64(39867), 'widthPnts': np.int64(234), 'widthMs': np.float64(2.34)}, {'halfHeight': 20, 'risingPnt': np.int64(39645), 'fallingPnt': np.int64(39847), 'widthPnts': np.int64(202), 'widthMs': np.float64(2.02)}, {'halfHeight': 50, 'risingPnt': np.int64(39659), 'fallingPnt': np.int64(39785), 'widthPnts': np.int64(126), 'widthMs': np.float64(1.26)}, {'halfHeight': 80, 'risingPnt': np.int64(39669), 'fallingPnt': np.int64(39731), 'widthPnts': np.int64(62), 'widthMs': np.float64(0.62)}, {'halfHeight': 90, 'risingPnt': np.int64(39672), 'fallingPnt': np.int64(39713), 'widthPnts': np.int64(41), 'widthMs': np.float64(0.41)}]",2.34,2.02,1.26,0.62,0.41,0.7699999999999374,yes,,,,,,,unknown,,,,
163,163,dvdt,9,2,7.0,15,0,[],20260908,16:38:07,,,20230324a,20230324a,stochastic-hh.sanpy,,20.0,-40.0,0,"[10, 20, 50, 80, 90]",41103,0.41102999999999995,-43.79185355175172,19.86854511924994,,41181,0.41181,45.85287563148973,89.64472918324145,0.7800000000000584,41464,0.41464,-70.04615504552578,41077.0,-47.60755785440354,41080,41090,0.1,-47.254159955884795,-46.03486675785283,11837.327296732816,,41161,18.654231926862444,289.5494746154487,41233,23.414702295368137,-61.8214529808464,1497.0,14.97,66.8002672010688,1488.0,14.88,0.26,"[{'halfHeight': 10, 'risingPnt': np.int64(41127), 'fallingPnt': np.int64(41360), 'widthPnts': np.int64(233), 'widthMs': np.float64(2.33)}, {'halfHeight': 20, 'risingPnt': np.int64(41139), 'fallingPnt': np.int64(41337), 'widthPnts': np.int64(198), 'widthMs': np.float64(1.98)}, {'halfHeight': 50, 'risingPnt': np.int64(41155), 'fallingPnt': np.int64(41277), 'widthPnts': np.int64(122), 'widthMs': np.float64(1.22)}, {'halfHeight': 80, 'risingPnt': np.int64(41165), 'fallingPnt': np.int64(41225), 'widthPnts': np.int64(60), 'widthMs': np.float64(0.6)}, {'halfHeight': 90, 'risingPnt': np.int64(41169), 'fallingPnt': np.int64(41206), 'widthPnts': np.int64(37), 'widthMs': np.float64(0.37)}]",2.33,1.98,1.22,0.6,0.37,0.7800000000000584,yes,,,,,,,unknown,,,,
164,164,dvdt,9,2,7.0,16,0,[],20260908,16:38:07,,,20230324a,20230324a,stochastic-hh.sanpy,,20.0,-40.0,0,"[10, 20, 50, 80, 90]",42487,0.42487,-43.87742064658986,19.785458124276495,,42568,0.42568,45.521355514602114,89.39877616119198,0.8099999999999774,42841,0.42841,-70.0476898579842,42464.0,-47.60755785440354,42466,42476,0.1,-47.2721303694122,-45.863919231821605,13899.525919408405,,42545,14.440064662473254,280.68810984775797,42767,-50.796176980034794,-63.6476274420454,1384.0,13.84,72.25433526011561,1387.0,13.87,0.23,"[{'halfHeight': 10, 'risingPnt': np.int64(42513), 'fallingPnt': np.int64(42739), 'widthPnts': np.int64(226), 'widthMs': np.float64(2.26)}, {'halfHeight': 20, 'risingPnt': np.int64(42525), 'fallingPnt': np.int64(42719), 'widthPnts': np.int64(194), 'widthMs': np.float64(1.94)}, {'halfHeight': 50, 'risingPnt': np.int64(42540), 'fallingPnt': np.int64(42665), 'widthPnts': np.int64(125), 'widthMs': np.float64(1.25)}, {'halfHeight': 80, 'risingPnt': np.int64(42550), 'fallingPnt': np.int64(42615), 'widthPnts': np.int64(65), 'widthMs': np.float64(0.65)}, {'halfHeight': 90, 'risingPnt': np.int64(42554), 'fallingPnt': np.int64(42596), 'widthPnts': np.int64(42), 'widthMs': np.float64(0.42)}]",2.26,1.94,1.25,0.65,0.42,0.8099999999999774,yes,,,,,,,unknown,,,,
165,165,dvdt,9,2,7.0,17,0,[],20260908,16:38:07,,,20230324a,20230324a,stochastic-hh.sanpy,,20.0,-40.0,0,"[10, 20, 50, 80, 90]",43801,0.43801,-43.84965845529137,19.720694039721636,,43881,0.43881,43.81571305369237,87.66537150898374,0.7999999999999674,44146,0.44145999999999996,-70.17886980150557,43776.0,-47.60755785440354,43778,43788,0.1,-47.372105652559554,-46.09294110510715,12765.753885848233,,43861,15.151346225978962,281.83814551812713,43936,17.768532960857865,-75.06803883243134,1314.0,13.14,76.10350076103501,1312.0,13.12,0.25,"[{'halfHeight': 10, 'risingPnt': np.int64(43828), 'fallingPnt': np.int64(44045), 'widthPnts': np.int64(217), 'widthMs': np.float64(2.17)}, {'halfHeight': 20, 'risingPnt': np.int64(43840), 'fallingPnt': np.int64(44027), 'widthPnts': np.int64(187), 'widthMs': np.float64(1.87)}, {'halfHeight': 50, 'risingPnt': np.int64(43856), 'fallingPnt': np.int64(43968), 'widthPnts': np.int64(112), 'widthMs': np.float64(1.12)}, {'halfHeight': 80, 'risingPnt': np.int64(43866), 'fallingPnt': np.int64(43923), 'widthPnts': np.int64(57), 'widthMs': np.float64(0.57)}, {'halfHeight': 90, 'risingPnt': np.int64(43870), 'fallingPnt': np.int64(43906), 'widthPnts': np.int64(36), 'widthMs': np.float64(0.36)}]",2.17,1.87,1.12,0.57,0.36,0.7999999999999674,yes,,,,,,,unknown,,,,
166,166,dvdt,9,2,7.0,18,0,[],20260908,16:38:07,,,20230324a,20230324a,stochastic-hh.sanpy,,20.0,-40.0,0,"[10, 20, 50, 80, 90]",45215,0.45215,-44.96050023675826,19.224043281739572,,45295,0.45294999999999996,46.625962854640136,91.5864630913984,0.7999999999999674,45575,0.45575,-70.00379658625755,45200.0,-47.47633893053461,45202,45208,0.06,-47.15280607113351,-46.237462941402505,14950.32503417338,,45276,18.937079898728975,294.3878708088971,45366,14.337041706328177,-66.25422972685676,1414.0,14.14,70.72135785007072,1424.0,14.24,0.15,"[{'halfHeight': 10, 'risingPnt': np.int64(45242), 'fallingPnt': np.int64(45471), 'widthPnts': np.int64(229), 'widthMs': np.float64(2.29)}, {'halfHeight': 20, 'risingPnt': np.int64(45254), 'fallingPnt': np.int64(45450), 'widthPnts': np.int64(196), 'widthMs': np.float64(1.96)}, {'halfHeight': 50, 'risingPnt': np.int64(45270), 'fallingPnt': np.int64(45390), 'widthPnts': np.int64(120), 'widthMs': np.float64(1.2)}, {'halfHeight': 80, 'risingPnt': np.int64(45280), 'fallingPnt': np.int64(45340), 'widthPnts': np.int64(60), 'widthMs': np.float64(0.6)}, {'halfHeight': 90, 'risingPnt': np.int64(45284), 'fallingPnt': np.int64(45323), 'widthPnts': np.int64(39), 'widthMs': np.float64(0.39)}]",2.29,1.96,1.2,0.6,0.39,0.7999999999999674,yes,,,,,,,unknown,,,,
167,167,dvdt,9,2,7.0,19,0,[],20260908,16:38:07,,,20230324a,20230324a,stochastic-hh.sanpy,,20.0,-40.0,0,"[10, 20, 50, 80, 90]",46704,0.46704,-43.34637093020303,19.425193627793615,,46783,0.46782999999999997,43.97319819146917,87.3195691216722,0.7899999999999574,47048,0.47048,-70.26071163823852,46671.0,-47.47633893053461,46674,46687,0.13,-47.17215226265899,-45.79657819354858,10222.500213341162,,46761,17.737361996832497,279.6475367145636,46976,-51.27477328355234,-66.2763574096117,1489.0,14.89,67.15916722632639,1471.0,14.71,0.33,"[{'halfHeight': 10, 'risingPnt': np.int64(46729), 'fallingPnt': np.int64(46949), 'widthPnts': np.int64(220), 'widthMs': np.float64(2.2)}, {'halfHeight': 20, 'risingPnt': np.int64(46740), 'fallingPnt': np.int64(46931), 'widthPnts': np.int64(191), 'widthMs': np.float64(1.91)}, {'halfHeight': 50, 'risingPnt': np.int64(46755), 'fallingPnt': np.int64(46877), 'widthPnts': np.int64(122), 'widthMs': np.float64(1.22)}, {'halfHeight': 80, 'risingPnt': np.int64(46765), 'fallingPnt': np.int64(46825), 'widthPnts': np.int64(60), 'widthMs': np.float64(0.6)}, {'halfHeight': 90, 'risingPnt': np.int64(46769), 'fallingPnt': np.int64(46807), 'widthPnts': np.int64(38), 'widthMs': np.float64(0.38)}]",2.2,1.91,1.22,0.6,0.38,0.7899999999999574,yes,,,,,,,unknown,,,,
168,168,dvdt,9,2,7.0,20,0,[],20260908,16:38:07,,,20230324a,20230324a,stochastic-hh.sanpy,,20.0,-40.0,0,"[10, 20, 50, 80, 90]",48057,0.48057,-43.853557332933946,19.517291706047267,,48136,0.48136,44.705730843446105,88.55928817638005,0.7900000000000129,48408,0.48408,-70.33261963175832,48033.0,-47.47633893053461,48035,48045,0.1,-47.200286483803374,-45.88483903633007,12800.545951602078,,48115,12.741519987767953,285.63064062828005,48186,23.897572878356257,-64.62284383992018,1353.0,13.53,73.909830007391,1362.0,13.62,0.24,"[{'halfHeight': 10, 'risingPnt': np.int64(48084), 'fallingPnt': np.int64(48304), 'widthPnts': np.int64(220), 'widthMs': np.float64(2.2)}, {'halfHeight': 20, 'risingPnt': np.int64(48095), 'fallingPnt': np.int64(48286), 'widthPnts': np.int64(191), 'widthMs': np.float64(1.91)}, {'halfHeight': 50, 'risingPnt': np.int64(48111), 'fallingPnt': np.int64(48229), 'widthPnts': np.int64(118), 'widthMs': np.float64(1.18)}, {'halfHeight': 80, 'risingPnt': np.int64(48121), 'fallingPnt': np.int64(48181), 'widthPnts': np.int64(60), 'widthMs': np.float64(0.6)}, {'halfHeight': 90, 'risingPnt': np.int64(48125), 'fallingPnt': np.int64(48162), 'widthPnts': np.int64(37), 'widthMs': np.float64(0.37)}]",2.2,1.91,1.18,0.6,0.37,0.7900000000000129,yes,,,,,,,unknown,,,,
169,169,dvdt,9,2,7.0,21,0,[],20260908,16:38:07,,,20230324a,20230324a,stochastic-hh.sanpy,,20.0,-40.0,0,"[10, 20, 50, 80, 90]",49583,0.49583,-43.775872874212666,18.928637924513563,,49660,0.49660000000000004,45.04831383860262,88.82418671281528,0.7700000000000484,49938,0.49938,-70.1625450589193,49561.0,-46.672803025820706,49563,49572,0.09,-46.40148115096762,-45.33610393077261,11631.965801332322,,49639,13.2582061265009,282.7004244569454,49857,-45.66305917314896,-64.23577491931653,1526.0,15.26,65.53079947575361,1528.0,15.28,0.22,"[{'halfHeight': 10, 'risingPnt': np.int64(49608), 'fallingPnt': np.int64(49836), 'widthPnts': np.int64(228), 'widthMs': np.float64(2.28)}, {'halfHeight': 20, 'risingPnt': np.int64(49619), 'fallingPnt': np.int64(49816), 'widthPnts': np.int64(197), 'widthMs': np.float64(1.97)}, {'halfHeight': 50, 'risingPnt': np.int64(49635), 'fallingPnt': np.int64(49755), 'widthPnts': np.int64(120), 'widthMs': np.float64(1.2)}, {'halfHeight': 80, 'risingPnt': np.int64(49645), 'fallingPnt': np.int64(49705), 'widthPnts': np.int64(60), 'widthMs': np.float64(0.6)}, {'halfHeight': 90, 'risingPnt': np.int64(49649), 'fallingPnt': np.int64(49686), 'widthPnts': np.int64(37), 'widthMs': np.float64(0.37)}]",2.28,1.97,1.2,0.6,0.37,0.7700000000000484,yes,,,,,,,unknown,,,,
170,170,dvdt,9,2,7.0,22,0,[],20260908,16:38:07,,,20230324a,20230324a,stochastic-hh.sanpy,,20.0,-40.0,0,"[10, 20, 50, 80, 90]",50944,0.50944,-44.98319995578346,19.67598567181234,,51026,0.5102599999999999,46.77933141933517,91.76253137511864,0.8199999999999319,51302,0.51302,-70.11992916125388,50934.0,-46.672803025820706,50935,50939,0.04,-46.51493021697759,-45.88897419018979,15336.479421717171,,51006,17.124852200861998,292.4177813863282,51109,7.900682182929066,-66.95467635813355,1361.0,13.61,73.47538574577517,1373.0,13.73,0.1,"[{'halfHeight': 10, 'risingPnt': np.int64(50972), 'fallingPnt': np.int64(51202), 'widthPnts': np.int64(230), 'widthMs': np.float64(2.3)}, {'halfHeight': 20, 'risingPnt': np.int64(50984), 'fallingPnt': np.int64(51181), 'widthPnts': np.int64(197), 'widthMs': np.float64(1.97)}, {'halfHeight': 50, 'risingPnt': np.int64(51001), 'fallingPnt': np.int64(51121), 'widthPnts': np.int64(120), 'widthMs': np.float64(1.2)}, {'halfHeight': 80, 'risingPnt': np.int64(51010), 'fallingPnt': np.int64(51073), 'widthPnts': np.int64(63), 'widthMs': np.float64(0.63)}, {'halfHeight': 90, 'risingPnt': np.int64(51014), 'fallingPnt': np.int64(51055), 'widthPnts': np.int64(41), 'widthMs': np.float64(0.41)}]",2.3,1.97,1.2,0.63,0.41,0.8199999999999319,yes,,,,,,,unknown,,,,
171,171,dvdt,9,2,7.0,23,0,[],20260908,16:38:07,,,20230324a,20230324a,stochastic-hh.sanpy,,20.0,-40.0,0,"[10, 20, 50, 80, 90]",52397,0.52397,-45.1053624423289,19.79345169686018,,52478,0.52478,46.35910860618063,91.46447104850952,0.8099999999999774,52755,0.52755,-70.31780447968251,52389.0,-46.672803025820706,52390,52393,0.03,-46.37801710101276,-45.87084011821208,16652.583848353435,,52458,17.613400692344907,305.4394068368949,52677,-45.194855060078126,-65.23709246738795,1453.0,14.53,68.82312456985548,1455.0,14.55,0.08,"[{'halfHeight': 10, 'risingPnt': np.int64(52425), 'fallingPnt': np.int64(52661), 'widthPnts': np.int64(236), 'widthMs': np.float64(2.36)}, {'halfHeight': 20, 'risingPnt': np.int64(52437), 'fallingPnt': np.int64(52642), 'widthPnts': np.int64(205), 'widthMs': np.float64(2.05)}, {'halfHeight': 50, 'risingPnt': np.int64(52453), 'fallingPnt': np.int64(52580), 'widthPnts': np.int64(127), 'widthMs': np.float64(1.27)}, {'halfHeight': 80, 'risingPnt': np.int64(52462), 'fallingPnt': np.int64(52524), 'widthPnts': np.int64(62), 'widthMs': np.float64(0.62)}, {'halfHeight': 90, 'risingPnt': np.int64(52466), 'fallingPnt': np.int64(52508), 'widthPnts': np.int64(42), 'widthMs': np.float64(0.42)}]",2.36,2.05,1.27,0.62,0.42,0.8099999999999774,yes,,,,,,,unknown,,,,
172,172,dvdt,9,2,7.0,24,0,[],20260908,16:38:07,,,20230324a,20230324a,stochastic-hh.sanpy,,20.0,-40.0,0,"[10, 20, 50, 80, 90]",53987,0.53987,-43.051986057160676,19.45572802843004,,54063,0.5406299999999999,43.04337416627869,86.09536022343937,0.7599999999999829,54342,0.54342,-70.29094279687581,53963.0,-46.672803025820706,53965,53975,0.1,-46.443361816246416,-45.083611750094455,13797.859605689155,,54041,9.327190333408483,279.4853932017293,54262,-51.02542952480087,-66.56176816289219,1590.0,15.9,62.893081761006286,1574.0,15.74,0.24,"[{'halfHeight': 10, 'risingPnt': np.int64(54012), 'fallingPnt': np.int64(54233), 'widthPnts': np.int64(221), 'widthMs': np.float64(2.21)}, {'halfHeight': 20, 'risingPnt': np.int64(54023), 'fallingPnt': np.int64(54214), 'widthPnts': np.int64(191), 'widthMs': np.float64(1.91)}, {'halfHeight': 50, 'risingPnt': np.int64(54038), 'fallingPnt': np.int64(54157), 'widthPnts': np.int64(119), 'widthMs': np.float64(1.19)}, {'halfHeight': 80, 'risingPnt': np.int64(54048), 'fallingPnt': np.int64(54110), 'widthPnts': np.int64(62), 'widthMs': np.float64(0.62)}, {'halfHeight': 90, 'risingPnt': np.int64(54051), 'fallingPnt': np.int64(54094), 'widthPnts': np.int64(43), 'widthMs': np.float64(0.43)}]",2.21,1.91,1.19,0.62,0.43,0.7599999999999829,yes,,,,,,,unknown,,,,
173,173,dvdt,9,2,7.0,25,0,[],20260908,16:38:07,,,20230324a,20230324a,stochastic-hh.sanpy,,20.0,-40.0,0,"[10, 20, 50, 80, 90]",55363,0.55363,-46.026577969105716,19.818260963661924,,55452,0.55452,44.35376767912161,90.38034564822732,0.8900000000000574,55734,0.5573400000000001,-70.13032694826592,55360.0,-46.672803025820706,55360,55362,0.02,-46.598888827693905,-46.22515221025028,18278.00351343515,,55430,12.537931499622864,281.2059126898742,55533,7.571564419039273,-65.6465323941681,1376.0,13.76,72.67441860465117,1397.0,13.97,0.03,"[{'halfHeight': 10, 'risingPnt': np.int64(55395), 'fallingPnt': np.int64(55628), 'widthPnts': np.int64(233), 'widthMs': np.float64(2.33)}, {'halfHeight': 20, 'risingPnt': np.int64(55408), 'fallingPnt': np.int64(55610), 'widthPnts': np.int64(202), 'widthMs': np.float64(2.02)}, {'halfHeight': 50, 'risingPnt': np.int64(55426), 'fallingPnt': np.int64(55549), 'widthPnts': np.int64(123), 'widthMs': np.float64(1.23)}, {'halfHeight': 80, 'risingPnt': np.int64(55435), 'fallingPnt': np.int64(55500), 'widthPnts': np.int64(65), 'widthMs': np.float64(0.65)}, {'halfHeight': 90, 'risingPnt': np.int64(55440), 'fallingPnt': np.int64(55480), 'widthPnts': np.int64(40), 'widthMs': np.float64(0.4)}]",2.33,2.02,1.23,0.65,0.4,0.8900000000000574,yes,,,,,,,unknown,,,,
174,174,dvdt,9,2,7.0,26,0,[],20260908,16:38:07,,,20230324a,20230324a,stochastic-hh.sanpy,,20.0,-40.0,0,"[10, 20, 50, 80, 90]",57014,0.57014,-43.68754556461441,19.7710970899847,,57094,0.57094,42.883421431415044,86.57096699602945,0.8000000000000229,57364,0.57364,-70.14099212004577,56993.0,-46.672803025820706,56995,57003,0.08,-46.42284705372837,-45.433188414304375,12283.737117103596,,57074,16.100079740064533,276.5539246684337,57291,-53.421451536050405,-66.27980291574085,1651.0,16.51,60.56935190793458,1633.0,16.33,0.21,"[{'halfHeight': 10, 'risingPnt': np.int64(57042), 'fallingPnt': np.int64(57260), 'widthPnts': np.int64(218), 'widthMs': np.float64(2.18)}, {'halfHeight': 20, 'risingPnt': np.int64(57053), 'fallingPnt': np.int64(57243), 'widthPnts': np.int64(190), 'widthMs': np.float64(1.9)}, {'halfHeight': 50, 'risingPnt': np.int64(57068), 'fallingPnt': np.int64(57188), 'widthPnts': np.int64(120), 'widthMs': np.float64(1.2)}, {'halfHeight': 80, 'risingPnt': np.int64(57078), 'fallingPnt': np.int64(57138), 'widthPnts': np.int64(60), 'widthMs': np.float64(0.6)}, {'halfHeight': 90, 'risingPnt': np.int64(57082), 'fallingPnt': np.int64(57120), 'widthPnts': np.int64(38), 'widthMs': np.float64(0.38)}]",2.18,1.9,1.2,0.6,0.38,0.8000000000000229,yes,,,,,,,unknown,,,,
175,175,dvdt,9,2,7.0,27,0,[],20260908,16:38:07,,,20230324a,20230324a,stochastic-hh.sanpy,,20.0,-40.0,0,"[10, 20, 50, 80, 90]",58692,0.58692,-43.15835758990665,19.586602485325987,,58768,0.58768,41.58984121437287,84.74819880427953,0.7599999999999829,59043,0.5904299999999999,-70.16252433591951,58667.0,-46.672803025820706,58669,58679,0.1,-46.42190097258033,-45.24448113249174,11694.474991835,,58748,11.694977893673158,266.17033140944216,58815,22.02290745501573,-63.37355529994289,1678.0,16.78,59.594755661501786,1674.0,16.74,0.25,"[{'halfHeight': 10, 'risingPnt': np.int64(58716), 'fallingPnt': np.int64(58939), 'widthPnts': np.int64(223), 'widthMs': np.float64(2.23)}, {'halfHeight': 20, 'risingPnt': np.int64(58728), 'fallingPnt': np.int64(58921), 'widthPnts': np.int64(193), 'widthMs': np.float64(1.93)}, {'halfHeight': 50, 'risingPnt': np.int64(58744), 'fallingPnt': np.int64(58863), 'widthPnts': np.int64(119), 'widthMs': np.float64(1.19)}, {'halfHeight': 80, 'risingPnt': np.int64(58754), 'fallingPnt': np.int64(58811), 'widthPnts': np.int64(57), 'widthMs': np.float64(0.57)}, {'halfHeight': 90, 'risingPnt': np.int64(58757), 'fallingPnt': np.int64(58795), 'widthPnts': np.int64(38), 'widthMs': np.float64(0.38)}]",2.23,1.93,1.19,0.57,0.38,0.7599999999999829,yes,,,,,,,unknown,,,,
176,176,dvdt,9,2,7.0,28,0,[],20260908,16:38:07,,,20230324a,20230324a,stochastic-hh.sanpy,,20.0,-40.0,0,"[10, 20, 50, 80, 90]",60184,0.60184,-43.60734652051542,19.683576376555894,,60262,0.60262,45.196432530543944,88.80377905105937,0.7800000000000029,60530,0.6053,-70.2147751399342,60166.0,-46.672803025820706,60168,60175,0.07,-46.39674940899451,-45.2604175220769,16094.849858390939,,60240,12.358272725104746,286.7663051470417,60318,19.497606818185677,-69.28602870380652,1492.0,14.92,67.02412868632707,1499.0,14.99,0.18,"[{'halfHeight': 10, 'risingPnt': np.int64(60210), 'fallingPnt': np.int64(60425), 'widthPnts': np.int64(215), 'widthMs': np.float64(2.15)}, {'halfHeight': 20, 'risingPnt': np.int64(60221), 'fallingPnt': np.int64(60405), 'widthPnts': np.int64(184), 'widthMs': np.float64(1.84)}, {'halfHeight': 50, 'risingPnt': np.int64(60236), 'fallingPnt': np.int64(60350), 'widthPnts': np.int64(114), 'widthMs': np.float64(1.14)}, {'halfHeight': 80, 'risingPnt': np.int64(60246), 'fallingPnt': np.int64(60306), 'widthPnts': np.int64(60), 'widthMs': np.float64(0.6)}, {'halfHeight': 90, 'risingPnt': np.int64(60250), 'fallingPnt': np.int64(60286), 'widthPnts': np.int64(36), 'widthMs': np.float64(0.36)}]",2.15,1.84,1.14,0.6,0.36,0.7800000000000029,yes,,,,,,,unknown,,,,
177,177,dvdt,9,2,7.0,29,0,[],20260908,16:38:07,,,20230324a,20230324a,stochastic-hh.sanpy,,20.0,-40.0,0,"[10, 20, 50, 80, 90]",61747,0.6174700000000001,-43.872993592930676,19.464536259027575,,61824,0.61824,44.65684455910529,88.52983815203596,0.7699999999999374,62096,0.6209600000000001,-70.37848119803,61731.0,-46.672803025820706,61733,61739,0.06,-46.32391402360334,-45.3375323436371,16423.434269345784,,61802,13.572625429264095,297.89303460065696,62023,-49.581263002167766,-69.32228977379356,1563.0,15.63,63.97952655150351,1565.0,15.65,0.16,"[{'halfHeight': 10, 'risingPnt': np.int64(61772), 'fallingPnt': np.int64(61997), 'widthPnts': np.int64(225), 'widthMs': np.float64(2.25)}, {'halfHeight': 20, 'risingPnt': np.int64(61783), 'fallingPnt': np.int64(61976), 'widthPnts': np.int64(193), 'widthMs': np.float64(1.93)}, {'halfHeight': 50, 'risingPnt': np.int64(61798), 'fallingPnt': np.int64(61923), 'widthPnts': np.int64(125), 'widthMs': np.float64(1.25)}, {'halfHeight': 80, 'risingPnt': np.int64(61807), 'fallingPnt': np.int64(61871), 'widthPnts': np.int64(64), 'widthMs': np.float64(0.64)}, {'halfHeight': 90, 'risingPnt': np.int64(61811), 'fallingPnt': np.int64(61851), 'widthPnts': np.int64(40), 'widthMs': np.float64(0.4)}]",2.25,1.93,1.25,0.64,0.4,0.7699999999999374,yes,,,,,,,unknown,,,,
178,178,dvdt,9,2,7.0,30,0,[],20260908,16:38:07,,,20230324a,20230324a,stochastic-hh.sanpy,,20.0,-40.0,0,"[10, 20, 50, 80, 90]",63168,0.6316799999999999,-44.798961975437116,19.80334859409775,,63249,0.63249,47.07978025685301,91.87874223229014,0.8100000000000884,63526,0.6352599999999999,-70.19853898880109,63162.0,-45.87473064154014,63163,63165,0.02,-45.70716843969434,-45.373145127268785,16036.356056080936,,63229,17.26583121110198,294.6277179110092,63351,-0.4262595828233202,-62.62470366907495,1421.0,14.21,70.37297677691767,1431.0,14.31,0.06,"[{'halfHeight': 10, 'risingPnt': np.int64(63197), 'fallingPnt': np.int64(63433), 'widthPnts': np.int64(236), 'widthMs': np.float64(2.36)}, {'halfHeight': 20, 'risingPnt': np.int64(63208), 'fallingPnt': np.int64(63414), 'widthPnts': np.int64(206), 'widthMs': np.float64(2.06)}, {'halfHeight': 50, 'risingPnt': np.int64(63224), 'fallingPnt': np.int64(63349), 'widthPnts': np.int64(125), 'widthMs': np.float64(1.25)}, {'halfHeight': 80, 'risingPnt': np.int64(63233), 'fallingPnt': np.int64(63294), 'widthPnts': np.int64(61), 'widthMs': np.float64(0.61)}, {'halfHeight': 90, 'risingPnt': np.int64(63237), 'fallingPnt': np.int64(63276), 'widthPnts': np.int64(39), 'widthMs': np.float64(0.39)}]",2.36,2.06,1.25,0.61,0.39,0.8100000000000884,yes,,,,,,,unknown,,,,
179,179,dvdt,9,2,7.0,31,0,"[{'Spike': 31, 'Seconds': np.float64(0.6444), 'Sweep': 9, 'Epoch': 2, 'Type': 'Fit EDD', 'Details': 'Early diastolic duration rate fit - preMinPnt == spikePnt'}]",20260908,16:38:07,,,20230324a,20230324a,stochastic-hh.sanpy,,20.0,-40.0,0,"[10, 20, 50, 80, 90]",64440,0.6444,-45.69799446217095,19.43114501236253,,64526,0.64526,48.190225476258526,93.88821993842947,0.8599999999999719,64819,0.64819,-70.14421943383938,64440.0,-45.87473064154014,64440,64440,0.0,-45.69799446217095,-45.69799446217095,,,64506,18.042070044767662,313.0691483288,64580,26.061430603621837,-64.43455517236806,1272.0,12.72,78.61635220125785,1278.0,12.78,0.0,"[{'halfHeight': 10, 'risingPnt': np.int64(64472), 'fallingPnt': np.int64(64718), 'widthPnts': np.int64(246), 'widthMs': np.float64(2.46)}, {'halfHeight': 20, 'risingPnt': np.int64(64485), 'fallingPnt': np.int64(64698), 'widthPnts': np.int64(213), 'widthMs': np.float64(2.13)}, {'halfHeight': 50, 'risingPnt': np.int64(64501), 'fallingPnt': np.int64(64629), 'widthPnts': np.int64(128), 'widthMs': np.float64(1.28)}, {'halfHeight': 80, 'risingPnt': np.int64(64510), 'fallingPnt': np.int64(64574), 'widthPnts': np.int64(64), 'widthMs': np.float64(0.64)}, {'halfHeight': 90, 'risingPnt': np.int64(64514), 'fallingPnt': np.int64(64552), 'widthPnts': np.int64(38), 'widthMs': np.float64(0.38)}]",2.46,2.13,1.28,0.64,0.38,0.8599999999999719,yes,,,,,,,unknown,,,,
180,180,dvdt,9,2,7.0,32,0,"[{'Spike': 32, 'Seconds': np.float64(0.6576), 'Sweep': 9, 'Epoch': 2, 'Type': 'Fit EDD', 'Details': 'Early diastolic duration rate fit - preMinPnt == spikePnt'}]",20260908,16:38:07,,,20230324a,20230324a,stochastic-hh.sanpy,,20.0,-40.0,0,"[10, 20, 50, 80, 90]",65760,0.6576000000000001,-45.346054320508486,19.480509309647942,,65839,0.65839,47.557576609376206,92.90363092988468,0.7899999999999574,66131,0.66131,-70.08653051250135,65758.0,-45.87473064154014,65758,65759,0.01,-45.731310490346694,-45.540426411580896,,,65821,20.43511489144661,307.40083425005656,65877,33.554923533448914,-66.723191779851,1320.0,13.2,75.75757575757576,1318.0,13.18,0.02,"[{'halfHeight': 10, 'risingPnt': np.int64(65787), 'fallingPnt': np.int64(66026), 'widthPnts': np.int64(239), 'widthMs': np.float64(2.39)}, {'halfHeight': 20, 'risingPnt': np.int64(65799), 'fallingPnt': np.int64(66005), 'widthPnts': np.int64(206), 'widthMs': np.float64(2.06)}, {'halfHeight': 50, 'risingPnt': np.int64(65815), 'fallingPnt': np.int64(65940), 'widthPnts': np.int64(125), 'widthMs': np.float64(1.25)}, {'halfHeight': 80, 'risingPnt': np.int64(65824), 'fallingPnt': np.int64(65887), 'widthPnts': np.int64(63), 'widthMs': np.float64(0.63)}, {'halfHeight': 90, 'risingPnt': np.int64(65828), 'fallingPnt': np.int64(65869), 'widthPnts': np.int64(41), 'widthMs': np.float64(0.41)}]",2.39,2.06,1.25,0.63,0.41,0.7899999999999574,yes,,,,,,,unknown,,,,
181,181,dvdt,9,2,7.0,33,0,[],20260908,16:38:07,,,20230324a,20230324a,stochastic-hh.sanpy,,20.0,-40.0,0,"[10, 20, 50, 80, 90]",67326,0.67326,-44.04405622386341,19.84123200957148,,67407,0.6740700000000001,45.20861501150501,89.25267123536841,0.8100000000000884,67694,0.6769400000000001,-69.98170530202907,67316.0,-45.87473064154014,67317,67321,0.04,-45.6448488161638,-44.97136633358382,16936.16239155811,,67384,14.164964303589596,281.9726371188369,67481,11.49734356293595,-65.04368715285523,1566.0,15.66,63.85696040868454,1558.0,15.58,0.1,"[{'halfHeight': 10, 'risingPnt': np.int64(67352), 'fallingPnt': np.int64(67586), 'widthPnts': np.int64(234), 'widthMs': np.float64(2.34)}, {'halfHeight': 20, 'risingPnt': np.int64(67363), 'fallingPnt': np.int64(67565), 'widthPnts': np.int64(202), 'widthMs': np.float64(2.02)}, {'halfHeight': 50, 'risingPnt': np.int64(67379), 'fallingPnt': np.int64(67504), 'widthPnts': np.int64(125), 'widthMs': np.float64(1.25)}, {'halfHeight': 80, 'risingPnt': np.int64(67389), 'fallingPnt': np.int64(67453), 'widthPnts': np.int64(64), 'widthMs': np.float64(0.64)}, {'halfHeight': 90, 'risingPnt': np.int64(67393), 'fallingPnt': np.int64(67435), 'widthPnts': np.int64(42), 'widthMs': np.float64(0.42)}]",2.34,2.02,1.25,0.64,0.42,0.8100000000000884,yes,,,,,,,unknown,,,,
182,182,dvdt,9,2,7.0,34,0,[],20260908,16:38:07,,,20230324a,20230324a,stochastic-hh.sanpy,,20.0,-40.0,0,"[10, 20, 50, 80, 90]",68778,0.68778,-44.94282496717528,19.730796030109214,,68859,0.68859,46.75172790279891,91.69455286997419,0.8100000000000884,69135,0.69135,-70.11484842240814,68774.0,-45.87473064154014,68774,68776,0.02,-45.720913352143384,-45.33595126390718,19073.235466922233,,68839,17.76362864674556,287.5524392311058,68925,14.968985220958666,-69.31303932763326,1452.0,14.52,68.87052341597796,1458.0,14.58,0.04,"[{'halfHeight': 10, 'risingPnt': np.int64(68805), 'fallingPnt': np.int64(69035), 'widthPnts': np.int64(230), 'widthMs': np.float64(2.3)}, {'halfHeight': 20, 'risingPnt': np.int64(68817), 'fallingPnt': np.int64(69014), 'widthPnts': np.int64(197), 'widthMs': np.float64(1.97)}, {'halfHeight': 50, 'risingPnt': np.int64(68833), 'fallingPnt': np.int64(68952), 'widthPnts': np.int64(119), 'widthMs': np.float64(1.19)}, {'halfHeight': 80, 'risingPnt': np.int64(68843), 'fallingPnt': np.int64(68904), 'widthPnts': np.int64(61), 'widthMs': np.float64(0.61)}, {'halfHeight': 90, 'risingPnt': np.int64(68847), 'fallingPnt': np.int64(68885), 'widthPnts': np.int64(38), 'widthMs': np.float64(0.38)}]",2.3,1.97,1.19,0.61,0.38,0.8100000000000884,yes,,,,,,,unknown,,,,
183,183,dvdt,9,2,7.0,35,0,[],20260908,16:38:07,,,20230324a,20230324a,stochastic-hh.sanpy,,20.0,-40.0,0,"[10, 20, 50, 80, 90]",70222,0.7022200000000001,-44.295992295981456,19.713642275775133,,70298,0.70298,45.046399560190586,89.34239185617204,0.7599999999999829,70580,0.7058,-69.96617032134445,70213.0,-45.87473064154014,70214,70217,0.03,-45.70549192809636,-45.21733755782843,16050.99457412913,,70279,18.12550502853071,290.5376722393733,70337,28.919588546390493,-67.57342022158038,1444.0,14.44,69.25207756232687,1439.0,14.39,0.09,"[{'halfHeight': 10, 'risingPnt': np.int64(70247), 'fallingPnt': np.int64(70473), 'widthPnts': np.int64(226), 'widthMs': np.float64(2.26)}, {'halfHeight': 20, 'risingPnt': np.int64(70258), 'fallingPnt': np.int64(70452), 'widthPnts': np.int64(194), 'widthMs': np.float64(1.94)}, {'halfHeight': 50, 'risingPnt': np.int64(70273), 'fallingPnt': np.int64(70390), 'widthPnts': np.int64(117), 'widthMs': np.float64(1.17)}, {'halfHeight': 80, 'risingPnt': np.int64(70283), 'fallingPnt': np.int64(70340), 'widthPnts': np.int64(57), 'widthMs': np.float64(0.57)}, {'halfHeight': 90, 'risingPnt': np.int64(70287), 'fallingPnt': np.int64(70324), 'widthPnts': np.int64(37), 'widthMs': np.float64(0.37)}]",2.26,1.94,1.17,0.57,0.37,0.7599999999999829,yes,,,,,,,unknown,,,,
184,184,dvdt,9,2,7.0,36,0,[],20260908,16:38:07,,,20230324a,20230324a,stochastic-hh.sanpy,,20.0,-40.0,0,"[10, 20, 50, 80, 90]",71736,0.71736,-44.40325062168325,19.032346350888147,,71816,0.71816,45.263212655201066,89.66646327688431,0.8000000000000229,72090,0.7209,-70.10919497143675,71728.0,-45.87473064154014,71729,71732,0.03,-45.61246437408261,-45.120225132614365,16094.128666991592,,71795,13.992735975094622,299.24625484023557,72015,-51.034207072973516,-66.77976814867111,1514.0,15.14,66.05019815059445,1515.0,15.15,0.08,"[{'halfHeight': 10, 'risingPnt': np.int64(71763), 'fallingPnt': np.int64(71989), 'widthPnts': np.int64(226), 'widthMs': np.float64(2.26)}, {'halfHeight': 20, 'risingPnt': np.int64(71776), 'fallingPnt': np.int64(71967), 'widthPnts': np.int64(191), 'widthMs': np.float64(1.91)}, {'halfHeight': 50, 'risingPnt': np.int64(71791), 'fallingPnt': np.int64(71914), 'widthPnts': np.int64(123), 'widthMs': np.float64(1.23)}, {'halfHeight': 80, 'risingPnt': np.int64(71800), 'fallingPnt': np.int64(71863), 'widthPnts': np.int64(63), 'widthMs': np.float64(0.63)}, {'halfHeight': 90, 'risingPnt': np.int64(71804), 'fallingPnt': np.int64(71843), 'widthPnts': np.int64(39), 'widthMs': np.float64(0.39)}]",2.26,1.91,1.23,0.63,0.39,0.8000000000000229,yes,,,,,,,unknown,,,,
185,185,dvdt,9,2,7.0,37,0,[],20260908,16:38:07,,,20230324a,20230324a,stochastic-hh.sanpy,,20.0,-40.0,0,"[10, 20, 50, 80, 90]",73279,0.7327899999999999,-43.195095657489624,19.588527983594194,,73358,0.73358,44.416470541979,87.61156619946863,0.7900000000000684,73627,0.73627,-70.0184963784922,73262.0,-45.87473064154014,73264,73270,0.06,-45.55794652306918,-44.67969045223492,14395.235447568974,,73337,19.77029924696116,269.9595540481036,73555,-51.66319405464552,-67.15393044606404,1543.0,15.43,64.80881399870383,1534.0,15.34,0.17,"[{'halfHeight': 10, 'risingPnt': np.int64(73303), 'fallingPnt': np.int64(73523), 'widthPnts': np.int64(220), 'widthMs': np.float64(2.2)}, {'halfHeight': 20, 'risingPnt': np.int64(73314), 'fallingPnt': np.int64(73504), 'widthPnts': np.int64(190), 'widthMs': np.float64(1.9)}, {'halfHeight': 50, 'risingPnt': np.int64(73330), 'fallingPnt': np.int64(73451), 'widthPnts': np.int64(121), 'widthMs': np.float64(1.21)}, {'halfHeight': 80, 'risingPnt': np.int64(73340), 'fallingPnt': np.int64(73401), 'widthPnts': np.int64(61), 'widthMs': np.float64(0.61)}, {'halfHeight': 90, 'risingPnt': np.int64(73344), 'fallingPnt': np.int64(73383), 'widthPnts': np.int64(39), 'widthMs': np.float64(0.39)}]",2.2,1.9,1.21,0.61,0.39,0.7900000000000684,yes,,,,,,,unknown,,,,
186,186,dvdt,9,2,7.0,38,0,[],20260908,16:38:07,,,20230324a,20230324a,stochastic-hh.sanpy,,20.0,-40.0,0,"[10, 20, 50, 80, 90]",74719,0.74719,-43.389599847977685,19.466415337510515,,74796,0.7479600000000001,43.74929581602569,87.13889566400337,0.7700000000000484,75085,0.75085,-70.97021300987082,74705.0,-45.87473064154014,74706,74712,0.06,-45.64740243475376,-44.69166890351188,15455.607163831488,,74775,13.457520922977126,275.0685916303725,74926,-16.6978981815701,-63.49216925050184,1440.0,14.4,69.44444444444444,1443.0,14.43,0.14,"[{'halfHeight': 10, 'risingPnt': np.int64(74743), 'fallingPnt': np.int64(74970), 'widthPnts': np.int64(227), 'widthMs': np.float64(2.27)}, {'halfHeight': 20, 'risingPnt': np.int64(74755), 'fallingPnt': np.int64(74945), 'widthPnts': np.int64(190), 'widthMs': np.float64(1.9)}, {'halfHeight': 50, 'risingPnt': np.int64(74770), 'fallingPnt': np.int64(74892), 'widthPnts': np.int64(122), 'widthMs': np.float64(1.22)}, {'halfHeight': 80, 'risingPnt': np.int64(74780), 'fallingPnt': np.int64(74841), 'widthPnts': np.int64(61), 'widthMs': np.float64(0.61)}, {'halfHeight': 90, 'risingPnt': np.int64(74784), 'fallingPnt': np.int64(74822), 'widthPnts': np.int64(38), 'widthMs': np.float64(0.38)}]",2.27,1.9,1.22,0.61,0.38,0.7700000000000484,yes,,,,,,,unknown,,,,
187,187,dvdt,9,3,0.0,39,0,[],20260908,16:38:07,,,20230324a,20230324a,stochastic-hh.sanpy,,20.0,-40.0,0,"[10, 20, 50, 80, 90]",98120,0.9812000000000001,-45.37802694454198,19.99900559884252,,98196,0.98196,49.95881740573483,95.3368443502768,0.7599999999999829,98487,0.98487,-71.092356552502,98082.0,-50.188386004743414,98086,98101,0.15,-49.82071910592507,-48.42660689273905,8947.168326054863,,98179,21.95906198367838,343.01450419732873,98321,-8.118960361197125,-66.21823111530038,23401.0,234.01,4.273321652920815,23377.0,233.77,0.38,"[{'halfHeight': 10, 'risingPnt': np.int64(98147), 'fallingPnt': np.int64(98380), 'widthPnts': np.int64(233), 'widthMs': np.float64(2.33)}, {'halfHeight': 20, 'risingPnt': np.int64(98159), 'fallingPnt': np.int64(98360), 'widthPnts': np.int64(201), 'widthMs': np.float64(2.01)}, {'halfHeight': 50, 'risingPnt': np.int64(98173), 'fallingPnt': np.int64(98303), 'widthPnts': np.int64(130), 'widthMs': np.float64(1.3)}, {'halfHeight': 80, 'risingPnt': np.int64(98182), 'fallingPnt': np.int64(98249), 'widthPnts': np.int64(67), 'widthMs': np.float64(0.67)}, {'halfHeight': 90, 'risingPnt': np.int64(98186), 'fallingPnt': np.int64(98231), 'widthPnts': np.int64(45), 'widthMs': np.float64(0.45)}]",2.33,2.01,1.3,0.67,0.45,0.7599999999999829,yes,,,,,,,unknown,,,,
188,188,dvdt,10,1,0.0,0,0,"[{'Spike': 0, 'Seconds': np.float64(0.0342), 'Sweep': 10, 'Epoch': 1, 'Type': 'Pre spike min under-run (mdp)', 'Details': 'Went past startPnt 0 searching for pre-spike min'}]",20260908,16:38:08,,,20230324a,20230324a,stochastic-hh.sanpy,,20.0,-40.0,0,"[10, 20, 50, 80, 90]",3425,0.03425,-44.588945833745534,19.97521964048359,,3502,0.03502,50.340979173054926,94.92992500680046,0.7699999999999998,3795,0.037950000000000005,-71.02068899832244,1910.0,-61.963417780806125,2062,2668,6.06,-61.058185077224444,-59.23533667962308,391.9218228971714,,3482,21.235049218562413,324.55701377559654,3556,26.73260487533103,-76.08395423495058,,,,,,15.15,"[{'halfHeight': 10, 'risingPnt': np.int64(3452), 'fallingPnt': np.int64(3686), 'widthPnts': np.int64(234), 'widthMs': np.float64(2.34)}, {'halfHeight': 20, 'risingPnt': np.int64(3462), 'fallingPnt': np.int64(3665), 'widthPnts': np.int64(203), 'widthMs': np.float64(2.03)}, {'halfHeight': 50, 'risingPnt': np.int64(3476), 'fallingPnt': np.int64(3598), 'widthPnts': np.int64(122), 'widthMs': np.float64(1.22)}, {'halfHeight': 80, 'risingPnt': np.int64(3486), 'fallingPnt': np.int64(3550), 'widthPnts': np.int64(64), 'widthMs': np.float64(0.64)}, {'halfHeight': 90, 'risingPnt': np.int64(3489), 'fallingPnt': np.int64(3531), 'widthPnts': np.int64(42), 'widthMs': np.float64(0.42)}]",2.34,2.03,1.22,0.64,0.42,0.7699999999999998,yes,,,,,,,unknown,,,,
189,189,dvdt,10,2,8.0,1,0,[],20260908,16:38:08,,,20230324a,20230324a,stochastic-hh.sanpy,,20.0,-40.0,0,"[10, 20, 50, 80, 90]",25124,0.25124,-46.893267769802456,19.086058932342738,,25203,0.25203,51.167220387000164,98.06048815680262,0.7899999999999574,25501,0.25501,-70.03494889596155,25110.0,-49.18427509961015,25111,25117,0.06,-48.99602062987516,-48.08041736309963,15177.14495519679,,25185,20.78084965733299,365.9506041948852,25342,-10.702655000049377,-60.48111202011845,21699.0,216.99,4.608507304484077,23200.0,232.0,0.14,"[{'halfHeight': 10, 'risingPnt': np.int64(25153), 'fallingPnt': np.int64(25403), 'widthPnts': np.int64(250), 'widthMs': np.float64(2.5)}, {'halfHeight': 20, 'risingPnt': np.int64(25165), 'fallingPnt': np.int64(25382), 'widthPnts': np.int64(217), 'widthMs': np.float64(2.17)}, {'halfHeight': 50, 'risingPnt': np.int64(25180), 'fallingPnt': np.int64(25317), 'widthPnts': np.int64(137), 'widthMs': np.float64(1.37)}, {'halfHeight': 80, 'risingPnt': np.int64(25188), 'fallingPnt': np.int64(25259), 'widthPnts': np.int64(71), 'widthMs': np.float64(0.71)}, {'halfHeight': 90, 'risingPnt': np.int64(25192), 'fallingPnt': np.int64(25237), 'widthPnts': np.int64(45), 'widthMs': np.float64(0.45)}]",2.5,2.17,1.37,0.71,0.45,0.7899999999999574,yes,,,,,,,unknown,,,,
190,190,dvdt,10,2,8.0,2,0,[],20260908,16:38:08,,,20230324a,20230324a,stochastic-hh.sanpy,,20.0,-40.0,0,"[10, 20, 50, 80, 90]",26574,0.26574000000000003,-44.71416339308073,19.295667023477435,,26656,0.26656,45.3351097723089,90.04927316538962,0.8199999999999874,26943,0.26943,-69.95130025069453,26537.0,-49.18427509961015,26541,26555,0.14,-48.90059609456498,-47.6063928772323,8974.334520076744,,26636,15.429800281808749,291.2383777326716,26716,18.924490667333128,-74.32183683225279,1450.0,14.5,68.9655172413793,1427.0,14.27,0.37,"[{'halfHeight': 10, 'risingPnt': np.int64(26602), 'fallingPnt': np.int64(26843), 'widthPnts': np.int64(241), 'widthMs': np.float64(2.41)}, {'halfHeight': 20, 'risingPnt': np.int64(26615), 'fallingPnt': np.int64(26821), 'widthPnts': np.int64(206), 'widthMs': np.float64(2.06)}, {'halfHeight': 50, 'risingPnt': np.int64(26631), 'fallingPnt': np.int64(26754), 'widthPnts': np.int64(123), 'widthMs': np.float64(1.23)}, {'halfHeight': 80, 'risingPnt': np.int64(26641), 'fallingPnt': np.int64(26702), 'widthPnts': np.int64(61), 'widthMs': np.float64(0.61)}, {'halfHeight': 90, 'risingPnt': np.int64(26645), 'fallingPnt': np.int64(26684), 'widthPnts': np.int64(39), 'widthMs': np.float64(0.39)}]",2.41,2.06,1.23,0.61,0.39,0.8199999999999874,yes,,,,,,,unknown,,,,
191,191,dvdt,10,2,8.0,3,0,[],20260908,16:38:08,,,20230324a,20230324a,stochastic-hh.sanpy,,20.0,-40.0,0,"[10, 20, 50, 80, 90]",27846,0.27846,-44.52479708752226,19.95880336672066,,27926,0.27926,46.46513759291003,90.9899346804323,0.8000000000000229,28197,0.28197000000000005,-70.01055540342027,27812.0,-49.18427509961015,27815,27829,0.14,-48.82563334728026,-47.11745532988188,12094.648755103168,,27904,13.41194850448209,304.89558403559676,27957,34.89139964476544,-67.79405757507493,1272.0,12.72,78.61635220125785,1275.0,12.75,0.34,"[{'halfHeight': 10, 'risingPnt': np.int64(27873), 'fallingPnt': np.int64(28096), 'widthPnts': np.int64(223), 'widthMs': np.float64(2.23)}, {'halfHeight': 20, 'risingPnt': np.int64(27885), 'fallingPnt': np.int64(28076), 'widthPnts': np.int64(191), 'widthMs': np.float64(1.91)}, {'halfHeight': 50, 'risingPnt': np.int64(27900), 'fallingPnt': np.int64(28019), 'widthPnts': np.int64(119), 'widthMs': np.float64(1.19)}, {'halfHeight': 80, 'risingPnt': np.int64(27910), 'fallingPnt': np.int64(27969), 'widthPnts': np.int64(59), 'widthMs': np.float64(0.59)}, {'halfHeight': 90, 'risingPnt': np.int64(27914), 'fallingPnt': np.int64(27954), 'widthPnts': np.int64(40), 'widthMs': np.float64(0.4)}]",2.23,1.91,1.19,0.59,0.4,0.8000000000000229,yes,,,,,,,unknown,,,,
192,192,dvdt,10,2,8.0,4,0,[],20260908,16:38:08,,,20230324a,20230324a,stochastic-hh.sanpy,,20.0,-40.0,0,"[10, 20, 50, 80, 90]",29230,0.2923,-44.66051573702706,19.318874731360168,,29311,0.29311000000000004,44.66221354713444,89.32272928416151,0.8100000000000329,29594,0.29594,-69.82734501601354,29217.0,-46.85838293980097,29218,29223,0.05,-46.63931761425547,-45.91171110983125,14414.681351636335,,29293,16.929308920451003,287.89567375656475,29380,14.672222888175368,-66.72790199076061,1384.0,13.84,72.25433526011561,1405.0,14.05,0.13,"[{'halfHeight': 10, 'risingPnt': np.int64(29260), 'fallingPnt': np.int64(29490), 'widthPnts': np.int64(230), 'widthMs': np.float64(2.3)}, {'halfHeight': 20, 'risingPnt': np.int64(29272), 'fallingPnt': np.int64(29471), 'widthPnts': np.int64(199), 'widthMs': np.float64(1.99)}, {'halfHeight': 50, 'risingPnt': np.int64(29287), 'fallingPnt': np.int64(29410), 'widthPnts': np.int64(123), 'widthMs': np.float64(1.23)}, {'halfHeight': 80, 'risingPnt': np.int64(29297), 'fallingPnt': np.int64(29358), 'widthPnts': np.int64(61), 'widthMs': np.float64(0.61)}, {'halfHeight': 90, 'risingPnt': np.int64(29301), 'fallingPnt': np.int64(29339), 'widthPnts': np.int64(38), 'widthMs': np.float64(0.38)}]",2.3,1.99,1.23,0.61,0.38,0.8100000000000329,yes,,,,,,,unknown,,,,
193,193,dvdt,10,2,8.0,5,0,[],20260908,16:38:08,,,20230324a,20230324a,stochastic-hh.sanpy,,20.0,-40.0,0,"[10, 20, 50, 80, 90]",30727,0.30727,-43.6189873765067,19.324136266407876,,30807,0.30807,43.340936046675054,86.95992342318175,0.8000000000000229,31078,0.31077999999999995,-70.02851374199867,30705.0,-46.85838293980097,30707,30716,0.09,-46.566474469786314,-45.371910649146685,13086.099676664715,,30786,16.39795099813922,266.4296524463013,30849,26.64333770064703,-72.40301095294059,1497.0,14.97,66.8002672010688,1488.0,14.88,0.22,"[{'halfHeight': 10, 'risingPnt': np.int64(30751), 'fallingPnt': np.int64(30973), 'widthPnts': np.int64(222), 'widthMs': np.float64(2.22)}, {'halfHeight': 20, 'risingPnt': np.int64(30764), 'fallingPnt': np.int64(30956), 'widthPnts': np.int64(192), 'widthMs': np.float64(1.92)}, {'halfHeight': 50, 'risingPnt': np.int64(30780), 'fallingPnt': np.int64(30900), 'widthPnts': np.int64(120), 'widthMs': np.float64(1.2)}, {'halfHeight': 80, 'risingPnt': np.int64(30790), 'fallingPnt': np.int64(30850), 'widthPnts': np.int64(60), 'widthMs': np.float64(0.6)}, {'halfHeight': 90, 'risingPnt': np.int64(30794), 'fallingPnt': np.int64(30835), 'widthPnts': np.int64(41), 'widthMs': np.float64(0.41)}]",2.22,1.92,1.2,0.6,0.41,0.8000000000000229,yes,,,,,,,unknown,,,,
194,194,dvdt,10,2,8.0,6,0,[],20260908,16:38:08,,,20230324a,20230324a,stochastic-hh.sanpy,,20.0,-40.0,0,"[10, 20, 50, 80, 90]",32151,0.32151,-43.64561388839107,19.488414160566855,,32229,0.32229,43.54105037448141,87.18666426287248,0.7800000000000029,32494,0.32494,-70.16751066335658,32132.0,-46.85838293980097,32134,32142,0.08,-46.514297870286995,-45.269354918914836,15521.734322008148,,32211,19.654367599518196,277.688927488257,32274,23.673777081992892,-74.89925401438956,1424.0,14.24,70.2247191011236,1427.0,14.27,0.19,"[{'halfHeight': 10, 'risingPnt': np.int64(32177), 'fallingPnt': np.int64(32398), 'widthPnts': np.int64(221), 'widthMs': np.float64(2.21)}, {'halfHeight': 20, 'risingPnt': np.int64(32188), 'fallingPnt': np.int64(32377), 'widthPnts': np.int64(189), 'widthMs': np.float64(1.89)}, {'halfHeight': 50, 'risingPnt': np.int64(32204), 'fallingPnt': np.int64(32320), 'widthPnts': np.int64(116), 'widthMs': np.float64(1.16)}, {'halfHeight': 80, 'risingPnt': np.int64(32214), 'fallingPnt': np.int64(32271), 'widthPnts': np.int64(57), 'widthMs': np.float64(0.57)}, {'halfHeight': 90, 'risingPnt': np.int64(32218), 'fallingPnt': np.int64(32256), 'widthPnts': np.int64(38), 'widthMs': np.float64(0.38)}]",2.21,1.89,1.16,0.57,0.38,0.7800000000000029,yes,,,,,,,unknown,,,,
195,195,dvdt,10,2,8.0,7,0,[],20260908,16:38:08,,,20230324a,20230324a,stochastic-hh.sanpy,,20.0,-40.0,0,"[10, 20, 50, 80, 90]",33459,0.33459,-45.054273849814656,19.78270791861934,,33544,0.33544,45.901208465651536,90.95548231546618,0.8500000000000174,33816,0.33816,-70.0515519655794,33455.0,-45.774787281422135,33455,33457,0.02,-45.76382463029613,-45.4327311894174,16061.630416844648,,33522,14.780230411529047,301.891097479136,33587,27.12162134006094,-67.78639734725424,1308.0,13.08,76.45259938837921,1323.0,13.23,0.04,"[{'halfHeight': 10, 'risingPnt': np.int64(33489), 'fallingPnt': np.int64(33718), 'widthPnts': np.int64(229), 'widthMs': np.float64(2.29)}, {'halfHeight': 20, 'risingPnt': np.int64(33502), 'fallingPnt': np.int64(33697), 'widthPnts': np.int64(195), 'widthMs': np.float64(1.95)}, {'halfHeight': 50, 'risingPnt': np.int64(33517), 'fallingPnt': np.int64(33635), 'widthPnts': np.int64(118), 'widthMs': np.float64(1.18)}, {'halfHeight': 80, 'risingPnt': np.int64(33527), 'fallingPnt': np.int64(33587), 'widthPnts': np.int64(60), 'widthMs': np.float64(0.6)}, {'halfHeight': 90, 'risingPnt': np.int64(33531), 'fallingPnt': np.int64(33570), 'widthPnts': np.int64(39), 'widthMs': np.float64(0.39)}]",2.29,1.95,1.18,0.6,0.39,0.8500000000000174,yes,,,,,,,unknown,,,,
196,196,dvdt,10,2,8.0,8,0,[],20260908,16:38:08,,,20230324a,20230324a,stochastic-hh.sanpy,,20.0,-40.0,0,"[10, 20, 50, 80, 90]",34796,0.34796,-44.047245530024924,19.973926387284333,,34872,0.34872000000000003,46.98602200396961,91.03326753399453,0.7600000000000384,35152,0.35152,-70.02925639183614,34787.0,-45.774787281422135,34788,34791,0.03,-45.558674659826586,-44.9831671806001,19347.73039426084,,34852,17.78420127428678,296.4758831640837,34935,19.42175584932358,-70.43750384889093,1337.0,13.37,74.79431563201197,1332.0,13.32,0.09,"[{'halfHeight': 10, 'risingPnt': np.int64(34820), 'fallingPnt': np.int64(35049), 'widthPnts': np.int64(229), 'widthMs': np.float64(2.29)}, {'halfHeight': 20, 'risingPnt': np.int64(34831), 'fallingPnt': np.int64(35026), 'widthPnts': np.int64(195), 'widthMs': np.float64(1.95)}, {'halfHeight': 50, 'risingPnt': np.int64(34847), 'fallingPnt': np.int64(34968), 'widthPnts': np.int64(121), 'widthMs': np.float64(1.21)}, {'halfHeight': 80, 'risingPnt': np.int64(34856), 'fallingPnt': np.int64(34917), 'widthPnts': np.int64(61), 'widthMs': np.float64(0.61)}, {'halfHeight': 90, 'risingPnt': np.int64(34860), 'fallingPnt': np.int64(34899), 'widthPnts': np.int64(39), 'widthMs': np.float64(0.39)}]",2.29,1.95,1.21,0.61,0.39,0.7600000000000384,yes,,,,,,,unknown,,,,
197,197,dvdt,10,2,8.0,9,0,[],20260908,16:38:08,,,20230324a,20230324a,stochastic-hh.sanpy,,20.0,-40.0,0,"[10, 20, 50, 80, 90]",36377,0.36377,-43.932925397631365,18.829139558311375,,36458,0.36457999999999996,43.458813449067954,87.39173884669933,0.8099999999999774,36723,0.36723,-69.9065903656307,36365.0,-45.774787281422135,36366,36371,0.05,-45.615094114067915,-44.92564085423439,13533.255066981887,,36435,12.239431137676892,270.78476160738904,36529,7.739367855247609,-68.33192931736806,1581.0,15.81,63.25110689437065,1578.0,15.78,0.12,"[{'halfHeight': 10, 'risingPnt': np.int64(36403), 'fallingPnt': np.int64(36620), 'widthPnts': np.int64(217), 'widthMs': np.float64(2.17)}, {'halfHeight': 20, 'risingPnt': np.int64(36414), 'fallingPnt': np.int64(36603), 'widthPnts': np.int64(189), 'widthMs': np.float64(1.89)}, {'halfHeight': 50, 'risingPnt': np.int64(36431), 'fallingPnt': np.int64(36545), 'widthPnts': np.int64(114), 'widthMs': np.float64(1.14)}, {'halfHeight': 80, 'risingPnt': np.int64(36441), 'fallingPnt': np.int64(36498), 'widthPnts': np.int64(57), 'widthMs': np.float64(0.57)}, {'halfHeight': 90, 'risingPnt': np.int64(36445), 'fallingPnt': np.int64(36483), 'widthPnts': np.int64(38), 'widthMs': np.float64(0.38)}]",2.17,1.89,1.14,0.57,0.38,0.8099999999999774,yes,,,,,,,unknown,,,,
198,198,dvdt,10,2,8.0,10,0,[],20260908,16:38:08,,,20230324a,20230324a,stochastic-hh.sanpy,,20.0,-40.0,0,"[10, 20, 50, 80, 90]",37682,0.37682,-44.208984798395,19.39028168691608,,37761,0.37761,47.119582148028364,91.32856694642336,0.7900000000000129,38040,0.38039999999999996,-69.81660973950311,37674.0,-45.774787281422135,37675,37678,0.03,-45.51817485803484,-44.96867980503975,18108.893664684747,,37741,18.643615027558795,294.5956497593856,37795,33.71146011554124,-63.96752547670744,1305.0,13.05,76.62835249042145,1309.0,13.09,0.08,"[{'halfHeight': 10, 'risingPnt': np.int64(37707), 'fallingPnt': np.int64(37938), 'widthPnts': np.int64(231), 'widthMs': np.float64(2.31)}, {'halfHeight': 20, 'risingPnt': np.int64(37720), 'fallingPnt': np.int64(37920), 'widthPnts': np.int64(200), 'widthMs': np.float64(2.0)}, {'halfHeight': 50, 'risingPnt': np.int64(37735), 'fallingPnt': np.int64(37858), 'widthPnts': np.int64(123), 'widthMs': np.float64(1.23)}, {'halfHeight': 80, 'risingPnt': np.int64(37745), 'fallingPnt': np.int64(37805), 'widthPnts': np.int64(60), 'widthMs': np.float64(0.6)}, {'halfHeight': 90, 'risingPnt': np.int64(37749), 'fallingPnt': np.int64(37789), 'widthPnts': np.int64(40), 'widthMs': np.float64(0.4)}]",2.31,2.0,1.23,0.6,0.4,0.7900000000000129,yes,,,,,,,unknown,,,,
199,199,dvdt,10,2,8.0,11,0,[],20260908,16:38:08,,,20230324a,20230324a,stochastic-hh.sanpy,,20.0,-40.0,0,"[10, 20, 50, 80, 90]",39451,0.39450999999999997,-43.75766449545858,19.757410195480766,,39534,0.39533999999999997,43.57399728929053,87.33166178474912,0.8299999999999974,39803,0.39803,-70.17038198155107,39440.0,-45.774787281422135,39441,39446,0.05,-45.557945474987996,-44.70559627066155,16803.75748719926,,39515,20.63415420905923,272.9689230200752,39624,0.9997188265644696,-72.89735309873063,1769.0,17.69,56.529112492933855,1766.0,17.66,0.11,"[{'halfHeight': 10, 'risingPnt': np.int64(39479), 'fallingPnt': np.int64(39702), 'widthPnts': np.int64(223), 'widthMs': np.float64(2.23)}, {'halfHeight': 20, 'risingPnt': np.int64(39492), 'fallingPnt': np.int64(39681), 'widthPnts': np.int64(189), 'widthMs': np.float64(1.89)}, {'halfHeight': 50, 'risingPnt': np.int64(39508), 'fallingPnt': np.int64(39626), 'widthPnts': np.int64(118), 'widthMs': np.float64(1.18)}, {'halfHeight': 80, 'risingPnt': np.int64(39518), 'fallingPnt': np.int64(39578), 'widthPnts': np.int64(60), 'widthMs': np.float64(0.6)}, {'halfHeight': 90, 'risingPnt': np.int64(39522), 'fallingPnt': np.int64(39561), 'widthPnts': np.int64(39), 'widthMs': np.float64(0.39)}]",2.23,1.89,1.18,0.6,0.39,0.8299999999999974,yes,,,,,,,unknown,,,,
200,200,dvdt,10,2,8.0,12,0,[],20260908,16:38:08,,,20230324a,20230324a,stochastic-hh.sanpy,,20.0,-40.0,0,"[10, 20, 50, 80, 90]",40640,0.4064,-44.39749133261824,19.151966535500684,,40719,0.40719,46.960733968643005,91.35822530126124,0.7900000000000129,41004,0.41004,-69.86030673497355,40629.0,-46.31067544968879,40630,40635,0.05,-46.07939268494185,-45.29844862000025,15395.409378449925,,40700,19.565243385977215,305.06357176952383,40790,16.488596505284285,-66.86571202059007,1189.0,11.89,84.10428931875525,1189.0,11.89,0.11,"[{'halfHeight': 10, 'risingPnt': np.int64(40667), 'fallingPnt': np.int64(40901), 'widthPnts': np.int64(234), 'widthMs': np.float64(2.34)}, {'halfHeight': 20, 'risingPnt': np.int64(40679), 'fallingPnt': np.int64(40880), 'widthPnts': np.int64(201), 'widthMs': np.float64(2.01)}, {'halfHeight': 50, 'risingPnt': np.int64(40694), 'fallingPnt': np.int64(40818), 'widthPnts': np.int64(124), 'widthMs': np.float64(1.24)}, {'halfHeight': 80, 'risingPnt': np.int64(40704), 'fallingPnt': np.int64(40768), 'widthPnts': np.int64(64), 'widthMs': np.float64(0.64)}, {'halfHeight': 90, 'risingPnt': np.int64(40708), 'fallingPnt': np.int64(40748), 'widthPnts': np.int64(40), 'widthMs': np.float64(0.4)}]",2.34,2.01,1.24,0.64,0.4,0.7900000000000129,yes,,,,,,,unknown,,,,
201,201,dvdt,10,2,8.0,13,0,[],20260908,16:38:08,,,20230324a,20230324a,stochastic-hh.sanpy,,20.0,-40.0,0,"[10, 20, 50, 80, 90]",41925,0.41925,-44.649100912626444,19.995672300059745,,42007,0.42007,46.93782426198678,91.58692517461323,0.8199999999999874,42296,0.42296,-69.8674737454331,41916.0,-46.31067544968879,41917,41920,0.03,-46.117136082516346,-45.595668371065514,17450.009246570116,,41987,18.940983841211608,301.5539299920419,42083,12.479441729410636,-64.54050520681058,1285.0,12.85,77.82101167315174,1287.0,12.87,0.09,"[{'halfHeight': 10, 'risingPnt': np.int64(41953), 'fallingPnt': np.int64(42188), 'widthPnts': np.int64(235), 'widthMs': np.float64(2.35)}, {'halfHeight': 20, 'risingPnt': np.int64(41965), 'fallingPnt': np.int64(42166), 'widthPnts': np.int64(201), 'widthMs': np.float64(2.01)}, {'halfHeight': 50, 'risingPnt': np.int64(41981), 'fallingPnt': np.int64(42104), 'widthPnts': np.int64(123), 'widthMs': np.float64(1.23)}, {'halfHeight': 80, 'risingPnt': np.int64(41991), 'fallingPnt': np.int64(42055), 'widthPnts': np.int64(64), 'widthMs': np.float64(0.64)}, {'halfHeight': 90, 'risingPnt': np.int64(41995), 'fallingPnt': np.int64(42036), 'widthPnts': np.int64(41), 'widthMs': np.float64(0.41)}]",2.35,2.01,1.23,0.64,0.41,0.8199999999999874,yes,,,,,,,unknown,,,,
202,202,dvdt,10,2,8.0,14,0,[],20260908,16:38:08,,,20230324a,20230324a,stochastic-hh.sanpy,,20.0,-40.0,0,"[10, 20, 50, 80, 90]",43218,0.43218,-42.483014058052404,19.695453319307536,,43293,0.43293,42.35601764118104,84.83903169923344,0.7499999999999729,43567,0.43567,-70.03724089033048,43194.0,-46.31067544968879,43196,43206,0.1,-45.99938045436521,-44.517829641484255,14745.950215914816,,43274,18.581786365940573,267.06015906662947,43335,25.798148575529318,-74.24810048273626,1293.0,12.93,77.33952049497293,1278.0,12.78,0.24,"[{'halfHeight': 10, 'risingPnt': np.int64(43241), 'fallingPnt': np.int64(43460), 'widthPnts': np.int64(219), 'widthMs': np.float64(2.19)}, {'halfHeight': 20, 'risingPnt': np.int64(43252), 'fallingPnt': np.int64(43442), 'widthPnts': np.int64(190), 'widthMs': np.float64(1.9)}, {'halfHeight': 50, 'risingPnt': np.int64(43267), 'fallingPnt': np.int64(43383), 'widthPnts': np.int64(116), 'widthMs': np.float64(1.16)}, {'halfHeight': 80, 'risingPnt': np.int64(43277), 'fallingPnt': np.int64(43336), 'widthPnts': np.int64(59), 'widthMs': np.float64(0.59)}, {'halfHeight': 90, 'risingPnt': np.int64(43281), 'fallingPnt': np.int64(43321), 'widthPnts': np.int64(40), 'widthMs': np.float64(0.4)}]",2.19,1.9,1.16,0.59,0.4,0.7499999999999729,yes,,,,,,,unknown,,,,
203,203,dvdt,10,2,8.0,15,0,[],20260908,16:38:08,,,20230324a,20230324a,stochastic-hh.sanpy,,20.0,-40.0,0,"[10, 20, 50, 80, 90]",44746,0.44745999999999997,-43.36025360943931,18.834246476949488,,44824,0.44824,44.51954845818201,87.87980206762131,0.7800000000000584,45105,0.45105,-69.89903311018936,44725.0,-46.31067544968879,44727,44735,0.08,-46.07870981339239,-45.06926248962607,12311.069358084433,,44805,18.61349791492556,288.9662124297046,44920,1.0050369742008745,-68.69902841095043,1528.0,15.28,65.44502617801047,1531.0,15.31,0.21,"[{'halfHeight': 10, 'risingPnt': np.int64(44772), 'fallingPnt': np.int64(44997), 'widthPnts': np.int64(225), 'widthMs': np.float64(2.25)}, {'halfHeight': 20, 'risingPnt': np.int64(44784), 'fallingPnt': np.int64(44975), 'widthPnts': np.int64(191), 'widthMs': np.float64(1.91)}, {'halfHeight': 50, 'risingPnt': np.int64(44799), 'fallingPnt': np.int64(44921), 'widthPnts': np.int64(122), 'widthMs': np.float64(1.22)}, {'halfHeight': 80, 'risingPnt': np.int64(44808), 'fallingPnt': np.int64(44869), 'widthPnts': np.int64(61), 'widthMs': np.float64(0.61)}, {'halfHeight': 90, 'risingPnt': np.int64(44812), 'fallingPnt': np.int64(44853), 'widthPnts': np.int64(41), 'widthMs': np.float64(0.41)}]",2.25,1.91,1.22,0.61,0.41,0.7800000000000584,yes,,,,,,,unknown,,,,
204,204,dvdt,10,2,8.0,16,0,[],20260908,16:38:08,,,20230324a,20230324a,stochastic-hh.sanpy,,20.0,-40.0,0,"[10, 20, 50, 80, 90]",46049,0.46049,-44.14343913714092,19.54977340865937,,46124,0.46124,47.36920015845235,91.51263929559327,0.7499999999999729,46405,0.46405,-70.06915521810014,46037.0,-46.31067544968879,46038,46043,0.05,-46.12344989442487,-45.27201114092611,16901.662022415174,,46105,17.848645172422607,297.73550847846246,46164,30.635328718397076,-70.04702694173919,1303.0,13.03,76.74597083653109,1312.0,13.12,0.12,"[{'halfHeight': 10, 'risingPnt': np.int64(46074), 'fallingPnt': np.int64(46302), 'widthPnts': np.int64(228), 'widthMs': np.float64(2.28)}, {'halfHeight': 20, 'risingPnt': np.int64(46085), 'fallingPnt': np.int64(46282), 'widthPnts': np.int64(197), 'widthMs': np.float64(1.97)}, {'halfHeight': 50, 'risingPnt': np.int64(46100), 'fallingPnt': np.int64(46220), 'widthPnts': np.int64(120), 'widthMs': np.float64(1.2)}, {'halfHeight': 80, 'risingPnt': np.int64(46109), 'fallingPnt': np.int64(46167), 'widthPnts': np.int64(58), 'widthMs': np.float64(0.58)}, {'halfHeight': 90, 'risingPnt': np.int64(46113), 'fallingPnt': np.int64(46151), 'widthPnts': np.int64(38), 'widthMs': np.float64(0.38)}]",2.28,1.97,1.2,0.58,0.38,0.7499999999999729,yes,,,,,,,unknown,,,,
205,205,dvdt,10,2,8.0,17,0,[],20260908,16:38:08,,,20230324a,20230324a,stochastic-hh.sanpy,,20.0,-40.0,0,"[10, 20, 50, 80, 90]",47300,0.473,-43.367095410885156,19.39717222080618,,47382,0.47382,43.37838399815307,86.74547940903823,0.8200000000000429,47661,0.47661000000000003,-69.91431990681885,47281.0,-46.31067544968879,47283,47291,0.08,-45.96832938005975,-44.92075056751147,13084.467753080564,,47360,12.104706001168445,281.37207708188737,47462,6.157379342447206,-66.55610658478767,1251.0,12.51,79.93605115907275,1244.0,12.44,0.19,"[{'halfHeight': 10, 'risingPnt': np.int64(47329), 'fallingPnt': np.int64(47553), 'widthPnts': np.int64(224), 'widthMs': np.float64(2.24)}, {'halfHeight': 20, 'risingPnt': np.int64(47341), 'fallingPnt': np.int64(47532), 'widthPnts': np.int64(191), 'widthMs': np.float64(1.91)}, {'halfHeight': 50, 'risingPnt': np.int64(47356), 'fallingPnt': np.int64(47473), 'widthPnts': np.int64(117), 'widthMs': np.float64(1.17)}, {'halfHeight': 80, 'risingPnt': np.int64(47366), 'fallingPnt': np.int64(47425), 'widthPnts': np.int64(59), 'widthMs': np.float64(0.59)}, {'halfHeight': 90, 'risingPnt': np.int64(47370), 'fallingPnt': np.int64(47409), 'widthPnts': np.int64(39), 'widthMs': np.float64(0.39)}]",2.24,1.91,1.17,0.59,0.39,0.8200000000000429,yes,,,,,,,unknown,,,,
206,206,dvdt,10,2,8.0,18,0,[],20260908,16:38:08,,,20230324a,20230324a,stochastic-hh.sanpy,,20.0,-40.0,0,"[10, 20, 50, 80, 90]",48722,0.48722000000000004,-43.873557682628146,19.660198196534083,,48802,0.48802,45.076892539461134,88.95045022208927,0.7999999999999674,49064,0.49063999999999997,-69.94461767169945,48707.0,-46.31067544968879,48709,48715,0.06,-45.999273826378136,-45.098782980126124,14974.14432151458,,48781,18.099487413452376,278.18724877326,48853,23.233102767950285,-75.89040647064154,1422.0,14.22,70.32348804500704,1426.0,14.26,0.15,"[{'halfHeight': 10, 'risingPnt': np.int64(48747), 'fallingPnt': np.int64(48965), 'widthPnts': np.int64(218), 'widthMs': np.float64(2.18)}, {'halfHeight': 20, 'risingPnt': np.int64(48759), 'fallingPnt': np.int64(48948), 'widthPnts': np.int64(189), 'widthMs': np.float64(1.89)}, {'halfHeight': 50, 'risingPnt': np.int64(48775), 'fallingPnt': np.int64(48894), 'widthPnts': np.int64(119), 'widthMs': np.float64(1.19)}, {'halfHeight': 80, 'risingPnt': np.int64(48785), 'fallingPnt': np.int64(48847), 'widthPnts': np.int64(62), 'widthMs': np.float64(0.62)}, {'halfHeight': 90, 'risingPnt': np.int64(48789), 'fallingPnt': np.int64(48829), 'widthPnts': np.int64(40), 'widthMs': np.float64(0.4)}]",2.18,1.89,1.19,0.62,0.4,0.7999999999999674,yes,,,,,,,unknown,,,,
207,207,dvdt,10,2,8.0,19,0,[],20260908,16:38:08,,,20230324a,20230324a,stochastic-hh.sanpy,,20.0,-40.0,0,"[10, 20, 50, 80, 90]",50261,0.50261,-44.97016495860209,19.934788821108913,,50345,0.50345,43.000018663994645,87.97018362259674,0.8399999999999519,50609,0.5060899999999999,-70.0345190716319,50253.0,-46.31067544968879,50254,50257,0.03,-46.17136866503169,-45.70099913298603,15673.109061370782,,50326,16.158718588406458,275.64421253801095,50413,11.582470746924269,-75.65582064751048,1539.0,15.39,64.9772579597141,1546.0,15.46,0.08,"[{'halfHeight': 10, 'risingPnt': np.int64(50290), 'fallingPnt': np.int64(50516), 'widthPnts': np.int64(226), 'widthMs': np.float64(2.26)}, {'halfHeight': 20, 'risingPnt': np.int64(50303), 'fallingPnt': np.int64(50494), 'widthPnts': np.int64(191), 'widthMs': np.float64(1.91)}, {'halfHeight': 50, 'risingPnt': np.int64(50320), 'fallingPnt': np.int64(50436), 'widthPnts': np.int64(116), 'widthMs': np.float64(1.16)}, {'halfHeight': 80, 'risingPnt': np.int64(50330), 'fallingPnt': np.int64(50388), 'widthPnts': np.int64(58), 'widthMs': np.float64(0.58)}, {'halfHeight': 90, 'risingPnt': np.int64(50334), 'fallingPnt': np.int64(50371), 'widthPnts': np.int64(37), 'widthMs': np.float64(0.37)}]",2.26,1.91,1.16,0.58,0.37,0.8399999999999519,yes,,,,,,,unknown,,,,
208,208,dvdt,10,2,8.0,20,0,[],20260908,16:38:08,,,20230324a,20230324a,stochastic-hh.sanpy,,20.0,-40.0,0,"[10, 20, 50, 80, 90]",51674,0.51674,-43.69170731769611,19.250701819935827,,51753,0.5175299999999999,42.804294174998596,86.4960014926947,0.7899999999999574,52025,0.52025,-69.98773025860119,51655.0,-46.31067544968879,51657,51665,0.08,-46.051330578267496,-45.11205056839736,11725.924128231874,,51731,13.126937494367791,264.7751126433989,51817,14.09899698636367,-66.10612890862669,1413.0,14.13,70.77140835102618,1402.0,14.02,0.19,"[{'halfHeight': 10, 'risingPnt': np.int64(51699), 'fallingPnt': np.int64(51922), 'widthPnts': np.int64(223), 'widthMs': np.float64(2.23)}, {'halfHeight': 20, 'risingPnt': np.int64(51710), 'fallingPnt': np.int64(51900), 'widthPnts': np.int64(190), 'widthMs': np.float64(1.9)}, {'halfHeight': 50, 'risingPnt': np.int64(51726), 'fallingPnt': np.int64(51844), 'widthPnts': np.int64(118), 'widthMs': np.float64(1.18)}, {'halfHeight': 80, 'risingPnt': np.int64(51736), 'fallingPnt': np.int64(51795), 'widthPnts': np.int64(59), 'widthMs': np.float64(0.59)}, {'halfHeight': 90, 'risingPnt': np.int64(51741), 'fallingPnt': np.int64(51778), 'widthPnts': np.int64(37), 'widthMs': np.float64(0.37)}]",2.23,1.9,1.18,0.59,0.37,0.7899999999999574,yes,,,,,,,unknown,,,,
209,209,dvdt,10,2,8.0,21,0,[],20260908,16:38:08,,,20230324a,20230324a,stochastic-hh.sanpy,,20.0,-40.0,0,"[10, 20, 50, 80, 90]",53253,0.53253,-43.25233554054902,19.895667579270825,,53332,0.53332,41.69748771502347,84.94982325557248,0.7900000000000684,53591,0.53591,-70.20345752822452,53234.0,-46.31067544968879,53236,53244,0.08,-45.97070807268716,-44.79442668006933,14528.553814607458,,53310,13.727402492861291,258.36366470290824,53374,25.004792536871523,-71.81192234317221,1579.0,15.79,63.331222292590255,1579.0,15.79,0.19,"[{'halfHeight': 10, 'risingPnt': np.int64(53277), 'fallingPnt': np.int64(53492), 'widthPnts': np.int64(215), 'widthMs': np.float64(2.15)}, {'halfHeight': 20, 'risingPnt': np.int64(53289), 'fallingPnt': np.int64(53473), 'widthPnts': np.int64(184), 'widthMs': np.float64(1.84)}, {'halfHeight': 50, 'risingPnt': np.int64(53305), 'fallingPnt': np.int64(53423), 'widthPnts': np.int64(118), 'widthMs': np.float64(1.18)}, {'halfHeight': 80, 'risingPnt': np.int64(53315), 'fallingPnt': np.int64(53375), 'widthPnts': np.int64(60), 'widthMs': np.float64(0.6)}, {'halfHeight': 90, 'risingPnt': np.int64(53319), 'fallingPnt': np.int64(53360), 'widthPnts': np.int64(41), 'widthMs': np.float64(0.41)}]",2.15,1.84,1.18,0.6,0.41,0.7900000000000684,yes,,,,,,,unknown,,,,
210,210,dvdt,10,2,8.0,22,0,[],20260908,16:38:08,,,20230324a,20230324a,stochastic-hh.sanpy,,20.0,-40.0,0,"[10, 20, 50, 80, 90]",54639,0.5463899999999999,-43.52893349621653,19.290736722723086,,54718,0.54718,42.594553168334535,86.12348666455107,0.7900000000000684,55001,0.55001,-69.70224449600948,54630.0,-45.20707981034929,54631,54634,0.03,-44.90757677399151,-44.433947864459356,15629.323585636117,,54700,19.489811425063888,275.21612361731445,54781,13.621325709689335,-69.24800895534094,1386.0,13.86,72.15007215007215,1396.0,13.96,0.09,"[{'halfHeight': 10, 'risingPnt': np.int64(54666), 'fallingPnt': np.int64(54893), 'widthPnts': np.int64(227), 'widthMs': np.float64(2.27)}, {'halfHeight': 20, 'risingPnt': np.int64(54677), 'fallingPnt': np.int64(54873), 'widthPnts': np.int64(196), 'widthMs': np.float64(1.96)}, {'halfHeight': 50, 'risingPnt': np.int64(54693), 'fallingPnt': np.int64(54811), 'widthPnts': np.int64(118), 'widthMs': np.float64(1.18)}, {'halfHeight': 80, 'risingPnt': np.int64(54703), 'fallingPnt': np.int64(54763), 'widthPnts': np.int64(60), 'widthMs': np.float64(0.6)}, {'halfHeight': 90, 'risingPnt': np.int64(54707), 'fallingPnt': np.int64(54744), 'widthPnts': np.int64(37), 'widthMs': np.float64(0.37)}]",2.27,1.96,1.18,0.6,0.37,0.7900000000000684,yes,,,,,,,unknown,,,,
211,211,dvdt,10,2,8.0,23,0,[],20260908,16:38:08,,,20230324a,20230324a,stochastic-hh.sanpy,,20.0,-40.0,0,"[10, 20, 50, 80, 90]",56009,0.56009,-43.65346949526664,19.81157565395858,,56090,0.5609,43.48425969246008,87.13772918772672,0.8099999999999774,56354,0.5635399999999999,-70.0251762817268,56001.0,-45.20707981034929,56002,56005,0.03,-44.9709735557739,-44.42798971080178,17842.06538853958,,56067,9.182615697743204,264.1626214143123,56140,20.096006770213666,-65.8911679473511,1370.0,13.7,72.99270072992701,1371.0,13.71,0.08,"[{'halfHeight': 10, 'risingPnt': np.int64(56035), 'fallingPnt': np.int64(56253), 'widthPnts': np.int64(218), 'widthMs': np.float64(2.18)}, {'halfHeight': 20, 'risingPnt': np.int64(56047), 'fallingPnt': np.int64(56235), 'widthPnts': np.int64(188), 'widthMs': np.float64(1.88)}, {'halfHeight': 50, 'risingPnt': np.int64(56064), 'fallingPnt': np.int64(56182), 'widthPnts': np.int64(118), 'widthMs': np.float64(1.18)}, {'halfHeight': 80, 'risingPnt': np.int64(56074), 'fallingPnt': np.int64(56130), 'widthPnts': np.int64(56), 'widthMs': np.float64(0.56)}, {'halfHeight': 90, 'risingPnt': np.int64(56078), 'fallingPnt': np.int64(56114), 'widthPnts': np.int64(36), 'widthMs': np.float64(0.36)}]",2.18,1.88,1.18,0.56,0.36,0.8099999999999774,yes,,,,,,,unknown,,,,
212,212,dvdt,10,2,8.0,24,0,"[{'Spike': 24, 'Seconds': np.float64(0.5742), 'Sweep': 10, 'Epoch': 2, 'Type': 'Fit EDD', 'Details': 'Early diastolic duration rate fit - preMinPnt == spikePnt'}]",20260908,16:38:08,,,20230324a,20230324a,stochastic-hh.sanpy,,20.0,-40.0,0,"[10, 20, 50, 80, 90]",57418,0.5741799999999999,-46.164674217147116,19.490705883793172,,57504,0.57504,45.42162746007818,91.5863016772253,0.8600000000000829,57772,0.57772,-70.09791046683998,57418.0,-45.20707981034929,57418,57418,0.0,-46.164674217147116,-46.164674217147116,,,57485,18.51825633752074,291.2146985928622,57686,-42.26976901187498,-64.34318899288652,1409.0,14.09,70.97232079489,1417.0,14.17,0.0,"[{'halfHeight': 10, 'risingPnt': np.int64(57447), 'fallingPnt': np.int64(57678), 'widthPnts': np.int64(231), 'widthMs': np.float64(2.31)}, {'halfHeight': 20, 'risingPnt': np.int64(57461), 'fallingPnt': np.int64(57662), 'widthPnts': np.int64(201), 'widthMs': np.float64(2.01)}, {'halfHeight': 50, 'risingPnt': np.int64(57479), 'fallingPnt': np.int64(57602), 'widthPnts': np.int64(123), 'widthMs': np.float64(1.23)}, {'halfHeight': 80, 'risingPnt': np.int64(57488), 'fallingPnt': np.int64(57551), 'widthPnts': np.int64(63), 'widthMs': np.float64(0.63)}, {'halfHeight': 90, 'risingPnt': np.int64(57493), 'fallingPnt': np.int64(57531), 'widthPnts': np.int64(38), 'widthMs': np.float64(0.38)}]",2.31,2.01,1.23,0.63,0.38,0.8600000000000829,yes,,,,,,,unknown,,,,
213,213,dvdt,10,2,8.0,25,0,[],20260908,16:38:08,,,20230324a,20230324a,stochastic-hh.sanpy,,20.0,-40.0,0,"[10, 20, 50, 80, 90]",58865,0.58865,-44.4232238550373,19.500828471865837,,58944,0.5894400000000001,45.73782329941887,90.16104715445617,0.7900000000000684,59210,0.5921000000000001,-70.15362045981529,58861.0,-45.20707981034929,58861,58863,0.02,-45.17064627748554,-44.80795486533703,17863.897471254826,,58923,15.501648905705675,289.6694507667387,59138,-50.89731036765331,-70.21425791065187,1447.0,14.47,69.1085003455425,1443.0,14.43,0.04,"[{'halfHeight': 10, 'risingPnt': np.int64(58890), 'fallingPnt': np.int64(59111), 'widthPnts': np.int64(221), 'widthMs': np.float64(2.21)}, {'halfHeight': 20, 'risingPnt': np.int64(58902), 'fallingPnt': np.int64(59094), 'widthPnts': np.int64(192), 'widthMs': np.float64(1.92)}, {'halfHeight': 50, 'risingPnt': np.int64(58918), 'fallingPnt': np.int64(59038), 'widthPnts': np.int64(120), 'widthMs': np.float64(1.2)}, {'halfHeight': 80, 'risingPnt': np.int64(58928), 'fallingPnt': np.int64(58990), 'widthPnts': np.int64(62), 'widthMs': np.float64(0.62)}, {'halfHeight': 90, 'risingPnt': np.int64(58932), 'fallingPnt': np.int64(58973), 'widthPnts': np.int64(41), 'widthMs': np.float64(0.41)}]",2.21,1.92,1.2,0.62,0.41,0.7900000000000684,yes,,,,,,,unknown,,,,
214,214,dvdt,10,2,8.0,26,0,[],20260908,16:38:08,,,20230324a,20230324a,stochastic-hh.sanpy,,20.0,-40.0,0,"[10, 20, 50, 80, 90]",60326,0.60326,-43.20711435591618,19.842645425753755,,60404,0.6040399999999999,41.84178438921422,85.0488987451304,0.7799999999998919,60671,0.6067100000000001,-70.0256094138867,60315.0,-45.20707981034929,60316,60321,0.05,-44.95536836454423,-44.13572872743628,16574.856389246004,,60383,13.903742157297096,264.45995846179125,60447,24.740646477557107,-68.53120969387562,1461.0,14.61,68.44626967830253,1454.0,14.54,0.11,"[{'halfHeight': 10, 'risingPnt': np.int64(60351), 'fallingPnt': np.int64(60569), 'widthPnts': np.int64(218), 'widthMs': np.float64(2.18)}, {'halfHeight': 20, 'risingPnt': np.int64(60362), 'fallingPnt': np.int64(60553), 'widthPnts': np.int64(191), 'widthMs': np.float64(1.91)}, {'halfHeight': 50, 'risingPnt': np.int64(60378), 'fallingPnt': np.int64(60497), 'widthPnts': np.int64(119), 'widthMs': np.float64(1.19)}, {'halfHeight': 80, 'risingPnt': np.int64(60388), 'fallingPnt': np.int64(60447), 'widthPnts': np.int64(59), 'widthMs': np.float64(0.59)}, {'halfHeight': 90, 'risingPnt': np.int64(60392), 'fallingPnt': np.int64(60433), 'widthPnts': np.int64(41), 'widthMs': np.float64(0.41)}]",2.18,1.91,1.19,0.59,0.41,0.7799999999998919,yes,,,,,,,unknown,,,,
215,215,dvdt,10,2,8.0,27,0,"[{'Spike': 27, 'Seconds': np.float64(0.616), 'Sweep': 10, 'Epoch': 2, 'Type': 'Fit EDD', 'Details': 'Early diastolic duration rate fit - preMinPnt == spikePnt'}]",20260908,16:38:08,,,20230324a,20230324a,stochastic-hh.sanpy,,20.0,-40.0,0,"[10, 20, 50, 80, 90]",61604,0.6160399999999999,-45.10645319797221,19.592396518824874,,61685,0.61685,46.620466444521824,91.72691964249404,0.8100000000000884,61954,0.61954,-69.93288167401937,61604.0,-45.20707981034929,61604,61604,0.0,-45.10645319797221,-45.10645319797221,,,61665,17.169410237192725,294.7530308888508,61733,25.9692411990538,-69.7601649509994,1278.0,12.78,78.24726134585289,1289.0,12.89,0.0,"[{'halfHeight': 10, 'risingPnt': np.int64(61632), 'fallingPnt': np.int64(61855), 'widthPnts': np.int64(223), 'widthMs': np.float64(2.23)}, {'halfHeight': 20, 'risingPnt': np.int64(61644), 'fallingPnt': np.int64(61835), 'widthPnts': np.int64(191), 'widthMs': np.float64(1.91)}, {'halfHeight': 50, 'risingPnt': np.int64(61660), 'fallingPnt': np.int64(61777), 'widthPnts': np.int64(117), 'widthMs': np.float64(1.17)}, {'halfHeight': 80, 'risingPnt': np.int64(61669), 'fallingPnt': np.int64(61730), 'widthPnts': np.int64(61), 'widthMs': np.float64(0.61)}, {'halfHeight': 90, 'risingPnt': np.int64(61673), 'fallingPnt': np.int64(61712), 'widthPnts': np.int64(39), 'widthMs': np.float64(0.39)}]",2.23,1.91,1.17,0.61,0.39,0.8100000000000884,yes,,,,,,,unknown,,,,
216,216,dvdt,10,2,8.0,28,0,[],20260908,16:38:08,,,20230324a,20230324a,stochastic-hh.sanpy,,20.0,-40.0,0,"[10, 20, 50, 80, 90]",63135,0.6313500000000001,-43.34737423191367,19.472555539865034,,63211,0.6321100000000001,43.23951882550452,86.5868930574182,0.7599999999999829,63475,0.63475,-70.07004769684595,63124.0,-45.20707981034929,63125,63130,0.05,-45.032359979450256,-44.24578075115398,15457.926455581748,,63192,19.359600089420827,261.75589543429334,63265,18.86290675443271,-72.05713947498322,1531.0,15.31,65.31678641410842,1520.0,15.2,0.11,"[{'halfHeight': 10, 'risingPnt': np.int64(63158), 'fallingPnt': np.int64(63376), 'widthPnts': np.int64(218), 'widthMs': np.float64(2.18)}, {'halfHeight': 20, 'risingPnt': np.int64(63169), 'fallingPnt': np.int64(63357), 'widthPnts': np.int64(188), 'widthMs': np.float64(1.88)}, {'halfHeight': 50, 'risingPnt': np.int64(63185), 'fallingPnt': np.int64(63302), 'widthPnts': np.int64(117), 'widthMs': np.float64(1.17)}, {'halfHeight': 80, 'risingPnt': np.int64(63195), 'fallingPnt': np.int64(63252), 'widthPnts': np.int64(57), 'widthMs': np.float64(0.57)}, {'halfHeight': 90, 'risingPnt': np.int64(63199), 'fallingPnt': np.int64(63235), 'widthPnts': np.int64(36), 'widthMs': np.float64(0.36)}]",2.18,1.88,1.17,0.57,0.36,0.7599999999999829,yes,,,,,,,unknown,,,,
217,217,dvdt,10,2,8.0,29,0,[],20260908,16:38:08,,,20230324a,20230324a,stochastic-hh.sanpy,,20.0,-40.0,0,"[10, 20, 50, 80, 90]",64434,0.64434,-44.42850463674368,19.447970584511918,,64512,0.64512,46.02175773394275,90.45026237068643,0.7800000000000029,64785,0.64785,-69.85717491617557,64430.0,-45.20707981034929,64430,64432,0.02,-45.17618827923211,-44.810239455417,18067.86902209053,,64492,13.860819923521172,296.89455808095715,64579,13.363322432740041,-68.29840843542863,1299.0,12.99,76.98229407236336,1306.0,13.06,0.04,"[{'halfHeight': 10, 'risingPnt': np.int64(64461), 'fallingPnt': np.int64(64683), 'widthPnts': np.int64(222), 'widthMs': np.float64(2.22)}, {'halfHeight': 20, 'risingPnt': np.int64(64472), 'fallingPnt': np.int64(64663), 'widthPnts': np.int64(191), 'widthMs': np.float64(1.91)}, {'halfHeight': 50, 'risingPnt': np.int64(64488), 'fallingPnt': np.int64(64603), 'widthPnts': np.int64(115), 'widthMs': np.float64(1.15)}, {'halfHeight': 80, 'risingPnt': np.int64(64497), 'fallingPnt': np.int64(64555), 'widthPnts': np.int64(58), 'widthMs': np.float64(0.58)}, {'halfHeight': 90, 'risingPnt': np.int64(64501), 'fallingPnt': np.int64(64537), 'widthPnts': np.int64(36), 'widthMs': np.float64(0.36)}]",2.22,1.91,1.15,0.58,0.36,0.7800000000000029,yes,,,,,,,unknown,,,,
218,218,dvdt,10,2,8.0,30,0,[],20260908,16:38:08,,,20230324a,20230324a,stochastic-hh.sanpy,,20.0,-40.0,0,"[10, 20, 50, 80, 90]",65699,0.65699,-42.50607442433532,19.948129853704902,,65775,0.65775,44.02229916315066,86.52837358748599,0.7599999999999829,66047,0.66047,-70.15716176292482,65684.0,-45.20707981034929,65686,65692,0.06,-44.81454252898094,-43.82974028392924,16057.825712492096,,65755,14.742190041902035,283.6390067029372,65832,22.09288096779201,-62.39800580427871,1265.0,12.65,79.05138339920948,1254.0,12.54,0.15,"[{'halfHeight': 10, 'risingPnt': np.int64(65724), 'fallingPnt': np.int64(65947), 'widthPnts': np.int64(223), 'widthMs': np.float64(2.23)}, {'halfHeight': 20, 'risingPnt': np.int64(65735), 'fallingPnt': np.int64(65929), 'widthPnts': np.int64(194), 'widthMs': np.float64(1.94)}, {'halfHeight': 50, 'risingPnt': np.int64(65750), 'fallingPnt': np.int64(65874), 'widthPnts': np.int64(124), 'widthMs': np.float64(1.24)}, {'halfHeight': 80, 'risingPnt': np.int64(65760), 'fallingPnt': np.int64(65823), 'widthPnts': np.int64(63), 'widthMs': np.float64(0.63)}, {'halfHeight': 90, 'risingPnt': np.int64(65764), 'fallingPnt': np.int64(65805), 'widthPnts': np.int64(41), 'widthMs': np.float64(0.41)}]",2.23,1.94,1.24,0.63,0.41,0.7599999999999829,yes,,,,,,,unknown,,,,
219,219,dvdt,10,2,8.0,31,0,[],20260908,16:38:08,,,20230324a,20230324a,stochastic-hh.sanpy,,20.0,-40.0,0,"[10, 20, 50, 80, 90]",66982,0.6698200000000001,-44.51628717230666,19.52210146947813,,67063,0.67063,44.240572856355534,88.7568600286622,0.8099999999998664,67331,0.67331,-70.04330018049774,66979.0,-45.20707981034929,66979,66981,0.02,-45.07871355714362,-44.71249246215681,17879.166226843456,,67043,14.471530269273934,278.1577247137378,67254,-45.63669858542197,-68.51764124763172,1283.0,12.83,77.9423226812159,1295.0,12.95,0.03,"[{'halfHeight': 10, 'risingPnt': np.int64(67009), 'fallingPnt': np.int64(67238), 'widthPnts': np.int64(229), 'widthMs': np.float64(2.29)}, {'halfHeight': 20, 'risingPnt': np.int64(67022), 'fallingPnt': np.int64(67221), 'widthPnts': np.int64(199), 'widthMs': np.float64(1.99)}, {'halfHeight': 50, 'risingPnt': np.int64(67038), 'fallingPnt': np.int64(67158), 'widthPnts': np.int64(120), 'widthMs': np.float64(1.2)}, {'halfHeight': 80, 'risingPnt': np.int64(67048), 'fallingPnt': np.int64(67107), 'widthPnts': np.int64(59), 'widthMs': np.float64(0.59)}, {'halfHeight': 90, 'risingPnt': np.int64(67052), 'fallingPnt': np.int64(67091), 'widthPnts': np.int64(39), 'widthMs': np.float64(0.39)}]",2.29,1.99,1.2,0.59,0.39,0.8099999999998664,yes,,,,,,,unknown,,,,
220,220,dvdt,10,2,8.0,32,0,[],20260908,16:38:08,,,20230324a,20230324a,stochastic-hh.sanpy,,20.0,-40.0,0,"[10, 20, 50, 80, 90]",68479,0.68479,-44.338030064296795,19.666118524667503,,68556,0.68556,45.884883507508256,90.22291357180505,0.7699999999999374,68844,0.68844,-69.85550477450474,68475.0,-45.20707981034929,68475,68477,0.02,-45.09068632423075,-44.72514867859043,18070.703067498216,,68536,15.61745938939197,308.0458024881853,68622,16.88380393679354,-68.61462262058892,1497.0,14.97,66.8002672010688,1496.0,14.96,0.04,"[{'halfHeight': 10, 'risingPnt': np.int64(68505), 'fallingPnt': np.int64(68739), 'widthPnts': np.int64(234), 'widthMs': np.float64(2.34)}, {'halfHeight': 20, 'risingPnt': np.int64(68516), 'fallingPnt': np.int64(68716), 'widthPnts': np.int64(200), 'widthMs': np.float64(2.0)}, {'halfHeight': 50, 'risingPnt': np.int64(68531), 'fallingPnt': np.int64(68655), 'widthPnts': np.int64(124), 'widthMs': np.float64(1.24)}, {'halfHeight': 80, 'risingPnt': np.int64(68541), 'fallingPnt': np.int64(68603), 'widthPnts': np.int64(62), 'widthMs': np.float64(0.62)}, {'halfHeight': 90, 'risingPnt': np.int64(68544), 'fallingPnt': np.int64(68585), 'widthPnts': np.int64(41), 'widthMs': np.float64(0.41)}]",2.34,2.0,1.24,0.62,0.41,0.7699999999999374,yes,,,,,,,unknown,,,,
221,221,dvdt,10,2,8.0,33,0,"[{'Spike': 33, 'Seconds': np.float64(0.6974), 'Sweep': 10, 'Epoch': 2, 'Type': 'Fit EDD', 'Details': 'Early diastolic duration rate fit - preMinPnt == spikePnt'}]",20260908,16:38:08,,,20230324a,20230324a,stochastic-hh.sanpy,,20.0,-40.0,0,"[10, 20, 50, 80, 90]",69743,0.69743,-45.22777657010574,19.44593312930783,,69829,0.69829,45.45619380488346,90.6839703749892,0.8599999999999719,70099,0.70099,-70.11255721230239,69743.0,-45.20707981034929,69743,69743,0.0,-45.22777657010574,-45.22777657010574,,,69807,15.733570626117816,271.42304021753586,69882,19.848645289205532,-80.460724453373,1264.0,12.64,79.1139240506329,1268.0,12.68,0.0,"[{'halfHeight': 10, 'risingPnt': np.int64(69772), 'fallingPnt': np.int64(69998), 'widthPnts': np.int64(226), 'widthMs': np.float64(2.26)}, {'halfHeight': 20, 'risingPnt': np.int64(69784), 'fallingPnt': np.int64(69976), 'widthPnts': np.int64(192), 'widthMs': np.float64(1.92)}, {'halfHeight': 50, 'risingPnt': np.int64(69802), 'fallingPnt': np.int64(69919), 'widthPnts': np.int64(117), 'widthMs': np.float64(1.17)}, {'halfHeight': 80, 'risingPnt': np.int64(69812), 'fallingPnt': np.int64(69871), 'widthPnts': np.int64(59), 'widthMs': np.float64(0.59)}, {'halfHeight': 90, 'risingPnt': np.int64(69816), 'fallingPnt': np.int64(69856), 'widthPnts': np.int64(40), 'widthMs': np.float64(0.4)}]",2.26,1.92,1.17,0.59,0.4,0.8599999999999719,yes,,,,,,,unknown,,,,
222,222,dvdt,10,2,8.0,34,0,[],20260908,16:38:08,,,20230324a,20230324a,stochastic-hh.sanpy,,20.0,-40.0,0,"[10, 20, 50, 80, 90]",71091,0.7109099999999999,-43.747067730143975,19.724568125049963,,71171,0.7117100000000001,44.400712389732576,88.14778011987656,0.8000000000001339,71441,0.71441,-69.95366079766949,71084.0,-45.20707981034929,71085,71088,0.03,-44.87631360554557,-44.3261374498523,18231.43677280518,,71149,15.220307664352337,288.8062132356592,71234,14.398880413428087,-65.68331794134987,1348.0,13.48,74.1839762611276,1341.0,13.41,0.07,"[{'halfHeight': 10, 'risingPnt': np.int64(71118), 'fallingPnt': np.int64(71335), 'widthPnts': np.int64(217), 'widthMs': np.float64(2.17)}, {'halfHeight': 20, 'risingPnt': np.int64(71129), 'fallingPnt': np.int64(71317), 'widthPnts': np.int64(188), 'widthMs': np.float64(1.88)}, {'halfHeight': 50, 'risingPnt': np.int64(71144), 'fallingPnt': np.int64(71263), 'widthPnts': np.int64(119), 'widthMs': np.float64(1.19)}, {'halfHeight': 80, 'risingPnt': np.int64(71154), 'fallingPnt': np.int64(71213), 'widthPnts': np.int64(59), 'widthMs': np.float64(0.59)}, {'halfHeight': 90, 'risingPnt': np.int64(71158), 'fallingPnt': np.int64(71195), 'widthPnts': np.int64(37), 'widthMs': np.float64(0.37)}]",2.17,1.88,1.19,0.59,0.37,0.8000000000001339,yes,,,,,,,unknown,,,,
223,223,dvdt,10,2,8.0,35,0,[],20260908,16:38:08,,,20230324a,20230324a,stochastic-hh.sanpy,,20.0,-40.0,0,"[10, 20, 50, 80, 90]",72443,0.7244299999999999,-44.28306025162979,19.530743756035665,,72525,0.72525,45.76494616532787,90.04800641695766,0.8200000000000429,72797,0.72797,-70.06604054003635,72439.0,-45.20707981034929,72439,72441,0.02,-45.031035414672665,-44.66717555475571,18143.34384483834,,72507,22.0337058005336,281.6279080181879,72567,28.837777201273465,-71.13994950845355,1352.0,13.52,73.96449704142012,1355.0,13.55,0.04,"[{'halfHeight': 10, 'risingPnt': np.int64(72471), 'fallingPnt': np.int64(72698), 'widthPnts': np.int64(227), 'widthMs': np.float64(2.27)}, {'halfHeight': 20, 'risingPnt': np.int64(72484), 'fallingPnt': np.int64(72677), 'widthPnts': np.int64(193), 'widthMs': np.float64(1.93)}, {'halfHeight': 50, 'risingPnt': np.int64(72499), 'fallingPnt': np.int64(72621), 'widthPnts': np.int64(122), 'widthMs': np.float64(1.22)}, {'halfHeight': 80, 'risingPnt': np.int64(72510), 'fallingPnt': np.int64(72569), 'widthPnts': np.int64(59), 'widthMs': np.float64(0.59)}, {'halfHeight': 90, 'risingPnt': np.int64(72514), 'fallingPnt': np.int64(72555), 'widthPnts': np.int64(41), 'widthMs': np.float64(0.41)}]",2.27,1.93,1.22,0.59,0.41,0.8200000000000429,yes,,,,,,,unknown,,,,
224,224,dvdt,10,2,8.0,36,0,"[{'Spike': 36, 'Seconds': np.float64(0.7377), 'Sweep': 10, 'Epoch': 2, 'Type': 'Fit EDD', 'Details': 'Early diastolic duration rate fit - preMinPnt == spikePnt'}]",20260908,16:38:08,,,20230324a,20230324a,stochastic-hh.sanpy,,20.0,-40.0,0,"[10, 20, 50, 80, 90]",73772,0.73772,-44.66084930815037,19.325901937591347,,73854,0.73854,44.8983003743094,89.55914968245978,0.8199999999999319,74116,0.7411599999999999,-70.26285837403816,73770.0,-45.20707981034929,73770,73771,0.01,-45.0367661848559,-44.854661229946984,,,73833,13.113644840971801,310.2707992836288,73910,19.517163913019814,-73.39165551572634,1329.0,13.29,75.24454477050413,1331.0,13.31,0.02,"[{'halfHeight': 10, 'risingPnt': np.int64(73802), 'fallingPnt': np.int64(74019), 'widthPnts': np.int64(217), 'widthMs': np.float64(2.17)}, {'halfHeight': 20, 'risingPnt': np.int64(73814), 'fallingPnt': np.int64(74001), 'widthPnts': np.int64(187), 'widthMs': np.float64(1.87)}, {'halfHeight': 50, 'risingPnt': np.int64(73829), 'fallingPnt': np.int64(73947), 'widthPnts': np.int64(118), 'widthMs': np.float64(1.18)}, {'halfHeight': 80, 'risingPnt': np.int64(73838), 'fallingPnt': np.int64(73898), 'widthPnts': np.int64(60), 'widthMs': np.float64(0.6)}, {'halfHeight': 90, 'risingPnt': np.int64(73842), 'fallingPnt': np.int64(73882), 'widthPnts': np.int64(40), 'widthMs': np.float64(0.4)}]",2.17,1.87,1.18,0.6,0.4,0.8199999999999319,yes,,,,,,,unknown,,,,
225,225,dvdt,11,2,9.0,0,0,"[{'Spike': 0, 'Seconds': np.float64(0.2513), 'Sweep': 11, 'Epoch': 2, 'Type': 'Fit EDD', 'Details': 'Early diastolic duration rate fit - Too low -55.351<=8'}]",20260908,16:38:08,,,20230324a,20230324a,stochastic-hh.sanpy,,20.0,-40.0,0,"[10, 20, 50, 80, 90]",25134,0.25134,-46.883824403575844,19.987152710387022,,25216,0.25216,50.20248383281069,97.08630823638654,0.8199999999999874,25522,0.25522,-69.83923651707426,20183.0,-61.153768817888924,20678,22659,19.81,-58.074767864871035,-59.91216825133183,-55.35074413559482,,25197,21.79382968032867,350.97611420928337,25292,19.34927132525127,-64.30177952842337,,,,,,49.51,"[{'halfHeight': 10, 'risingPnt': np.int64(25165), 'fallingPnt': np.int64(25421), 'widthPnts': np.int64(256), 'widthMs': np.float64(2.56)}, {'halfHeight': 20, 'risingPnt': np.int64(25176), 'fallingPnt': np.int64(25396), 'widthPnts': np.int64(220), 'widthMs': np.float64(2.2)}, {'halfHeight': 50, 'risingPnt': np.int64(25191), 'fallingPnt': np.int64(25330), 'widthPnts': np.int64(139), 'widthMs': np.float64(1.39)}, {'halfHeight': 80, 'risingPnt': np.int64(25200), 'fallingPnt': np.int64(25272), 'widthPnts': np.int64(72), 'widthMs': np.float64(0.72)}, {'halfHeight': 90, 'risingPnt': np.int64(25204), 'fallingPnt': np.int64(25252), 'widthPnts': np.int64(48), 'widthMs': np.float64(0.48)}]",2.56,2.2,1.39,0.72,0.48,0.8199999999999874,yes,,,,,,,unknown,,,,
226,226,dvdt,11,2,9.0,1,0,[],20260908,16:38:08,,,20230324a,20230324a,stochastic-hh.sanpy,,20.0,-40.0,0,"[10, 20, 50, 80, 90]",26480,0.26480000000000004,-43.78067975361999,19.74342209508262,,26565,0.26565,43.423701254523415,87.2043810081434,0.8499999999999619,26833,0.26832999999999996,-69.76084002563432,26448.0,-48.03545930730692,26451,26464,0.13,-47.73881430487419,-46.360407643639086,10380.583835471483,,26541,9.49337096361854,257.33562734155527,26629,13.822214954843357,-67.21568775700932,1346.0,13.46,74.29420505200594,6265.0,62.65,0.32,"[{'halfHeight': 10, 'risingPnt': np.int64(26510), 'fallingPnt': np.int64(26730), 'widthPnts': np.int64(220), 'widthMs': np.float64(2.2)}, {'halfHeight': 20, 'risingPnt': np.int64(26522), 'fallingPnt': np.int64(26710), 'widthPnts': np.int64(188), 'widthMs': np.float64(1.88)}, {'halfHeight': 50, 'risingPnt': np.int64(26538), 'fallingPnt': np.int64(26656), 'widthPnts': np.int64(118), 'widthMs': np.float64(1.18)}, {'halfHeight': 80, 'risingPnt': np.int64(26548), 'fallingPnt': np.int64(26609), 'widthPnts': np.int64(61), 'widthMs': np.float64(0.61)}, {'halfHeight': 90, 'risingPnt': np.int64(26552), 'fallingPnt': np.int64(26590), 'widthPnts': np.int64(38), 'widthMs': np.float64(0.38)}]",2.2,1.88,1.18,0.61,0.38,0.8499999999999619,yes,,,,,,,unknown,,,,
227,227,dvdt,11,2,9.0,2,0,[],20260908,16:38:08,,,20230324a,20230324a,stochastic-hh.sanpy,,20.0,-40.0,0,"[10, 20, 50, 80, 90]",27823,0.27823000000000003,-43.937806116667524,19.42425624802562,,27903,0.27903,45.90750352720331,89.84530964387083,0.7999999999999674,28174,0.28174,-69.83415502575524,27795.0,-48.03545930730692,27798,27809,0.11,-47.6724556858767,-46.31220635515454,12071.968368310998,,27885,21.028508299382864,276.38407927611917,27972,15.351462811173295,-77.37695921997215,1343.0,13.43,74.46016381236039,1347.0,13.47,0.28,"[{'halfHeight': 10, 'risingPnt': np.int64(27851), 'fallingPnt': np.int64(28074), 'widthPnts': np.int64(223), 'widthMs': np.float64(2.23)}, {'halfHeight': 20, 'risingPnt': np.int64(27862), 'fallingPnt': np.int64(28055), 'widthPnts': np.int64(193), 'widthMs': np.float64(1.93)}, {'halfHeight': 50, 'risingPnt': np.int64(27878), 'fallingPnt': np.int64(27998), 'widthPnts': np.int64(120), 'widthMs': np.float64(1.2)}, {'halfHeight': 80, 'risingPnt': np.int64(27888), 'fallingPnt': np.int64(27949), 'widthPnts': np.int64(61), 'widthMs': np.float64(0.61)}, {'halfHeight': 90, 'risingPnt': np.int64(27892), 'fallingPnt': np.int64(27930), 'widthPnts': np.int64(38), 'widthMs': np.float64(0.38)}]",2.23,1.93,1.2,0.61,0.38,0.7999999999999674,yes,,,,,,,unknown,,,,
228,228,dvdt,11,2,9.0,3,0,[],20260908,16:38:08,,,20230324a,20230324a,stochastic-hh.sanpy,,20.0,-40.0,0,"[10, 20, 50, 80, 90]",29104,0.29104,-43.336526260619245,19.251271589845505,,29182,0.29181999999999997,45.157739553671874,88.49426581429111,0.7799999999999474,29451,0.29451,-69.87640665163076,29068.0,-48.03545930730692,29072,29086,0.14,-47.59475926001514,-46.10562091644865,10454.650039907467,,29163,18.52093063402365,281.5362257289082,29371,-48.46302448293236,-66.37369027602065,1281.0,12.81,78.06401249024199,1273.0,12.73,0.36,"[{'halfHeight': 10, 'risingPnt': np.int64(29129), 'fallingPnt': np.int64(29346), 'widthPnts': np.int64(217), 'widthMs': np.float64(2.17)}, {'halfHeight': 20, 'risingPnt': np.int64(29141), 'fallingPnt': np.int64(29329), 'widthPnts': np.int64(188), 'widthMs': np.float64(1.88)}, {'halfHeight': 50, 'risingPnt': np.int64(29157), 'fallingPnt': np.int64(29272), 'widthPnts': np.int64(115), 'widthMs': np.float64(1.15)}, {'halfHeight': 80, 'risingPnt': np.int64(29167), 'fallingPnt': np.int64(29227), 'widthPnts': np.int64(60), 'widthMs': np.float64(0.6)}, {'halfHeight': 90, 'risingPnt': np.int64(29171), 'fallingPnt': np.int64(29210), 'widthPnts': np.int64(39), 'widthMs': np.float64(0.39)}]",2.17,1.88,1.15,0.6,0.39,0.7799999999999474,yes,,,,,,,unknown,,,,
229,229,dvdt,11,2,9.0,4,0,[],20260908,16:38:08,,,20230324a,20230324a,stochastic-hh.sanpy,,20.0,-40.0,0,"[10, 20, 50, 80, 90]",30411,0.30411,-42.448687182649756,19.56398145269813,,30489,0.30489,40.141881611775894,82.59056879442565,0.7800000000000029,30747,0.30747,-69.73322162054185,30391.0,-45.89794305595814,30393,30401,0.08,-45.56506256309802,-44.244481475513005,16610.491914697937,,30468,13.933937334326787,248.29297093458726,30579,-2.651008213324795,-66.91825421407962,1307.0,13.07,76.51109410864575,1323.0,13.23,0.2,"[{'halfHeight': 10, 'risingPnt': np.int64(30436), 'fallingPnt': np.int64(30645), 'widthPnts': np.int64(209), 'widthMs': np.float64(2.09)}, {'halfHeight': 20, 'risingPnt': np.int64(30447), 'fallingPnt': np.int64(30629), 'widthPnts': np.int64(182), 'widthMs': np.float64(1.82)}, {'halfHeight': 50, 'risingPnt': np.int64(30462), 'fallingPnt': np.int64(30577), 'widthPnts': np.int64(115), 'widthMs': np.float64(1.15)}, {'halfHeight': 80, 'risingPnt': np.int64(30473), 'fallingPnt': np.int64(30529), 'widthPnts': np.int64(56), 'widthMs': np.float64(0.56)}, {'halfHeight': 90, 'risingPnt': np.int64(30477), 'fallingPnt': np.int64(30513), 'widthPnts': np.int64(36), 'widthMs': np.float64(0.36)}]",2.09,1.82,1.15,0.56,0.36,0.7800000000000029,yes,,,,,,,unknown,,,,
230,230,dvdt,11,2,9.0,5,0,[],20260908,16:38:08,,,20230324a,20230324a,stochastic-hh.sanpy,,20.0,-40.0,0,"[10, 20, 50, 80, 90]",31669,0.31668999999999997,-43.529775075283176,19.977353823068743,,31748,0.31748000000000004,44.58603277038414,88.11580784566732,0.7900000000000684,32009,0.32009,-70.01267641167246,31657.0,-45.89794305595814,31658,31663,0.05,-45.58023951471447,-44.69903469209217,17387.595262633076,,31728,17.64758149603036,277.27197270715175,31847,-4.275642869479934,-68.65913833351316,1258.0,12.58,79.49125596184419,1266.0,12.66,0.12,"[{'halfHeight': 10, 'risingPnt': np.int64(31695), 'fallingPnt': np.int64(31913), 'widthPnts': np.int64(218), 'widthMs': np.float64(2.18)}, {'halfHeight': 20, 'risingPnt': np.int64(31706), 'fallingPnt': np.int64(31894), 'widthPnts': np.int64(188), 'widthMs': np.float64(1.88)}, {'halfHeight': 50, 'risingPnt': np.int64(31722), 'fallingPnt': np.int64(31839), 'widthPnts': np.int64(117), 'widthMs': np.float64(1.17)}, {'halfHeight': 80, 'risingPnt': np.int64(31732), 'fallingPnt': np.int64(31791), 'widthPnts': np.int64(59), 'widthMs': np.float64(0.59)}, {'halfHeight': 90, 'risingPnt': np.int64(31736), 'fallingPnt': np.int64(31773), 'widthPnts': np.int64(37), 'widthMs': np.float64(0.37)}]",2.18,1.88,1.17,0.59,0.37,0.7900000000000684,yes,,,,,,,unknown,,,,
231,231,dvdt,11,2,9.0,6,0,[],20260908,16:38:08,,,20230324a,20230324a,stochastic-hh.sanpy,,20.0,-40.0,0,"[10, 20, 50, 80, 90]",33055,0.33055,-43.960530714293995,19.718156662189656,,33131,0.33131,44.782961584612174,88.74349229890618,0.7599999999999829,33400,0.334,-69.98829447863046,33052.0,-44.67882046762637,33052,33054,0.02,-44.53508255786228,-44.15697969418398,18752.87224917445,,33112,17.545472352223342,270.598575472631,33208,10.234358166014498,-65.83883540422123,1386.0,13.86,72.15007215007215,1395.0,13.95,0.03,"[{'halfHeight': 10, 'risingPnt': np.int64(33079), 'fallingPnt': np.int64(33304), 'widthPnts': np.int64(225), 'widthMs': np.float64(2.25)}, {'halfHeight': 20, 'risingPnt': np.int64(33091), 'fallingPnt': np.int64(33285), 'widthPnts': np.int64(194), 'widthMs': np.float64(1.94)}, {'halfHeight': 50, 'risingPnt': np.int64(33106), 'fallingPnt': np.int64(33228), 'widthPnts': np.int64(122), 'widthMs': np.float64(1.22)}, {'halfHeight': 80, 'risingPnt': np.int64(33116), 'fallingPnt': np.int64(33178), 'widthPnts': np.int64(62), 'widthMs': np.float64(0.62)}, {'halfHeight': 90, 'risingPnt': np.int64(33120), 'fallingPnt': np.int64(33160), 'widthPnts': np.int64(40), 'widthMs': np.float64(0.4)}]",2.25,1.94,1.22,0.62,0.4,0.7599999999999829,yes,,,,,,,unknown,,,,
232,232,dvdt,11,2,9.0,7,0,[],20260908,16:38:08,,,20230324a,20230324a,stochastic-hh.sanpy,,20.0,-40.0,0,"[10, 20, 50, 80, 90]",34434,0.34434,-43.35632945695281,19.808284049667588,,34511,0.34511000000000003,43.156041416622486,86.51237087357529,0.7700000000000484,34790,0.3479,-69.61941262656661,34427.0,-44.67882046762637,34428,34431,0.03,-44.46748102711458,-43.93697919239699,17231.729136581027,,34489,13.876358104725487,283.02608882154203,34709,-49.07590792824654,-66.41227164883729,1379.0,13.79,72.51631617113851,1375.0,13.75,0.07,"[{'halfHeight': 10, 'risingPnt': np.int64(34458), 'fallingPnt': np.int64(34682), 'widthPnts': np.int64(224), 'widthMs': np.float64(2.24)}, {'halfHeight': 20, 'risingPnt': np.int64(34469), 'fallingPnt': np.int64(34663), 'widthPnts': np.int64(194), 'widthMs': np.float64(1.94)}, {'halfHeight': 50, 'risingPnt': np.int64(34484), 'fallingPnt': np.int64(34602), 'widthPnts': np.int64(118), 'widthMs': np.float64(1.18)}, {'halfHeight': 80, 'risingPnt': np.int64(34494), 'fallingPnt': np.int64(34553), 'widthPnts': np.int64(59), 'widthMs': np.float64(0.59)}, {'halfHeight': 90, 'risingPnt': np.int64(34498), 'fallingPnt': np.int64(34534), 'widthPnts': np.int64(36), 'widthMs': np.float64(0.36)}]",2.24,1.94,1.18,0.59,0.36,0.7700000000000484,yes,,,,,,,unknown,,,,
233,233,dvdt,11,2,9.0,8,0,[],20260908,16:38:08,,,20230324a,20230324a,stochastic-hh.sanpy,,20.0,-40.0,0,"[10, 20, 50, 80, 90]",35965,0.35964999999999997,-43.50154825996631,19.956405777463342,,36046,0.36046,42.07946959575194,85.58101785571824,0.8100000000000329,36304,0.36304000000000003,-69.9843234843804,35959.0,-44.67882046762637,35960,35962,0.02,-44.43457023977417,-44.07475854115311,18063.99130107167,,36026,16.91101874916489,266.9183391377753,36096,20.184119784584226,-77.52197410193318,1531.0,15.31,65.31678641410842,1532.0,15.32,0.06,"[{'halfHeight': 10, 'risingPnt': np.int64(35990), 'fallingPnt': np.int64(36204), 'widthPnts': np.int64(214), 'widthMs': np.float64(2.14)}, {'halfHeight': 20, 'risingPnt': np.int64(36002), 'fallingPnt': np.int64(36187), 'widthPnts': np.int64(185), 'widthMs': np.float64(1.85)}, {'halfHeight': 50, 'risingPnt': np.int64(36019), 'fallingPnt': np.int64(36136), 'widthPnts': np.int64(117), 'widthMs': np.float64(1.17)}, {'halfHeight': 80, 'risingPnt': np.int64(36029), 'fallingPnt': np.int64(36090), 'widthPnts': np.int64(61), 'widthMs': np.float64(0.61)}, {'halfHeight': 90, 'risingPnt': np.int64(36034), 'fallingPnt': np.int64(36073), 'widthPnts': np.int64(39), 'widthMs': np.float64(0.39)}]",2.14,1.85,1.17,0.61,0.39,0.8100000000000329,yes,,,,,,,unknown,,,,
234,234,dvdt,11,2,9.0,9,0,"[{'Spike': 9, 'Seconds': np.float64(0.372), 'Sweep': 11, 'Epoch': 2, 'Type': 'Fit EDD', 'Details': 'Early diastolic duration rate fit - preMinPnt == spikePnt'}]",20260908,16:38:08,,,20230324a,20230324a,stochastic-hh.sanpy,,20.0,-40.0,0,"[10, 20, 50, 80, 90]",37205,0.37205,-44.688727657714416,19.122044248183403,,37283,0.37283,47.19944827776016,91.88817593547458,0.7800000000000029,37555,0.37555,-69.9109870406195,37205.0,-44.67882046762637,37205,37205,0.0,-44.688727657714416,-44.688727657714416,,,37264,18.34255572049677,307.1135942502716,37364,8.624703178696754,-71.80243231883819,1240.0,12.4,80.64516129032258,1246.0,12.46,0.0,"[{'halfHeight': 10, 'risingPnt': np.int64(37232), 'fallingPnt': np.int64(37454), 'widthPnts': np.int64(222), 'widthMs': np.float64(2.22)}, {'halfHeight': 20, 'risingPnt': np.int64(37244), 'fallingPnt': np.int64(37435), 'widthPnts': np.int64(191), 'widthMs': np.float64(1.91)}, {'halfHeight': 50, 'risingPnt': np.int64(37258), 'fallingPnt': np.int64(37377), 'widthPnts': np.int64(119), 'widthMs': np.float64(1.19)}, {'halfHeight': 80, 'risingPnt': np.int64(37268), 'fallingPnt': np.int64(37328), 'widthPnts': np.int64(60), 'widthMs': np.float64(0.6)}, {'halfHeight': 90, 'risingPnt': np.int64(37272), 'fallingPnt': np.int64(37311), 'widthPnts': np.int64(39), 'widthMs': np.float64(0.39)}]",2.22,1.91,1.19,0.6,0.39,0.7800000000000029,yes,,,,,,,unknown,,,,
235,235,dvdt,11,2,9.0,10,0,[],20260908,16:38:08,,,20230324a,20230324a,stochastic-hh.sanpy,,20.0,-40.0,0,"[10, 20, 50, 80, 90]",38584,0.38583999999999996,-43.820669649247634,19.82621542572067,,38661,0.38661,45.721453356732034,89.54212300597968,0.7700000000000484,38935,0.38935000000000003,-69.8823631997261,38580.0,-44.67882046762637,38580,38582,0.02,-44.54556129698105,-44.200555600650276,17163.563866443834,,38640,17.621077060832395,289.76798210386517,38860,-49.2657002635971,-66.08274206016559,1379.0,13.79,72.51631617113851,1375.0,13.75,0.04,"[{'halfHeight': 10, 'risingPnt': np.int64(38609), 'fallingPnt': np.int64(38835), 'widthPnts': np.int64(226), 'widthMs': np.float64(2.26)}, {'halfHeight': 20, 'risingPnt': np.int64(38619), 'fallingPnt': np.int64(38816), 'widthPnts': np.int64(197), 'widthMs': np.float64(1.97)}, {'halfHeight': 50, 'risingPnt': np.int64(38634), 'fallingPnt': np.int64(38758), 'widthPnts': np.int64(124), 'widthMs': np.float64(1.24)}, {'halfHeight': 80, 'risingPnt': np.int64(38644), 'fallingPnt': np.int64(38704), 'widthPnts': np.int64(60), 'widthMs': np.float64(0.6)}, {'halfHeight': 90, 'risingPnt': np.int64(38648), 'fallingPnt': np.int64(38687), 'widthPnts': np.int64(39), 'widthMs': np.float64(0.39)}]",2.26,1.97,1.24,0.6,0.39,0.7700000000000484,yes,,,,,,,unknown,,,,
236,236,dvdt,11,2,9.0,11,0,"[{'Spike': 11, 'Seconds': np.float64(0.3994), 'Sweep': 11, 'Epoch': 2, 'Type': 'Fit EDD', 'Details': 'Early diastolic duration rate fit - preMinPnt == spikePnt'}]",20260908,16:38:08,,,20230324a,20230324a,stochastic-hh.sanpy,,20.0,-40.0,0,"[10, 20, 50, 80, 90]",39945,0.39944999999999997,-46.23067847122524,19.766513799906146,,40032,0.40032,47.458269468408986,93.68894793963423,0.8700000000000374,40305,0.40305,-69.94327969924116,39945.0,-44.67882046762637,39945,39945,0.0,-46.23067847122524,-46.23067847122524,,,40010,17.11805906428574,291.81116494499344,40086,22.19851273409038,-76.48265353839469,1361.0,13.61,73.47538574577517,1365.0,13.65,0.0,"[{'halfHeight': 10, 'risingPnt': np.int64(39975), 'fallingPnt': np.int64(40202), 'widthPnts': np.int64(227), 'widthMs': np.float64(2.27)}, {'halfHeight': 20, 'risingPnt': np.int64(39988), 'fallingPnt': np.int64(40183), 'widthPnts': np.int64(195), 'widthMs': np.float64(1.95)}, {'halfHeight': 50, 'risingPnt': np.int64(40005), 'fallingPnt': np.int64(40125), 'widthPnts': np.int64(120), 'widthMs': np.float64(1.2)}, {'halfHeight': 80, 'risingPnt': np.int64(40015), 'fallingPnt': np.int64(40074), 'widthPnts': np.int64(59), 'widthMs': np.float64(0.59)}, {'halfHeight': 90, 'risingPnt': np.int64(40019), 'fallingPnt': np.int64(40058), 'widthPnts': np.int64(39), 'widthMs': np.float64(0.39)}]",2.27,1.95,1.2,0.59,0.39,0.8700000000000374,yes,,,,,,,unknown,,,,
237,237,dvdt,11,2,9.0,12,0,[],20260908,16:38:08,,,20230324a,20230324a,stochastic-hh.sanpy,,20.0,-40.0,0,"[10, 20, 50, 80, 90]",41336,0.41336,-43.67348377125792,19.571717315040058,,41417,0.41417000000000004,43.98941733141022,87.66290110266814,0.8100000000000329,41680,0.4168,-69.95056746100478,41331.0,-44.67882046762637,41331,41333,0.02,-44.561425972175876,-44.23649465238472,15654.353401972601,,41397,18.462964570354295,274.81649454129615,41605,-49.781810862277005,-68.17228479366993,1391.0,13.91,71.89072609633357,1386.0,13.86,0.05,"[{'halfHeight': 10, 'risingPnt': np.int64(41362), 'fallingPnt': np.int64(41581), 'widthPnts': np.int64(219), 'widthMs': np.float64(2.19)}, {'halfHeight': 20, 'risingPnt': np.int64(41374), 'fallingPnt': np.int64(41564), 'widthPnts': np.int64(190), 'widthMs': np.float64(1.9)}, {'halfHeight': 50, 'risingPnt': np.int64(41391), 'fallingPnt': np.int64(41510), 'widthPnts': np.int64(119), 'widthMs': np.float64(1.19)}, {'halfHeight': 80, 'risingPnt': np.int64(41401), 'fallingPnt': np.int64(41461), 'widthPnts': np.int64(60), 'widthMs': np.float64(0.6)}, {'halfHeight': 90, 'risingPnt': np.int64(41405), 'fallingPnt': np.int64(41445), 'widthPnts': np.int64(40), 'widthMs': np.float64(0.4)}]",2.19,1.9,1.19,0.6,0.4,0.8100000000000329,yes,,,,,,,unknown,,,,
238,238,dvdt,11,2,9.0,13,0,[],20260908,16:38:08,,,20230324a,20230324a,stochastic-hh.sanpy,,20.0,-40.0,0,"[10, 20, 50, 80, 90]",42890,0.4289,-43.83259630760506,19.43773334127356,,42974,0.42974,43.276501479569255,87.1090977871743,0.8400000000000074,43230,0.4323,-70.0020724737615,42886.0,-44.67882046762637,42886,42888,0.02,-44.54132009124433,-44.21053072858495,16225.551026318726,,42953,13.350713935138025,270.3963111789219,43024,21.030568113002857,-68.9244625714535,1554.0,15.54,64.35006435006434,1555.0,15.55,0.04,"[{'halfHeight': 10, 'risingPnt': np.int64(42919), 'fallingPnt': np.int64(43128), 'widthPnts': np.int64(209), 'widthMs': np.float64(2.09)}, {'halfHeight': 20, 'risingPnt': np.int64(42933), 'fallingPnt': np.int64(43112), 'widthPnts': np.int64(179), 'widthMs': np.float64(1.79)}, {'halfHeight': 50, 'risingPnt': np.int64(42948), 'fallingPnt': np.int64(43061), 'widthPnts': np.int64(113), 'widthMs': np.float64(1.13)}, {'halfHeight': 80, 'risingPnt': np.int64(42958), 'fallingPnt': np.int64(43017), 'widthPnts': np.int64(59), 'widthMs': np.float64(0.59)}, {'halfHeight': 90, 'risingPnt': np.int64(42962), 'fallingPnt': np.int64(43001), 'widthPnts': np.int64(39), 'widthMs': np.float64(0.39)}]",2.09,1.79,1.13,0.59,0.39,0.8400000000000074,yes,,,,,,,unknown,,,,
239,239,dvdt,11,2,9.0,14,0,[],20260908,16:38:08,,,20230324a,20230324a,stochastic-hh.sanpy,,20.0,-40.0,0,"[10, 20, 50, 80, 90]",44300,0.443,-43.645952002938635,19.849804455408467,,44381,0.44381,43.15708829487121,86.80304029780984,0.8099999999999774,44647,0.44647000000000003,-70.12805616254141,44294.0,-44.67882046762637,44295,44297,0.02,-44.53120945759428,-44.2085907658779,15703.986975139454,,44361,17.200787605699748,267.3190240068522,44579,-53.61611363800342,-69.04864429757899,1410.0,14.1,70.92198581560284,1408.0,14.08,0.06,"[{'halfHeight': 10, 'risingPnt': np.int64(44327), 'fallingPnt': np.int64(44548), 'widthPnts': np.int64(221), 'widthMs': np.float64(2.21)}, {'halfHeight': 20, 'risingPnt': np.int64(44338), 'fallingPnt': np.int64(44529), 'widthPnts': np.int64(191), 'widthMs': np.float64(1.91)}, {'halfHeight': 50, 'risingPnt': np.int64(44355), 'fallingPnt': np.int64(44472), 'widthPnts': np.int64(117), 'widthMs': np.float64(1.17)}, {'halfHeight': 80, 'risingPnt': np.int64(44365), 'fallingPnt': np.int64(44421), 'widthPnts': np.int64(56), 'widthMs': np.float64(0.56)}, {'halfHeight': 90, 'risingPnt': np.int64(44369), 'fallingPnt': np.int64(44404), 'widthPnts': np.int64(35), 'widthMs': np.float64(0.35)}]",2.21,1.91,1.17,0.56,0.35,0.8099999999999774,yes,,,,,,,unknown,,,,
240,240,dvdt,11,2,9.0,15,0,[],20260908,16:38:08,,,20230324a,20230324a,stochastic-hh.sanpy,,20.0,-40.0,0,"[10, 20, 50, 80, 90]",45831,0.45831,-43.38960502124741,19.226457652895093,,45907,0.45907,41.659159723248194,85.0487647444956,0.7599999999999829,46169,0.46169,-70.05188890521741,45815.0,-45.9002377374062,45817,45823,0.06,-45.63048123572186,-44.803000708498026,13597.791997046588,,45887,12.774534417921997,278.98175967572996,45940,30.112394542195936,-70.28921476272376,1531.0,15.31,65.31678641410842,1521.0,15.21,0.16,"[{'halfHeight': 10, 'risingPnt': np.int64(45855), 'fallingPnt': np.int64(46071), 'widthPnts': np.int64(216), 'widthMs': np.float64(2.16)}, {'halfHeight': 20, 'risingPnt': np.int64(45867), 'fallingPnt': np.int64(46054), 'widthPnts': np.int64(187), 'widthMs': np.float64(1.87)}, {'halfHeight': 50, 'risingPnt': np.int64(45882), 'fallingPnt': np.int64(45998), 'widthPnts': np.int64(116), 'widthMs': np.float64(1.16)}, {'halfHeight': 80, 'risingPnt': np.int64(45892), 'fallingPnt': np.int64(45950), 'widthPnts': np.int64(58), 'widthMs': np.float64(0.58)}, {'halfHeight': 90, 'risingPnt': np.int64(45896), 'fallingPnt': np.int64(45935), 'widthPnts': np.int64(39), 'widthMs': np.float64(0.39)}]",2.16,1.87,1.16,0.58,0.39,0.7599999999999829,yes,,,,,,,unknown,,,,
241,241,dvdt,11,2,9.0,16,0,[],20260908,16:38:08,,,20230324a,20230324a,stochastic-hh.sanpy,,20.0,-40.0,0,"[10, 20, 50, 80, 90]",47296,0.47296,-44.11992330209063,19.826755691446984,,47374,0.47374,45.12929347729407,89.24921677938471,0.7800000000000029,47647,0.47647,-70.02091734820203,47286.0,-45.9002377374062,47287,47291,0.04,-45.73812991926654,-45.07914005261371,15771.532594889532,,47355,19.515542865655355,291.7060564871145,47413,29.576185355926572,-65.61638360421918,1465.0,14.65,68.25938566552901,1471.0,14.71,0.1,"[{'halfHeight': 10, 'risingPnt': np.int64(47321), 'fallingPnt': np.int64(47550), 'widthPnts': np.int64(229), 'widthMs': np.float64(2.29)}, {'halfHeight': 20, 'risingPnt': np.int64(47333), 'fallingPnt': np.int64(47531), 'widthPnts': np.int64(198), 'widthMs': np.float64(1.98)}, {'halfHeight': 50, 'risingPnt': np.int64(47349), 'fallingPnt': np.int64(47471), 'widthPnts': np.int64(122), 'widthMs': np.float64(1.22)}, {'halfHeight': 80, 'risingPnt': np.int64(47358), 'fallingPnt': np.int64(47418), 'widthPnts': np.int64(60), 'widthMs': np.float64(0.6)}, {'halfHeight': 90, 'risingPnt': np.int64(47362), 'fallingPnt': np.int64(47401), 'widthPnts': np.int64(39), 'widthMs': np.float64(0.39)}]",2.29,1.98,1.22,0.6,0.39,0.7800000000000029,yes,,,,,,,unknown,,,,
242,242,dvdt,11,2,9.0,17,0,[],20260908,16:38:08,,,20230324a,20230324a,stochastic-hh.sanpy,,20.0,-40.0,0,"[10, 20, 50, 80, 90]",48583,0.48583,-44.538508057619254,19.61661469810331,,48670,0.48669999999999997,42.57737893543745,87.1158869930567,0.8699999999999819,48939,0.48939,-69.7475636638627,48575.0,-45.9002377374062,48576,48579,0.03,-45.75359086094736,-45.28587306366836,15120.815285808343,,48649,14.712271027349079,257.5618428506392,48699,30.87122401663248,-71.48984989774594,1287.0,12.87,77.7000777000777,1289.0,12.89,0.08,"[{'halfHeight': 10, 'risingPnt': np.int64(48611), 'fallingPnt': np.int64(48841), 'widthPnts': np.int64(230), 'widthMs': np.float64(2.3)}, {'halfHeight': 20, 'risingPnt': np.int64(48625), 'fallingPnt': np.int64(48821), 'widthPnts': np.int64(196), 'widthMs': np.float64(1.96)}, {'halfHeight': 50, 'risingPnt': np.int64(48643), 'fallingPnt': np.int64(48760), 'widthPnts': np.int64(117), 'widthMs': np.float64(1.17)}, {'halfHeight': 80, 'risingPnt': np.int64(48654), 'fallingPnt': np.int64(48708), 'widthPnts': np.int64(54), 'widthMs': np.float64(0.54)}, {'halfHeight': 90, 'risingPnt': np.int64(48658), 'fallingPnt': np.int64(48695), 'widthPnts': np.int64(37), 'widthMs': np.float64(0.37)}]",2.3,1.96,1.17,0.54,0.37,0.8699999999999819,yes,,,,,,,unknown,,,,
243,243,dvdt,11,2,9.0,18,0,[],20260908,16:38:08,,,20230324a,20230324a,stochastic-hh.sanpy,,20.0,-40.0,0,"[10, 20, 50, 80, 90]",49886,0.49886,-43.90516382283946,19.717697317895936,,49964,0.49964,43.801582047128655,87.70674586996812,0.7799999999999474,50232,0.50232,-69.90973235683884,49874.0,-45.9002377374062,49875,49880,0.05,-45.67800891061781,-44.95139337268709,14266.984301859618,,49945,16.483579086685147,282.03248695061774,50004,28.313480306819606,-65.07268745378387,1303.0,13.03,76.74597083653109,1299.0,12.99,0.12,"[{'halfHeight': 10, 'risingPnt': np.int64(49913), 'fallingPnt': np.int64(50135), 'widthPnts': np.int64(222), 'widthMs': np.float64(2.22)}, {'halfHeight': 20, 'risingPnt': np.int64(49923), 'fallingPnt': np.int64(50117), 'widthPnts': np.int64(194), 'widthMs': np.float64(1.94)}, {'halfHeight': 50, 'risingPnt': np.int64(49939), 'fallingPnt': np.int64(50060), 'widthPnts': np.int64(121), 'widthMs': np.float64(1.21)}, {'halfHeight': 80, 'risingPnt': np.int64(49949), 'fallingPnt': np.int64(50008), 'widthPnts': np.int64(59), 'widthMs': np.float64(0.59)}, {'halfHeight': 90, 'risingPnt': np.int64(49953), 'fallingPnt': np.int64(49992), 'widthPnts': np.int64(39), 'widthMs': np.float64(0.39)}]",2.22,1.94,1.21,0.59,0.39,0.7799999999999474,yes,,,,,,,unknown,,,,
244,244,dvdt,11,2,9.0,19,0,[],20260908,16:38:08,,,20230324a,20230324a,stochastic-hh.sanpy,,20.0,-40.0,0,"[10, 20, 50, 80, 90]",51154,0.51154,-44.80591368348893,19.839904703388193,,51235,0.51235,44.631398728294705,89.43731241178364,0.8099999999999774,51514,0.5151399999999999,-69.7651116075497,51148.0,-45.9002377374062,51149,51151,0.02,-45.69874089046587,-45.385341200737564,15003.589956554839,,51215,15.787760055023426,281.53187317620825,51277,27.118369910922343,-75.69514950714488,1268.0,12.68,78.86435331230284,1274.0,12.74,0.06,"[{'halfHeight': 10, 'risingPnt': np.int64(51181), 'fallingPnt': np.int64(51410), 'widthPnts': np.int64(229), 'widthMs': np.float64(2.29)}, {'halfHeight': 20, 'risingPnt': np.int64(51193), 'fallingPnt': np.int64(51390), 'widthPnts': np.int64(197), 'widthMs': np.float64(1.97)}, {'halfHeight': 50, 'risingPnt': np.int64(51209), 'fallingPnt': np.int64(51327), 'widthPnts': np.int64(118), 'widthMs': np.float64(1.18)}, {'halfHeight': 80, 'risingPnt': np.int64(51219), 'fallingPnt': np.int64(51278), 'widthPnts': np.int64(59), 'widthMs': np.float64(0.59)}, {'halfHeight': 90, 'risingPnt': np.int64(51224), 'fallingPnt': np.int64(51262), 'widthPnts': np.int64(38), 'widthMs': np.float64(0.38)}]",2.29,1.97,1.18,0.59,0.38,0.8099999999999774,yes,,,,,,,unknown,,,,
245,245,dvdt,11,2,9.0,20,0,[],20260908,16:38:08,,,20230324a,20230324a,stochastic-hh.sanpy,,20.0,-40.0,0,"[10, 20, 50, 80, 90]",52552,0.52552,-43.906831993815025,19.996225499159966,,52630,0.5263,44.37893033393217,88.2857623277472,0.7800000000000029,52898,0.52898,-70.00870095863674,52541.0,-45.9002377374062,52542,52547,0.05,-45.656082363733596,-44.82634087773432,16449.739837104105,,52611,16.54813630450097,282.2347310659013,52825,-52.21659763589301,-69.99917558501167,1398.0,13.98,71.5307582260372,1393.0,13.93,0.11,"[{'halfHeight': 10, 'risingPnt': np.int64(52577), 'fallingPnt': np.int64(52797), 'widthPnts': np.int64(220), 'widthMs': np.float64(2.2)}, {'halfHeight': 20, 'risingPnt': np.int64(52590), 'fallingPnt': np.int64(52778), 'widthPnts': np.int64(188), 'widthMs': np.float64(1.88)}, {'halfHeight': 50, 'risingPnt': np.int64(52605), 'fallingPnt': np.int64(52721), 'widthPnts': np.int64(116), 'widthMs': np.float64(1.16)}, {'halfHeight': 80, 'risingPnt': np.int64(52615), 'fallingPnt': np.int64(52671), 'widthPnts': np.int64(56), 'widthMs': np.float64(0.56)}, {'halfHeight': 90, 'risingPnt': np.int64(52619), 'fallingPnt': np.int64(52656), 'widthPnts': np.int64(37), 'widthMs': np.float64(0.37)}]",2.2,1.88,1.16,0.56,0.37,0.7800000000000029,yes,,,,,,,unknown,,,,
246,246,dvdt,11,2,9.0,21,0,[],20260908,16:38:08,,,20230324a,20230324a,stochastic-hh.sanpy,,20.0,-40.0,0,"[10, 20, 50, 80, 90]",53803,0.53803,-44.1292021686149,19.924533999294688,,53884,0.53884,42.960887465742246,87.09008963435716,0.8099999999999774,54142,0.54142,-69.78488284513402,53793.0,-45.9002377374062,53794,53798,0.04,-45.66779037519216,-45.04233536079361,15456.742415613715,,53864,15.984468829546604,276.9068257956791,53937,20.56768226592382,-72.90043601710218,1251.0,12.51,79.93605115907275,1252.0,12.52,0.1,"[{'halfHeight': 10, 'risingPnt': np.int64(53830), 'fallingPnt': np.int64(54046), 'widthPnts': np.int64(216), 'widthMs': np.float64(2.16)}, {'halfHeight': 20, 'risingPnt': np.int64(53842), 'fallingPnt': np.int64(54028), 'widthPnts': np.int64(186), 'widthMs': np.float64(1.86)}, {'halfHeight': 50, 'risingPnt': np.int64(53858), 'fallingPnt': np.int64(53975), 'widthPnts': np.int64(117), 'widthMs': np.float64(1.17)}, {'halfHeight': 80, 'risingPnt': np.int64(53868), 'fallingPnt': np.int64(53929), 'widthPnts': np.int64(61), 'widthMs': np.float64(0.61)}, {'halfHeight': 90, 'risingPnt': np.int64(53872), 'fallingPnt': np.int64(53910), 'widthPnts': np.int64(38), 'widthMs': np.float64(0.38)}]",2.16,1.86,1.17,0.61,0.38,0.8099999999999774,yes,,,,,,,unknown,,,,
247,247,dvdt,11,2,9.0,22,0,[],20260908,16:38:08,,,20230324a,20230324a,stochastic-hh.sanpy,,20.0,-40.0,0,"[10, 20, 50, 80, 90]",55263,0.55263,-44.24252005348659,19.884047823424172,,55344,0.55344,44.607839320956096,88.85035937444269,0.8100000000000884,55611,0.55611,-69.93748873520529,55254.0,-45.9002377374062,55255,55258,0.03,-45.6823011151636,-45.1874381142985,16283.079907158903,,55322,15.763364916949234,280.95146254020796,55401,19.100357556078222,-70.20050089879594,1460.0,14.6,68.4931506849315,1461.0,14.61,0.09,"[{'halfHeight': 10, 'risingPnt': np.int64(55288), 'fallingPnt': np.int64(55511), 'widthPnts': np.int64(223), 'widthMs': np.float64(2.23)}, {'halfHeight': 20, 'risingPnt': np.int64(55300), 'fallingPnt': np.int64(55490), 'widthPnts': np.int64(190), 'widthMs': np.float64(1.9)}, {'halfHeight': 50, 'risingPnt': np.int64(55317), 'fallingPnt': np.int64(55436), 'widthPnts': np.int64(119), 'widthMs': np.float64(1.19)}, {'halfHeight': 80, 'risingPnt': np.int64(55327), 'fallingPnt': np.int64(55388), 'widthPnts': np.int64(61), 'widthMs': np.float64(0.61)}, {'halfHeight': 90, 'risingPnt': np.int64(55331), 'fallingPnt': np.int64(55369), 'widthPnts': np.int64(38), 'widthMs': np.float64(0.38)}]",2.23,1.9,1.19,0.61,0.38,0.8100000000000884,yes,,,,,,,unknown,,,,
248,248,dvdt,11,2,9.0,23,0,[],20260908,16:38:08,,,20230324a,20230324a,stochastic-hh.sanpy,,20.0,-40.0,0,"[10, 20, 50, 80, 90]",56680,0.5668,-43.72863125439544,19.304361294369386,,56758,0.5675800000000001,44.75498511197314,88.48361636636858,0.7800000000001139,57032,0.57032,-69.67230735755533,56667.0,-45.9002377374062,56668,56673,0.05,-45.6676988337265,-44.96578698434296,13865.121865700286,,56739,18.098072314959126,280.72310284069107,56834,8.554933637185945,-69.33650025106253,1417.0,14.17,70.57163020465772,1413.0,14.13,0.13,"[{'halfHeight': 10, 'risingPnt': np.int64(56706), 'fallingPnt': np.int64(56928), 'widthPnts': np.int64(222), 'widthMs': np.float64(2.22)}, {'halfHeight': 20, 'risingPnt': np.int64(56717), 'fallingPnt': np.int64(56909), 'widthPnts': np.int64(192), 'widthMs': np.float64(1.92)}, {'halfHeight': 50, 'risingPnt': np.int64(56733), 'fallingPnt': np.int64(56848), 'widthPnts': np.int64(115), 'widthMs': np.float64(1.15)}, {'halfHeight': 80, 'risingPnt': np.int64(56743), 'fallingPnt': np.int64(56800), 'widthPnts': np.int64(57), 'widthMs': np.float64(0.57)}, {'halfHeight': 90, 'risingPnt': np.int64(56747), 'fallingPnt': np.int64(56784), 'widthPnts': np.int64(37), 'widthMs': np.float64(0.37)}]",2.22,1.92,1.15,0.57,0.37,0.7800000000001139,yes,,,,,,,unknown,,,,
249,249,dvdt,11,2,9.0,24,0,[],20260908,16:38:08,,,20230324a,20230324a,stochastic-hh.sanpy,,20.0,-40.0,0,"[10, 20, 50, 80, 90]",57976,0.5797599999999999,-43.03346086560826,19.894498109935007,,58055,0.5805499999999999,43.78779535575233,86.82125622136058,0.7899999999999574,58315,0.58315,-69.96774147063914,57958.0,-45.9002377374062,57960,57967,0.07,-45.64566689509366,-44.64320012433039,14357.906847676913,,58034,14.121775910736817,276.80313662964807,58111,18.969221455610146,-70.57534485693725,1296.0,12.96,77.1604938271605,1291.0,12.91,0.18,"[{'halfHeight': 10, 'risingPnt': np.int64(58002), 'fallingPnt': np.int64(58211), 'widthPnts': np.int64(209), 'widthMs': np.float64(2.09)}, {'halfHeight': 20, 'risingPnt': np.int64(58013), 'fallingPnt': np.int64(58194), 'widthPnts': np.int64(181), 'widthMs': np.float64(1.81)}, {'halfHeight': 50, 'risingPnt': np.int64(58029), 'fallingPnt': np.int64(58143), 'widthPnts': np.int64(114), 'widthMs': np.float64(1.14)}, {'halfHeight': 80, 'risingPnt': np.int64(58039), 'fallingPnt': np.int64(58099), 'widthPnts': np.int64(60), 'widthMs': np.float64(0.6)}, {'halfHeight': 90, 'risingPnt': np.int64(58043), 'fallingPnt': np.int64(58081), 'widthPnts': np.int64(38), 'widthMs': np.float64(0.38)}]",2.09,1.81,1.14,0.6,0.38,0.7899999999999574,yes,,,,,,,unknown,,,,
250,250,dvdt,11,2,9.0,25,0,[],20260908,16:38:08,,,20230324a,20230324a,stochastic-hh.sanpy,,20.0,-40.0,0,"[10, 20, 50, 80, 90]",59256,0.59256,-43.62061451496396,19.802225029594407,,59335,0.59335,45.12429506724734,88.7449095822113,0.7900000000000684,59615,0.59615,-69.78536053580049,59244.0,-45.9002377374062,59245,59250,0.05,-45.66678827716332,-44.77632851705264,17522.85333848992,,59314,11.758380069266295,277.23769762186186,59384,24.6714628546233,-66.38468610403092,1280.0,12.8,78.125,1286.0,12.86,0.12,"[{'halfHeight': 10, 'risingPnt': np.int64(59283), 'fallingPnt': np.int64(59512), 'widthPnts': np.int64(229), 'widthMs': np.float64(2.29)}, {'halfHeight': 20, 'risingPnt': np.int64(59294), 'fallingPnt': np.int64(59492), 'widthPnts': np.int64(198), 'widthMs': np.float64(1.98)}, {'halfHeight': 50, 'risingPnt': np.int64(59310), 'fallingPnt': np.int64(59427), 'widthPnts': np.int64(117), 'widthMs': np.float64(1.17)}, {'halfHeight': 80, 'risingPnt': np.int64(59320), 'fallingPnt': np.int64(59380), 'widthPnts': np.int64(60), 'widthMs': np.float64(0.6)}, {'halfHeight': 90, 'risingPnt': np.int64(59324), 'fallingPnt': np.int64(59361), 'widthPnts': np.int64(37), 'widthMs': np.float64(0.37)}]",2.29,1.98,1.17,0.6,0.37,0.7900000000000684,yes,,,,,,,unknown,,,,
251,251,dvdt,11,2,9.0,26,0,[],20260908,16:38:08,,,20230324a,20230324a,stochastic-hh.sanpy,,20.0,-40.0,0,"[10, 20, 50, 80, 90]",60610,0.6061,-43.14310300106143,19.590948610589308,,60686,0.6068600000000001,43.00610215314583,86.14920515420727,0.7600000000000939,60957,0.6095700000000001,-69.9275379875191,60594.0,-45.9002377374062,60596,60602,0.06,-45.536635644717066,-44.635259909712055,14691.601294120988,,60665,14.314774860290212,271.79258965989,60715,33.010301923233555,-66.91875627454506,1354.0,13.54,73.85524372230428,1350.0,13.5,0.16,"[{'halfHeight': 10, 'risingPnt': np.int64(60634), 'fallingPnt': np.int64(60854), 'widthPnts': np.int64(220), 'widthMs': np.float64(2.2)}, {'halfHeight': 20, 'risingPnt': np.int64(60644), 'fallingPnt': np.int64(60835), 'widthPnts': np.int64(191), 'widthMs': np.float64(1.91)}, {'halfHeight': 50, 'risingPnt': np.int64(60660), 'fallingPnt': np.int64(60779), 'widthPnts': np.int64(119), 'widthMs': np.float64(1.19)}, {'halfHeight': 80, 'risingPnt': np.int64(60670), 'fallingPnt': np.int64(60730), 'widthPnts': np.int64(60), 'widthMs': np.float64(0.6)}, {'halfHeight': 90, 'risingPnt': np.int64(60674), 'fallingPnt': np.int64(60713), 'widthPnts': np.int64(39), 'widthMs': np.float64(0.39)}]",2.2,1.91,1.19,0.6,0.39,0.7600000000000939,yes,,,,,,,unknown,,,,
252,252,dvdt,11,2,9.0,27,0,[],20260908,16:38:08,,,20230324a,20230324a,stochastic-hh.sanpy,,20.0,-40.0,0,"[10, 20, 50, 80, 90]",62067,0.6206699999999999,-43.227223621733394,19.10649073499622,,62144,0.6214400000000001,42.806306273462525,86.03352989519593,0.7700000000001594,62408,0.6240800000000001,-69.9950656487025,62049.0,-45.9002377374062,62051,62058,0.07,-45.62576509079681,-44.74796753088087,12468.69911201266,,62125,16.64414667667359,284.81006345722346,62187,25.094275529990036,-67.9556797051235,1457.0,14.57,68.63417982155113,1455.0,14.55,0.18,"[{'halfHeight': 10, 'risingPnt': np.int64(62092), 'fallingPnt': np.int64(62310), 'widthPnts': np.int64(218), 'widthMs': np.float64(2.18)}, {'halfHeight': 20, 'risingPnt': np.int64(62104), 'fallingPnt': np.int64(62292), 'widthPnts': np.int64(188), 'widthMs': np.float64(1.88)}, {'halfHeight': 50, 'risingPnt': np.int64(62119), 'fallingPnt': np.int64(62232), 'widthPnts': np.int64(113), 'widthMs': np.float64(1.13)}, {'halfHeight': 80, 'risingPnt': np.int64(62129), 'fallingPnt': np.int64(62187), 'widthPnts': np.int64(58), 'widthMs': np.float64(0.58)}, {'halfHeight': 90, 'risingPnt': np.int64(62133), 'fallingPnt': np.int64(62171), 'widthPnts': np.int64(38), 'widthMs': np.float64(0.38)}]",2.18,1.88,1.13,0.58,0.38,0.7700000000001594,yes,,,,,,,unknown,,,,
253,253,dvdt,11,2,9.0,28,0,[],20260908,16:38:08,,,20230324a,20230324a,stochastic-hh.sanpy,,20.0,-40.0,0,"[10, 20, 50, 80, 90]",63429,0.6342899999999999,-44.5066505028353,19.30388402588476,,63510,0.6351,45.02036772960814,89.52701823244344,0.8100000000000884,63795,0.63795,-69.9070225146326,63422.0,-45.9002377374062,63423,63426,0.03,-45.59906208254155,-45.064278053632734,17766.649397537327,,63489,13.747280695784218,286.3525300974354,63544,32.3670641268127,-65.89095885826991,1362.0,13.62,73.42143906020559,1373.0,13.73,0.07,"[{'halfHeight': 10, 'risingPnt': np.int64(63457), 'fallingPnt': np.int64(63694), 'widthPnts': np.int64(237), 'widthMs': np.float64(2.37)}, {'halfHeight': 20, 'risingPnt': np.int64(63468), 'fallingPnt': np.int64(63675), 'widthPnts': np.int64(207), 'widthMs': np.float64(2.07)}, {'halfHeight': 50, 'risingPnt': np.int64(63484), 'fallingPnt': np.int64(63606), 'widthPnts': np.int64(122), 'widthMs': np.float64(1.22)}, {'halfHeight': 80, 'risingPnt': np.int64(63494), 'fallingPnt': np.int64(63553), 'widthPnts': np.int64(59), 'widthMs': np.float64(0.59)}, {'halfHeight': 90, 'risingPnt': np.int64(63498), 'fallingPnt': np.int64(63538), 'widthPnts': np.int64(40), 'widthMs': np.float64(0.4)}]",2.37,2.07,1.22,0.59,0.4,0.8100000000000884,yes,,,,,,,unknown,,,,
254,254,dvdt,11,2,9.0,29,0,[],20260908,16:38:08,,,20230324a,20230324a,stochastic-hh.sanpy,,20.0,-40.0,0,"[10, 20, 50, 80, 90]",64627,0.64627,-45.14044044010244,19.314661109317015,,64708,0.64708,47.92637361519343,93.06681405529586,0.8099999999999774,64975,0.64975,-70.06500739492647,64623.0,-45.9002377374062,64623,64625,0.02,-45.85842375243703,-45.514480806690734,16916.816973159832,,64688,20.890208184292668,291.34426350470915,64786,11.265825001175896,-70.86662346090056,1198.0,11.98,83.47245409015024,1201.0,12.01,0.04,"[{'halfHeight': 10, 'risingPnt': np.int64(64654), 'fallingPnt': np.int64(64879), 'widthPnts': np.int64(225), 'widthMs': np.float64(2.25)}, {'halfHeight': 20, 'risingPnt': np.int64(64665), 'fallingPnt': np.int64(64861), 'widthPnts': np.int64(196), 'widthMs': np.float64(1.96)}, {'halfHeight': 50, 'risingPnt': np.int64(64682), 'fallingPnt': np.int64(64802), 'widthPnts': np.int64(120), 'widthMs': np.float64(1.2)}, {'halfHeight': 80, 'risingPnt': np.int64(64691), 'fallingPnt': np.int64(64754), 'widthPnts': np.int64(63), 'widthMs': np.float64(0.63)}, {'halfHeight': 90, 'risingPnt': np.int64(64695), 'fallingPnt': np.int64(64737), 'widthPnts': np.int64(42), 'widthMs': np.float64(0.42)}]",2.25,1.96,1.2,0.63,0.42,0.8099999999999774,yes,,,,,,,unknown,,,,
255,255,dvdt,11,2,9.0,30,0,[],20260908,16:38:08,,,20230324a,20230324a,stochastic-hh.sanpy,,20.0,-40.0,0,"[10, 20, 50, 80, 90]",66024,0.66024,-45.20733289491325,19.80259261164415,,66104,0.66104,44.83210996786184,90.03944286277509,0.7999999999999119,66372,0.66372,-69.85635677032099,66021.0,-45.9002377374062,66021,66023,0.02,-45.766573921090995,-45.405907210644926,17473.941976497455,,66085,15.159879028333004,297.4911954702029,66198,1.1976255923178527,-65.83016909646453,1397.0,13.97,71.58196134574088,1398.0,13.98,0.03,"[{'halfHeight': 10, 'risingPnt': np.int64(66051), 'fallingPnt': np.int64(66274), 'widthPnts': np.int64(223), 'widthMs': np.float64(2.23)}, {'halfHeight': 20, 'risingPnt': np.int64(66064), 'fallingPnt': np.int64(66257), 'widthPnts': np.int64(193), 'widthMs': np.float64(1.93)}, {'halfHeight': 50, 'risingPnt': np.int64(66080), 'fallingPnt': np.int64(66201), 'widthPnts': np.int64(121), 'widthMs': np.float64(1.21)}, {'halfHeight': 80, 'risingPnt': np.int64(66089), 'fallingPnt': np.int64(66150), 'widthPnts': np.int64(61), 'widthMs': np.float64(0.61)}, {'halfHeight': 90, 'risingPnt': np.int64(66093), 'fallingPnt': np.int64(66134), 'widthPnts': np.int64(41), 'widthMs': np.float64(0.41)}]",2.23,1.93,1.21,0.61,0.41,0.7999999999999119,yes,,,,,,,unknown,,,,
256,256,dvdt,11,2,9.0,31,0,[],20260908,16:38:08,,,20230324a,20230324a,stochastic-hh.sanpy,,20.0,-40.0,0,"[10, 20, 50, 80, 90]",67293,0.6729299999999999,-44.91289615521556,19.565716549881866,,67375,0.67375,45.75282120751169,90.66571736272725,0.8200000000000429,67645,0.67645,-69.9708537527584,67288.0,-45.9002377374062,67288,67290,0.02,-45.82328429944269,-45.47695257298114,17306.456353314705,,67355,18.609548321882006,283.38881574979797,67427,23.36589646924639,-71.39303061830505,1269.0,12.69,78.80220646178093,1267.0,12.67,0.05,"[{'halfHeight': 10, 'risingPnt': np.int64(67321), 'fallingPnt': np.int64(67546), 'widthPnts': np.int64(225), 'widthMs': np.float64(2.25)}, {'halfHeight': 20, 'risingPnt': np.int64(67333), 'fallingPnt': np.int64(67524), 'widthPnts': np.int64(191), 'widthMs': np.float64(1.91)}, {'halfHeight': 50, 'risingPnt': np.int64(67349), 'fallingPnt': np.int64(67470), 'widthPnts': np.int64(121), 'widthMs': np.float64(1.21)}, {'halfHeight': 80, 'risingPnt': np.int64(67359), 'fallingPnt': np.int64(67419), 'widthPnts': np.int64(60), 'widthMs': np.float64(0.6)}, {'halfHeight': 90, 'risingPnt': np.int64(67363), 'fallingPnt': np.int64(67403), 'widthPnts': np.int64(40), 'widthMs': np.float64(0.4)}]",2.25,1.91,1.21,0.6,0.4,0.8200000000000429,yes,,,,,,,unknown,,,,
257,257,dvdt,11,2,9.0,32,0,[],20260908,16:38:08,,,20230324a,20230324a,stochastic-hh.sanpy,,20.0,-40.0,0,"[10, 20, 50, 80, 90]",68588,0.68588,-43.67526899822639,19.881842131779116,,68663,0.68663,44.56363110032993,88.23890009855631,0.7499999999999174,68933,0.68933,-69.98628312654976,68575.0,-45.9002377374062,68576,68581,0.05,-45.74539350255342,-44.966793762804734,15352.02701646272,,68644,17.884928375844346,289.1477397601427,68728,16.14858387318981,-70.53910648721723,1295.0,12.95,77.22007722007721,1287.0,12.87,0.13,"[{'halfHeight': 10, 'risingPnt': np.int64(68612), 'fallingPnt': np.int64(68829), 'widthPnts': np.int64(217), 'widthMs': np.float64(2.17)}, {'halfHeight': 20, 'risingPnt': np.int64(68623), 'fallingPnt': np.int64(68811), 'widthPnts': np.int64(188), 'widthMs': np.float64(1.88)}, {'halfHeight': 50, 'risingPnt': np.int64(68638), 'fallingPnt': np.int64(68757), 'widthPnts': np.int64(119), 'widthMs': np.float64(1.19)}, {'halfHeight': 80, 'risingPnt': np.int64(68648), 'fallingPnt': np.int64(68709), 'widthPnts': np.int64(61), 'widthMs': np.float64(0.61)}, {'halfHeight': 90, 'risingPnt': np.int64(68652), 'fallingPnt': np.int64(68692), 'widthPnts': np.int64(40), 'widthMs': np.float64(0.4)}]",2.17,1.88,1.19,0.61,0.4,0.7499999999999174,yes,,,,,,,unknown,,,,
258,258,dvdt,11,2,9.0,33,0,"[{'Spike': 33, 'Seconds': np.float64(0.699), 'Sweep': 11, 'Epoch': 2, 'Type': 'Fit EDD', 'Details': 'Early diastolic duration rate fit - preMinPnt == spikePnt'}]",20260908,16:38:08,,,20230324a,20230324a,stochastic-hh.sanpy,,20.0,-40.0,0,"[10, 20, 50, 80, 90]",69899,0.69899,-44.15604564654925,19.50929836728935,,69980,0.6998,43.90603430536165,88.0620799519109,0.8099999999999774,70261,0.7026100000000001,-69.9426591667341,69897.0,-44.58989278028094,69897,69898,0.01,-44.54032179149601,-44.35154525991248,,,69958,14.508710338215888,260.97350741613224,70022,27.30633724627086,-65.84627569987695,1311.0,13.11,76.27765064836002,1322.0,13.22,0.02,"[{'halfHeight': 10, 'risingPnt': np.int64(69925), 'fallingPnt': np.int64(70157), 'widthPnts': np.int64(232), 'widthMs': np.float64(2.32)}, {'halfHeight': 20, 'risingPnt': np.int64(69937), 'fallingPnt': np.int64(70136), 'widthPnts': np.int64(199), 'widthMs': np.float64(1.99)}, {'halfHeight': 50, 'risingPnt': np.int64(69953), 'fallingPnt': np.int64(70075), 'widthPnts': np.int64(122), 'widthMs': np.float64(1.22)}, {'halfHeight': 80, 'risingPnt': np.int64(69963), 'fallingPnt': np.int64(70024), 'widthPnts': np.int64(61), 'widthMs': np.float64(0.61)}, {'halfHeight': 90, 'risingPnt': np.int64(69967), 'fallingPnt': np.int64(70009), 'widthPnts': np.int64(42), 'widthMs': np.float64(0.42)}]",2.32,1.99,1.22,0.61,0.42,0.8099999999999774,yes,,,,,,,unknown,,,,
259,259,dvdt,11,2,9.0,34,0,"[{'Spike': 34, 'Seconds': np.float64(0.7121), 'Sweep': 11, 'Epoch': 2, 'Type': 'Fit EDD', 'Details': 'Early diastolic duration rate fit - preMinPnt == spikePnt'}]",20260908,16:38:08,,,20230324a,20230324a,stochastic-hh.sanpy,,20.0,-40.0,0,"[10, 20, 50, 80, 90]",71208,0.71208,-45.599151074419524,19.75939518314341,,71294,0.71294,44.217865549683395,89.81701662410292,0.8599999999999719,71567,0.7156699999999999,-69.83488240252116,71208.0,-44.58989278028094,71208,71208,0.0,-45.599151074419524,-45.599151074419524,,,71273,13.671763151500572,278.88068012125984,71492,-49.09269970917439,-65.49610495066476,1309.0,13.09,76.39419404125287,1311.0,13.11,0.0,"[{'halfHeight': 10, 'risingPnt': np.int64(71237), 'fallingPnt': np.int64(71471), 'widthPnts': np.int64(234), 'widthMs': np.float64(2.34)}, {'halfHeight': 20, 'risingPnt': np.int64(71251), 'fallingPnt': np.int64(71451), 'widthPnts': np.int64(200), 'widthMs': np.float64(2.0)}, {'halfHeight': 50, 'risingPnt': np.int64(71268), 'fallingPnt': np.int64(71393), 'widthPnts': np.int64(125), 'widthMs': np.float64(1.25)}, {'halfHeight': 80, 'risingPnt': np.int64(71278), 'fallingPnt': np.int64(71339), 'widthPnts': np.int64(61), 'widthMs': np.float64(0.61)}, {'halfHeight': 90, 'risingPnt': np.int64(71282), 'fallingPnt': np.int64(71322), 'widthPnts': np.int64(40), 'widthMs': np.float64(0.4)}]",2.34,2.0,1.25,0.61,0.4,0.8599999999999719,yes,,,,,,,unknown,,,,
260,260,dvdt,11,2,9.0,35,0,"[{'Spike': 35, 'Seconds': np.float64(0.725), 'Sweep': 11, 'Epoch': 2, 'Type': 'Fit EDD', 'Details': 'Early diastolic duration rate fit - preMinPnt == spikePnt'}]",20260908,16:38:08,,,20230324a,20230324a,stochastic-hh.sanpy,,20.0,-40.0,0,"[10, 20, 50, 80, 90]",72496,0.72496,-44.942214088526484,19.58065447354732,,72575,0.72575,45.67876428729671,90.6209783758232,0.7899999999999574,72844,0.7284400000000001,-69.98565548423974,72496.0,-44.58989278028094,72496,72496,0.0,-44.942214088526484,-44.942214088526484,,,72554,15.188743145183995,301.38260900004104,72613,28.932809788492865,-79.18571950797907,1288.0,12.88,77.63975155279502,1288.0,12.88,0.0,"[{'halfHeight': 10, 'risingPnt': np.int64(72522), 'fallingPnt': np.int64(72745), 'widthPnts': np.int64(223), 'widthMs': np.float64(2.23)}, {'halfHeight': 20, 'risingPnt': np.int64(72533), 'fallingPnt': np.int64(72725), 'widthPnts': np.int64(192), 'widthMs': np.float64(1.92)}, {'halfHeight': 50, 'risingPnt': np.int64(72549), 'fallingPnt': np.int64(72667), 'widthPnts': np.int64(118), 'widthMs': np.float64(1.18)}, {'halfHeight': 80, 'risingPnt': np.int64(72559), 'fallingPnt': np.int64(72615), 'widthPnts': np.int64(56), 'widthMs': np.float64(0.56)}, {'halfHeight': 90, 'risingPnt': np.int64(72563), 'fallingPnt': np.int64(72601), 'widthPnts': np.int64(38), 'widthMs': np.float64(0.38)}]",2.23,1.92,1.18,0.56,0.38,0.7899999999999574,yes,,,,,,,unknown,,,,
261,261,dvdt,11,2,9.0,36,0,[],20260908,16:38:08,,,20230324a,20230324a,stochastic-hh.sanpy,,20.0,-40.0,0,"[10, 20, 50, 80, 90]",73840,0.7384,-43.35949640023376,19.632576181072224,,73914,0.73914,43.67394771521172,87.03344411544548,0.7400000000000739,74178,0.74178,-70.08115847991847,73834.0,-44.58989278028094,73835,73837,0.02,-44.303965959590066,-43.9346079106988,18456.074293632835,,73896,18.298094623813473,279.1983069082498,74008,0.6171230424846839,-70.1112206741731,1344.0,13.44,74.40476190476191,1338.0,13.38,0.06,"[{'halfHeight': 10, 'risingPnt': np.int64(73864), 'fallingPnt': np.int64(74081), 'widthPnts': np.int64(217), 'widthMs': np.float64(2.17)}, {'halfHeight': 20, 'risingPnt': np.int64(73874), 'fallingPnt': np.int64(74063), 'widthPnts': np.int64(189), 'widthMs': np.float64(1.89)}, {'halfHeight': 50, 'risingPnt': np.int64(73890), 'fallingPnt': np.int64(74009), 'widthPnts': np.int64(119), 'widthMs': np.float64(1.19)}, {'halfHeight': 80, 'risingPnt': np.int64(73899), 'fallingPnt': np.int64(73960), 'widthPnts': np.int64(61), 'widthMs': np.float64(0.61)}, {'halfHeight': 90, 'risingPnt': np.int64(73903), 'fallingPnt': np.int64(73943), 'widthPnts': np.int64(40), 'widthMs': np.float64(0.4)}]",2.17,1.89,1.19,0.61,0.4,0.7400000000000739,yes,,,,,,,unknown,,,,
262,262,dvdt,11,3,0.0,37,0,[],20260908,16:38:08,,,20230324a,20230324a,stochastic-hh.sanpy,,20.0,-40.0,0,"[10, 20, 50, 80, 90]",90658,0.90658,-44.17029732204008,19.582711165769393,,90733,0.9073300000000001,48.907347674277325,93.0776449963174,0.7500000000000284,91026,0.91026,-71.02332998705292,90655.0,-44.86315177628458,90655,90657,0.02,-44.74353184547696,-44.366461243764526,18731.652425116783,,90714,18.4672832133051,326.4094699592071,90932,-44.44038292591027,-64.85549831532943,16818.0,168.18,5.946010227137591,16821.0,168.21,0.03,"[{'halfHeight': 10, 'risingPnt': np.int64(90685), 'fallingPnt': np.int64(90915), 'widthPnts': np.int64(230), 'widthMs': np.float64(2.3)}, {'halfHeight': 20, 'risingPnt': np.int64(90695), 'fallingPnt': np.int64(90893), 'widthPnts': np.int64(198), 'widthMs': np.float64(1.98)}, {'halfHeight': 50, 'risingPnt': np.int64(90709), 'fallingPnt': np.int64(90836), 'widthPnts': np.int64(127), 'widthMs': np.float64(1.27)}, {'halfHeight': 80, 'risingPnt': np.int64(90718), 'fallingPnt': np.int64(90780), 'widthPnts': np.int64(62), 'widthMs': np.float64(0.62)}, {'halfHeight': 90, 'risingPnt': np.int64(90722), 'fallingPnt': np.int64(90762), 'widthPnts': np.int64(40), 'widthMs': np.float64(0.4)}]",2.3,1.98,1.27,0.62,0.4,0.7500000000000284,yes,,,,,,,unknown,,,,
263,263,dvdt,12,1,0.0,0,0,"[{'Spike': 0, 'Seconds': np.float64(0.1522), 'Sweep': 12, 'Epoch': 1, 'Type': 'Pre spike min under-run (mdp)', 'Details': 'Went past startPnt 0 searching for pre-spike min'}]",20260908,16:38:08,,,20230324a,20230324a,stochastic-hh.sanpy,,20.0,-40.0,0,"[10, 20, 50, 80, 90]",15222,0.15222,-46.268031756922475,19.59433346714311,,15301,0.15300999999999998,50.271542567569846,96.53957432449232,0.7899999999999852,15605,0.15605000000000002,-71.09241434291383,14594.0,-60.96783781874474,14657,14908,2.51,-60.605381940530066,-57.57584339472361,1284.2172806429735,,15281,14.645975287049044,332.69460324022776,15362,25.718696046158485,-68.94099267465353,,,,,,6.28,"[{'halfHeight': 10, 'risingPnt': np.int64(15251), 'fallingPnt': np.int64(15495), 'widthPnts': np.int64(244), 'widthMs': np.float64(2.44)}, {'halfHeight': 20, 'risingPnt': np.int64(15263), 'fallingPnt': np.int64(15475), 'widthPnts': np.int64(212), 'widthMs': np.float64(2.12)}, {'halfHeight': 50, 'risingPnt': np.int64(15278), 'fallingPnt': np.int64(15407), 'widthPnts': np.int64(129), 'widthMs': np.float64(1.29)}, {'halfHeight': 80, 'risingPnt': np.int64(15287), 'fallingPnt': np.int64(15353), 'widthPnts': np.int64(66), 'widthMs': np.float64(0.66)}, {'halfHeight': 90, 'risingPnt': np.int64(15290), 'fallingPnt': np.int64(15335), 'widthPnts': np.int64(45), 'widthMs': np.float64(0.45)}]",2.44,2.12,1.29,0.66,0.45,0.7899999999999852,yes,,,,,,,unknown,,,,
264,264,dvdt,12,2,10.0,1,0,[],20260908,16:38:08,,,20230324a,20230324a,stochastic-hh.sanpy,,20.0,-40.0,0,"[10, 20, 50, 80, 90]",25120,0.2512,-45.87359196279819,19.111808221992916,,25195,0.25195,51.42254079831039,97.29613276110858,0.7500000000000284,25485,0.25485,-69.98286740363304,25095.0,-50.029855370310855,25097,25107,0.1,-49.61960736919889,-48.14639606462224,14409.700717636208,,25177,21.21491791090016,366.29504999380396,25256,27.464356770999537,-61.65764647064709,9898.0,98.98,10.103051121438675,10501.0,105.01,0.25,"[{'halfHeight': 10, 'risingPnt': np.int64(25146), 'fallingPnt': np.int64(25390), 'widthPnts': np.int64(244), 'widthMs': np.float64(2.44)}, {'halfHeight': 20, 'risingPnt': np.int64(25158), 'fallingPnt': np.int64(25369), 'widthPnts': np.int64(211), 'widthMs': np.float64(2.11)}, {'halfHeight': 50, 'risingPnt': np.int64(25172), 'fallingPnt': np.int64(25307), 'widthPnts': np.int64(135), 'widthMs': np.float64(1.35)}, {'halfHeight': 80, 'risingPnt': np.int64(25181), 'fallingPnt': np.int64(25248), 'widthPnts': np.int64(67), 'widthMs': np.float64(0.67)}, {'halfHeight': 90, 'risingPnt': np.int64(25184), 'fallingPnt': np.int64(25228), 'widthPnts': np.int64(44), 'widthMs': np.float64(0.44)}]",2.44,2.11,1.35,0.67,0.44,0.7500000000000284,yes,,,,,,,unknown,,,,
265,265,dvdt,12,2,10.0,2,0,[],20260908,16:38:08,,,20230324a,20230324a,stochastic-hh.sanpy,,20.0,-40.0,0,"[10, 20, 50, 80, 90]",26398,0.26398,-43.894795447916906,19.917614074407776,,26476,0.26476,44.57169745818369,88.4664929061006,0.7800000000000029,26749,0.26749,-69.74608546117646,26344.0,-50.029855370310855,26349,26371,0.22,-49.64990655802815,-47.83709503252092,8245.509966189928,,26456,16.719530247263005,276.9706512094024,26529,22.13863511252304,-75.59425376480245,1278.0,12.78,78.24726134585289,1249.0,12.49,0.54,"[{'halfHeight': 10, 'risingPnt': np.int64(26424), 'fallingPnt': np.int64(26646), 'widthPnts': np.int64(222), 'widthMs': np.float64(2.22)}, {'halfHeight': 20, 'risingPnt': np.int64(26435), 'fallingPnt': np.int64(26625), 'widthPnts': np.int64(190), 'widthMs': np.float64(1.9)}, {'halfHeight': 50, 'risingPnt': np.int64(26450), 'fallingPnt': np.int64(26573), 'widthPnts': np.int64(123), 'widthMs': np.float64(1.23)}, {'halfHeight': 80, 'risingPnt': np.int64(26460), 'fallingPnt': np.int64(26522), 'widthPnts': np.int64(62), 'widthMs': np.float64(0.62)}, {'halfHeight': 90, 'risingPnt': np.int64(26464), 'fallingPnt': np.int64(26503), 'widthPnts': np.int64(39), 'widthMs': np.float64(0.39)}]",2.22,1.9,1.23,0.62,0.39,0.7800000000000029,yes,,,,,,,unknown,,,,
266,266,dvdt,12,2,10.0,3,0,[],20260908,16:38:08,,,20230324a,20230324a,stochastic-hh.sanpy,,20.0,-40.0,0,"[10, 20, 50, 80, 90]",27821,0.27820999999999996,-43.901080149683644,19.5624382578513,,27903,0.27903,44.51421432714726,88.4152944768309,0.8200000000000429,28173,0.28173000000000004,-69.94073055296872,27764.0,-50.029855370310855,27770,27792,0.22,-49.733785686468586,-48.01348402713084,7578.077375489234,,27882,17.768465635094014,279.9872972391856,28095,-48.00235493963648,-66.84720887356205,1423.0,14.23,70.27406886858749,1420.0,14.2,0.57,"[{'halfHeight': 10, 'risingPnt': np.int64(27848), 'fallingPnt': np.int64(28073), 'widthPnts': np.int64(225), 'widthMs': np.float64(2.25)}, {'halfHeight': 20, 'risingPnt': np.int64(27860), 'fallingPnt': np.int64(28055), 'widthPnts': np.int64(195), 'widthMs': np.float64(1.95)}, {'halfHeight': 50, 'risingPnt': np.int64(27876), 'fallingPnt': np.int64(27997), 'widthPnts': np.int64(121), 'widthMs': np.float64(1.21)}, {'halfHeight': 80, 'risingPnt': np.int64(27886), 'fallingPnt': np.int64(27945), 'widthPnts': np.int64(59), 'widthMs': np.float64(0.59)}, {'halfHeight': 90, 'risingPnt': np.int64(27890), 'fallingPnt': np.int64(27928), 'widthPnts': np.int64(38), 'widthMs': np.float64(0.38)}]",2.25,1.95,1.21,0.59,0.38,0.8200000000000429,yes,,,,,,,unknown,,,,
267,267,dvdt,12,2,10.0,4,0,[],20260908,16:38:08,,,20230324a,20230324a,stochastic-hh.sanpy,,20.0,-40.0,0,"[10, 20, 50, 80, 90]",29378,0.29378,-44.75215751897948,19.84857017347225,,29463,0.29463,43.994690734699375,88.74684825367885,0.8500000000000174,29723,0.29723,-69.98216938205334,29323.0,-50.029855370310855,29329,29351,0.22,-49.68957219424614,-48.29341515240099,6272.688126661894,,29444,17.690702340916584,279.6393767930065,29552,1.1660663103081343,-67.2688239446421,1557.0,15.57,64.22607578676943,1559.0,15.59,0.55,"[{'halfHeight': 10, 'risingPnt': np.int64(29408), 'fallingPnt': np.int64(29630), 'widthPnts': np.int64(222), 'widthMs': np.float64(2.22)}, {'halfHeight': 20, 'risingPnt': np.int64(29421), 'fallingPnt': np.int64(29610), 'widthPnts': np.int64(189), 'widthMs': np.float64(1.89)}, {'halfHeight': 50, 'risingPnt': np.int64(29438), 'fallingPnt': np.int64(29555), 'widthPnts': np.int64(117), 'widthMs': np.float64(1.17)}, {'halfHeight': 80, 'risingPnt': np.int64(29448), 'fallingPnt': np.int64(29506), 'widthPnts': np.int64(58), 'widthMs': np.float64(0.58)}, {'halfHeight': 90, 'risingPnt': np.int64(29452), 'fallingPnt': np.int64(29492), 'widthPnts': np.int64(40), 'widthMs': np.float64(0.4)}]",2.22,1.89,1.17,0.58,0.4,0.8500000000000174,yes,,,,,,,unknown,,,,
268,268,dvdt,12,2,10.0,5,0,[],20260908,16:38:08,,,20230324a,20230324a,stochastic-hh.sanpy,,20.0,-40.0,0,"[10, 20, 50, 80, 90]",30616,0.30616000000000004,-43.368756393505194,19.72594773903395,,30694,0.30694,44.48511353801054,87.85386993151573,0.7799999999999474,30966,0.30966000000000005,-69.8094340360313,30561.0,-50.029855370310855,30567,30589,0.22,-49.50042081364165,-47.416845765216394,9463.873002760474,,30673,15.080113114129961,275.89107732906473,30858,-29.14433436415266,-64.69296487349318,1238.0,12.38,80.77544426494346,1238.0,12.38,0.55,"[{'halfHeight': 10, 'risingPnt': np.int64(30641), 'fallingPnt': np.int64(30868), 'widthPnts': np.int64(227), 'widthMs': np.float64(2.27)}, {'halfHeight': 20, 'risingPnt': np.int64(30653), 'fallingPnt': np.int64(30853), 'widthPnts': np.int64(200), 'widthMs': np.float64(2.0)}, {'halfHeight': 50, 'risingPnt': np.int64(30668), 'fallingPnt': np.int64(30791), 'widthPnts': np.int64(123), 'widthMs': np.float64(1.23)}, {'halfHeight': 80, 'risingPnt': np.int64(30678), 'fallingPnt': np.int64(30738), 'widthPnts': np.int64(60), 'widthMs': np.float64(0.6)}, {'halfHeight': 90, 'risingPnt': np.int64(30682), 'fallingPnt': np.int64(30720), 'widthPnts': np.int64(38), 'widthMs': np.float64(0.38)}]",2.27,2.0,1.23,0.6,0.38,0.7799999999999474,yes,,,,,,,unknown,,,,
269,269,dvdt,12,2,10.0,6,0,[],20260908,16:38:08,,,20230324a,20230324a,stochastic-hh.sanpy,,20.0,-40.0,0,"[10, 20, 50, 80, 90]",31870,0.3187,-43.302577979645115,19.62793532549586,,31949,0.31949,43.32652337565505,86.62910135530016,0.7900000000000129,32218,0.32218,-69.69814972923454,31813.0,-50.029855370310855,31819,31841,0.22,-49.52058062597714,-47.32448215931891,10010.97892996171,,31927,15.091360523357555,283.3425421028511,32028,4.452213974070238,-72.19212356482102,1254.0,12.54,79.74481658692186,1252.0,12.52,0.57,"[{'halfHeight': 10, 'risingPnt': np.int64(31894), 'fallingPnt': np.int64(32114), 'widthPnts': np.int64(220), 'widthMs': np.float64(2.2)}, {'halfHeight': 20, 'risingPnt': np.int64(31906), 'fallingPnt': np.int64(32094), 'widthPnts': np.int64(188), 'widthMs': np.float64(1.88)}, {'halfHeight': 50, 'risingPnt': np.int64(31922), 'fallingPnt': np.int64(32036), 'widthPnts': np.int64(114), 'widthMs': np.float64(1.14)}, {'halfHeight': 80, 'risingPnt': np.int64(31931), 'fallingPnt': np.int64(31991), 'widthPnts': np.int64(60), 'widthMs': np.float64(0.6)}, {'halfHeight': 90, 'risingPnt': np.int64(31936), 'fallingPnt': np.int64(31973), 'widthPnts': np.int64(37), 'widthMs': np.float64(0.37)}]",2.2,1.88,1.14,0.6,0.37,0.7900000000000129,yes,,,,,,,unknown,,,,
270,270,dvdt,12,2,10.0,7,0,[],20260908,16:38:08,,,20230324a,20230324a,stochastic-hh.sanpy,,20.0,-40.0,0,"[10, 20, 50, 80, 90]",33112,0.33112,-44.499349861547024,19.21520623269955,,33191,0.33191000000000004,46.113552962954316,90.61290282450133,0.7900000000000129,33472,0.33472,-69.74798529747164,33065.0,-50.029855370310855,33070,33089,0.19,-49.64300717257037,-47.86932349730088,9029.340430763054,,33170,15.074878499968117,292.9141270563699,33247,22.57230776100756,-66.9240041090942,1242.0,12.42,80.51529790660226,1252.0,12.52,0.47,"[{'halfHeight': 10, 'risingPnt': np.int64(33138), 'fallingPnt': np.int64(33368), 'widthPnts': np.int64(230), 'widthMs': np.float64(2.3)}, {'halfHeight': 20, 'risingPnt': np.int64(33150), 'fallingPnt': np.int64(33345), 'widthPnts': np.int64(195), 'widthMs': np.float64(1.95)}, {'halfHeight': 50, 'risingPnt': np.int64(33165), 'fallingPnt': np.int64(33286), 'widthPnts': np.int64(121), 'widthMs': np.float64(1.21)}, {'halfHeight': 80, 'risingPnt': np.int64(33175), 'fallingPnt': np.int64(33237), 'widthPnts': np.int64(62), 'widthMs': np.float64(0.62)}, {'halfHeight': 90, 'risingPnt': np.int64(33179), 'fallingPnt': np.int64(33218), 'widthPnts': np.int64(39), 'widthMs': np.float64(0.39)}]",2.3,1.95,1.21,0.62,0.39,0.7900000000000129,yes,,,,,,,unknown,,,,
271,271,dvdt,12,2,10.0,8,0,[],20260908,16:38:08,,,20230324a,20230324a,stochastic-hh.sanpy,,20.0,-40.0,0,"[10, 20, 50, 80, 90]",34392,0.34392,-43.39641369788287,19.75916011743023,,34470,0.3447,43.6571858969563,87.05359959483917,0.7800000000000029,34733,0.34732999999999997,-69.67724650102585,34321.0,-50.029855370310855,34328,34357,0.29,-49.75729411905174,-47.79161459016006,6839.902598019394,,34451,16.77699056928097,267.2041877788712,34549,6.915841338193236,-66.21861296216225,1280.0,12.8,78.125,1256.0,12.56,0.71,"[{'halfHeight': 10, 'risingPnt': np.int64(34417), 'fallingPnt': np.int64(34632), 'widthPnts': np.int64(215), 'widthMs': np.float64(2.15)}, {'halfHeight': 20, 'risingPnt': np.int64(34428), 'fallingPnt': np.int64(34613), 'widthPnts': np.int64(185), 'widthMs': np.float64(1.85)}, {'halfHeight': 50, 'risingPnt': np.int64(34445), 'fallingPnt': np.int64(34561), 'widthPnts': np.int64(116), 'widthMs': np.float64(1.16)}, {'halfHeight': 80, 'risingPnt': np.int64(34455), 'fallingPnt': np.int64(34516), 'widthPnts': np.int64(61), 'widthMs': np.float64(0.61)}, {'halfHeight': 90, 'risingPnt': np.int64(34459), 'fallingPnt': np.int64(34500), 'widthPnts': np.int64(41), 'widthMs': np.float64(0.41)}]",2.15,1.85,1.16,0.61,0.41,0.7800000000000029,yes,,,,,,,unknown,,,,
272,272,dvdt,12,2,10.0,9,0,[],20260908,16:38:08,,,20230324a,20230324a,stochastic-hh.sanpy,,20.0,-40.0,0,"[10, 20, 50, 80, 90]",35811,0.35811000000000004,-42.28994128742998,19.93346852636757,,35893,0.35893,39.79227547699784,82.08221676442781,0.8199999999999874,36149,0.36149000000000003,-69.7826183297363,35724.0,-50.029855370310855,35733,35768,0.35,-49.70069047662476,-47.48275020522933,6136.315256674047,,35869,12.891619579865361,252.10333368755173,36085,-54.68269697609455,-68.66489412387027,1419.0,14.19,70.47216349541931,1403.0,14.03,0.87,"[{'halfHeight': 10, 'risingPnt': np.int64(35836), 'fallingPnt': np.int64(36050), 'widthPnts': np.int64(214), 'widthMs': np.float64(2.14)}, {'halfHeight': 20, 'risingPnt': np.int64(35848), 'fallingPnt': np.int64(36033), 'widthPnts': np.int64(185), 'widthMs': np.float64(1.85)}, {'halfHeight': 50, 'risingPnt': np.int64(35863), 'fallingPnt': np.int64(35982), 'widthPnts': np.int64(119), 'widthMs': np.float64(1.19)}, {'halfHeight': 80, 'risingPnt': np.int64(35874), 'fallingPnt': np.int64(35938), 'widthPnts': np.int64(64), 'widthMs': np.float64(0.64)}, {'halfHeight': 90, 'risingPnt': np.int64(35878), 'fallingPnt': np.int64(35920), 'widthPnts': np.int64(42), 'widthMs': np.float64(0.42)}]",2.14,1.85,1.19,0.64,0.42,0.8199999999999874,yes,,,,,,,unknown,,,,
273,273,dvdt,12,2,10.0,10,0,[],20260908,16:38:08,,,20230324a,20230324a,stochastic-hh.sanpy,,20.0,-40.0,0,"[10, 20, 50, 80, 90]",37045,0.37045,-43.889678051187644,19.923737377640784,,37123,0.37123,43.546622086144936,87.43630013733258,0.7800000000000029,37396,0.37395999999999996,-69.64676415727682,36996.0,-50.029855370310855,37001,37020,0.19,-49.61909856970541,-47.77191601434983,9557.239245919855,,37103,14.991288506946791,269.58361557417334,37155,31.550649780676924,-65.5843941122915,1234.0,12.34,81.03727714748784,1272.0,12.72,0.49,"[{'halfHeight': 10, 'risingPnt': np.int64(37071), 'fallingPnt': np.int64(37295), 'widthPnts': np.int64(224), 'widthMs': np.float64(2.24)}, {'halfHeight': 20, 'risingPnt': np.int64(37082), 'fallingPnt': np.int64(37277), 'widthPnts': np.int64(195), 'widthMs': np.float64(1.95)}, {'halfHeight': 50, 'risingPnt': np.int64(37098), 'fallingPnt': np.int64(37219), 'widthPnts': np.int64(121), 'widthMs': np.float64(1.21)}, {'halfHeight': 80, 'risingPnt': np.int64(37108), 'fallingPnt': np.int64(37165), 'widthPnts': np.int64(57), 'widthMs': np.float64(0.57)}, {'halfHeight': 90, 'risingPnt': np.int64(37112), 'fallingPnt': np.int64(37150), 'widthPnts': np.int64(38), 'widthMs': np.float64(0.38)}]",2.24,1.95,1.21,0.57,0.38,0.7800000000000029,yes,,,,,,,unknown,,,,
274,274,dvdt,12,2,10.0,11,0,[],20260908,16:38:08,,,20230324a,20230324a,stochastic-hh.sanpy,,20.0,-40.0,0,"[10, 20, 50, 80, 90]",38430,0.38430000000000003,-43.60870604912978,19.02641305356252,,38513,0.38513,40.7765076094617,84.38521365859148,0.8299999999999419,38776,0.38776,-69.75340075776938,38356.0,-50.029855370310855,38363,38393,0.3,-49.77209738401135,-48.076970645723,5651.926642641854,,38491,11.994389201576102,247.73143894348487,38573,11.321956689532977,-67.53580474536706,1385.0,13.85,72.20216606498195,1360.0,13.6,0.74,"[{'halfHeight': 10, 'risingPnt': np.int64(38456), 'fallingPnt': np.int64(38676), 'widthPnts': np.int64(220), 'widthMs': np.float64(2.2)}, {'halfHeight': 20, 'risingPnt': np.int64(38469), 'fallingPnt': np.int64(38659), 'widthPnts': np.int64(190), 'widthMs': np.float64(1.9)}, {'halfHeight': 50, 'risingPnt': np.int64(38486), 'fallingPnt': np.int64(38598), 'widthPnts': np.int64(112), 'widthMs': np.float64(1.12)}, {'halfHeight': 80, 'risingPnt': np.int64(38496), 'fallingPnt': np.int64(38552), 'widthPnts': np.int64(56), 'widthMs': np.float64(0.56)}, {'halfHeight': 90, 'risingPnt': np.int64(38500), 'fallingPnt': np.int64(38536), 'widthPnts': np.int64(36), 'widthMs': np.float64(0.36)}]",2.2,1.9,1.12,0.56,0.36,0.8299999999999419,yes,,,,,,,unknown,,,,
275,275,dvdt,12,2,10.0,12,0,[],20260908,16:38:08,,,20230324a,20230324a,stochastic-hh.sanpy,,20.0,-40.0,0,"[10, 20, 50, 80, 90]",40190,0.4019,-42.75166927995749,19.492685328148625,,40272,0.40272,37.42748196126218,80.17915124121967,0.8200000000000429,40527,0.40526999999999996,-69.6270754297278,40069.0,-50.029855370310855,40081,40129,0.48,-49.892344001906956,-48.371975410558406,3329.226913909372,,40249,11.234991272461809,223.4711170084029,40318,18.60242486798893,-70.60026257658699,1760.0,17.6,56.81818181818181,1713.0,17.13,1.21,"[{'halfHeight': 10, 'risingPnt': np.int64(40214), 'fallingPnt': np.int64(40429), 'widthPnts': np.int64(215), 'widthMs': np.float64(2.15)}, {'halfHeight': 20, 'risingPnt': np.int64(40226), 'fallingPnt': np.int64(40411), 'widthPnts': np.int64(185), 'widthMs': np.float64(1.85)}, {'halfHeight': 50, 'risingPnt': np.int64(40243), 'fallingPnt': np.int64(40357), 'widthPnts': np.int64(114), 'widthMs': np.float64(1.14)}, {'halfHeight': 80, 'risingPnt': np.int64(40254), 'fallingPnt': np.int64(40314), 'widthPnts': np.int64(60), 'widthMs': np.float64(0.6)}, {'halfHeight': 90, 'risingPnt': np.int64(40259), 'fallingPnt': np.int64(40295), 'widthPnts': np.int64(36), 'widthMs': np.float64(0.36)}]",2.15,1.85,1.14,0.6,0.36,0.8200000000000429,yes,,,,,,,unknown,,,,
276,276,dvdt,12,2,10.0,13,0,[],20260908,16:38:08,,,20230324a,20230324a,stochastic-hh.sanpy,,20.0,-40.0,0,"[10, 20, 50, 80, 90]",41461,0.41461000000000003,-44.33848235519761,19.076247014688263,,41543,0.41543,42.869189789376975,87.20767214457459,0.8199999999999874,41807,0.41807,-69.3898119661657,41455.0,-45.40183373608705,41456,41458,0.02,-45.218179850909415,-44.88893124120826,16204.425133285826,,41523,18.990212786789257,262.0272920618286,41596,17.89610849387912,-63.73346352040452,1271.0,12.71,78.67820613690007,1386.0,13.86,0.06,"[{'halfHeight': 10, 'risingPnt': np.int64(41487), 'fallingPnt': np.int64(41701), 'widthPnts': np.int64(214), 'widthMs': np.float64(2.14)}, {'halfHeight': 20, 'risingPnt': np.int64(41499), 'fallingPnt': np.int64(41683), 'widthPnts': np.int64(184), 'widthMs': np.float64(1.84)}, {'halfHeight': 50, 'risingPnt': np.int64(41516), 'fallingPnt': np.int64(41630), 'widthPnts': np.int64(114), 'widthMs': np.float64(1.14)}, {'halfHeight': 80, 'risingPnt': np.int64(41526), 'fallingPnt': np.int64(41584), 'widthPnts': np.int64(58), 'widthMs': np.float64(0.58)}, {'halfHeight': 90, 'risingPnt': np.int64(41530), 'fallingPnt': np.int64(41568), 'widthPnts': np.int64(38), 'widthMs': np.float64(0.38)}]",2.14,1.84,1.14,0.58,0.38,0.8199999999999874,yes,,,,,,,unknown,,,,
277,277,dvdt,12,2,10.0,14,0,[],20260908,16:38:08,,,20230324a,20230324a,stochastic-hh.sanpy,,20.0,-40.0,0,"[10, 20, 50, 80, 90]",42801,0.42801,-43.866431219968725,19.843667129686903,,42883,0.42883,43.151054408891596,87.01748562886033,0.8199999999999874,43155,0.43155,-69.76798240674125,42793.0,-45.40183373608705,42794,42797,0.03,-45.09460691589008,-44.613500262605676,15549.085305634191,,42862,15.819184874270844,271.1141662568324,42925,24.147795960428198,-69.38290113934441,1340.0,13.4,74.6268656716418,1338.0,13.38,0.08,"[{'halfHeight': 10, 'risingPnt': np.int64(42827), 'fallingPnt': np.int64(43056), 'widthPnts': np.int64(229), 'widthMs': np.float64(2.29)}, {'halfHeight': 20, 'risingPnt': np.int64(42839), 'fallingPnt': np.int64(43036), 'widthPnts': np.int64(197), 'widthMs': np.float64(1.97)}, {'halfHeight': 50, 'risingPnt': np.int64(42856), 'fallingPnt': np.int64(42974), 'widthPnts': np.int64(118), 'widthMs': np.float64(1.18)}, {'halfHeight': 80, 'risingPnt': np.int64(42866), 'fallingPnt': np.int64(42923), 'widthPnts': np.int64(57), 'widthMs': np.float64(0.57)}, {'halfHeight': 90, 'risingPnt': np.int64(42870), 'fallingPnt': np.int64(42908), 'widthPnts': np.int64(38), 'widthMs': np.float64(0.38)}]",2.29,1.97,1.18,0.57,0.38,0.8199999999999874,yes,,,,,,,unknown,,,,
278,278,dvdt,12,2,10.0,15,0,[],20260908,16:38:08,,,20230324a,20230324a,stochastic-hh.sanpy,,20.0,-40.0,0,"[10, 20, 50, 80, 90]",44013,0.44013,-44.24226420602325,19.270554041624624,,44092,0.44092000000000003,44.637153899338124,88.87941810536137,0.7900000000000129,44353,0.44353,-69.87405439390706,44007.0,-45.40183373608705,44008,44010,0.02,-45.146659032502924,-44.80092504987581,17090.311897586296,,44072,16.225563125079255,285.4307153343136,44143,19.431290555212392,-80.42338982522429,1212.0,12.12,82.50825082508251,1214.0,12.14,0.06,"[{'halfHeight': 10, 'risingPnt': np.int64(44040), 'fallingPnt': np.int64(44252), 'widthPnts': np.int64(212), 'widthMs': np.float64(2.12)}, {'halfHeight': 20, 'risingPnt': np.int64(44051), 'fallingPnt': np.int64(44233), 'widthPnts': np.int64(182), 'widthMs': np.float64(1.82)}, {'halfHeight': 50, 'risingPnt': np.int64(44067), 'fallingPnt': np.int64(44183), 'widthPnts': np.int64(116), 'widthMs': np.float64(1.16)}, {'halfHeight': 80, 'risingPnt': np.int64(44076), 'fallingPnt': np.int64(44131), 'widthPnts': np.int64(55), 'widthMs': np.float64(0.55)}, {'halfHeight': 90, 'risingPnt': np.int64(44080), 'fallingPnt': np.int64(44116), 'widthPnts': np.int64(36), 'widthMs': np.float64(0.36)}]",2.12,1.82,1.16,0.55,0.36,0.7900000000000129,yes,,,,,,,unknown,,,,
279,279,dvdt,12,2,10.0,16,0,[],20260908,16:38:08,,,20230324a,20230324a,stochastic-hh.sanpy,,20.0,-40.0,0,"[10, 20, 50, 80, 90]",45347,0.45347000000000004,-43.273657084586,19.959135843737194,,45426,0.45426,43.995894034237715,87.26955111882371,0.7899999999999574,45692,0.45692,-69.75399516471477,45335.0,-45.40183373608705,45336,45341,0.05,-45.14668008825012,-44.36686037841064,15461.170075615317,,45408,21.095417371849816,263.09795328244337,45476,23.497047908936576,-70.11486349883481,1334.0,13.34,74.96251874062969,1328.0,13.28,0.12,"[{'halfHeight': 10, 'risingPnt': np.int64(45373), 'fallingPnt': np.int64(45592), 'widthPnts': np.int64(219), 'widthMs': np.float64(2.19)}, {'halfHeight': 20, 'risingPnt': np.int64(45384), 'fallingPnt': np.int64(45575), 'widthPnts': np.int64(191), 'widthMs': np.float64(1.91)}, {'halfHeight': 50, 'risingPnt': np.int64(45400), 'fallingPnt': np.int64(45519), 'widthPnts': np.int64(119), 'widthMs': np.float64(1.19)}, {'halfHeight': 80, 'risingPnt': np.int64(45410), 'fallingPnt': np.int64(45472), 'widthPnts': np.int64(62), 'widthMs': np.float64(0.62)}, {'halfHeight': 90, 'risingPnt': np.int64(45415), 'fallingPnt': np.int64(45453), 'widthPnts': np.int64(38), 'widthMs': np.float64(0.38)}]",2.19,1.91,1.19,0.62,0.38,0.7899999999999574,yes,,,,,,,unknown,,,,
280,280,dvdt,12,2,10.0,17,0,[],20260908,16:38:08,,,20230324a,20230324a,stochastic-hh.sanpy,,20.0,-40.0,0,"[10, 20, 50, 80, 90]",46617,0.46617000000000003,-42.854013148780034,19.717486981022006,,46693,0.46693,43.6949282089438,86.54894135772383,0.7599999999999829,46962,0.46962,-69.72439143787165,46603.0,-45.40183373608705,46604,46610,0.06,-45.15484180816263,-44.13500089502472,17024.243169388377,,46672,17.485767426914965,274.83890105515275,46789,-3.920229536587703,-64.87587146599493,1270.0,12.7,78.74015748031496,1268.0,12.68,0.14,"[{'halfHeight': 10, 'risingPnt': np.int64(46640), 'fallingPnt': np.int64(46855), 'widthPnts': np.int64(215), 'widthMs': np.float64(2.15)}, {'halfHeight': 20, 'risingPnt': np.int64(46651), 'fallingPnt': np.int64(46835), 'widthPnts': np.int64(184), 'widthMs': np.float64(1.84)}, {'halfHeight': 50, 'risingPnt': np.int64(46666), 'fallingPnt': np.int64(46781), 'widthPnts': np.int64(115), 'widthMs': np.float64(1.15)}, {'halfHeight': 80, 'risingPnt': np.int64(46676), 'fallingPnt': np.int64(46731), 'widthPnts': np.int64(55), 'widthMs': np.float64(0.55)}, {'halfHeight': 90, 'risingPnt': np.int64(46680), 'fallingPnt': np.int64(46716), 'widthPnts': np.int64(36), 'widthMs': np.float64(0.36)}]",2.15,1.84,1.15,0.55,0.36,0.7599999999999829,yes,,,,,,,unknown,,,,
281,281,dvdt,12,2,10.0,18,0,[],20260908,16:38:08,,,20230324a,20230324a,stochastic-hh.sanpy,,20.0,-40.0,0,"[10, 20, 50, 80, 90]",47858,0.47858,-43.86462693171071,19.781701102150496,,47938,0.47938,44.704414090698286,88.569041022409,0.7999999999999674,48200,0.482,-69.83698637054226,47850.0,-45.40183373608705,47851,47854,0.03,-45.146309893128915,-44.63221598041516,16826.897337482736,,47917,15.289530700751827,285.9426346004291,48136,-55.1861645108659,-68.16729080605086,1241.0,12.41,80.58017727639,1247.0,12.47,0.08,"[{'halfHeight': 10, 'risingPnt': np.int64(47885), 'fallingPnt': np.int64(48101), 'widthPnts': np.int64(216), 'widthMs': np.float64(2.16)}, {'halfHeight': 20, 'risingPnt': np.int64(47897), 'fallingPnt': np.int64(48084), 'widthPnts': np.int64(187), 'widthMs': np.float64(1.87)}, {'halfHeight': 50, 'risingPnt': np.int64(47912), 'fallingPnt': np.int64(48030), 'widthPnts': np.int64(118), 'widthMs': np.float64(1.18)}, {'halfHeight': 80, 'risingPnt': np.int64(47922), 'fallingPnt': np.int64(47980), 'widthPnts': np.int64(58), 'widthMs': np.float64(0.58)}, {'halfHeight': 90, 'risingPnt': np.int64(47926), 'fallingPnt': np.int64(47963), 'widthPnts': np.int64(37), 'widthMs': np.float64(0.37)}]",2.16,1.87,1.18,0.58,0.37,0.7999999999999674,yes,,,,,,,unknown,,,,
282,282,dvdt,12,2,10.0,19,0,[],20260908,16:38:08,,,20230324a,20230324a,stochastic-hh.sanpy,,20.0,-40.0,0,"[10, 20, 50, 80, 90]",49198,0.49198000000000003,-43.631213586821495,19.98437088883166,,49280,0.4928,41.49746674166062,85.12868032848212,0.8199999999999874,49554,0.49554000000000004,-69.54601650623077,49188.0,-45.40183373608705,49189,49193,0.04,-45.21372893077975,-44.55565800508208,16081.933001396537,,49259,12.547674288208558,261.66764649369696,49324,22.328935056675057,-66.41718258114436,1340.0,13.4,74.6268656716418,1338.0,13.38,0.1,"[{'halfHeight': 10, 'risingPnt': np.int64(49225), 'fallingPnt': np.int64(49448), 'widthPnts': np.int64(223), 'widthMs': np.float64(2.23)}, {'halfHeight': 20, 'risingPnt': np.int64(49238), 'fallingPnt': np.int64(49427), 'widthPnts': np.int64(189), 'widthMs': np.float64(1.89)}, {'halfHeight': 50, 'risingPnt': np.int64(49254), 'fallingPnt': np.int64(49373), 'widthPnts': np.int64(119), 'widthMs': np.float64(1.19)}, {'halfHeight': 80, 'risingPnt': np.int64(49264), 'fallingPnt': np.int64(49321), 'widthPnts': np.int64(57), 'widthMs': np.float64(0.57)}, {'halfHeight': 90, 'risingPnt': np.int64(49268), 'fallingPnt': np.int64(49305), 'widthPnts': np.int64(37), 'widthMs': np.float64(0.37)}]",2.23,1.89,1.19,0.57,0.37,0.8199999999999874,yes,,,,,,,unknown,,,,
283,283,dvdt,12,2,10.0,20,0,[],20260908,16:38:08,,,20230324a,20230324a,stochastic-hh.sanpy,,20.0,-40.0,0,"[10, 20, 50, 80, 90]",50411,0.5041100000000001,-44.14111630559813,19.4002440356112,,50492,0.50492,42.931525974692555,87.0726422802907,0.8099999999999774,50766,0.50766,-69.76621195757916,50404.0,-45.40183373608705,50405,50408,0.03,-45.14477781220998,-44.68662156964995,14963.251518387882,,50473,18.35135492763222,268.2606572424433,50533,26.39215777432324,-64.96563824480383,1213.0,12.13,82.44023083264634,1216.0,12.16,0.07,"[{'halfHeight': 10, 'risingPnt': np.int64(50437), 'fallingPnt': np.int64(50666), 'widthPnts': np.int64(229), 'widthMs': np.float64(2.29)}, {'halfHeight': 20, 'risingPnt': np.int64(50450), 'fallingPnt': np.int64(50645), 'widthPnts': np.int64(195), 'widthMs': np.float64(1.95)}, {'halfHeight': 50, 'risingPnt': np.int64(50466), 'fallingPnt': np.int64(50587), 'widthPnts': np.int64(121), 'widthMs': np.float64(1.21)}, {'halfHeight': 80, 'risingPnt': np.int64(50476), 'fallingPnt': np.int64(50535), 'widthPnts': np.int64(59), 'widthMs': np.float64(0.59)}, {'halfHeight': 90, 'risingPnt': np.int64(50481), 'fallingPnt': np.int64(50519), 'widthPnts': np.int64(38), 'widthMs': np.float64(0.38)}]",2.29,1.95,1.21,0.59,0.38,0.8099999999999774,yes,,,,,,,unknown,,,,
284,284,dvdt,12,2,10.0,21,0,[],20260908,16:38:08,,,20230324a,20230324a,stochastic-hh.sanpy,,20.0,-40.0,0,"[10, 20, 50, 80, 90]",51854,0.51854,-43.14309588189888,19.69354978671434,,51936,0.51936,41.46673817814656,84.60983406004544,0.8200000000000429,52202,0.5220199999999999,-69.84256600904581,51847.0,-44.373996568513846,51848,51851,0.03,-44.1700246622797,-43.693935810916685,15567.368375882525,,51914,13.123073569540232,251.4287011637029,52135,-54.284906904864236,-67.83924207684052,1443.0,14.43,69.3000693000693,1443.0,14.43,0.07,"[{'halfHeight': 10, 'risingPnt': np.int64(51879), 'fallingPnt': np.int64(52099), 'widthPnts': np.int64(220), 'widthMs': np.float64(2.2)}, {'halfHeight': 20, 'risingPnt': np.int64(51892), 'fallingPnt': np.int64(52080), 'widthPnts': np.int64(188), 'widthMs': np.float64(1.88)}, {'halfHeight': 50, 'risingPnt': np.int64(51909), 'fallingPnt': np.int64(52022), 'widthPnts': np.int64(113), 'widthMs': np.float64(1.13)}, {'halfHeight': 80, 'risingPnt': np.int64(51919), 'fallingPnt': np.int64(51978), 'widthPnts': np.int64(59), 'widthMs': np.float64(0.59)}, {'halfHeight': 90, 'risingPnt': np.int64(51923), 'fallingPnt': np.int64(51962), 'widthPnts': np.int64(39), 'widthMs': np.float64(0.39)}]",2.2,1.88,1.13,0.59,0.39,0.8200000000000429,yes,,,,,,,unknown,,,,
285,285,dvdt,12,2,10.0,22,0,[],20260908,16:38:08,,,20230324a,20230324a,stochastic-hh.sanpy,,20.0,-40.0,0,"[10, 20, 50, 80, 90]",53183,0.53183,-43.717945396760015,19.918398294369076,,53259,0.53259,45.6566635199452,89.37460891670521,0.7599999999999829,53539,0.53539,-69.78723030332678,53180.0,-44.373996568513846,53180,53182,0.02,-44.314199077422366,-43.917044270652625,19727.89092755137,,53238,15.661668582173126,293.4187855741244,53362,-0.6622548818750545,-62.25349988809883,1329.0,13.29,75.24454477050413,1333.0,13.33,0.03,"[{'halfHeight': 10, 'risingPnt': np.int64(53207), 'fallingPnt': np.int64(53438), 'widthPnts': np.int64(231), 'widthMs': np.float64(2.31)}, {'halfHeight': 20, 'risingPnt': np.int64(53218), 'fallingPnt': np.int64(53416), 'widthPnts': np.int64(198), 'widthMs': np.float64(1.98)}, {'halfHeight': 50, 'risingPnt': np.int64(53233), 'fallingPnt': np.int64(53360), 'widthPnts': np.int64(127), 'widthMs': np.float64(1.27)}, {'halfHeight': 80, 'risingPnt': np.int64(53243), 'fallingPnt': np.int64(53301), 'widthPnts': np.int64(58), 'widthMs': np.float64(0.58)}, {'halfHeight': 90, 'risingPnt': np.int64(53247), 'fallingPnt': np.int64(53283), 'widthPnts': np.int64(36), 'widthMs': np.float64(0.36)}]",2.31,1.98,1.27,0.58,0.36,0.7599999999999829,yes,,,,,,,unknown,,,,
286,286,dvdt,12,2,10.0,23,0,"[{'Spike': 23, 'Seconds': np.float64(0.545), 'Sweep': 12, 'Epoch': 2, 'Type': 'Fit EDD', 'Details': 'Early diastolic duration rate fit - preMinPnt == spikePnt'}]",20260908,16:38:08,,,20230324a,20230324a,stochastic-hh.sanpy,,20.0,-40.0,0,"[10, 20, 50, 80, 90]",54496,0.54496,-44.02984241411329,19.722662798581116,,54580,0.5458,43.32466925047648,87.35451166458978,0.8399999999999519,54857,0.54857,-69.72644095468432,54495.0,-44.373996568513846,54495,54495,0.0,-44.22792036773365,-44.22792036773365,,,54556,8.97995636040726,275.214316177134,54652,9.787634107798414,-68.13233034616596,1313.0,13.13,76.16146230007615,1315.0,13.15,0.01,"[{'halfHeight': 10, 'risingPnt': np.int64(54525), 'fallingPnt': np.int64(54752), 'widthPnts': np.int64(227), 'widthMs': np.float64(2.27)}, {'halfHeight': 20, 'risingPnt': np.int64(54537), 'fallingPnt': np.int64(54735), 'widthPnts': np.int64(198), 'widthMs': np.float64(1.98)}, {'halfHeight': 50, 'risingPnt': np.int64(54553), 'fallingPnt': np.int64(54673), 'widthPnts': np.int64(120), 'widthMs': np.float64(1.2)}, {'halfHeight': 80, 'risingPnt': np.int64(54563), 'fallingPnt': np.int64(54623), 'widthPnts': np.int64(60), 'widthMs': np.float64(0.6)}, {'halfHeight': 90, 'risingPnt': np.int64(54567), 'fallingPnt': np.int64(54608), 'widthPnts': np.int64(41), 'widthMs': np.float64(0.41)}]",2.27,1.98,1.2,0.6,0.41,0.8399999999999519,yes,,,,,,,unknown,,,,
287,287,dvdt,12,2,10.0,24,0,[],20260908,16:38:08,,,20230324a,20230324a,stochastic-hh.sanpy,,20.0,-40.0,0,"[10, 20, 50, 80, 90]",55734,0.5573400000000001,-43.78862645278606,19.149646887888554,,55813,0.55813,44.93996436846505,88.72859082125112,0.7899999999999574,56086,0.56086,-69.61588914657139,55726.0,-45.30604659737681,55727,55730,0.03,-45.07803074074416,-44.53146988446676,18287.667462988105,,55793,18.624181836999647,266.09444492985233,55877,14.401904970661782,-74.56316778451412,1238.0,12.38,80.77544426494346,1231.0,12.31,0.08,"[{'halfHeight': 10, 'risingPnt': np.int64(55759), 'fallingPnt': np.int64(55982), 'widthPnts': np.int64(223), 'widthMs': np.float64(2.23)}, {'halfHeight': 20, 'risingPnt': np.int64(55770), 'fallingPnt': np.int64(55963), 'widthPnts': np.int64(193), 'widthMs': np.float64(1.93)}, {'halfHeight': 50, 'risingPnt': np.int64(55786), 'fallingPnt': np.int64(55901), 'widthPnts': np.int64(115), 'widthMs': np.float64(1.15)}, {'halfHeight': 80, 'risingPnt': np.int64(55797), 'fallingPnt': np.int64(55855), 'widthPnts': np.int64(58), 'widthMs': np.float64(0.58)}, {'halfHeight': 90, 'risingPnt': np.int64(55801), 'fallingPnt': np.int64(55840), 'widthPnts': np.int64(39), 'widthMs': np.float64(0.39)}]",2.23,1.93,1.15,0.58,0.39,0.7899999999999574,yes,,,,,,,unknown,,,,
288,288,dvdt,12,2,10.0,25,0,[],20260908,16:38:08,,,20230324a,20230324a,stochastic-hh.sanpy,,20.0,-40.0,0,"[10, 20, 50, 80, 90]",57231,0.57231,-43.29056039306296,19.81746110575558,,57309,0.57309,43.42704063539713,86.71760102846008,0.7800000000000029,57583,0.5758300000000001,-69.76012931139714,57220.0,-45.30604659737681,57221,57226,0.05,-45.06188812702666,-44.269357270514185,15250.422024651909,,57290,16.952134283419962,276.5915823121214,57375,12.676198880797926,-69.6407345166085,1497.0,14.97,66.8002672010688,1494.0,14.94,0.11,"[{'halfHeight': 10, 'risingPnt': np.int64(57257), 'fallingPnt': np.int64(57478), 'widthPnts': np.int64(221), 'widthMs': np.float64(2.21)}, {'halfHeight': 20, 'risingPnt': np.int64(57268), 'fallingPnt': np.int64(57460), 'widthPnts': np.int64(192), 'widthMs': np.float64(1.92)}, {'halfHeight': 50, 'risingPnt': np.int64(57284), 'fallingPnt': np.int64(57402), 'widthPnts': np.int64(118), 'widthMs': np.float64(1.18)}, {'halfHeight': 80, 'risingPnt': np.int64(57294), 'fallingPnt': np.int64(57353), 'widthPnts': np.int64(59), 'widthMs': np.float64(0.59)}, {'halfHeight': 90, 'risingPnt': np.int64(57298), 'fallingPnt': np.int64(57336), 'widthPnts': np.int64(38), 'widthMs': np.float64(0.38)}]",2.21,1.92,1.18,0.59,0.38,0.7800000000000029,yes,,,,,,,unknown,,,,
289,289,dvdt,12,2,10.0,26,0,[],20260908,16:38:08,,,20230324a,20230324a,stochastic-hh.sanpy,,20.0,-40.0,0,"[10, 20, 50, 80, 90]",58626,0.58626,-44.46363504038677,19.20851028715454,,58710,0.5871000000000001,44.40902971563836,88.87266475602513,0.8400000000000629,58993,0.58993,-69.65381670780125,58622.0,-45.30604659737681,58622,58624,0.02,-45.20091973327944,-44.84125628502124,17616.565902313647,,58689,16.042438395802684,276.8220616730211,58776,13.876997950517977,-70.60382454056517,1395.0,13.95,71.68458781362008,1402.0,14.02,0.04,"[{'halfHeight': 10, 'risingPnt': np.int64(58655), 'fallingPnt': np.int64(58885), 'widthPnts': np.int64(230), 'widthMs': np.float64(2.3)}, {'halfHeight': 20, 'risingPnt': np.int64(58668), 'fallingPnt': np.int64(58867), 'widthPnts': np.int64(199), 'widthMs': np.float64(1.99)}, {'halfHeight': 50, 'risingPnt': np.int64(58684), 'fallingPnt': np.int64(58805), 'widthPnts': np.int64(121), 'widthMs': np.float64(1.21)}, {'halfHeight': 80, 'risingPnt': np.int64(58693), 'fallingPnt': np.int64(58755), 'widthPnts': np.int64(62), 'widthMs': np.float64(0.62)}, {'halfHeight': 90, 'risingPnt': np.int64(58697), 'fallingPnt': np.int64(58737), 'widthPnts': np.int64(40), 'widthMs': np.float64(0.4)}]",2.3,1.99,1.21,0.62,0.4,0.8400000000000629,yes,,,,,,,unknown,,,,
290,290,dvdt,12,2,10.0,27,0,[],20260908,16:38:08,,,20230324a,20230324a,stochastic-hh.sanpy,,20.0,-40.0,0,"[10, 20, 50, 80, 90]",60029,0.60029,-43.86304677498255,19.79318613819677,,60109,0.60109,42.68983976830708,86.55288654328963,0.8000000000000229,60385,0.60385,-69.74259436477615,60021.0,-45.30604659737681,60022,60025,0.03,-45.080556436980885,-44.59980209982246,15882.609157046852,,60088,13.62303496677665,263.46544851736485,60308,-50.21561667867343,-63.61033089670115,1403.0,14.03,71.27583749109053,1399.0,13.99,0.08,"[{'halfHeight': 10, 'risingPnt': np.int64(60055), 'fallingPnt': np.int64(60282), 'widthPnts': np.int64(227), 'widthMs': np.float64(2.27)}, {'halfHeight': 20, 'risingPnt': np.int64(60067), 'fallingPnt': np.int64(60258), 'widthPnts': np.int64(191), 'widthMs': np.float64(1.91)}, {'halfHeight': 50, 'risingPnt': np.int64(60083), 'fallingPnt': np.int64(60203), 'widthPnts': np.int64(120), 'widthMs': np.float64(1.2)}, {'halfHeight': 80, 'risingPnt': np.int64(60093), 'fallingPnt': np.int64(60151), 'widthPnts': np.int64(58), 'widthMs': np.float64(0.58)}, {'halfHeight': 90, 'risingPnt': np.int64(60097), 'fallingPnt': np.int64(60135), 'widthPnts': np.int64(38), 'widthMs': np.float64(0.38)}]",2.27,1.91,1.2,0.58,0.38,0.8000000000000229,yes,,,,,,,unknown,,,,
291,291,dvdt,12,2,10.0,28,0,[],20260908,16:38:08,,,20230324a,20230324a,stochastic-hh.sanpy,,20.0,-40.0,0,"[10, 20, 50, 80, 90]",61319,0.61319,-44.17602703409197,19.107505586882244,,61400,0.614,42.4379930349169,86.61402006900887,0.8099999999999774,61664,0.61664,-69.98593702393165,61312.0,-45.30604659737681,61313,61316,0.03,-45.154859913694686,-44.708466021198554,14564.812914599983,,61379,10.763312463339673,266.92267162509756,61599,-53.706650994620055,-67.03914422288163,1290.0,12.9,77.51937984496124,1291.0,12.91,0.07,"[{'halfHeight': 10, 'risingPnt': np.int64(61347), 'fallingPnt': np.int64(61568), 'widthPnts': np.int64(221), 'widthMs': np.float64(2.21)}, {'halfHeight': 20, 'risingPnt': np.int64(61359), 'fallingPnt': np.int64(61550), 'widthPnts': np.int64(191), 'widthMs': np.float64(1.91)}, {'halfHeight': 50, 'risingPnt': np.int64(61375), 'fallingPnt': np.int64(61492), 'widthPnts': np.int64(117), 'widthMs': np.float64(1.17)}, {'halfHeight': 80, 'risingPnt': np.int64(61385), 'fallingPnt': np.int64(61442), 'widthPnts': np.int64(57), 'widthMs': np.float64(0.57)}, {'halfHeight': 90, 'risingPnt': np.int64(61389), 'fallingPnt': np.int64(61425), 'widthPnts': np.int64(36), 'widthMs': np.float64(0.36)}]",2.21,1.91,1.17,0.57,0.36,0.8099999999999774,yes,,,,,,,unknown,,,,
292,292,dvdt,12,2,10.0,29,0,[],20260908,16:38:08,,,20230324a,20230324a,stochastic-hh.sanpy,,20.0,-40.0,0,"[10, 20, 50, 80, 90]",62615,0.62615,-42.34555800044461,19.423540094312163,,62693,0.62693,41.36968081736056,83.71523881780517,0.7800000000000029,62970,0.6297,-69.36567274820524,62597.0,-45.216183153625636,62599,62606,0.07,-44.92287887413754,-43.92757600259165,13971.198349928825,,62675,17.653925260343282,253.24024601857445,62781,-0.4966290289254288,-70.69861899589758,1296.0,12.96,77.1604938271605,1285.0,12.85,0.18,"[{'halfHeight': 10, 'risingPnt': np.int64(62641), 'fallingPnt': np.int64(62866), 'widthPnts': np.int64(225), 'widthMs': np.float64(2.25)}, {'halfHeight': 20, 'risingPnt': np.int64(62652), 'fallingPnt': np.int64(62845), 'widthPnts': np.int64(193), 'widthMs': np.float64(1.93)}, {'halfHeight': 50, 'risingPnt': np.int64(62668), 'fallingPnt': np.int64(62781), 'widthPnts': np.int64(113), 'widthMs': np.float64(1.13)}, {'halfHeight': 80, 'risingPnt': np.int64(62678), 'fallingPnt': np.int64(62736), 'widthPnts': np.int64(58), 'widthMs': np.float64(0.58)}, {'halfHeight': 90, 'risingPnt': np.int64(62682), 'fallingPnt': np.int64(62720), 'widthPnts': np.int64(38), 'widthMs': np.float64(0.38)}]",2.25,1.93,1.13,0.58,0.38,0.7800000000000029,yes,,,,,,,unknown,,,,
293,293,dvdt,12,2,10.0,30,0,[],20260908,16:38:08,,,20230324a,20230324a,stochastic-hh.sanpy,,20.0,-40.0,0,"[10, 20, 50, 80, 90]",63965,0.6396499999999999,-43.58468786183516,19.10102754309454,,64048,0.64048,42.73230426681434,86.3169921286495,0.8300000000001084,64323,0.64323,-69.61811936680105,63956.0,-45.216183153625636,63957,63960,0.03,-45.05230177183985,-44.528268180685544,17117.233292045494,,64026,15.298158791254494,272.8541834190484,64111,14.756292265073794,-59.82306836830584,1350.0,13.5,74.07407407407408,1359.0,13.59,0.09,"[{'halfHeight': 10, 'risingPnt': np.int64(63991), 'fallingPnt': np.int64(64219), 'widthPnts': np.int64(228), 'widthMs': np.float64(2.28)}, {'halfHeight': 20, 'risingPnt': np.int64(64003), 'fallingPnt': np.int64(64200), 'widthPnts': np.int64(197), 'widthMs': np.float64(1.97)}, {'halfHeight': 50, 'risingPnt': np.int64(64020), 'fallingPnt': np.int64(64143), 'widthPnts': np.int64(123), 'widthMs': np.float64(1.23)}, {'halfHeight': 80, 'risingPnt': np.int64(64030), 'fallingPnt': np.int64(64089), 'widthPnts': np.int64(59), 'widthMs': np.float64(0.59)}, {'halfHeight': 90, 'risingPnt': np.int64(64035), 'fallingPnt': np.int64(64073), 'widthPnts': np.int64(38), 'widthMs': np.float64(0.38)}]",2.28,1.97,1.23,0.59,0.38,0.8300000000001084,yes,,,,,,,unknown,,,,
294,294,dvdt,12,2,10.0,31,0,[],20260908,16:38:08,,,20230324a,20230324a,stochastic-hh.sanpy,,20.0,-40.0,0,"[10, 20, 50, 80, 90]",65347,0.65347,-44.29319027435421,19.948415035692708,,65427,0.65427,43.459986067415734,87.75317634176994,0.8000000000000229,65696,0.65696,-69.78855420721402,65343.0,-45.216183153625636,65343,65345,0.02,-45.06117239930349,-44.68339477685593,18864.220812896725,,65405,13.807799818833685,277.0990192320688,65494,13.863072255451797,-68.58373182342538,1382.0,13.82,72.3589001447178,1387.0,13.87,0.04,"[{'halfHeight': 10, 'risingPnt': np.int64(65372), 'fallingPnt': np.int64(65598), 'widthPnts': np.int64(226), 'widthMs': np.float64(2.26)}, {'halfHeight': 20, 'risingPnt': np.int64(65384), 'fallingPnt': np.int64(65578), 'widthPnts': np.int64(194), 'widthMs': np.float64(1.94)}, {'halfHeight': 50, 'risingPnt': np.int64(65400), 'fallingPnt': np.int64(65522), 'widthPnts': np.int64(122), 'widthMs': np.float64(1.22)}, {'halfHeight': 80, 'risingPnt': np.int64(65410), 'fallingPnt': np.int64(65471), 'widthPnts': np.int64(61), 'widthMs': np.float64(0.61)}, {'halfHeight': 90, 'risingPnt': np.int64(65415), 'fallingPnt': np.int64(65453), 'widthPnts': np.int64(38), 'widthMs': np.float64(0.38)}]",2.26,1.94,1.22,0.61,0.38,0.8000000000000229,yes,,,,,,,unknown,,,,
295,295,dvdt,12,2,10.0,32,0,[],20260908,16:38:08,,,20230324a,20230324a,stochastic-hh.sanpy,,20.0,-40.0,0,"[10, 20, 50, 80, 90]",66652,0.66652,-43.91686401636731,19.77985710737257,,66729,0.6672899999999999,43.440799008264015,87.35766302463134,0.7699999999999374,66987,0.66987,-69.88369798791923,66645.0,-45.216183153625636,66646,66649,0.03,-45.0020927381928,-44.484714200508265,16901.439912647613,,66710,18.616937964704857,277.6444599037635,66777,21.96635776674376,-72.76341561933741,1305.0,13.05,76.62835249042145,1302.0,13.02,0.07,"[{'halfHeight': 10, 'risingPnt': np.int64(66676), 'fallingPnt': np.int64(66892), 'widthPnts': np.int64(216), 'widthMs': np.float64(2.16)}, {'halfHeight': 20, 'risingPnt': np.int64(66688), 'fallingPnt': np.int64(66874), 'widthPnts': np.int64(186), 'widthMs': np.float64(1.86)}, {'halfHeight': 50, 'risingPnt': np.int64(66703), 'fallingPnt': np.int64(66819), 'widthPnts': np.int64(116), 'widthMs': np.float64(1.16)}, {'halfHeight': 80, 'risingPnt': np.int64(66713), 'fallingPnt': np.int64(66771), 'widthPnts': np.int64(58), 'widthMs': np.float64(0.58)}, {'halfHeight': 90, 'risingPnt': np.int64(66717), 'fallingPnt': np.int64(66757), 'widthPnts': np.int64(40), 'widthMs': np.float64(0.4)}]",2.16,1.86,1.16,0.58,0.4,0.7699999999999374,yes,,,,,,,unknown,,,,
296,296,dvdt,12,2,10.0,33,0,[],20260908,16:38:08,,,20230324a,20230324a,stochastic-hh.sanpy,,20.0,-40.0,0,"[10, 20, 50, 80, 90]",68036,0.68036,-43.861947787091246,19.99010505666065,,68117,0.6811699999999999,43.721008302930436,87.58295609002168,0.8099999999999774,68393,0.6839299999999999,-69.61364819212163,68029.0,-45.216183153625636,68030,68033,0.03,-44.9372597032348,-44.438802163729406,16452.10821265775,,68099,20.424463805307578,273.4185487632521,68152,31.517666230407308,-67.44379788295782,1384.0,13.84,72.25433526011561,1384.0,13.84,0.07,"[{'halfHeight': 10, 'risingPnt': np.int64(68064), 'fallingPnt': np.int64(68287), 'widthPnts': np.int64(223), 'widthMs': np.float64(2.23)}, {'halfHeight': 20, 'risingPnt': np.int64(68076), 'fallingPnt': np.int64(68268), 'widthPnts': np.int64(192), 'widthMs': np.float64(1.92)}, {'halfHeight': 50, 'risingPnt': np.int64(68092), 'fallingPnt': np.int64(68212), 'widthPnts': np.int64(120), 'widthMs': np.float64(1.2)}, {'halfHeight': 80, 'risingPnt': np.int64(68102), 'fallingPnt': np.int64(68162), 'widthPnts': np.int64(60), 'widthMs': np.float64(0.6)}, {'halfHeight': 90, 'risingPnt': np.int64(68106), 'fallingPnt': np.int64(68146), 'widthPnts': np.int64(40), 'widthMs': np.float64(0.4)}]",2.23,1.92,1.2,0.6,0.4,0.8099999999999774,yes,,,,,,,unknown,,,,
297,297,dvdt,12,2,10.0,34,0,"[{'Spike': 34, 'Seconds': np.float64(0.6924), 'Sweep': 12, 'Epoch': 2, 'Type': 'Fit EDD', 'Details': 'Early diastolic duration rate fit - preMinPnt == spikePnt'}]",20260908,16:38:08,,,20230324a,20230324a,stochastic-hh.sanpy,,20.0,-40.0,0,"[10, 20, 50, 80, 90]",69235,0.69235,-44.76592026269097,19.51737428487514,,69319,0.6931900000000001,43.211803433746574,87.97772369643755,0.8400000000000629,69588,0.6958799999999999,-69.8068848862556,69233.0,-45.216183153625636,69233,69234,0.01,-45.147719307101866,-44.96139388256407,,,69295,11.752313297560162,265.72338343476713,69375,17.991835803122566,-69.9011065939317,1199.0,11.99,83.40283569641367,1204.0,12.04,0.02,"[{'halfHeight': 10, 'risingPnt': np.int64(69262), 'fallingPnt': np.int64(69488), 'widthPnts': np.int64(226), 'widthMs': np.float64(2.26)}, {'halfHeight': 20, 'risingPnt': np.int64(69274), 'fallingPnt': np.int64(69470), 'widthPnts': np.int64(196), 'widthMs': np.float64(1.96)}, {'halfHeight': 50, 'risingPnt': np.int64(69290), 'fallingPnt': np.int64(69413), 'widthPnts': np.int64(123), 'widthMs': np.float64(1.23)}, {'halfHeight': 80, 'risingPnt': np.int64(69301), 'fallingPnt': np.int64(69363), 'widthPnts': np.int64(62), 'widthMs': np.float64(0.62)}, {'halfHeight': 90, 'risingPnt': np.int64(69305), 'fallingPnt': np.int64(69347), 'widthPnts': np.int64(42), 'widthMs': np.float64(0.42)}]",2.26,1.96,1.23,0.62,0.42,0.8400000000000629,yes,,,,,,,unknown,,,,
298,298,dvdt,12,2,10.0,35,0,[],20260908,16:38:08,,,20230324a,20230324a,stochastic-hh.sanpy,,20.0,-40.0,0,"[10, 20, 50, 80, 90]",70684,0.70684,-43.875196483669484,19.986743725771593,,70766,0.70766,42.36299093576123,86.23818741943072,0.8199999999999319,71033,0.71033,-69.9125830787128,70677.0,-45.216183153625636,70678,70681,0.03,-45.01686375922543,-44.45210550449826,18799.074329701278,,70744,14.923651873348675,271.441750862858,70962,-50.559862426642454,-63.85031500029192,1449.0,14.49,69.01311249137336,1444.0,14.44,0.07,"[{'halfHeight': 10, 'risingPnt': np.int64(70710), 'fallingPnt': np.int64(70937), 'widthPnts': np.int64(227), 'widthMs': np.float64(2.27)}, {'halfHeight': 20, 'risingPnt': np.int64(70722), 'fallingPnt': np.int64(70918), 'widthPnts': np.int64(196), 'widthMs': np.float64(1.96)}, {'halfHeight': 50, 'risingPnt': np.int64(70738), 'fallingPnt': np.int64(70858), 'widthPnts': np.int64(120), 'widthMs': np.float64(1.2)}, {'halfHeight': 80, 'risingPnt': np.int64(70748), 'fallingPnt': np.int64(70807), 'widthPnts': np.int64(59), 'widthMs': np.float64(0.59)}, {'halfHeight': 90, 'risingPnt': np.int64(70753), 'fallingPnt': np.int64(70789), 'widthPnts': np.int64(36), 'widthMs': np.float64(0.36)}]",2.27,1.96,1.2,0.59,0.36,0.8199999999999319,yes,,,,,,,unknown,,,,
299,299,dvdt,12,2,10.0,36,0,[],20260908,16:38:08,,,20230324a,20230324a,stochastic-hh.sanpy,,20.0,-40.0,0,"[10, 20, 50, 80, 90]",72045,0.72045,-42.59715461634184,19.815356312510684,,72122,0.72122,42.057974393771126,84.65512901011297,0.7699999999999374,72389,0.72389,-69.6141534582095,72030.0,-45.216183153625636,72032,72038,0.06,-44.827316211126124,-43.867127919805796,15822.36746913897,,72100,14.815128931333717,267.8106243409834,72240,-14.544193210674694,-67.70862098296129,1361.0,13.61,73.47538574577517,1353.0,13.53,0.15,"[{'halfHeight': 10, 'risingPnt': np.int64(72068), 'fallingPnt': np.int64(72281), 'widthPnts': np.int64(213), 'widthMs': np.float64(2.13)}, {'halfHeight': 20, 'risingPnt': np.int64(72079), 'fallingPnt': np.int64(72261), 'widthPnts': np.int64(182), 'widthMs': np.float64(1.82)}, {'halfHeight': 50, 'risingPnt': np.int64(72094), 'fallingPnt': np.int64(72212), 'widthPnts': np.int64(118), 'widthMs': np.float64(1.18)}, {'halfHeight': 80, 'risingPnt': np.int64(72105), 'fallingPnt': np.int64(72164), 'widthPnts': np.int64(59), 'widthMs': np.float64(0.59)}, {'halfHeight': 90, 'risingPnt': np.int64(72109), 'fallingPnt': np.int64(72149), 'widthPnts': np.int64(40), 'widthMs': np.float64(0.4)}]",2.13,1.82,1.18,0.59,0.4,0.7699999999999374,yes,,,,,,,unknown,,,,
300,300,dvdt,12,2,10.0,37,0,[],20260908,16:38:08,,,20230324a,20230324a,stochastic-hh.sanpy,,20.0,-40.0,0,"[10, 20, 50, 80, 90]",73379,0.7337899999999999,-43.46097411623682,19.943506225987072,,73455,0.7345499999999999,45.08232811482331,88.54330223106012,0.7599999999999829,73722,0.73722,-70.00137083981123,73370.0,-45.216183153625636,73371,73374,0.03,-44.9472896515137,-44.4202934148291,17321.433929955845,,73436,16.561599125637198,290.19631691408284,73653,-51.58093048958229,-68.04852372291343,1334.0,13.34,74.96251874062969,1340.0,13.4,0.09,"[{'halfHeight': 10, 'risingPnt': np.int64(73404), 'fallingPnt': np.int64(73622), 'widthPnts': np.int64(218), 'widthMs': np.float64(2.18)}, {'halfHeight': 20, 'risingPnt': np.int64(73415), 'fallingPnt': np.int64(73606), 'widthPnts': np.int64(191), 'widthMs': np.float64(1.91)}, {'halfHeight': 50, 'risingPnt': np.int64(73431), 'fallingPnt': np.int64(73551), 'widthPnts': np.int64(120), 'widthMs': np.float64(1.2)}, {'halfHeight': 80, 'risingPnt': np.int64(73440), 'fallingPnt': np.int64(73496), 'widthPnts': np.int64(56), 'widthMs': np.float64(0.56)}, {'halfHeight': 90, 'risingPnt': np.int64(73444), 'fallingPnt': np.int64(73481), 'widthPnts': np.int64(37), 'widthMs': np.float64(0.37)}]",2.18,1.91,1.2,0.56,0.37,0.7599999999999829,yes,,,,,,,unknown,,,,
301,301,dvdt,12,2,10.0,38,0,[],20260908,16:38:08,,,20230324a,20230324a,stochastic-hh.sanpy,,20.0,-40.0,0,"[10, 20, 50, 80, 90]",74667,0.74667,-44.326671223512264,19.456572729225794,,74744,0.7474400000000001,45.00822353465771,89.33489475816998,0.7700000000001594,75037,0.75037,-71.03567227359166,74664.0,-45.04430040001154,74664,74666,0.02,-44.90258380099284,-44.52071567368609,19274.372499624806,,74725,17.977842832189634,298.70801416716455,74811,15.643217480800924,-68.82318341464298,1288.0,12.88,77.63975155279502,1294.0,12.94,0.03,"[{'halfHeight': 10, 'risingPnt': np.int64(74692), 'fallingPnt': np.int64(74917), 'widthPnts': np.int64(225), 'widthMs': np.float64(2.25)}, {'halfHeight': 20, 'risingPnt': np.int64(74703), 'fallingPnt': np.int64(74899), 'widthPnts': np.int64(196), 'widthMs': np.float64(1.96)}, {'halfHeight': 50, 'risingPnt': np.int64(74719), 'fallingPnt': np.int64(74838), 'widthPnts': np.int64(119), 'widthMs': np.float64(1.19)}, {'halfHeight': 80, 'risingPnt': np.int64(74729), 'fallingPnt': np.int64(74790), 'widthPnts': np.int64(61), 'widthMs': np.float64(0.61)}, {'halfHeight': 90, 'risingPnt': np.int64(74732), 'fallingPnt': np.int64(74771), 'widthPnts': np.int64(39), 'widthMs': np.float64(0.39)}]",2.25,1.96,1.19,0.61,0.39,0.7700000000001594,yes,,,,,,,unknown,,,,
302,302,dvdt,12,3,0.0,39,0,[],20260908,16:38:08,,,20230324a,20230324a,stochastic-hh.sanpy,,20.0,-40.0,0,"[10, 20, 50, 80, 90]",86984,0.8698400000000001,-44.46619497622144,19.741635317818012,,87061,0.87061,49.14109788144056,93.607292857662,0.7699999999999374,87358,0.87358,-71.09567761610586,86919.0,-51.154419689826994,86925,86951,0.26,-50.84199770623128,-48.99534308078469,7145.271970809862,,87042,19.666979175607906,335.7524338576976,87132,17.645591170126718,-66.10584085384772,12317.0,123.17,8.11886011204027,12255.0,122.55,0.65,"[{'halfHeight': 10, 'risingPnt': np.int64(87012), 'fallingPnt': np.int64(87246), 'widthPnts': np.int64(234), 'widthMs': np.float64(2.34)}, {'halfHeight': 20, 'risingPnt': np.int64(87022), 'fallingPnt': np.int64(87228), 'widthPnts': np.int64(206), 'widthMs': np.float64(2.06)}, {'halfHeight': 50, 'risingPnt': np.int64(87037), 'fallingPnt': np.int64(87163), 'widthPnts': np.int64(126), 'widthMs': np.float64(1.26)}, {'halfHeight': 80, 'risingPnt': np.int64(87046), 'fallingPnt': np.int64(87109), 'widthPnts': np.int64(63), 'widthMs': np.float64(0.63)}, {'halfHeight': 90, 'risingPnt': np.int64(87050), 'fallingPnt': np.int64(87090), 'widthPnts': np.int64(40), 'widthMs': np.float64(0.4)}]",2.34,2.06,1.26,0.63,0.4,0.7699999999999374,yes,,,,,,,unknown,,,,
303,303,dvdt,13,1,0.0,0,0,"[{'Spike': 0, 'Seconds': np.float64(0.1164), 'Sweep': 13, 'Epoch': 1, 'Type': 'Pre spike min under-run (mdp)', 'Details': 'Went past startPnt 0 searching for pre-spike min'}]",20260908,16:38:08,,,20230324a,20230324a,stochastic-hh.sanpy,,20.0,-40.0,0,"[10, 20, 50, 80, 90]",11637,0.11637,-46.43585401204962,19.90627454345761,,11717,0.11717,49.06546869655546,95.50132270860507,0.7999999999999952,12009,0.12009,-71.07036860288397,10584.0,-60.66895575087428,10689,11110,4.21,-60.49612820780328,-58.28790591781611,539.2943360349472,,11700,20.73687744331893,330.8205483403631,11766,31.01095992818014,-62.23256258605938,,,,,,10.53,"[{'halfHeight': 10, 'risingPnt': np.int64(11666), 'fallingPnt': np.int64(11907), 'widthPnts': np.int64(241), 'widthMs': np.float64(2.41)}, {'halfHeight': 20, 'risingPnt': np.int64(11679), 'fallingPnt': np.int64(11886), 'widthPnts': np.int64(207), 'widthMs': np.float64(2.07)}, {'halfHeight': 50, 'risingPnt': np.int64(11694), 'fallingPnt': np.int64(11824), 'widthPnts': np.int64(130), 'widthMs': np.float64(1.3)}, {'halfHeight': 80, 'risingPnt': np.int64(11703), 'fallingPnt': np.int64(11768), 'widthPnts': np.int64(65), 'widthMs': np.float64(0.65)}, {'halfHeight': 90, 'risingPnt': np.int64(11707), 'fallingPnt': np.int64(11750), 'widthPnts': np.int64(43), 'widthMs': np.float64(0.43)}]",2.41,2.07,1.3,0.65,0.43,0.7999999999999952,yes,,,,,,,unknown,,,,
304,304,dvdt,13,1,0.0,1,0,"[{'Spike': 1, 'Seconds': np.float64(0.2184), 'Sweep': 13, 'Epoch': 1, 'Type': 'Pre spike min under-run (mdp)', 'Details': 'Went past startPnt 0 searching for pre-spike min'}]",20260908,16:38:08,,,20230324a,20230324a,stochastic-hh.sanpy,,20.0,-40.0,0,"[10, 20, 50, 80, 90]",21837,0.21837,-45.77732958466185,19.399967259248317,,21919,0.21919,50.283182063897065,96.06051164855891,0.8199999999999874,22211,0.22211,-71.0873490252381,21819.0,-48.46652334875169,21821,21828,0.07,-48.12544680839164,-47.28583163175434,11840.997042755356,,21899,21.129021118303157,323.6697346271229,21993,16.04211289919925,-72.81059570516241,10200.0,102.0,9.803921568627452,11235.0,112.35,0.18,"[{'halfHeight': 10, 'risingPnt': np.int64(21865), 'fallingPnt': np.int64(22102), 'widthPnts': np.int64(237), 'widthMs': np.float64(2.37)}, {'halfHeight': 20, 'risingPnt': np.int64(21878), 'fallingPnt': np.int64(22081), 'widthPnts': np.int64(203), 'widthMs': np.float64(2.03)}, {'halfHeight': 50, 'risingPnt': np.int64(21893), 'fallingPnt': np.int64(22018), 'widthPnts': np.int64(125), 'widthMs': np.float64(1.25)}, {'halfHeight': 80, 'risingPnt': np.int64(21903), 'fallingPnt': np.int64(21968), 'widthPnts': np.int64(65), 'widthMs': np.float64(0.65)}, {'halfHeight': 90, 'risingPnt': np.int64(21906), 'fallingPnt': np.int64(21949), 'widthPnts': np.int64(43), 'widthMs': np.float64(0.43)}]",2.37,2.03,1.25,0.65,0.43,0.8199999999999874,yes,,,,,,,unknown,,,,
305,305,dvdt,13,2,11.0,2,0,[],20260908,16:38:08,,,20230324a,20230324a,stochastic-hh.sanpy,,20.0,-40.0,0,"[10, 20, 50, 80, 90]",25127,0.25127,-46.566878613102205,19.79918519635422,,25208,0.25208,50.68522285391435,97.25210146701656,0.8100000000000329,25489,0.25489,-69.69361675158746,25111.0,-49.31715793683487,25113,25119,0.06,-48.98605148525101,-48.0466540297502,15271.805908309912,,25189,18.141085288087716,335.79280232254575,25313,5.5562778809713285,-63.02171749880816,3290.0,32.9,30.395136778115504,3292.0,32.92,0.16,"[{'halfHeight': 10, 'risingPnt': np.int64(25156), 'fallingPnt': np.int64(25399), 'widthPnts': np.int64(243), 'widthMs': np.float64(2.43)}, {'halfHeight': 20, 'risingPnt': np.int64(25169), 'fallingPnt': np.int64(25378), 'widthPnts': np.int64(209), 'widthMs': np.float64(2.09)}, {'halfHeight': 50, 'risingPnt': np.int64(25184), 'fallingPnt': np.int64(25320), 'widthPnts': np.int64(136), 'widthMs': np.float64(1.36)}, {'halfHeight': 80, 'risingPnt': np.int64(25194), 'fallingPnt': np.int64(25263), 'widthPnts': np.int64(69), 'widthMs': np.float64(0.69)}, {'halfHeight': 90, 'risingPnt': np.int64(25197), 'fallingPnt': np.int64(25245), 'widthPnts': np.int64(48), 'widthMs': np.float64(0.48)}]",2.43,2.09,1.36,0.69,0.48,0.8100000000000329,yes,,,,,,,unknown,,,,
306,306,dvdt,13,2,11.0,3,0,[],20260908,16:38:08,,,20230324a,20230324a,stochastic-hh.sanpy,,20.0,-40.0,0,"[10, 20, 50, 80, 90]",26407,0.26406999999999997,-44.342506235693925,19.675881686279443,,26488,0.26488,44.40234721026707,88.74485344596098,0.8100000000000329,26761,0.26761,-69.67508560311687,26372.0,-49.31715793683487,26376,26390,0.14,-48.894999197508845,-47.27839821829249,11403.641922477424,,26468,16.662361423957044,287.86298940419056,26526,29.81898439216636,-65.96162824571269,1280.0,12.8,78.125,1261.0,12.61,0.35,"[{'halfHeight': 10, 'risingPnt': np.int64(26434), 'fallingPnt': np.int64(26660), 'widthPnts': np.int64(226), 'widthMs': np.float64(2.26)}, {'halfHeight': 20, 'risingPnt': np.int64(26446), 'fallingPnt': np.int64(26641), 'widthPnts': np.int64(195), 'widthMs': np.float64(1.95)}, {'halfHeight': 50, 'risingPnt': np.int64(26462), 'fallingPnt': np.int64(26584), 'widthPnts': np.int64(122), 'widthMs': np.float64(1.22)}, {'halfHeight': 80, 'risingPnt': np.int64(26472), 'fallingPnt': np.int64(26533), 'widthPnts': np.int64(61), 'widthMs': np.float64(0.61)}, {'halfHeight': 90, 'risingPnt': np.int64(26476), 'fallingPnt': np.int64(26516), 'widthPnts': np.int64(40), 'widthMs': np.float64(0.4)}]",2.26,1.95,1.22,0.61,0.4,0.8100000000000329,yes,,,,,,,unknown,,,,
307,307,dvdt,13,2,11.0,4,0,[],20260908,16:38:08,,,20230324a,20230324a,stochastic-hh.sanpy,,20.0,-40.0,0,"[10, 20, 50, 80, 90]",27803,0.27803,-42.42125383148214,19.95351988231506,,27880,0.2788,41.51412266335047,83.93537649483261,0.7699999999999929,28154,0.28154,-69.57098714794577,27747.0,-49.31715793683487,27753,27775,0.22,-48.95257359724053,-46.96328023528517,8903.477870376359,,27859,18.16529747743388,258.65235808181757,28076,-48.103313803967175,-63.05964636486561,1396.0,13.96,71.63323782234957,1375.0,13.75,0.56,"[{'halfHeight': 10, 'risingPnt': np.int64(27826), 'fallingPnt': np.int64(28049), 'widthPnts': np.int64(223), 'widthMs': np.float64(2.23)}, {'halfHeight': 20, 'risingPnt': np.int64(27836), 'fallingPnt': np.int64(28028), 'widthPnts': np.int64(192), 'widthMs': np.float64(1.92)}, {'halfHeight': 50, 'risingPnt': np.int64(27852), 'fallingPnt': np.int64(27971), 'widthPnts': np.int64(119), 'widthMs': np.float64(1.19)}, {'halfHeight': 80, 'risingPnt': np.int64(27862), 'fallingPnt': np.int64(27920), 'widthPnts': np.int64(58), 'widthMs': np.float64(0.58)}, {'halfHeight': 90, 'risingPnt': np.int64(27866), 'fallingPnt': np.int64(27903), 'widthPnts': np.int64(37), 'widthMs': np.float64(0.37)}]",2.23,1.92,1.19,0.58,0.37,0.7699999999999929,yes,,,,,,,unknown,,,,
308,308,dvdt,13,2,11.0,5,0,[],20260908,16:38:08,,,20230324a,20230324a,stochastic-hh.sanpy,,20.0,-40.0,0,"[10, 20, 50, 80, 90]",29030,0.2903,-42.707405849577434,19.801313449815247,,29110,0.2911,41.61913244013333,84.32653828971075,0.8000000000000229,29368,0.29368,-69.90829850198607,28976.0,-49.31715793683487,28981,29003,0.22,-48.870167058194184,-46.731480828296306,9683.870699072622,,29089,16.090785320592214,263.0013902958127,29134,32.01495135859049,-67.1419568362868,1227.0,12.27,81.49959250203749,1229.0,12.29,0.54,"[{'halfHeight': 10, 'risingPnt': np.int64(29055), 'fallingPnt': np.int64(29271), 'widthPnts': np.int64(216), 'widthMs': np.float64(2.16)}, {'halfHeight': 20, 'risingPnt': np.int64(29067), 'fallingPnt': np.int64(29252), 'widthPnts': np.int64(185), 'widthMs': np.float64(1.85)}, {'halfHeight': 50, 'risingPnt': np.int64(29083), 'fallingPnt': np.int64(29198), 'widthPnts': np.int64(115), 'widthMs': np.float64(1.15)}, {'halfHeight': 80, 'risingPnt': np.int64(29093), 'fallingPnt': np.int64(29147), 'widthPnts': np.int64(54), 'widthMs': np.float64(0.54)}, {'halfHeight': 90, 'risingPnt': np.int64(29097), 'fallingPnt': np.int64(29133), 'widthPnts': np.int64(36), 'widthMs': np.float64(0.36)}]",2.16,1.85,1.15,0.54,0.36,0.8000000000000229,yes,,,,,,,unknown,,,,
309,309,dvdt,13,2,11.0,6,0,[],20260908,16:38:08,,,20230324a,20230324a,stochastic-hh.sanpy,,20.0,-40.0,0,"[10, 20, 50, 80, 90]",30338,0.30338,-44.883956930750415,19.960746970136224,,30420,0.30419999999999997,44.03903502077429,88.92299195152471,0.8199999999999874,30686,0.30686,-69.65440843135877,30297.0,-49.31715793683487,30301,30317,0.16,-48.935832675422205,-47.673460504802485,7810.9555562430305,,30400,15.535841880820916,269.8611216842067,30619,-52.90126021658827,-65.74800620458285,1308.0,13.08,76.45259938837921,1321.0,13.21,0.41,"[{'halfHeight': 10, 'risingPnt': np.int64(30366), 'fallingPnt': np.int64(30589), 'widthPnts': np.int64(223), 'widthMs': np.float64(2.23)}, {'halfHeight': 20, 'risingPnt': np.int64(30378), 'fallingPnt': np.int64(30568), 'widthPnts': np.int64(190), 'widthMs': np.float64(1.9)}, {'halfHeight': 50, 'risingPnt': np.int64(30394), 'fallingPnt': np.int64(30512), 'widthPnts': np.int64(118), 'widthMs': np.float64(1.18)}, {'halfHeight': 80, 'risingPnt': np.int64(30404), 'fallingPnt': np.int64(30466), 'widthPnts': np.int64(62), 'widthMs': np.float64(0.62)}, {'halfHeight': 90, 'risingPnt': np.int64(30409), 'fallingPnt': np.int64(30450), 'widthPnts': np.int64(41), 'widthMs': np.float64(0.41)}]",2.23,1.9,1.18,0.62,0.41,0.8199999999999874,yes,,,,,,,unknown,,,,
310,310,dvdt,13,2,11.0,7,0,[],20260908,16:38:08,,,20230324a,20230324a,stochastic-hh.sanpy,,20.0,-40.0,0,"[10, 20, 50, 80, 90]",31655,0.31655,-43.86559135637096,19.55263412374958,,31737,0.31737,41.268227343605034,85.13381869997599,0.8199999999999874,32005,0.32005,-69.51564150720851,31597.0,-49.31715793683487,31603,31626,0.23,-48.92008259528044,-47.21964298127054,7347.077013984184,,31718,16.26344399049118,255.27598421720577,31808,8.38122469593457,-71.93540809671724,1317.0,13.17,75.93014426727412,1300.0,13.0,0.58,"[{'halfHeight': 10, 'risingPnt': np.int64(31680), 'fallingPnt': np.int64(31904), 'widthPnts': np.int64(224), 'widthMs': np.float64(2.24)}, {'halfHeight': 20, 'risingPnt': np.int64(31694), 'fallingPnt': np.int64(31882), 'widthPnts': np.int64(188), 'widthMs': np.float64(1.88)}, {'halfHeight': 50, 'risingPnt': np.int64(31711), 'fallingPnt': np.int64(31827), 'widthPnts': np.int64(116), 'widthMs': np.float64(1.16)}, {'halfHeight': 80, 'risingPnt': np.int64(31722), 'fallingPnt': np.int64(31781), 'widthPnts': np.int64(59), 'widthMs': np.float64(0.59)}, {'halfHeight': 90, 'risingPnt': np.int64(31726), 'fallingPnt': np.int64(31764), 'widthPnts': np.int64(38), 'widthMs': np.float64(0.38)}]",2.24,1.88,1.16,0.59,0.38,0.8199999999999874,yes,,,,,,,unknown,,,,
311,311,dvdt,13,2,11.0,8,0,[],20260908,16:38:08,,,20230324a,20230324a,stochastic-hh.sanpy,,20.0,-40.0,0,"[10, 20, 50, 80, 90]",32835,0.32835000000000003,-44.14885053670086,19.976856974530172,,32917,0.32917,43.99302630085916,88.14187683756002,0.8199999999999874,33184,0.33183999999999997,-69.72222614511647,32796.0,-49.31715793683487,32800,32816,0.16,-48.96718127818088,-47.3022927861738,10232.253763661747,,32895,10.96973096627868,270.8125253141334,32971,20.432023929804263,-70.9729238913144,1180.0,11.8,84.7457627118644,1199.0,11.99,0.39,"[{'halfHeight': 10, 'risingPnt': np.int64(32861), 'fallingPnt': np.int64(33086), 'widthPnts': np.int64(225), 'widthMs': np.float64(2.25)}, {'halfHeight': 20, 'risingPnt': np.int64(32875), 'fallingPnt': np.int64(33067), 'widthPnts': np.int64(192), 'widthMs': np.float64(1.92)}, {'halfHeight': 50, 'risingPnt': np.int64(32891), 'fallingPnt': np.int64(33008), 'widthPnts': np.int64(117), 'widthMs': np.float64(1.17)}, {'halfHeight': 80, 'risingPnt': np.int64(32901), 'fallingPnt': np.int64(32961), 'widthPnts': np.int64(60), 'widthMs': np.float64(0.6)}, {'halfHeight': 90, 'risingPnt': np.int64(32905), 'fallingPnt': np.int64(32944), 'widthPnts': np.int64(39), 'widthMs': np.float64(0.39)}]",2.25,1.92,1.17,0.6,0.39,0.8199999999999874,yes,,,,,,,unknown,,,,
312,312,dvdt,13,2,11.0,9,0,[],20260908,16:38:08,,,20230324a,20230324a,stochastic-hh.sanpy,,20.0,-40.0,0,"[10, 20, 50, 80, 90]",34097,0.34097000000000005,-44.421537052246464,19.48608864601804,,34181,0.34181,43.63424163410878,88.05577868635524,0.8399999999999519,34454,0.34454,-69.636710981082,34055.0,-49.31715793683487,34059,34076,0.17,-48.87407747229821,-47.32879175894232,9087.602966093167,,34162,18.37892810119249,269.17496812182725,34375,-46.7261463407301,-62.35035027315365,1262.0,12.62,79.2393026941363,1259.0,12.59,0.42,"[{'halfHeight': 10, 'risingPnt': np.int64(34126), 'fallingPnt': np.int64(34356), 'widthPnts': np.int64(230), 'widthMs': np.float64(2.3)}, {'halfHeight': 20, 'risingPnt': np.int64(34139), 'fallingPnt': np.int64(34338), 'widthPnts': np.int64(199), 'widthMs': np.float64(1.99)}, {'halfHeight': 50, 'risingPnt': np.int64(34155), 'fallingPnt': np.int64(34282), 'widthPnts': np.int64(127), 'widthMs': np.float64(1.27)}, {'halfHeight': 80, 'risingPnt': np.int64(34165), 'fallingPnt': np.int64(34226), 'widthPnts': np.int64(61), 'widthMs': np.float64(0.61)}, {'halfHeight': 90, 'risingPnt': np.int64(34169), 'fallingPnt': np.int64(34209), 'widthPnts': np.int64(40), 'widthMs': np.float64(0.4)}]",2.3,1.99,1.27,0.61,0.4,0.8399999999999519,yes,,,,,,,unknown,,,,
313,313,dvdt,13,2,11.0,10,0,[],20260908,16:38:08,,,20230324a,20230324a,stochastic-hh.sanpy,,20.0,-40.0,0,"[10, 20, 50, 80, 90]",35477,0.35477,-41.70321367856578,19.517683233601815,,35555,0.35555000000000003,37.87759881524112,79.5808124938069,0.7800000000000584,35814,0.35814,-69.70119951256383,35389.0,-49.31715793683487,35398,35433,0.35,-49.010103547296794,-47.208888470779804,5275.808565628766,,35534,10.511259530776497,233.48318504729463,35626,5.059619996367019,-69.7040414617542,1380.0,13.8,72.46376811594202,1334.0,13.34,0.88,"[{'halfHeight': 10, 'risingPnt': np.int64(35501), 'fallingPnt': np.int64(35710), 'widthPnts': np.int64(209), 'widthMs': np.float64(2.09)}, {'halfHeight': 20, 'risingPnt': np.int64(35513), 'fallingPnt': np.int64(35695), 'widthPnts': np.int64(182), 'widthMs': np.float64(1.82)}, {'halfHeight': 50, 'risingPnt': np.int64(35529), 'fallingPnt': np.int64(35640), 'widthPnts': np.int64(111), 'widthMs': np.float64(1.11)}, {'halfHeight': 80, 'risingPnt': np.int64(35540), 'fallingPnt': np.int64(35598), 'widthPnts': np.int64(58), 'widthMs': np.float64(0.58)}, {'halfHeight': 90, 'risingPnt': np.int64(35544), 'fallingPnt': np.int64(35579), 'widthPnts': np.int64(35), 'widthMs': np.float64(0.35)}]",2.09,1.82,1.11,0.58,0.35,0.7800000000000584,yes,,,,,,,unknown,,,,
314,314,dvdt,13,2,11.0,11,0,[],20260908,16:38:08,,,20230324a,20230324a,stochastic-hh.sanpy,,20.0,-40.0,0,"[10, 20, 50, 80, 90]",36851,0.36851,-43.29606748451584,19.591455462052586,,36931,0.36931,40.78385831119103,84.07992579570687,0.8000000000000229,37191,0.37191,-69.64295166387653,36801.0,-49.31715793683487,36806,36826,0.2,-48.90780347163227,-47.147879623095676,8544.134428153866,,36910,15.159851345866864,254.14099577028003,36976,20.103364723151643,-73.10021995748156,1374.0,13.74,72.78020378457059,1412.0,14.12,0.5,"[{'halfHeight': 10, 'risingPnt': np.int64(36876), 'fallingPnt': np.int64(37092), 'widthPnts': np.int64(216), 'widthMs': np.float64(2.16)}, {'halfHeight': 20, 'risingPnt': np.int64(36888), 'fallingPnt': np.int64(37073), 'widthPnts': np.int64(185), 'widthMs': np.float64(1.85)}, {'halfHeight': 50, 'risingPnt': np.int64(36904), 'fallingPnt': np.int64(37015), 'widthPnts': np.int64(111), 'widthMs': np.float64(1.11)}, {'halfHeight': 80, 'risingPnt': np.int64(36914), 'fallingPnt': np.int64(36971), 'widthPnts': np.int64(57), 'widthMs': np.float64(0.57)}, {'halfHeight': 90, 'risingPnt': np.int64(36918), 'fallingPnt': np.int64(36955), 'widthPnts': np.int64(37), 'widthMs': np.float64(0.37)}]",2.16,1.85,1.11,0.57,0.37,0.8000000000000229,yes,,,,,,,unknown,,,,
315,315,dvdt,13,2,11.0,12,0,[],20260908,16:38:08,,,20230324a,20230324a,stochastic-hh.sanpy,,20.0,-40.0,0,"[10, 20, 50, 80, 90]",38127,0.38127,-42.828928270812945,19.773367167250676,,38205,0.38205,42.60611663724716,85.4350449080601,0.7800000000000029,38473,0.38473,-69.52725165800082,38069.0,-49.31715793683487,38075,38098,0.23,-48.8768187562591,-46.99820465875488,8057.311354093319,,38185,16.583677258467322,265.5480434595871,38249,23.82512101178115,-66.38517733653492,1276.0,12.76,78.36990595611285,1268.0,12.68,0.58,"[{'halfHeight': 10, 'risingPnt': np.int64(38152), 'fallingPnt': np.int64(38370), 'widthPnts': np.int64(218), 'widthMs': np.float64(2.18)}, {'halfHeight': 20, 'risingPnt': np.int64(38164), 'fallingPnt': np.int64(38351), 'widthPnts': np.int64(187), 'widthMs': np.float64(1.87)}, {'halfHeight': 50, 'risingPnt': np.int64(38179), 'fallingPnt': np.int64(38294), 'widthPnts': np.int64(115), 'widthMs': np.float64(1.15)}, {'halfHeight': 80, 'risingPnt': np.int64(38189), 'fallingPnt': np.int64(38247), 'widthPnts': np.int64(58), 'widthMs': np.float64(0.58)}, {'halfHeight': 90, 'risingPnt': np.int64(38193), 'fallingPnt': np.int64(38229), 'widthPnts': np.int64(36), 'widthMs': np.float64(0.36)}]",2.18,1.87,1.15,0.58,0.36,0.7800000000000029,yes,,,,,,,unknown,,,,
316,316,dvdt,13,2,11.0,13,0,[],20260908,16:38:08,,,20230324a,20230324a,stochastic-hh.sanpy,,20.0,-40.0,0,"[10, 20, 50, 80, 90]",39314,0.39314,-43.8333251330721,19.586467700143288,,39401,0.39400999999999997,40.62939594032496,84.46272107339706,0.8699999999999819,39675,0.39675,-69.68516623169359,39261.0,-49.31715793683487,39266,39287,0.21,-48.91631441137239,-47.27965368098316,7531.858455455793,,39377,12.043108986012994,243.99121134258306,39441,22.215920797709046,-65.820286283263,1187.0,11.87,84.24599831508004,1192.0,11.92,0.53,"[{'halfHeight': 10, 'risingPnt': np.int64(39343), 'fallingPnt': np.int64(39570), 'widthPnts': np.int64(227), 'widthMs': np.float64(2.27)}, {'halfHeight': 20, 'risingPnt': np.int64(39355), 'fallingPnt': np.int64(39549), 'widthPnts': np.int64(194), 'widthMs': np.float64(1.94)}, {'halfHeight': 50, 'risingPnt': np.int64(39372), 'fallingPnt': np.int64(39489), 'widthPnts': np.int64(117), 'widthMs': np.float64(1.17)}, {'halfHeight': 80, 'risingPnt': np.int64(39382), 'fallingPnt': np.int64(39439), 'widthPnts': np.int64(57), 'widthMs': np.float64(0.57)}, {'halfHeight': 90, 'risingPnt': np.int64(39387), 'fallingPnt': np.int64(39424), 'widthPnts': np.int64(37), 'widthMs': np.float64(0.37)}]",2.27,1.94,1.17,0.57,0.37,0.8699999999999819,yes,,,,,,,unknown,,,,
317,317,dvdt,13,2,11.0,14,0,[],20260908,16:38:08,,,20230324a,20230324a,stochastic-hh.sanpy,,20.0,-40.0,0,"[10, 20, 50, 80, 90]",40679,0.40679000000000004,-43.01723158345947,19.82035040716039,,40760,0.4076,42.14306282085751,85.16029440431697,0.8099999999999774,41013,0.41013,-69.65698443869593,40618.0,-49.31715793683487,40624,40648,0.24,-48.98067161257043,-47.04992316518898,8276.517232536218,,40738,12.719191687298265,271.3290308514177,40812,17.557267377817684,-70.29017369762398,1365.0,13.65,73.26007326007326,1357.0,13.57,0.61,"[{'halfHeight': 10, 'risingPnt': np.int64(40705), 'fallingPnt': np.int64(40910), 'widthPnts': np.int64(205), 'widthMs': np.float64(2.05)}, {'halfHeight': 20, 'risingPnt': np.int64(40718), 'fallingPnt': np.int64(40895), 'widthPnts': np.int64(177), 'widthMs': np.float64(1.77)}, {'halfHeight': 50, 'risingPnt': np.int64(40733), 'fallingPnt': np.int64(40846), 'widthPnts': np.int64(113), 'widthMs': np.float64(1.13)}, {'halfHeight': 80, 'risingPnt': np.int64(40743), 'fallingPnt': np.int64(40800), 'widthPnts': np.int64(57), 'widthMs': np.float64(0.57)}, {'halfHeight': 90, 'risingPnt': np.int64(40747), 'fallingPnt': np.int64(40785), 'widthPnts': np.int64(38), 'widthMs': np.float64(0.38)}]",2.05,1.77,1.13,0.57,0.38,0.8099999999999774,yes,,,,,,,unknown,,,,
318,318,dvdt,13,2,11.0,15,0,[],20260908,16:38:08,,,20230324a,20230324a,stochastic-hh.sanpy,,20.0,-40.0,0,"[10, 20, 50, 80, 90]",41945,0.41945,-44.35215571379905,19.806528244058807,,42027,0.42027,42.719887035745025,87.07204274954407,0.8199999999999874,42303,0.42302999999999996,-69.5547974422898,41903.0,-49.31715793683487,41907,41924,0.17,-48.99047235234353,-47.26429292948033,10412.415377093523,,42005,11.476682788879197,265.30560662452325,42057,31.76389250170017,-58.48242601962691,1266.0,12.66,78.98894154818326,1285.0,12.85,0.42,"[{'halfHeight': 10, 'risingPnt': np.int64(41973), 'fallingPnt': np.int64(42209), 'widthPnts': np.int64(236), 'widthMs': np.float64(2.36)}, {'halfHeight': 20, 'risingPnt': np.int64(41984), 'fallingPnt': np.int64(42189), 'widthPnts': np.int64(205), 'widthMs': np.float64(2.05)}, {'halfHeight': 50, 'risingPnt': np.int64(42001), 'fallingPnt': np.int64(42125), 'widthPnts': np.int64(124), 'widthMs': np.float64(1.24)}, {'halfHeight': 80, 'risingPnt': np.int64(42011), 'fallingPnt': np.int64(42070), 'widthPnts': np.int64(59), 'widthMs': np.float64(0.59)}, {'halfHeight': 90, 'risingPnt': np.int64(42015), 'fallingPnt': np.int64(42053), 'widthPnts': np.int64(38), 'widthMs': np.float64(0.38)}]",2.36,2.05,1.24,0.59,0.38,0.8199999999999874,yes,,,,,,,unknown,,,,
319,319,dvdt,13,2,11.0,16,0,[],20260908,16:38:08,,,20230324a,20230324a,stochastic-hh.sanpy,,20.0,-40.0,0,"[10, 20, 50, 80, 90]",43233,0.43233,-43.170521581206664,19.06987128078168,,43311,0.43311,41.679159985120414,84.84968156632708,0.7800000000000029,43587,0.43587,-69.526882649331,43182.0,-49.31715793683487,43187,43208,0.21,-48.773396675327085,-46.88956508812328,8921.574792650817,,43292,17.485791915082054,264.84102621677437,43370,13.787802981873202,-62.96119916734497,1288.0,12.88,77.63975155279502,1279.0,12.79,0.51,"[{'halfHeight': 10, 'risingPnt': np.int64(43258), 'fallingPnt': np.int64(43478), 'widthPnts': np.int64(220), 'widthMs': np.float64(2.2)}, {'halfHeight': 20, 'risingPnt': np.int64(43269), 'fallingPnt': np.int64(43458), 'widthPnts': np.int64(189), 'widthMs': np.float64(1.89)}, {'halfHeight': 50, 'risingPnt': np.int64(43285), 'fallingPnt': np.int64(43399), 'widthPnts': np.int64(114), 'widthMs': np.float64(1.14)}, {'halfHeight': 80, 'risingPnt': np.int64(43295), 'fallingPnt': np.int64(43350), 'widthPnts': np.int64(55), 'widthMs': np.float64(0.55)}, {'halfHeight': 90, 'risingPnt': np.int64(43299), 'fallingPnt': np.int64(43335), 'widthPnts': np.int64(36), 'widthMs': np.float64(0.36)}]",2.2,1.89,1.14,0.55,0.36,0.7800000000000029,yes,,,,,,,unknown,,,,
320,320,dvdt,13,2,11.0,17,0,[],20260908,16:38:08,,,20230324a,20230324a,stochastic-hh.sanpy,,20.0,-40.0,0,"[10, 20, 50, 80, 90]",44526,0.44526,-43.82286488319978,19.478951729580043,,44606,0.44606,43.056809732313816,86.8796746155136,0.8000000000000229,44882,0.44882,-69.49601335685598,44477.0,-49.31715793683487,44482,44501,0.19,-49.10493818201674,-47.632776951937075,7524.161055738645,,44588,18.77700296605552,288.88441632930204,44666,16.976349145857444,-66.33112820872829,1293.0,12.93,77.33952049497293,1295.0,12.95,0.49,"[{'halfHeight': 10, 'risingPnt': np.int64(44554), 'fallingPnt': np.int64(44780), 'widthPnts': np.int64(226), 'widthMs': np.float64(2.26)}, {'halfHeight': 20, 'risingPnt': np.int64(44566), 'fallingPnt': np.int64(44762), 'widthPnts': np.int64(196), 'widthMs': np.float64(1.96)}, {'halfHeight': 50, 'risingPnt': np.int64(44581), 'fallingPnt': np.int64(44702), 'widthPnts': np.int64(121), 'widthMs': np.float64(1.21)}, {'halfHeight': 80, 'risingPnt': np.int64(44591), 'fallingPnt': np.int64(44651), 'widthPnts': np.int64(60), 'widthMs': np.float64(0.6)}, {'halfHeight': 90, 'risingPnt': np.int64(44595), 'fallingPnt': np.int64(44634), 'widthPnts': np.int64(39), 'widthMs': np.float64(0.39)}]",2.26,1.96,1.21,0.6,0.39,0.8000000000000229,yes,,,,,,,unknown,,,,
321,321,dvdt,13,2,11.0,18,0,[],20260908,16:38:08,,,20230324a,20230324a,stochastic-hh.sanpy,,20.0,-40.0,0,"[10, 20, 50, 80, 90]",45849,0.45849,-44.28850922890183,18.71942398209891,,45930,0.4593,41.92502202535936,86.2135312542612,0.8099999999999774,46200,0.462,-69.54180724780558,45804.0,-49.31715793683487,45808,45826,0.18,-48.944869747863365,-47.371080371596626,8757.953028982934,,45910,15.067390184186785,268.2072842083485,46016,0.9213142636719864,-64.16941084934,1323.0,13.23,75.58578987150416,1327.0,13.27,0.45,"[{'halfHeight': 10, 'risingPnt': np.int64(45875), 'fallingPnt': np.int64(46099), 'widthPnts': np.int64(224), 'widthMs': np.float64(2.24)}, {'halfHeight': 20, 'risingPnt': np.int64(45887), 'fallingPnt': np.int64(46077), 'widthPnts': np.int64(190), 'widthMs': np.float64(1.9)}, {'halfHeight': 50, 'risingPnt': np.int64(45904), 'fallingPnt': np.int64(46020), 'widthPnts': np.int64(116), 'widthMs': np.float64(1.16)}, {'halfHeight': 80, 'risingPnt': np.int64(45914), 'fallingPnt': np.int64(45973), 'widthPnts': np.int64(59), 'widthMs': np.float64(0.59)}, {'halfHeight': 90, 'risingPnt': np.int64(45918), 'fallingPnt': np.int64(45957), 'widthPnts': np.int64(39), 'widthMs': np.float64(0.39)}]",2.24,1.9,1.16,0.59,0.39,0.8099999999999774,yes,,,,,,,unknown,,,,
322,322,dvdt,13,2,11.0,19,0,[],20260908,16:38:08,,,20230324a,20230324a,stochastic-hh.sanpy,,20.0,-40.0,0,"[10, 20, 50, 80, 90]",47619,0.47619,-42.722237897370775,19.604346095445322,,47700,0.477,40.98294695869544,83.70518485606621,0.8099999999999774,47950,0.4795,-69.49893428749618,47606.0,-45.07372959382829,47607,47612,0.05,-44.798284388569485,-43.98334453906251,16283.22299198389,,47678,12.420402993030974,252.04993282953296,47793,-4.76804795369386,-66.96723373065967,1770.0,17.7,56.497175141242934,1802.0,18.02,0.13,"[{'halfHeight': 10, 'risingPnt': np.int64(47646), 'fallingPnt': np.int64(47852), 'widthPnts': np.int64(206), 'widthMs': np.float64(2.06)}, {'halfHeight': 20, 'risingPnt': np.int64(47657), 'fallingPnt': np.int64(47833), 'widthPnts': np.int64(176), 'widthMs': np.float64(1.76)}, {'halfHeight': 50, 'risingPnt': np.int64(47673), 'fallingPnt': np.int64(47787), 'widthPnts': np.int64(114), 'widthMs': np.float64(1.14)}, {'halfHeight': 80, 'risingPnt': np.int64(47683), 'fallingPnt': np.int64(47742), 'widthPnts': np.int64(59), 'widthMs': np.float64(0.59)}, {'halfHeight': 90, 'risingPnt': np.int64(47688), 'fallingPnt': np.int64(47724), 'widthPnts': np.int64(36), 'widthMs': np.float64(0.36)}]",2.06,1.76,1.14,0.59,0.36,0.8099999999999774,yes,,,,,,,unknown,,,,
323,323,dvdt,13,2,11.0,20,0,[],20260908,16:38:08,,,20230324a,20230324a,stochastic-hh.sanpy,,20.0,-40.0,0,"[10, 20, 50, 80, 90]",48905,0.48905,-44.15219380545187,19.478316375639704,,48989,0.48989,41.666654085077035,85.8188478905289,0.8400000000000074,49254,0.49254000000000003,-69.5250411098665,48900.0,-45.07372959382829,48900,48902,0.02,-45.01667136917613,-44.69903290256644,15729.366745791722,,48968,12.783920516118874,276.1483703949397,49180,-48.77125998064967,-66.96434140770704,1286.0,12.86,77.76049766718506,1294.0,12.94,0.05,"[{'halfHeight': 10, 'risingPnt': np.int64(48933), 'fallingPnt': np.int64(49157), 'widthPnts': np.int64(224), 'widthMs': np.float64(2.24)}, {'halfHeight': 20, 'risingPnt': np.int64(48945), 'fallingPnt': np.int64(49137), 'widthPnts': np.int64(192), 'widthMs': np.float64(1.92)}, {'halfHeight': 50, 'risingPnt': np.int64(48963), 'fallingPnt': np.int64(49080), 'widthPnts': np.int64(117), 'widthMs': np.float64(1.17)}, {'halfHeight': 80, 'risingPnt': np.int64(48973), 'fallingPnt': np.int64(49031), 'widthPnts': np.int64(58), 'widthMs': np.float64(0.58)}, {'halfHeight': 90, 'risingPnt': np.int64(48977), 'fallingPnt': np.int64(49014), 'widthPnts': np.int64(37), 'widthMs': np.float64(0.37)}]",2.24,1.92,1.17,0.58,0.37,0.8400000000000074,yes,,,,,,,unknown,,,,
324,324,dvdt,13,2,11.0,21,0,[],20260908,16:38:08,,,20230324a,20230324a,stochastic-hh.sanpy,,20.0,-40.0,0,"[10, 20, 50, 80, 90]",50196,0.50196,-44.0921772622044,19.629007806590764,,50286,0.50286,41.845148755525656,85.93732601773006,0.9000000000000119,50558,0.50558,-69.52471517132706,50191.0,-45.07372959382829,50191,50193,0.02,-44.99466262381409,-44.65684513084728,16362.148080424447,,50261,11.879567613484369,246.57009377130242,50330,23.769539713381665,-68.5171060354265,1291.0,12.91,77.45933384972889,1291.0,12.91,0.05,"[{'halfHeight': 10, 'risingPnt': np.int64(50226), 'fallingPnt': np.int64(50458), 'widthPnts': np.int64(232), 'widthMs': np.float64(2.32)}, {'halfHeight': 20, 'risingPnt': np.int64(50238), 'fallingPnt': np.int64(50439), 'widthPnts': np.int64(201), 'widthMs': np.float64(2.01)}, {'halfHeight': 50, 'risingPnt': np.int64(50256), 'fallingPnt': np.int64(50383), 'widthPnts': np.int64(127), 'widthMs': np.float64(1.27)}, {'halfHeight': 80, 'risingPnt': np.int64(50267), 'fallingPnt': np.int64(50329), 'widthPnts': np.int64(62), 'widthMs': np.float64(0.62)}, {'halfHeight': 90, 'risingPnt': np.int64(50271), 'fallingPnt': np.int64(50312), 'widthPnts': np.int64(41), 'widthMs': np.float64(0.41)}]",2.32,2.01,1.27,0.62,0.41,0.9000000000000119,yes,,,,,,,unknown,,,,
325,325,dvdt,13,2,11.0,22,0,[],20260908,16:38:08,,,20230324a,20230324a,stochastic-hh.sanpy,,20.0,-40.0,0,"[10, 20, 50, 80, 90]",51471,0.51471,-43.19860303480832,19.48433891179837,,51549,0.51549,44.48160129486122,87.68020432966955,0.7800000000000029,51810,0.5181,-69.56479909432625,51461.0,-45.07372959382829,51462,51466,0.04,-44.8693045622697,-44.14812519770292,18100.22765143268,,51528,13.727778049684835,280.5631181278241,51632,4.85108258113097,-66.82996074511483,1275.0,12.75,78.43137254901961,1270.0,12.7,0.1,"[{'halfHeight': 10, 'risingPnt': np.int64(51497), 'fallingPnt': np.int64(51710), 'widthPnts': np.int64(213), 'widthMs': np.float64(2.13)}, {'halfHeight': 20, 'risingPnt': np.int64(51508), 'fallingPnt': np.int64(51692), 'widthPnts': np.int64(184), 'widthMs': np.float64(1.84)}, {'halfHeight': 50, 'risingPnt': np.int64(51524), 'fallingPnt': np.int64(51640), 'widthPnts': np.int64(116), 'widthMs': np.float64(1.16)}, {'halfHeight': 80, 'risingPnt': np.int64(51533), 'fallingPnt': np.int64(51591), 'widthPnts': np.int64(58), 'widthMs': np.float64(0.58)}, {'halfHeight': 90, 'risingPnt': np.int64(51537), 'fallingPnt': np.int64(51574), 'widthPnts': np.int64(37), 'widthMs': np.float64(0.37)}]",2.13,1.84,1.16,0.58,0.37,0.7800000000000029,yes,,,,,,,unknown,,,,
326,326,dvdt,13,2,11.0,23,0,[],20260908,16:38:08,,,20230324a,20230324a,stochastic-hh.sanpy,,20.0,-40.0,0,"[10, 20, 50, 80, 90]",52688,0.52688,-43.174156257752244,19.654127505044546,,52772,0.5277200000000001,41.01326417484208,84.18742043259432,0.8400000000000629,53032,0.53032,-69.68872845644911,52677.0,-45.07372959382829,52678,52683,0.05,-44.87712383255152,-44.09348735516835,15588.208378346373,,52751,17.702100117694453,237.99773397540704,52866,-5.992465814717726,-65.39781078688436,1217.0,12.17,82.16926869350863,1216.0,12.16,0.11,"[{'halfHeight': 10, 'risingPnt': np.int64(52714), 'fallingPnt': np.int64(52929), 'widthPnts': np.int64(215), 'widthMs': np.float64(2.15)}, {'halfHeight': 20, 'risingPnt': np.int64(52727), 'fallingPnt': np.int64(52909), 'widthPnts': np.int64(182), 'widthMs': np.float64(1.82)}, {'halfHeight': 50, 'risingPnt': np.int64(52743), 'fallingPnt': np.int64(52858), 'widthPnts': np.int64(115), 'widthMs': np.float64(1.15)}, {'halfHeight': 80, 'risingPnt': np.int64(52754), 'fallingPnt': np.int64(52812), 'widthPnts': np.int64(58), 'widthMs': np.float64(0.58)}, {'halfHeight': 90, 'risingPnt': np.int64(52758), 'fallingPnt': np.int64(52796), 'widthPnts': np.int64(38), 'widthMs': np.float64(0.38)}]",2.15,1.82,1.15,0.58,0.38,0.8400000000000629,yes,,,,,,,unknown,,,,
327,327,dvdt,13,2,11.0,24,0,[],20260908,16:38:08,,,20230324a,20230324a,stochastic-hh.sanpy,,20.0,-40.0,0,"[10, 20, 50, 80, 90]",53940,0.5394,-44.41686560345094,19.91067615271743,,54026,0.54026,41.47789117410987,85.89475677756081,0.8599999999999719,54283,0.54283,-69.49218349656496,53937.0,-45.07372959382829,53937,53939,0.02,-44.98317441249397,-44.61588678172191,17919.979540853008,,54004,17.30220068303593,261.8390828190402,54072,19.49814317978609,-69.56117148593052,1252.0,12.52,79.87220447284345,1260.0,12.6,0.03,"[{'halfHeight': 10, 'risingPnt': np.int64(53968), 'fallingPnt': np.int64(54181), 'widthPnts': np.int64(213), 'widthMs': np.float64(2.13)}, {'halfHeight': 20, 'risingPnt': np.int64(53980), 'fallingPnt': np.int64(54163), 'widthPnts': np.int64(183), 'widthMs': np.float64(1.83)}, {'halfHeight': 50, 'risingPnt': np.int64(53997), 'fallingPnt': np.int64(54111), 'widthPnts': np.int64(114), 'widthMs': np.float64(1.14)}, {'halfHeight': 80, 'risingPnt': np.int64(54007), 'fallingPnt': np.int64(54064), 'widthPnts': np.int64(57), 'widthMs': np.float64(0.57)}, {'halfHeight': 90, 'risingPnt': np.int64(54011), 'fallingPnt': np.int64(54050), 'widthPnts': np.int64(39), 'widthMs': np.float64(0.39)}]",2.13,1.83,1.14,0.57,0.39,0.8599999999999719,yes,,,,,,,unknown,,,,
328,328,dvdt,13,2,11.0,25,0,[],20260908,16:38:08,,,20230324a,20230324a,stochastic-hh.sanpy,,20.0,-40.0,0,"[10, 20, 50, 80, 90]",55086,0.55086,-44.05100596791324,19.641499761423386,,55167,0.55167,43.94071706287874,87.99172303079197,0.8099999999999774,55426,0.55426,-69.64209431198847,55079.0,-45.39790161747333,55080,55083,0.03,-45.14770364159217,-44.624360744310096,17231.082426107598,,55143,9.220073524961787,269.4732373235234,55211,24.549375990064544,-70.54148161367033,1146.0,11.46,87.26003490401395,1142.0,11.42,0.07,"[{'halfHeight': 10, 'risingPnt': np.int64(55111), 'fallingPnt': np.int64(55332), 'widthPnts': np.int64(221), 'widthMs': np.float64(2.21)}, {'halfHeight': 20, 'risingPnt': np.int64(55123), 'fallingPnt': np.int64(55314), 'widthPnts': np.int64(191), 'widthMs': np.float64(1.91)}, {'halfHeight': 50, 'risingPnt': np.int64(55140), 'fallingPnt': np.int64(55258), 'widthPnts': np.int64(118), 'widthMs': np.float64(1.18)}, {'halfHeight': 80, 'risingPnt': np.int64(55150), 'fallingPnt': np.int64(55209), 'widthPnts': np.int64(59), 'widthMs': np.float64(0.59)}, {'halfHeight': 90, 'risingPnt': np.int64(55154), 'fallingPnt': np.int64(55191), 'widthPnts': np.int64(37), 'widthMs': np.float64(0.37)}]",2.21,1.91,1.18,0.59,0.37,0.8099999999999774,yes,,,,,,,unknown,,,,
329,329,dvdt,13,2,11.0,26,0,[],20260908,16:38:08,,,20230324a,20230324a,stochastic-hh.sanpy,,20.0,-40.0,0,"[10, 20, 50, 80, 90]",56421,0.56421,-43.89590770037463,19.893607041865575,,56501,0.56501,43.08972710135951,86.98563480173414,0.8000000000000229,56768,0.56768,-69.56711519672331,56413.0,-45.39790161747333,56414,56417,0.03,-45.15927344599459,-44.65794884968254,16390.9187447244,,56481,17.356955676021336,269.0725050923018,56556,19.505748434641077,-67.21045853921764,1335.0,13.35,74.90636704119851,1334.0,13.34,0.08,"[{'halfHeight': 10, 'risingPnt': np.int64(56447), 'fallingPnt': np.int64(56665), 'widthPnts': np.int64(218), 'widthMs': np.float64(2.18)}, {'halfHeight': 20, 'risingPnt': np.int64(56458), 'fallingPnt': np.int64(56645), 'widthPnts': np.int64(187), 'widthMs': np.float64(1.87)}, {'halfHeight': 50, 'risingPnt': np.int64(56475), 'fallingPnt': np.int64(56592), 'widthPnts': np.int64(117), 'widthMs': np.float64(1.17)}, {'halfHeight': 80, 'risingPnt': np.int64(56485), 'fallingPnt': np.int64(56546), 'widthPnts': np.int64(61), 'widthMs': np.float64(0.61)}, {'halfHeight': 90, 'risingPnt': np.int64(56489), 'fallingPnt': np.int64(56528), 'widthPnts': np.int64(39), 'widthMs': np.float64(0.39)}]",2.18,1.87,1.17,0.61,0.39,0.8000000000000229,yes,,,,,,,unknown,,,,
330,330,dvdt,13,2,11.0,27,0,[],20260908,16:38:08,,,20230324a,20230324a,stochastic-hh.sanpy,,20.0,-40.0,0,"[10, 20, 50, 80, 90]",57768,0.57768,-43.79173896030676,19.669439520157063,,57849,0.5784900000000001,42.74875425357775,86.5404932138845,0.8100000000000884,58117,0.58117,-69.4395808423688,57759.0,-45.39790161747333,57760,57763,0.03,-45.21369637687642,-44.726917196584644,15973.925116073186,,57824,7.857845086498913,253.31378952628162,57898,21.792485856723818,-69.78806023065633,1347.0,13.47,74.23904974016332,1346.0,13.46,0.09,"[{'halfHeight': 10, 'risingPnt': np.int64(57793), 'fallingPnt': np.int64(58014), 'widthPnts': np.int64(221), 'widthMs': np.float64(2.21)}, {'halfHeight': 20, 'risingPnt': np.int64(57805), 'fallingPnt': np.int64(57993), 'widthPnts': np.int64(188), 'widthMs': np.float64(1.88)}, {'halfHeight': 50, 'risingPnt': np.int64(57821), 'fallingPnt': np.int64(57939), 'widthPnts': np.int64(118), 'widthMs': np.float64(1.18)}, {'halfHeight': 80, 'risingPnt': np.int64(57832), 'fallingPnt': np.int64(57892), 'widthPnts': np.int64(60), 'widthMs': np.float64(0.6)}, {'halfHeight': 90, 'risingPnt': np.int64(57836), 'fallingPnt': np.int64(57874), 'widthPnts': np.int64(38), 'widthMs': np.float64(0.38)}]",2.21,1.88,1.18,0.6,0.38,0.8100000000000884,yes,,,,,,,unknown,,,,
331,331,dvdt,13,2,11.0,28,0,[],20260908,16:38:08,,,20230324a,20230324a,stochastic-hh.sanpy,,20.0,-40.0,0,"[10, 20, 50, 80, 90]",59060,0.5906,-44.21472096019217,19.840958525727125,,59141,0.59141,43.91097308581537,88.12569404600754,0.8099999999999774,59402,0.59402,-69.73603177963648,59053.0,-45.69096636935415,59054,59057,0.03,-45.38465828499068,-44.80659034372831,19004.76493411768,,59122,20.184836021365722,263.06368549078576,59180,26.316921168268898,-72.56633256190906,1292.0,12.92,77.39938080495357,1294.0,12.94,0.07,"[{'halfHeight': 10, 'risingPnt': np.int64(59086), 'fallingPnt': np.int64(59302), 'widthPnts': np.int64(216), 'widthMs': np.float64(2.16)}, {'halfHeight': 20, 'risingPnt': np.int64(59098), 'fallingPnt': np.int64(59285), 'widthPnts': np.int64(187), 'widthMs': np.float64(1.87)}, {'halfHeight': 50, 'risingPnt': np.int64(59114), 'fallingPnt': np.int64(59226), 'widthPnts': np.int64(112), 'widthMs': np.float64(1.12)}, {'halfHeight': 80, 'risingPnt': np.int64(59125), 'fallingPnt': np.int64(59181), 'widthPnts': np.int64(56), 'widthMs': np.float64(0.56)}, {'halfHeight': 90, 'risingPnt': np.int64(59129), 'fallingPnt': np.int64(59166), 'widthPnts': np.int64(37), 'widthMs': np.float64(0.37)}]",2.16,1.87,1.12,0.56,0.37,0.8099999999999774,yes,,,,,,,unknown,,,,
332,332,dvdt,13,2,11.0,29,0,[],20260908,16:38:08,,,20230324a,20230324a,stochastic-hh.sanpy,,20.0,-40.0,0,"[10, 20, 50, 80, 90]",60277,0.60277,-44.42693609319898,19.33924424231895,,60359,0.6035900000000001,44.34054444576031,88.76748053895929,0.8200000000000429,60629,0.60629,-69.67201096969254,60271.0,-45.56337995352921,60272,60274,0.02,-45.314526915357106,-44.98050719639196,16813.8584478831,,60338,15.786543219932112,286.7046708371584,60554,-47.43981340504655,-64.4022296384899,1217.0,12.17,82.16926869350863,1218.0,12.18,0.06,"[{'halfHeight': 10, 'risingPnt': np.int64(60303), 'fallingPnt': np.int64(60533), 'widthPnts': np.int64(230), 'widthMs': np.float64(2.3)}, {'halfHeight': 20, 'risingPnt': np.int64(60316), 'fallingPnt': np.int64(60513), 'widthPnts': np.int64(197), 'widthMs': np.float64(1.97)}, {'halfHeight': 50, 'risingPnt': np.int64(60333), 'fallingPnt': np.int64(60461), 'widthPnts': np.int64(128), 'widthMs': np.float64(1.28)}, {'halfHeight': 80, 'risingPnt': np.int64(60342), 'fallingPnt': np.int64(60406), 'widthPnts': np.int64(64), 'widthMs': np.float64(0.64)}, {'halfHeight': 90, 'risingPnt': np.int64(60346), 'fallingPnt': np.int64(60388), 'widthPnts': np.int64(42), 'widthMs': np.float64(0.42)}]",2.3,1.97,1.28,0.64,0.42,0.8200000000000429,yes,,,,,,,unknown,,,,
333,333,dvdt,13,2,11.0,30,0,[],20260908,16:38:08,,,20230324a,20230324a,stochastic-hh.sanpy,,20.0,-40.0,0,"[10, 20, 50, 80, 90]",61416,0.6141599999999999,-43.41056250263279,19.793632535985527,,61495,0.61495,43.16467782797432,86.57524033060712,0.7900000000000684,61754,0.61754,-69.49078964608901,61403.0,-45.56337995352921,61404,61409,0.05,-45.384021242578584,-44.648897350637775,14452.087553325928,,61475,13.613593229032393,257.7639942847449,61588,-1.349735549863453,-71.75956821797362,1139.0,11.39,87.79631255487269,1132.0,11.32,0.13,"[{'halfHeight': 10, 'risingPnt': np.int64(61442), 'fallingPnt': np.int64(61654), 'widthPnts': np.int64(212), 'widthMs': np.float64(2.12)}, {'halfHeight': 20, 'risingPnt': np.int64(61453), 'fallingPnt': np.int64(61635), 'widthPnts': np.int64(182), 'widthMs': np.float64(1.82)}, {'halfHeight': 50, 'risingPnt': np.int64(61470), 'fallingPnt': np.int64(61587), 'widthPnts': np.int64(117), 'widthMs': np.float64(1.17)}, {'halfHeight': 80, 'risingPnt': np.int64(61480), 'fallingPnt': np.int64(61538), 'widthPnts': np.int64(58), 'widthMs': np.float64(0.58)}, {'halfHeight': 90, 'risingPnt': np.int64(61484), 'fallingPnt': np.int64(61523), 'widthPnts': np.int64(39), 'widthMs': np.float64(0.39)}]",2.12,1.82,1.17,0.58,0.39,0.7900000000000684,yes,,,,,,,unknown,,,,
334,334,dvdt,13,2,11.0,31,0,[],20260908,16:38:08,,,20230324a,20230324a,stochastic-hh.sanpy,,20.0,-40.0,0,"[10, 20, 50, 80, 90]",62569,0.6256900000000001,-43.75811099425879,19.758803263858756,,62650,0.6265,43.46280207184391,87.2209130661027,0.8099999999998664,62923,0.6292300000000001,-69.5142267493699,62559.0,-45.56337995352921,62560,62564,0.04,-45.38640393098399,-44.719119896138366,16510.582823146073,,62632,20.407157485440656,262.9625326390742,62681,30.33865268312176,-72.32172977286031,1153.0,11.53,86.73026886383349,1156.0,11.56,0.1,"[{'halfHeight': 10, 'risingPnt': np.int64(62597), 'fallingPnt': np.int64(62824), 'widthPnts': np.int64(227), 'widthMs': np.float64(2.27)}, {'halfHeight': 20, 'risingPnt': np.int64(62609), 'fallingPnt': np.int64(62804), 'widthPnts': np.int64(195), 'widthMs': np.float64(1.95)}, {'halfHeight': 50, 'risingPnt': np.int64(62624), 'fallingPnt': np.int64(62747), 'widthPnts': np.int64(123), 'widthMs': np.float64(1.23)}, {'halfHeight': 80, 'risingPnt': np.int64(62635), 'fallingPnt': np.int64(62690), 'widthPnts': np.int64(55), 'widthMs': np.float64(0.55)}, {'halfHeight': 90, 'risingPnt': np.int64(62639), 'fallingPnt': np.int64(62674), 'widthPnts': np.int64(35), 'widthMs': np.float64(0.35)}]",2.27,1.95,1.23,0.55,0.35,0.8099999999998664,yes,,,,,,,unknown,,,,
335,335,dvdt,13,2,11.0,32,0,[],20260908,16:38:08,,,20230324a,20230324a,stochastic-hh.sanpy,,20.0,-40.0,0,"[10, 20, 50, 80, 90]",63892,0.6389199999999999,-43.578585180273805,19.614004954562553,,63970,0.6397,42.85293896978828,86.43152415006209,0.7800000000001139,64238,0.64238,-69.50048837787689,63880.0,-45.56337995352921,63881,63886,0.05,-45.40769355858635,-44.637941754721346,15514.83564631408,,63948,11.760498312331434,263.64909758591324,64048,7.911720398412726,-70.66826012015729,1323.0,13.23,75.58578987150416,1321.0,13.21,0.12,"[{'halfHeight': 10, 'risingPnt': np.int64(63915), 'fallingPnt': np.int64(64139), 'widthPnts': np.int64(224), 'widthMs': np.float64(2.24)}, {'halfHeight': 20, 'risingPnt': np.int64(63927), 'fallingPnt': np.int64(64120), 'widthPnts': np.int64(193), 'widthMs': np.float64(1.93)}, {'halfHeight': 50, 'risingPnt': np.int64(63944), 'fallingPnt': np.int64(64065), 'widthPnts': np.int64(121), 'widthMs': np.float64(1.21)}, {'halfHeight': 80, 'risingPnt': np.int64(63954), 'fallingPnt': np.int64(64015), 'widthPnts': np.int64(61), 'widthMs': np.float64(0.61)}, {'halfHeight': 90, 'risingPnt': np.int64(63958), 'fallingPnt': np.int64(63997), 'widthPnts': np.int64(39), 'widthMs': np.float64(0.39)}]",2.24,1.93,1.21,0.61,0.39,0.7800000000001139,yes,,,,,,,unknown,,,,
336,336,dvdt,13,2,11.0,33,0,[],20260908,16:38:08,,,20230324a,20230324a,stochastic-hh.sanpy,,20.0,-40.0,0,"[10, 20, 50, 80, 90]",65138,0.65138,-43.87064339285018,19.842960763890886,,65222,0.65222,43.44292951467878,87.31357290752896,0.8400000000000629,65495,0.65495,-69.4024531365721,65129.0,-45.56337995352921,65130,65133,0.03,-45.30630947414464,-44.804012273492,16524.743805101083,,65201,15.809433539759988,269.07681966750755,65286,10.147913273763184,-73.62587453430673,1246.0,12.46,80.25682182985554,1249.0,12.49,0.09,"[{'halfHeight': 10, 'risingPnt': np.int64(65166), 'fallingPnt': np.int64(65388), 'widthPnts': np.int64(222), 'widthMs': np.float64(2.22)}, {'halfHeight': 20, 'risingPnt': np.int64(65179), 'fallingPnt': np.int64(65366), 'widthPnts': np.int64(187), 'widthMs': np.float64(1.87)}, {'halfHeight': 50, 'risingPnt': np.int64(65195), 'fallingPnt': np.int64(65305), 'widthPnts': np.int64(110), 'widthMs': np.float64(1.1)}, {'halfHeight': 80, 'risingPnt': np.int64(65205), 'fallingPnt': np.int64(65260), 'widthPnts': np.int64(55), 'widthMs': np.float64(0.55)}, {'halfHeight': 90, 'risingPnt': np.int64(65209), 'fallingPnt': np.int64(65245), 'widthPnts': np.int64(36), 'widthMs': np.float64(0.36)}]",2.22,1.87,1.1,0.55,0.36,0.8400000000000629,yes,,,,,,,unknown,,,,
337,337,dvdt,13,2,11.0,34,0,[],20260908,16:38:08,,,20230324a,20230324a,stochastic-hh.sanpy,,20.0,-40.0,0,"[10, 20, 50, 80, 90]",66359,0.66359,-44.757536613128565,18.680096043275306,,66443,0.66443,44.590241131638095,89.34777774476666,0.8399999999999519,66709,0.6670900000000001,-69.61242569838332,66355.0,-45.56337995352921,66355,66357,0.02,-45.45031230477107,-45.12023084593841,16145.968849660258,,66423,17.60999512424692,280.1082102907795,66493,21.808786399862694,-66.33802874772213,1221.0,12.21,81.9000819000819,1226.0,12.26,0.04,"[{'halfHeight': 10, 'risingPnt': np.int64(66387), 'fallingPnt': np.int64(66612), 'widthPnts': np.int64(225), 'widthMs': np.float64(2.25)}, {'halfHeight': 20, 'risingPnt': np.int64(66400), 'fallingPnt': np.int64(66594), 'widthPnts': np.int64(194), 'widthMs': np.float64(1.94)}, {'halfHeight': 50, 'risingPnt': np.int64(66417), 'fallingPnt': np.int64(66537), 'widthPnts': np.int64(120), 'widthMs': np.float64(1.2)}, {'halfHeight': 80, 'risingPnt': np.int64(66427), 'fallingPnt': np.int64(66486), 'widthPnts': np.int64(59), 'widthMs': np.float64(0.59)}, {'halfHeight': 90, 'risingPnt': np.int64(66431), 'fallingPnt': np.int64(66470), 'widthPnts': np.int64(39), 'widthMs': np.float64(0.39)}]",2.25,1.94,1.2,0.59,0.39,0.8399999999999519,yes,,,,,,,unknown,,,,
338,338,dvdt,13,2,11.0,35,0,[],20260908,16:38:08,,,20230324a,20230324a,stochastic-hh.sanpy,,20.0,-40.0,0,"[10, 20, 50, 80, 90]",67633,0.67633,-44.38638536893663,19.621483626312266,,67715,0.67715,43.66638909759413,88.05277446653076,0.8200000000000429,67983,0.67983,-69.464271179852,67627.0,-45.56337995352921,67628,67630,0.02,-45.35498983397516,-44.9699374087758,18778.510710850707,,67695,16.701629173235535,281.8972061586957,67797,4.85070205257276,-71.55267914439338,1274.0,12.74,78.49293563579278,1272.0,12.72,0.06,"[{'halfHeight': 10, 'risingPnt': np.int64(67661), 'fallingPnt': np.int64(67882), 'widthPnts': np.int64(221), 'widthMs': np.float64(2.21)}, {'halfHeight': 20, 'risingPnt': np.int64(67673), 'fallingPnt': np.int64(67861), 'widthPnts': np.int64(188), 'widthMs': np.float64(1.88)}, {'halfHeight': 50, 'risingPnt': np.int64(67689), 'fallingPnt': np.int64(67806), 'widthPnts': np.int64(117), 'widthMs': np.float64(1.17)}, {'halfHeight': 80, 'risingPnt': np.int64(67699), 'fallingPnt': np.int64(67758), 'widthPnts': np.int64(59), 'widthMs': np.float64(0.59)}, {'halfHeight': 90, 'risingPnt': np.int64(67703), 'fallingPnt': np.int64(67740), 'widthPnts': np.int64(37), 'widthMs': np.float64(0.37)}]",2.21,1.88,1.17,0.59,0.37,0.8200000000000429,yes,,,,,,,unknown,,,,
339,339,dvdt,13,2,11.0,36,0,[],20260908,16:38:08,,,20230324a,20230324a,stochastic-hh.sanpy,,20.0,-40.0,0,"[10, 20, 50, 80, 90]",69079,0.69079,-42.76772165903746,19.480787934670364,,69159,0.69159,41.12970373388047,83.89742539291794,0.8000000000000229,69433,0.69433,-69.4962490845526,69060.0,-45.56337995352921,69062,69070,0.08,-45.29275615242658,-44.30966190294623,12044.269538942197,,69138,14.90698925346928,241.355703546142,69207,19.063290906020697,-67.97362373830696,1446.0,14.46,69.15629322268326,1433.0,14.33,0.19,"[{'halfHeight': 10, 'risingPnt': np.int64(69104), 'fallingPnt': np.int64(69324), 'widthPnts': np.int64(220), 'widthMs': np.float64(2.2)}, {'halfHeight': 20, 'risingPnt': np.int64(69115), 'fallingPnt': np.int64(69305), 'widthPnts': np.int64(190), 'widthMs': np.float64(1.9)}, {'halfHeight': 50, 'risingPnt': np.int64(69132), 'fallingPnt': np.int64(69249), 'widthPnts': np.int64(117), 'widthMs': np.float64(1.17)}, {'halfHeight': 80, 'risingPnt': np.int64(69142), 'fallingPnt': np.int64(69198), 'widthPnts': np.int64(56), 'widthMs': np.float64(0.56)}, {'halfHeight': 90, 'risingPnt': np.int64(69147), 'fallingPnt': np.int64(69184), 'widthPnts': np.int64(37), 'widthMs': np.float64(0.37)}]",2.2,1.9,1.17,0.56,0.37,0.8000000000000229,yes,,,,,,,unknown,,,,
340,340,dvdt,13,2,11.0,37,0,[],20260908,16:38:08,,,20230324a,20230324a,stochastic-hh.sanpy,,20.0,-40.0,0,"[10, 20, 50, 80, 90]",70463,0.70463,-43.190593260778805,18.82834224920435,,70539,0.70539,42.22402445388311,85.41461771466192,0.7599999999999829,70800,0.708,-69.58657827867188,70448.0,-45.56337995352921,70450,70456,0.06,-45.271756893950524,-44.389953508208855,14554.054645269873,,70520,17.899735484556924,255.9072397635625,70734,-52.5596697781399,-64.52280359457664,1384.0,13.84,72.25433526011561,1388.0,13.88,0.15,"[{'halfHeight': 10, 'risingPnt': np.int64(70487), 'fallingPnt': np.int64(70703), 'widthPnts': np.int64(216), 'widthMs': np.float64(2.16)}, {'halfHeight': 20, 'risingPnt': np.int64(70497), 'fallingPnt': np.int64(70685), 'widthPnts': np.int64(188), 'widthMs': np.float64(1.88)}, {'halfHeight': 50, 'risingPnt': np.int64(70513), 'fallingPnt': np.int64(70630), 'widthPnts': np.int64(117), 'widthMs': np.float64(1.17)}, {'halfHeight': 80, 'risingPnt': np.int64(70523), 'fallingPnt': np.int64(70582), 'widthPnts': np.int64(59), 'widthMs': np.float64(0.59)}, {'halfHeight': 90, 'risingPnt': np.int64(70528), 'fallingPnt': np.int64(70565), 'widthPnts': np.int64(37), 'widthMs': np.float64(0.37)}]",2.16,1.88,1.17,0.59,0.37,0.7599999999999829,yes,,,,,,,unknown,,,,
341,341,dvdt,13,2,11.0,38,0,[],20260908,16:38:08,,,20230324a,20230324a,stochastic-hh.sanpy,,20.0,-40.0,0,"[10, 20, 50, 80, 90]",71744,0.7174400000000001,-43.889772152624275,19.095792994074046,,71824,0.71824,43.47033372931271,87.36010588193699,0.7999999999999119,72105,0.72105,-69.51296756847302,71735.0,-45.56337995352921,71736,71739,0.03,-45.297250679512935,-44.77909621702968,17223.492705424753,,71806,20.470140637408175,261.26549977424315,71867,25.608594666244144,-67.0081408012643,1281.0,12.81,78.06401249024199,1287.0,12.87,0.09,"[{'halfHeight': 10, 'risingPnt': np.int64(71769), 'fallingPnt': np.int64(71994), 'widthPnts': np.int64(225), 'widthMs': np.float64(2.25)}, {'halfHeight': 20, 'risingPnt': np.int64(71782), 'fallingPnt': np.int64(71973), 'widthPnts': np.int64(191), 'widthMs': np.float64(1.91)}, {'halfHeight': 50, 'risingPnt': np.int64(71798), 'fallingPnt': np.int64(71919), 'widthPnts': np.int64(121), 'widthMs': np.float64(1.21)}, {'halfHeight': 80, 'risingPnt': np.int64(71809), 'fallingPnt': np.int64(71867), 'widthPnts': np.int64(58), 'widthMs': np.float64(0.58)}, {'halfHeight': 90, 'risingPnt': np.int64(71813), 'fallingPnt': np.int64(71851), 'widthPnts': np.int64(38), 'widthMs': np.float64(0.38)}]",2.25,1.91,1.21,0.58,0.38,0.7999999999999119,yes,,,,,,,unknown,,,,
342,342,dvdt,13,2,11.0,39,0,[],20260908,16:38:08,,,20230324a,20230324a,stochastic-hh.sanpy,,20.0,-40.0,0,"[10, 20, 50, 80, 90]",72946,0.72946,-44.34096333202586,19.32702651656591,,73032,0.7303200000000001,41.30993323193688,85.65089656396273,0.8600000000000829,73299,0.73299,-69.296831838486,72939.0,-45.56337995352921,72940,72943,0.03,-45.348275125469605,-44.890055940776776,14757.875655212367,,73010,14.752222665382888,260.6799247212935,73092,14.445477190818552,-63.958495617647046,1202.0,12.02,83.19467554076539,1204.0,12.04,0.07,"[{'halfHeight': 10, 'risingPnt': np.int64(72974), 'fallingPnt': np.int64(73198), 'widthPnts': np.int64(224), 'widthMs': np.float64(2.24)}, {'halfHeight': 20, 'risingPnt': np.int64(72987), 'fallingPnt': np.int64(73176), 'widthPnts': np.int64(189), 'widthMs': np.float64(1.89)}, {'halfHeight': 50, 'risingPnt': np.int64(73004), 'fallingPnt': np.int64(73122), 'widthPnts': np.int64(118), 'widthMs': np.float64(1.18)}, {'halfHeight': 80, 'risingPnt': np.int64(73014), 'fallingPnt': np.int64(73074), 'widthPnts': np.int64(60), 'widthMs': np.float64(0.6)}, {'halfHeight': 90, 'risingPnt': np.int64(73018), 'fallingPnt': np.int64(73056), 'widthPnts': np.int64(38), 'widthMs': np.float64(0.38)}]",2.24,1.89,1.18,0.6,0.38,0.8600000000000829,yes,,,,,,,unknown,,,,
343,343,dvdt,13,2,11.0,40,0,[],20260908,16:38:08,,,20230324a,20230324a,stochastic-hh.sanpy,,20.0,-40.0,0,"[10, 20, 50, 80, 90]",74211,0.74211,-44.74530498208803,19.68927605945263,,74290,0.7429,44.705301214203786,89.45060619629182,0.7899999999999574,74550,0.7455,-69.85625704703182,74207.0,-45.56337995352921,74207,74209,0.02,-45.495086994453786,-45.12825653666666,18368.035011956552,,74270,14.731367922364628,285.1797929975459,74357,12.88119301799044,-70.34783797146974,1265.0,12.65,79.05138339920948,1268.0,12.68,0.04,"[{'halfHeight': 10, 'risingPnt': np.int64(74237), 'fallingPnt': np.int64(74456), 'widthPnts': np.int64(219), 'widthMs': np.float64(2.19)}, {'halfHeight': 20, 'risingPnt': np.int64(74249), 'fallingPnt': np.int64(74437), 'widthPnts': np.int64(188), 'widthMs': np.float64(1.88)}, {'halfHeight': 50, 'risingPnt': np.int64(74265), 'fallingPnt': np.int64(74382), 'widthPnts': np.int64(117), 'widthMs': np.float64(1.17)}, {'halfHeight': 80, 'risingPnt': np.int64(74275), 'fallingPnt': np.int64(74334), 'widthPnts': np.int64(59), 'widthMs': np.float64(0.59)}, {'halfHeight': 90, 'risingPnt': np.int64(74279), 'fallingPnt': np.int64(74316), 'widthPnts': np.int64(37), 'widthMs': np.float64(0.37)}]",2.19,1.88,1.17,0.59,0.37,0.7899999999999574,yes,,,,,,,unknown,,,,
344,344,dvdt,13,3,0.0,41,0,"[{'Spike': 41, 'Seconds': np.float64(0.9143), 'Sweep': 13, 'Epoch': 3, 'Type': 'Fit EDD', 'Details': 'Early diastolic duration rate fit - preMinPnt == spikePnt'}]",20260908,16:38:08,,,20230324a,20230324a,stochastic-hh.sanpy,,20.0,-40.0,0,"[10, 20, 50, 80, 90]",91432,0.91432,-44.00523344372623,19.098096338158836,,91506,0.91506,47.53162142721606,91.53685487094229,0.7399999999999629,91799,0.91799,-71.02439716113518,91431.0,-44.28730029627432,91431,91431,0.0,-44.194476132443974,-44.194476132443974,,,91488,18.498978690455882,328.973863408499,91556,28.51636834899458,-60.62064860671068,17221.0,172.21,5.806863712908658,17224.0,172.24,0.01,"[{'halfHeight': 10, 'risingPnt': np.int64(91458), 'fallingPnt': np.int64(91688), 'widthPnts': np.int64(230), 'widthMs': np.float64(2.3)}, {'halfHeight': 20, 'risingPnt': np.int64(91469), 'fallingPnt': np.int64(91667), 'widthPnts': np.int64(198), 'widthMs': np.float64(1.98)}, {'halfHeight': 50, 'risingPnt': np.int64(91483), 'fallingPnt': np.int64(91610), 'widthPnts': np.int64(127), 'widthMs': np.float64(1.27)}, {'halfHeight': 80, 'risingPnt': np.int64(91492), 'fallingPnt': np.int64(91555), 'widthPnts': np.int64(63), 'widthMs': np.float64(0.63)}, {'halfHeight': 90, 'risingPnt': np.int64(91496), 'fallingPnt': np.int64(91535), 'widthPnts': np.int64(39), 'widthMs': np.float64(0.39)}]",2.3,1.98,1.27,0.63,0.39,0.7399999999999629,yes,,,,,,,unknown,,,,
345,345,dvdt,13,3,0.0,42,0,[],20260908,16:38:08,,,20230324a,20230324a,stochastic-hh.sanpy,,20.0,-40.0,0,"[10, 20, 50, 80, 90]",96212,0.96212,-45.78659445214339,19.2704627427776,,96296,0.96296,48.69797374310988,94.48456819525327,0.8400000000000629,96593,0.96593,-71.11039472244445,96186.0,-49.04431781661323,96189,96199,0.1,-48.78114100933698,-47.79350007414523,9572.506525564599,,96276,19.906154845920298,333.84568353257504,96356,23.667267335751642,-64.38960227396387,4780.0,47.8,20.92050209205021,4755.0,47.55,0.26,"[{'halfHeight': 10, 'risingPnt': np.int64(96242), 'fallingPnt': np.int64(96491), 'widthPnts': np.int64(249), 'widthMs': np.float64(2.49)}, {'halfHeight': 20, 'risingPnt': np.int64(96255), 'fallingPnt': np.int64(96469), 'widthPnts': np.int64(214), 'widthMs': np.float64(2.14)}, {'halfHeight': 50, 'risingPnt': np.int64(96271), 'fallingPnt': np.int64(96403), 'widthPnts': np.int64(132), 'widthMs': np.float64(1.32)}, {'halfHeight': 80, 'risingPnt': np.int64(96279), 'fallingPnt': np.int64(96346), 'widthPnts': np.int64(67), 'widthMs': np.float64(0.67)}, {'halfHeight': 90, 'risingPnt': np.int64(96283), 'fallingPnt': np.int64(96327), 'widthPnts': np.int64(44), 'widthMs': np.float64(0.44)}]",2.49,2.14,1.32,0.67,0.44,0.8400000000000629,yes,,,,,,,unknown,,,,
346,346,dvdt,14,1,0.0,0,0,"[{'Spike': 0, 'Seconds': np.float64(0.0109), 'Sweep': 14, 'Epoch': 1, 'Type': 'Pre spike min under-run (mdp)', 'Details': 'Went past startPnt 0 searching for pre-spike min'}, {'Spike': 0, 'Seconds': np.float64(0.0109), 'Sweep': 14, 'Epoch': 1, 'Type': 'Pre spike min (mdp)', 'Details': 'Did not find preMinVal: nan'}]",20260908,16:38:08,,,20230324a,20230324a,stochastic-hh.sanpy,,20.0,-40.0,0,"[10, 20, 50, 80, 90]",1088,0.01088,-45.65980181675957,19.737091422140207,,1167,0.01167,49.08084322850166,94.74064504526123,0.789999999999999,1460,0.0146,-71.05691637984512,,,109,544,4.35,-59.420991049625,-57.628613823009566,346.57295633839635,,1147,19.64342016616616,338.5006705278971,1231,21.54886218982731,-72.8097954844283,,,,,,10.88,"[{'halfHeight': 10, 'risingPnt': np.int64(1116), 'fallingPnt': np.int64(1353), 'widthPnts': np.int64(237), 'widthMs': np.float64(2.37)}, {'halfHeight': 20, 'risingPnt': np.int64(1127), 'fallingPnt': np.int64(1335), 'widthPnts': np.int64(208), 'widthMs': np.float64(2.08)}, {'halfHeight': 50, 'risingPnt': np.int64(1142), 'fallingPnt': np.int64(1270), 'widthPnts': np.int64(128), 'widthMs': np.float64(1.28)}, {'halfHeight': 80, 'risingPnt': np.int64(1151), 'fallingPnt': np.int64(1215), 'widthPnts': np.int64(64), 'widthMs': np.float64(0.64)}, {'halfHeight': 90, 'risingPnt': np.int64(1154), 'fallingPnt': np.int64(1197), 'widthPnts': np.int64(43), 'widthMs': np.float64(0.43)}]",2.37,2.08,1.28,0.64,0.43,0.789999999999999,yes,,,,,,,unknown,,,,
347,347,dvdt,14,2,12.0,1,0,[],20260908,16:38:08,,,20230324a,20230324a,stochastic-hh.sanpy,,20.0,-40.0,0,"[10, 20, 50, 80, 90]",25091,0.25091,-46.42486186412474,19.493182805263224,,25169,0.25169,50.94627303001873,97.37113489414347,0.7800000000000029,25464,0.25464,-69.73089523621766,25077.0,-48.941380864712684,25078,25084,0.06,-48.75205707482674,-47.75838173112203,16368.41532970784,,25151,20.129488450029264,369.7571248554099,25252,15.15706945725822,-59.455204805123486,24003.0,240.03,4.166145898429363,,,0.14,"[{'halfHeight': 10, 'risingPnt': np.int64(25120), 'fallingPnt': np.int64(25367), 'widthPnts': np.int64(247), 'widthMs': np.float64(2.47)}, {'halfHeight': 20, 'risingPnt': np.int64(25132), 'fallingPnt': np.int64(25342), 'widthPnts': np.int64(210), 'widthMs': np.float64(2.1)}, {'halfHeight': 50, 'risingPnt': np.int64(25146), 'fallingPnt': np.int64(25278), 'widthPnts': np.int64(132), 'widthMs': np.float64(1.32)}, {'halfHeight': 80, 'risingPnt': np.int64(25155), 'fallingPnt': np.int64(25221), 'widthPnts': np.int64(66), 'widthMs': np.float64(0.66)}, {'halfHeight': 90, 'risingPnt': np.int64(25158), 'fallingPnt': np.int64(25201), 'widthPnts': np.int64(43), 'widthMs': np.float64(0.43)}]",2.47,2.1,1.32,0.66,0.43,0.7800000000000029,yes,,,,,,,unknown,,,,
348,348,dvdt,14,2,12.0,2,0,[],20260908,16:38:08,,,20230324a,20230324a,stochastic-hh.sanpy,,20.0,-40.0,0,"[10, 20, 50, 80, 90]",26372,0.26372,-43.71091930519005,19.888704290708546,,26455,0.26455,40.558147847226444,84.2690671524165,0.8299999999999974,26713,0.26713,-69.50961659292534,26320.0,-48.941380864712684,26325,26346,0.21,-48.49369006719738,-47.03938820895668,6557.539460197534,,26432,11.201956317775428,258.1552992032809,26506,18.77414587282573,-68.55874293751943,1281.0,12.81,78.06401249024199,1243.0,12.43,0.52,"[{'halfHeight': 10, 'risingPnt': np.int64(26399), 'fallingPnt': np.int64(26612), 'widthPnts': np.int64(213), 'widthMs': np.float64(2.13)}, {'halfHeight': 20, 'risingPnt': np.int64(26410), 'fallingPnt': np.int64(26595), 'widthPnts': np.int64(185), 'widthMs': np.float64(1.85)}, {'halfHeight': 50, 'risingPnt': np.int64(26427), 'fallingPnt': np.int64(26543), 'widthPnts': np.int64(116), 'widthMs': np.float64(1.16)}, {'halfHeight': 80, 'risingPnt': np.int64(26437), 'fallingPnt': np.int64(26499), 'widthPnts': np.int64(62), 'widthMs': np.float64(0.62)}, {'halfHeight': 90, 'risingPnt': np.int64(26441), 'fallingPnt': np.int64(26482), 'widthPnts': np.int64(41), 'widthMs': np.float64(0.41)}]",2.13,1.85,1.16,0.62,0.41,0.8299999999999974,yes,,,,,,,unknown,,,,
349,349,dvdt,14,2,12.0,3,0,[],20260908,16:38:08,,,20230324a,20230324a,stochastic-hh.sanpy,,20.0,-40.0,0,"[10, 20, 50, 80, 90]",27634,0.27634,-44.14573586910747,19.64016947532446,,27720,0.2772,43.268577344432494,87.41431321353997,0.8600000000000274,27982,0.27982,-69.41737207554638,27618.0,-46.524944747198056,27620,27626,0.06,-46.252369529558436,-45.49321635033079,12433.261810488699,,27699,18.44633420108699,261.94774059478436,27761,23.61140478209579,-74.9734967280973,1262.0,12.62,79.2393026941363,1298.0,12.98,0.16,"[{'halfHeight': 10, 'risingPnt': np.int64(27663), 'fallingPnt': np.int64(27883), 'widthPnts': np.int64(220), 'widthMs': np.float64(2.2)}, {'halfHeight': 20, 'risingPnt': np.int64(27676), 'fallingPnt': np.int64(27864), 'widthPnts': np.int64(188), 'widthMs': np.float64(1.88)}, {'halfHeight': 50, 'risingPnt': np.int64(27692), 'fallingPnt': np.int64(27805), 'widthPnts': np.int64(113), 'widthMs': np.float64(1.13)}, {'halfHeight': 80, 'risingPnt': np.int64(27702), 'fallingPnt': np.int64(27758), 'widthPnts': np.int64(56), 'widthMs': np.float64(0.56)}, {'halfHeight': 90, 'risingPnt': np.int64(27707), 'fallingPnt': np.int64(27743), 'widthPnts': np.int64(36), 'widthMs': np.float64(0.36)}]",2.2,1.88,1.13,0.56,0.36,0.8600000000000274,yes,,,,,,,unknown,,,,
350,350,dvdt,14,2,12.0,4,0,[],20260908,16:38:08,,,20230324a,20230324a,stochastic-hh.sanpy,,20.0,-40.0,0,"[10, 20, 50, 80, 90]",28877,0.28876999999999997,-44.43214398763033,19.38342271418631,,28959,0.28958999999999996,44.024737873383756,88.4568818610141,0.8199999999999874,29224,0.29224,-69.41953965357709,28864.0,-46.524944747198056,28865,28870,0.05,-46.371167739629,-45.64691772002476,14323.726723604988,,28938,16.75671509328324,283.97599516732316,28993,31.508449703596952,-70.03964098608054,1243.0,12.43,80.45052292839904,1246.0,12.46,0.13,"[{'halfHeight': 10, 'risingPnt': np.int64(28904), 'fallingPnt': np.int64(29123), 'widthPnts': np.int64(219), 'widthMs': np.float64(2.19)}, {'halfHeight': 20, 'risingPnt': np.int64(28916), 'fallingPnt': np.int64(29106), 'widthPnts': np.int64(190), 'widthMs': np.float64(1.9)}, {'halfHeight': 50, 'risingPnt': np.int64(28932), 'fallingPnt': np.int64(29052), 'widthPnts': np.int64(120), 'widthMs': np.float64(1.2)}, {'halfHeight': 80, 'risingPnt': np.int64(28942), 'fallingPnt': np.int64(29002), 'widthPnts': np.int64(60), 'widthMs': np.float64(0.6)}, {'halfHeight': 90, 'risingPnt': np.int64(28946), 'fallingPnt': np.int64(28987), 'widthPnts': np.int64(41), 'widthMs': np.float64(0.41)}]",2.19,1.9,1.2,0.6,0.41,0.8199999999999874,yes,,,,,,,unknown,,,,
351,351,dvdt,14,2,12.0,5,0,[],20260908,16:38:08,,,20230324a,20230324a,stochastic-hh.sanpy,,20.0,-40.0,0,"[10, 20, 50, 80, 90]",30087,0.30087,-43.07651943358299,19.833820532327707,,30172,0.30172000000000004,39.323917298322385,82.40043673190537,0.8500000000000174,30433,0.30433,-69.47970209843542,30062.0,-46.524944747198056,30064,30074,0.1,-46.28442786004572,-45.125802646974805,11286.57663571268,,30149,12.599291554972321,240.75876914783413,30370,-55.31372433023567,-64.0960118900663,1210.0,12.1,82.64462809917356,1198.0,11.98,0.25,"[{'halfHeight': 10, 'risingPnt': np.int64(30113), 'fallingPnt': np.int64(30333), 'widthPnts': np.int64(220), 'widthMs': np.float64(2.2)}, {'halfHeight': 20, 'risingPnt': np.int64(30126), 'fallingPnt': np.int64(30314), 'widthPnts': np.int64(188), 'widthMs': np.float64(1.88)}, {'halfHeight': 50, 'risingPnt': np.int64(30143), 'fallingPnt': np.int64(30259), 'widthPnts': np.int64(116), 'widthMs': np.float64(1.16)}, {'halfHeight': 80, 'risingPnt': np.int64(30154), 'fallingPnt': np.int64(30212), 'widthPnts': np.int64(58), 'widthMs': np.float64(0.58)}, {'halfHeight': 90, 'risingPnt': np.int64(30158), 'fallingPnt': np.int64(30196), 'widthPnts': np.int64(38), 'widthMs': np.float64(0.38)}]",2.2,1.88,1.16,0.58,0.38,0.8500000000000174,yes,,,,,,,unknown,,,,
352,352,dvdt,14,2,12.0,6,0,[],20260908,16:38:08,,,20230324a,20230324a,stochastic-hh.sanpy,,20.0,-40.0,0,"[10, 20, 50, 80, 90]",31391,0.31391,-42.965572279888704,19.1754861303929,,31471,0.31471,42.31748399595903,85.28305627584774,0.7999999999999674,31733,0.31733,-69.63346546390531,31368.0,-46.524944747198056,31370,31380,0.1,-46.20703985402564,-44.84563275417424,13513.363310940405,,31449,10.800949475685195,268.2114525567543,31670,-54.3974241749485,-66.32302993211717,1304.0,13.04,76.68711656441718,1306.0,13.06,0.23,"[{'halfHeight': 10, 'risingPnt': np.int64(31417), 'fallingPnt': np.int64(31635), 'widthPnts': np.int64(218), 'widthMs': np.float64(2.18)}, {'halfHeight': 20, 'risingPnt': np.int64(31429), 'fallingPnt': np.int64(31615), 'widthPnts': np.int64(186), 'widthMs': np.float64(1.86)}, {'halfHeight': 50, 'risingPnt': np.int64(31445), 'fallingPnt': np.int64(31560), 'widthPnts': np.int64(115), 'widthMs': np.float64(1.15)}, {'halfHeight': 80, 'risingPnt': np.int64(31455), 'fallingPnt': np.int64(31509), 'widthPnts': np.int64(54), 'widthMs': np.float64(0.54)}, {'halfHeight': 90, 'risingPnt': np.int64(31459), 'fallingPnt': np.int64(31494), 'widthPnts': np.int64(35), 'widthMs': np.float64(0.35)}]",2.18,1.86,1.15,0.54,0.35,0.7999999999999674,yes,,,,,,,unknown,,,,
353,353,dvdt,14,2,12.0,7,0,[],20260908,16:38:08,,,20230324a,20230324a,stochastic-hh.sanpy,,20.0,-40.0,0,"[10, 20, 50, 80, 90]",32521,0.32521,-42.92539342364148,19.902911320937072,,32602,0.32602,41.015934795815454,83.94132821945693,0.8099999999999774,32861,0.32861,-69.54757462727363,32499.0,-46.524944747198056,32501,32510,0.09,-46.22970878874537,-44.854426822022766,15280.949384938243,,32579,9.904948955886823,246.0808988553981,32676,5.686190501965482,-67.10080052885252,1130.0,11.3,88.49557522123894,1131.0,11.31,0.22,"[{'halfHeight': 10, 'risingPnt': np.int64(32545), 'fallingPnt': np.int64(32762), 'widthPnts': np.int64(217), 'widthMs': np.float64(2.17)}, {'halfHeight': 20, 'risingPnt': np.int64(32558), 'fallingPnt': np.int64(32744), 'widthPnts': np.int64(186), 'widthMs': np.float64(1.86)}, {'halfHeight': 50, 'risingPnt': np.int64(32575), 'fallingPnt': np.int64(32689), 'widthPnts': np.int64(114), 'widthMs': np.float64(1.14)}, {'halfHeight': 80, 'risingPnt': np.int64(32586), 'fallingPnt': np.int64(32641), 'widthPnts': np.int64(55), 'widthMs': np.float64(0.55)}, {'halfHeight': 90, 'risingPnt': np.int64(32590), 'fallingPnt': np.int64(32626), 'widthPnts': np.int64(36), 'widthMs': np.float64(0.36)}]",2.17,1.86,1.14,0.55,0.36,0.8099999999999774,yes,,,,,,,unknown,,,,
354,354,dvdt,14,2,12.0,8,0,[],20260908,16:38:08,,,20230324a,20230324a,stochastic-hh.sanpy,,20.0,-40.0,0,"[10, 20, 50, 80, 90]",33688,0.33688,-44.386872998409245,19.48355505435841,,33771,0.33770999999999995,43.6093286768277,87.99620167523695,0.8299999999999419,34036,0.34036,-69.48390402233028,33676.0,-46.524944747198056,33677,33682,0.05,-46.3122008326394,-45.48957493548165,16354.093253028192,,33751,16.699407449823823,268.5073216324598,33966,-51.55079562599955,-63.98852720752256,1167.0,11.67,85.6898029134533,1177.0,11.77,0.12,"[{'halfHeight': 10, 'risingPnt': np.int64(33715), 'fallingPnt': np.int64(33938), 'widthPnts': np.int64(223), 'widthMs': np.float64(2.23)}, {'halfHeight': 20, 'risingPnt': np.int64(33728), 'fallingPnt': np.int64(33920), 'widthPnts': np.int64(192), 'widthMs': np.float64(1.92)}, {'halfHeight': 50, 'risingPnt': np.int64(33745), 'fallingPnt': np.int64(33863), 'widthPnts': np.int64(118), 'widthMs': np.float64(1.18)}, {'halfHeight': 80, 'risingPnt': np.int64(33755), 'fallingPnt': np.int64(33815), 'widthPnts': np.int64(60), 'widthMs': np.float64(0.6)}, {'halfHeight': 90, 'risingPnt': np.int64(33759), 'fallingPnt': np.int64(33797), 'widthPnts': np.int64(38), 'widthMs': np.float64(0.38)}]",2.23,1.92,1.18,0.6,0.38,0.8299999999999419,yes,,,,,,,unknown,,,,
355,355,dvdt,14,2,12.0,9,0,[],20260908,16:38:08,,,20230324a,20230324a,stochastic-hh.sanpy,,20.0,-40.0,0,"[10, 20, 50, 80, 90]",34878,0.34878,-42.58182639103184,19.5707164774773,,34955,0.34955,41.88443172526214,84.46625811629397,0.7700000000000484,35209,0.35208999999999996,-69.68041633471073,34854.0,-46.524944747198056,34856,34866,0.1,-46.23138176365518,-44.707723835095216,15174.00012934685,,34933,8.928461775371169,263.54980330855324,35145,-51.889483436314,-71.55815163564786,1190.0,11.9,84.03361344537815,1178.0,11.78,0.24,"[{'halfHeight': 10, 'risingPnt': np.int64(34902), 'fallingPnt': np.int64(35115), 'widthPnts': np.int64(213), 'widthMs': np.float64(2.13)}, {'halfHeight': 20, 'risingPnt': np.int64(34913), 'fallingPnt': np.int64(35098), 'widthPnts': np.int64(185), 'widthMs': np.float64(1.85)}, {'halfHeight': 50, 'risingPnt': np.int64(34930), 'fallingPnt': np.int64(35046), 'widthPnts': np.int64(116), 'widthMs': np.float64(1.16)}, {'halfHeight': 80, 'risingPnt': np.int64(34940), 'fallingPnt': np.int64(34998), 'widthPnts': np.int64(58), 'widthMs': np.float64(0.58)}, {'halfHeight': 90, 'risingPnt': np.int64(34944), 'fallingPnt': np.int64(34984), 'widthPnts': np.int64(40), 'widthMs': np.float64(0.4)}]",2.13,1.85,1.16,0.58,0.4,0.7700000000000484,yes,,,,,,,unknown,,,,
356,356,dvdt,14,2,12.0,10,0,[],20260908,16:38:08,,,20230324a,20230324a,stochastic-hh.sanpy,,20.0,-40.0,0,"[10, 20, 50, 80, 90]",36132,0.36132,-42.75872197202539,19.321980938407098,,36211,0.36211,41.94350765542781,84.70222962745319,0.7900000000000129,36479,0.36479,-69.67860411333018,36107.0,-46.524944747198056,36109,36119,0.1,-46.245393574153454,-44.98669821030268,12345.40789253135,,36190,11.874200668229278,258.2926556696889,36296,2.4978063022527883,-68.6007682143573,1254.0,12.54,79.74481658692186,1253.0,12.53,0.25,"[{'halfHeight': 10, 'risingPnt': np.int64(36157), 'fallingPnt': np.int64(36377), 'widthPnts': np.int64(220), 'widthMs': np.float64(2.2)}, {'halfHeight': 20, 'risingPnt': np.int64(36170), 'fallingPnt': np.int64(36356), 'widthPnts': np.int64(186), 'widthMs': np.float64(1.86)}, {'halfHeight': 50, 'risingPnt': np.int64(36186), 'fallingPnt': np.int64(36301), 'widthPnts': np.int64(115), 'widthMs': np.float64(1.15)}, {'halfHeight': 80, 'risingPnt': np.int64(36195), 'fallingPnt': np.int64(36254), 'widthPnts': np.int64(59), 'widthMs': np.float64(0.59)}, {'halfHeight': 90, 'risingPnt': np.int64(36200), 'fallingPnt': np.int64(36239), 'widthPnts': np.int64(39), 'widthMs': np.float64(0.39)}]",2.2,1.86,1.15,0.59,0.39,0.7900000000000129,yes,,,,,,,unknown,,,,
357,357,dvdt,14,2,12.0,11,0,[],20260908,16:38:08,,,20230324a,20230324a,stochastic-hh.sanpy,,20.0,-40.0,0,"[10, 20, 50, 80, 90]",37542,0.37542000000000003,-43.484012718480855,19.887111754549146,,37624,0.37624,39.75171055705567,83.23572327553651,0.8199999999999874,37877,0.37877,-69.69067158925255,37523.0,-46.524944747198056,37525,37533,0.08,-46.13360737945044,-45.042861408079055,13521.441821004728,,37603,13.43312405731333,249.30855541124245,37684,13.154727795761564,-72.2991530581477,1410.0,14.1,70.92198581560284,1416.0,14.16,0.19,"[{'halfHeight': 10, 'risingPnt': np.int64(37568), 'fallingPnt': np.int64(37784), 'widthPnts': np.int64(216), 'widthMs': np.float64(2.16)}, {'halfHeight': 20, 'risingPnt': np.int64(37580), 'fallingPnt': np.int64(37762), 'widthPnts': np.int64(182), 'widthMs': np.float64(1.82)}, {'halfHeight': 50, 'risingPnt': np.int64(37597), 'fallingPnt': np.int64(37710), 'widthPnts': np.int64(113), 'widthMs': np.float64(1.13)}, {'halfHeight': 80, 'risingPnt': np.int64(37608), 'fallingPnt': np.int64(37665), 'widthPnts': np.int64(57), 'widthMs': np.float64(0.57)}, {'halfHeight': 90, 'risingPnt': np.int64(37612), 'fallingPnt': np.int64(37650), 'widthPnts': np.int64(38), 'widthMs': np.float64(0.38)}]",2.16,1.82,1.13,0.57,0.38,0.8199999999999874,yes,,,,,,,unknown,,,,
358,358,dvdt,14,2,12.0,12,0,[],20260908,16:38:08,,,20230324a,20230324a,stochastic-hh.sanpy,,20.0,-40.0,0,"[10, 20, 50, 80, 90]",38699,0.38699,-43.61695972627101,19.474105752458815,,38781,0.38781,44.44211928599928,88.0590790122703,0.8199999999999874,39059,0.39059,-69.33601407261311,38681.0,-46.524944747198056,38683,38690,0.07,-46.2345139162984,-45.183599470256844,14971.277488591551,,38761,20.194671095576016,276.0817562254143,38890,-7.171188284186204,-65.5189934330002,1157.0,11.57,86.4304235090752,1158.0,11.58,0.18,"[{'halfHeight': 10, 'risingPnt': np.int64(38726), 'fallingPnt': np.int64(38953), 'widthPnts': np.int64(227), 'widthMs': np.float64(2.27)}, {'halfHeight': 20, 'risingPnt': np.int64(38738), 'fallingPnt': np.int64(38932), 'widthPnts': np.int64(194), 'widthMs': np.float64(1.94)}, {'halfHeight': 50, 'risingPnt': np.int64(38754), 'fallingPnt': np.int64(38876), 'widthPnts': np.int64(122), 'widthMs': np.float64(1.22)}, {'halfHeight': 80, 'risingPnt': np.int64(38764), 'fallingPnt': np.int64(38822), 'widthPnts': np.int64(58), 'widthMs': np.float64(0.58)}, {'halfHeight': 90, 'risingPnt': np.int64(38768), 'fallingPnt': np.int64(38806), 'widthPnts': np.int64(38), 'widthMs': np.float64(0.38)}]",2.27,1.94,1.22,0.58,0.38,0.8199999999999874,yes,,,,,,,unknown,,,,
359,359,dvdt,14,2,12.0,13,0,[],20260908,16:38:08,,,20230324a,20230324a,stochastic-hh.sanpy,,20.0,-40.0,0,"[10, 20, 50, 80, 90]",39903,0.39903,-43.500253399833696,19.535239920671156,,39980,0.3998,44.038397954205166,87.53865135403886,0.7699999999999929,40251,0.40251,-69.31494968486751,39886.0,-46.524944747198056,39888,39894,0.06,-46.13697149053099,-45.130774973819484,16701.51447632214,,39962,18.11633359635724,269.7177951509617,40166,-42.865235942453616,-62.94295295538615,1204.0,12.04,83.05647840531563,1205.0,12.05,0.17,"[{'halfHeight': 10, 'risingPnt': np.int64(39928), 'fallingPnt': np.int64(40153), 'widthPnts': np.int64(225), 'widthMs': np.float64(2.25)}, {'halfHeight': 20, 'risingPnt': np.int64(39940), 'fallingPnt': np.int64(40134), 'widthPnts': np.int64(194), 'widthMs': np.float64(1.94)}, {'halfHeight': 50, 'risingPnt': np.int64(39956), 'fallingPnt': np.int64(40077), 'widthPnts': np.int64(121), 'widthMs': np.float64(1.21)}, {'halfHeight': 80, 'risingPnt': np.int64(39966), 'fallingPnt': np.int64(40026), 'widthPnts': np.int64(60), 'widthMs': np.float64(0.6)}, {'halfHeight': 90, 'risingPnt': np.int64(39970), 'fallingPnt': np.int64(40008), 'widthPnts': np.int64(38), 'widthMs': np.float64(0.38)}]",2.25,1.94,1.21,0.6,0.38,0.7699999999999929,yes,,,,,,,unknown,,,,
360,360,dvdt,14,2,12.0,14,0,[],20260908,16:38:08,,,20230324a,20230324a,stochastic-hh.sanpy,,20.0,-40.0,0,"[10, 20, 50, 80, 90]",41171,0.41170999999999996,-43.35543716783892,19.10525764857524,,41248,0.41248,39.906283942510136,83.26172111034906,0.7700000000000484,41512,0.41512,-69.51712198939718,41152.0,-46.524944747198056,41154,41162,0.08,-46.19620284612293,-45.02600247119346,14418.168653036897,,41228,15.648575483752758,250.1821597204418,41445,-53.30675911510501,-64.07768103638888,1268.0,12.68,78.86435331230284,1266.0,12.66,0.19,"[{'halfHeight': 10, 'risingPnt': np.int64(41195), 'fallingPnt': np.int64(41413), 'widthPnts': np.int64(218), 'widthMs': np.float64(2.18)}, {'halfHeight': 20, 'risingPnt': np.int64(41206), 'fallingPnt': np.int64(41395), 'widthPnts': np.int64(189), 'widthMs': np.float64(1.89)}, {'halfHeight': 50, 'risingPnt': np.int64(41221), 'fallingPnt': np.int64(41340), 'widthPnts': np.int64(119), 'widthMs': np.float64(1.19)}, {'halfHeight': 80, 'risingPnt': np.int64(41232), 'fallingPnt': np.int64(41292), 'widthPnts': np.int64(60), 'widthMs': np.float64(0.6)}, {'halfHeight': 90, 'risingPnt': np.int64(41236), 'fallingPnt': np.int64(41273), 'widthPnts': np.int64(37), 'widthMs': np.float64(0.37)}]",2.18,1.89,1.19,0.6,0.37,0.7700000000000484,yes,,,,,,,unknown,,,,
361,361,dvdt,14,2,12.0,15,0,[],20260908,16:38:08,,,20230324a,20230324a,stochastic-hh.sanpy,,20.0,-40.0,0,"[10, 20, 50, 80, 90]",42375,0.42375,-43.16951926026837,19.582529586085432,,42453,0.42452999999999996,42.886885927678264,86.05640518794664,0.7799999999999474,42736,0.42736,-69.26838173365331,42354.0,-46.524944747198056,42356,42364,0.08,-46.20239411121354,-45.06167263030146,13903.376208253223,,42431,13.484729893072338,260.2217456203263,42518,13.771378371571112,-62.069147673301174,1204.0,12.04,83.05647840531563,1202.0,12.02,0.21,"[{'halfHeight': 10, 'risingPnt': np.int64(42399), 'fallingPnt': np.int64(42634), 'widthPnts': np.int64(235), 'widthMs': np.float64(2.35)}, {'halfHeight': 20, 'risingPnt': np.int64(42410), 'fallingPnt': np.int64(42613), 'widthPnts': np.int64(203), 'widthMs': np.float64(2.03)}, {'halfHeight': 50, 'risingPnt': np.int64(42426), 'fallingPnt': np.int64(42552), 'widthPnts': np.int64(126), 'widthMs': np.float64(1.26)}, {'halfHeight': 80, 'risingPnt': np.int64(42436), 'fallingPnt': np.int64(42495), 'widthPnts': np.int64(59), 'widthMs': np.float64(0.59)}, {'halfHeight': 90, 'risingPnt': np.int64(42440), 'fallingPnt': np.int64(42478), 'widthPnts': np.int64(38), 'widthMs': np.float64(0.38)}]",2.35,2.03,1.26,0.59,0.38,0.7799999999999474,yes,,,,,,,unknown,,,,
362,362,dvdt,14,2,12.0,16,0,[],20260908,16:38:08,,,20230324a,20230324a,stochastic-hh.sanpy,,20.0,-40.0,0,"[10, 20, 50, 80, 90]",43751,0.43751,-43.81366422564232,19.834758206210577,,43833,0.43833,42.43240532102278,86.2460695466651,0.8199999999999874,44119,0.44118999999999997,-69.4213969576678,43733.0,-46.524944747198056,43735,43742,0.07,-46.28747836707699,-45.37568496046164,12918.596643548783,,43811,14.808935047469676,277.28987142203323,43903,11.542060522859039,-64.81347980649348,1376.0,13.76,72.67441860465117,1379.0,13.79,0.18,"[{'halfHeight': 10, 'risingPnt': np.int64(43777), 'fallingPnt': np.int64(44008), 'widthPnts': np.int64(231), 'widthMs': np.float64(2.31)}, {'halfHeight': 20, 'risingPnt': np.int64(43789), 'fallingPnt': np.int64(43989), 'widthPnts': np.int64(200), 'widthMs': np.float64(2.0)}, {'halfHeight': 50, 'risingPnt': np.int64(43805), 'fallingPnt': np.int64(43929), 'widthPnts': np.int64(124), 'widthMs': np.float64(1.24)}, {'halfHeight': 80, 'risingPnt': np.int64(43815), 'fallingPnt': np.int64(43878), 'widthPnts': np.int64(63), 'widthMs': np.float64(0.63)}, {'halfHeight': 90, 'risingPnt': np.int64(43819), 'fallingPnt': np.int64(43861), 'widthPnts': np.int64(42), 'widthMs': np.float64(0.42)}]",2.31,2.0,1.24,0.63,0.42,0.8199999999999874,yes,,,,,,,unknown,,,,
363,363,dvdt,14,2,12.0,17,0,[],20260908,16:38:08,,,20230324a,20230324a,stochastic-hh.sanpy,,20.0,-40.0,0,"[10, 20, 50, 80, 90]",45065,0.45065,-43.26913771483178,19.350898920552563,,45145,0.45144999999999996,40.24879036942614,83.51792808425792,0.7999999999999674,45405,0.45405,-69.49733711501588,45043.0,-46.524944747198056,45045,45054,0.09,-46.31087703711138,-45.14060990133089,12930.280634142127,,45124,8.992551610623213,243.94433723085007,45334,-51.20810413972101,-67.8765646992797,1314.0,13.14,76.10350076103501,1310.0,13.1,0.22,"[{'halfHeight': 10, 'risingPnt': np.int64(45091), 'fallingPnt': np.int64(45306), 'widthPnts': np.int64(215), 'widthMs': np.float64(2.15)}, {'halfHeight': 20, 'risingPnt': np.int64(45103), 'fallingPnt': np.int64(45287), 'widthPnts': np.int64(184), 'widthMs': np.float64(1.84)}, {'halfHeight': 50, 'risingPnt': np.int64(45120), 'fallingPnt': np.int64(45234), 'widthPnts': np.int64(114), 'widthMs': np.float64(1.14)}, {'halfHeight': 80, 'risingPnt': np.int64(45131), 'fallingPnt': np.int64(45189), 'widthPnts': np.int64(58), 'widthMs': np.float64(0.58)}, {'halfHeight': 90, 'risingPnt': np.int64(45135), 'fallingPnt': np.int64(45174), 'widthPnts': np.int64(39), 'widthMs': np.float64(0.39)}]",2.15,1.84,1.14,0.58,0.39,0.7999999999999674,yes,,,,,,,unknown,,,,
364,364,dvdt,14,2,12.0,18,0,[],20260908,16:38:08,,,20230324a,20230324a,stochastic-hh.sanpy,,20.0,-40.0,0,"[10, 20, 50, 80, 90]",46374,0.46374,-43.36827856258397,19.92209005441535,,46456,0.46456000000000003,40.27972327781059,83.64800184039456,0.8200000000000429,46720,0.4672,-69.50291941211036,46352.0,-46.524944747198056,46354,46363,0.09,-46.3200821569822,-45.257278284968066,11393.047755910875,,46436,14.868977363594,254.43317060771574,46523,9.225212273023311,-66.37241372955239,1309.0,13.09,76.39419404125287,1309.0,13.09,0.22,"[{'halfHeight': 10, 'risingPnt': np.int64(46400), 'fallingPnt': np.int64(46616), 'widthPnts': np.int64(216), 'widthMs': np.float64(2.16)}, {'halfHeight': 20, 'risingPnt': np.int64(46413), 'fallingPnt': np.int64(46598), 'widthPnts': np.int64(185), 'widthMs': np.float64(1.85)}, {'halfHeight': 50, 'risingPnt': np.int64(46430), 'fallingPnt': np.int64(46543), 'widthPnts': np.int64(113), 'widthMs': np.float64(1.13)}, {'halfHeight': 80, 'risingPnt': np.int64(46440), 'fallingPnt': np.int64(46497), 'widthPnts': np.int64(57), 'widthMs': np.float64(0.57)}, {'halfHeight': 90, 'risingPnt': np.int64(46444), 'fallingPnt': np.int64(46482), 'widthPnts': np.int64(38), 'widthMs': np.float64(0.38)}]",2.16,1.85,1.13,0.57,0.38,0.8200000000000429,yes,,,,,,,unknown,,,,
365,365,dvdt,14,2,12.0,19,0,[],20260908,16:38:08,,,20230324a,20230324a,stochastic-hh.sanpy,,20.0,-40.0,0,"[10, 20, 50, 80, 90]",47611,0.47611000000000003,-43.874919397209716,19.480266790123995,,47693,0.47693,42.50561569909171,86.38053509630143,0.8199999999999874,47950,0.4795,-69.65477174358675,47592.0,-46.524944747198056,47594,47602,0.08,-46.246142163732785,-45.29811410473437,11706.376225003693,,47673,17.228140271057622,260.83349524909926,47887,-53.18094247988165,-68.4483619955485,1237.0,12.37,80.84074373484236,1240.0,12.4,0.19,"[{'halfHeight': 10, 'risingPnt': np.int64(47637), 'fallingPnt': np.int64(47857), 'widthPnts': np.int64(220), 'widthMs': np.float64(2.2)}, {'halfHeight': 20, 'risingPnt': np.int64(47649), 'fallingPnt': np.int64(47837), 'widthPnts': np.int64(188), 'widthMs': np.float64(1.88)}, {'halfHeight': 50, 'risingPnt': np.int64(47666), 'fallingPnt': np.int64(47784), 'widthPnts': np.int64(118), 'widthMs': np.float64(1.18)}, {'halfHeight': 80, 'risingPnt': np.int64(47677), 'fallingPnt': np.int64(47733), 'widthPnts': np.int64(56), 'widthMs': np.float64(0.56)}, {'halfHeight': 90, 'risingPnt': np.int64(47681), 'fallingPnt': np.int64(47718), 'widthPnts': np.int64(37), 'widthMs': np.float64(0.37)}]",2.2,1.88,1.18,0.56,0.37,0.8199999999999874,yes,,,,,,,unknown,,,,
366,366,dvdt,14,2,12.0,20,0,[],20260908,16:38:08,,,20230324a,20230324a,stochastic-hh.sanpy,,20.0,-40.0,0,"[10, 20, 50, 80, 90]",48820,0.48819999999999997,-43.37007494235224,19.38065775340402,,48898,0.48898,42.57481762769528,85.94489257004753,0.7800000000000584,49167,0.49167,-69.49737616187127,48801.0,-46.524944747198056,48803,48811,0.08,-46.11079145521574,-44.90298593162622,14972.331436475273,,48878,14.844989293284716,273.3877334103464,48949,21.76241765416756,-67.68766385787663,1209.0,12.09,82.71298593879239,1209.0,12.09,0.19,"[{'halfHeight': 10, 'risingPnt': np.int64(48845), 'fallingPnt': np.int64(49065), 'widthPnts': np.int64(220), 'widthMs': np.float64(2.2)}, {'halfHeight': 20, 'risingPnt': np.int64(48857), 'fallingPnt': np.int64(49046), 'widthPnts': np.int64(189), 'widthMs': np.float64(1.89)}, {'halfHeight': 50, 'risingPnt': np.int64(48873), 'fallingPnt': np.int64(48989), 'widthPnts': np.int64(116), 'widthMs': np.float64(1.16)}, {'halfHeight': 80, 'risingPnt': np.int64(48882), 'fallingPnt': np.int64(48944), 'widthPnts': np.int64(62), 'widthMs': np.float64(0.62)}, {'halfHeight': 90, 'risingPnt': np.int64(48887), 'fallingPnt': np.int64(48925), 'widthPnts': np.int64(38), 'widthMs': np.float64(0.38)}]",2.2,1.89,1.16,0.62,0.38,0.7800000000000584,yes,,,,,,,unknown,,,,
367,367,dvdt,14,2,12.0,21,0,[],20260908,16:38:08,,,20230324a,20230324a,stochastic-hh.sanpy,,20.0,-40.0,0,"[10, 20, 50, 80, 90]",50161,0.50161,-42.153572105879476,19.800468847340582,,50237,0.50237,41.28796794604004,83.44154005191952,0.7599999999999829,50493,0.50493,-69.86043714416981,50128.0,-46.524944747198056,50131,50144,0.13,-46.206978047906034,-44.87568264366622,9947.800519153858,,50216,13.096194753515801,257.4926638657251,50341,-8.279192013888416,-67.17638376311483,1341.0,13.41,74.57121551081282,1327.0,13.27,0.33,"[{'halfHeight': 10, 'risingPnt': np.int64(50184), 'fallingPnt': np.int64(50395), 'widthPnts': np.int64(211), 'widthMs': np.float64(2.11)}, {'halfHeight': 20, 'risingPnt': np.int64(50195), 'fallingPnt': np.int64(50377), 'widthPnts': np.int64(182), 'widthMs': np.float64(1.82)}, {'halfHeight': 50, 'risingPnt': np.int64(50211), 'fallingPnt': np.int64(50328), 'widthPnts': np.int64(117), 'widthMs': np.float64(1.17)}, {'halfHeight': 80, 'risingPnt': np.int64(50221), 'fallingPnt': np.int64(50278), 'widthPnts': np.int64(57), 'widthMs': np.float64(0.57)}, {'halfHeight': 90, 'risingPnt': np.int64(50225), 'fallingPnt': np.int64(50262), 'widthPnts': np.int64(37), 'widthMs': np.float64(0.37)}]",2.11,1.82,1.17,0.57,0.37,0.7599999999999829,yes,,,,,,,unknown,,,,
368,368,dvdt,14,2,12.0,22,0,[],20260908,16:38:08,,,20230324a,20230324a,stochastic-hh.sanpy,,20.0,-40.0,0,"[10, 20, 50, 80, 90]",51353,0.5135299999999999,-42.907286726569055,19.809060671094027,,51430,0.5143,45.35049416269492,88.25778088926398,0.7700000000000484,51696,0.5169600000000001,-69.52791698926765,51345.0,-44.41101294848478,51346,51349,0.03,-44.15561834591739,-43.65739580357026,16250.668109606768,,51408,14.153709966378551,285.9533780064555,51492,15.291913683438983,-68.37415129210999,1192.0,11.92,83.89261744966443,1217.0,12.17,0.08,"[{'halfHeight': 10, 'risingPnt': np.int64(51377), 'fallingPnt': np.int64(51591), 'widthPnts': np.int64(214), 'widthMs': np.float64(2.14)}, {'halfHeight': 20, 'risingPnt': np.int64(51388), 'fallingPnt': np.int64(51570), 'widthPnts': np.int64(182), 'widthMs': np.float64(1.82)}, {'halfHeight': 50, 'risingPnt': np.int64(51404), 'fallingPnt': np.int64(51518), 'widthPnts': np.int64(114), 'widthMs': np.float64(1.14)}, {'halfHeight': 80, 'risingPnt': np.int64(51413), 'fallingPnt': np.int64(51471), 'widthPnts': np.int64(58), 'widthMs': np.float64(0.58)}, {'halfHeight': 90, 'risingPnt': np.int64(51418), 'fallingPnt': np.int64(51453), 'widthPnts': np.int64(35), 'widthMs': np.float64(0.35)}]",2.14,1.82,1.14,0.58,0.35,0.7700000000000484,yes,,,,,,,unknown,,,,
369,369,dvdt,14,2,12.0,23,0,"[{'Spike': 23, 'Seconds': np.float64(0.5262), 'Sweep': 14, 'Epoch': 2, 'Type': 'Fit EDD', 'Details': 'Early diastolic duration rate fit - preMinPnt == spikePnt'}]",20260908,16:38:08,,,20230324a,20230324a,stochastic-hh.sanpy,,20.0,-40.0,0,"[10, 20, 50, 80, 90]",52615,0.52615,-44.24359354885376,19.09352845240411,,52698,0.52698,42.36959804335788,86.61319159221165,0.8299999999999974,52956,0.5295599999999999,-69.5125274845365,52615.0,-44.41101294848478,52615,52615,0.0,-44.24359354885376,-44.24359354885376,,,52677,15.650639663505798,261.293715895142,52897,-55.5352624969541,-67.92339117072187,1262.0,12.62,79.2393026941363,1270.0,12.7,0.0,"[{'halfHeight': 10, 'risingPnt': np.int64(52642), 'fallingPnt': np.int64(52863), 'widthPnts': np.int64(221), 'widthMs': np.float64(2.21)}, {'halfHeight': 20, 'risingPnt': np.int64(52654), 'fallingPnt': np.int64(52845), 'widthPnts': np.int64(191), 'widthMs': np.float64(1.91)}, {'halfHeight': 50, 'risingPnt': np.int64(52671), 'fallingPnt': np.int64(52793), 'widthPnts': np.int64(122), 'widthMs': np.float64(1.22)}, {'halfHeight': 80, 'risingPnt': np.int64(52681), 'fallingPnt': np.int64(52742), 'widthPnts': np.int64(61), 'widthMs': np.float64(0.61)}, {'halfHeight': 90, 'risingPnt': np.int64(52685), 'fallingPnt': np.int64(52728), 'widthPnts': np.int64(43), 'widthMs': np.float64(0.43)}]",2.21,1.91,1.22,0.61,0.43,0.8299999999999974,yes,,,,,,,unknown,,,,
370,370,dvdt,14,2,12.0,24,0,[],20260908,16:38:08,,,20230324a,20230324a,stochastic-hh.sanpy,,20.0,-40.0,0,"[10, 20, 50, 80, 90]",53805,0.5380499999999999,-43.35491716021663,19.492642086162817,,53886,0.53886,42.33811079225747,85.6930279524741,0.8100000000000884,54154,0.5415399999999999,-69.45203973008013,53800.0,-44.41101294848478,53800,53802,0.02,-44.28934539533324,-43.92032875317375,18308.977423279386,,53865,13.453434702434357,260.425717568157,53921,28.119710413206676,-69.69360706529149,1190.0,11.9,84.03361344537815,1185.0,11.85,0.05,"[{'halfHeight': 10, 'risingPnt': np.int64(53832), 'fallingPnt': np.int64(54049), 'widthPnts': np.int64(217), 'widthMs': np.float64(2.17)}, {'halfHeight': 20, 'risingPnt': np.int64(53844), 'fallingPnt': np.int64(54029), 'widthPnts': np.int64(185), 'widthMs': np.float64(1.85)}, {'halfHeight': 50, 'risingPnt': np.int64(53860), 'fallingPnt': np.int64(53976), 'widthPnts': np.int64(116), 'widthMs': np.float64(1.16)}, {'halfHeight': 80, 'risingPnt': np.int64(53870), 'fallingPnt': np.int64(53926), 'widthPnts': np.int64(56), 'widthMs': np.float64(0.56)}, {'halfHeight': 90, 'risingPnt': np.int64(53874), 'fallingPnt': np.int64(53912), 'widthPnts': np.int64(38), 'widthMs': np.float64(0.38)}]",2.17,1.85,1.16,0.56,0.38,0.8100000000000884,yes,,,,,,,unknown,,,,
371,371,dvdt,14,2,12.0,25,0,"[{'Spike': 25, 'Seconds': np.float64(0.5504), 'Sweep': 14, 'Epoch': 2, 'Type': 'Fit EDD', 'Details': 'Early diastolic duration rate fit - preMinPnt == spikePnt'}]",20260908,16:38:08,,,20230324a,20230324a,stochastic-hh.sanpy,,20.0,-40.0,0,"[10, 20, 50, 80, 90]",55038,0.55038,-44.51756396935208,19.665117074216486,,55120,0.5512,44.1517038020159,88.66926777136798,0.8200000000000429,55375,0.55375,-69.55134970413403,55038.0,-44.41101294848478,55038,55038,0.0,-44.51756396935208,-44.51756396935208,,,55102,18.70430898177518,279.0553875159094,55285,-39.10039567573163,-65.24784540403932,1233.0,12.33,81.10300081103,1238.0,12.38,0.0,"[{'halfHeight': 10, 'risingPnt': np.int64(55066), 'fallingPnt': np.int64(55280), 'widthPnts': np.int64(214), 'widthMs': np.float64(2.14)}, {'halfHeight': 20, 'risingPnt': np.int64(55079), 'fallingPnt': np.int64(55263), 'widthPnts': np.int64(184), 'widthMs': np.float64(1.84)}, {'halfHeight': 50, 'risingPnt': np.int64(55095), 'fallingPnt': np.int64(55214), 'widthPnts': np.int64(119), 'widthMs': np.float64(1.19)}, {'halfHeight': 80, 'risingPnt': np.int64(55105), 'fallingPnt': np.int64(55165), 'widthPnts': np.int64(60), 'widthMs': np.float64(0.6)}, {'halfHeight': 90, 'risingPnt': np.int64(55109), 'fallingPnt': np.int64(55146), 'widthPnts': np.int64(37), 'widthMs': np.float64(0.37)}]",2.14,1.84,1.19,0.6,0.37,0.8200000000000429,yes,,,,,,,unknown,,,,
372,372,dvdt,14,2,12.0,26,0,[],20260908,16:38:08,,,20230324a,20230324a,stochastic-hh.sanpy,,20.0,-40.0,0,"[10, 20, 50, 80, 90]",56184,0.56184,-43.756900943894635,19.886398255929947,,56264,0.56264,40.82880040050155,84.58570134439618,0.8000000000000229,56530,0.5652999999999999,-69.45436784735134,56181.0,-44.41101294848478,56181,56183,0.02,-44.333490263662256,-43.955224723932545,18704.211102857553,,56243,15.054873932524307,265.4432429041907,56462,-54.38370736739804,-64.25070884838757,1146.0,11.46,87.26003490401395,1143.0,11.43,0.03,"[{'halfHeight': 10, 'risingPnt': np.int64(56209), 'fallingPnt': np.int64(56427), 'widthPnts': np.int64(218), 'widthMs': np.float64(2.18)}, {'halfHeight': 20, 'risingPnt': np.int64(56221), 'fallingPnt': np.int64(56411), 'widthPnts': np.int64(190), 'widthMs': np.float64(1.9)}, {'halfHeight': 50, 'risingPnt': np.int64(56237), 'fallingPnt': np.int64(56355), 'widthPnts': np.int64(118), 'widthMs': np.float64(1.18)}, {'halfHeight': 80, 'risingPnt': np.int64(56247), 'fallingPnt': np.int64(56305), 'widthPnts': np.int64(58), 'widthMs': np.float64(0.58)}, {'halfHeight': 90, 'risingPnt': np.int64(56251), 'fallingPnt': np.int64(56290), 'widthPnts': np.int64(39), 'widthMs': np.float64(0.39)}]",2.18,1.9,1.18,0.58,0.39,0.8000000000000229,yes,,,,,,,unknown,,,,
373,373,dvdt,14,2,12.0,27,0,"[{'Spike': 27, 'Seconds': np.float64(0.5743), 'Sweep': 14, 'Epoch': 2, 'Type': 'Fit EDD', 'Details': 'Early diastolic duration rate fit - preMinPnt == spikePnt'}]",20260908,16:38:08,,,20230324a,20230324a,stochastic-hh.sanpy,,20.0,-40.0,0,"[10, 20, 50, 80, 90]",57432,0.57432,-44.12908433219702,19.355097828538653,,57515,0.5751499999999999,42.931755937541325,87.06084026973835,0.8299999999998864,57791,0.5779099999999999,-69.54151139594993,57431.0,-44.41101294848478,57431,57431,0.0,-44.32290261519284,-44.32290261519284,,,57491,10.48977517744459,261.9601689320597,57564,19.641729757941174,-66.70604642341242,1248.0,12.48,80.12820512820512,1250.0,12.5,0.01,"[{'halfHeight': 10, 'risingPnt': np.int64(57459), 'fallingPnt': np.int64(57689), 'widthPnts': np.int64(230), 'widthMs': np.float64(2.3)}, {'halfHeight': 20, 'risingPnt': np.int64(57471), 'fallingPnt': np.int64(57670), 'widthPnts': np.int64(199), 'widthMs': np.float64(1.99)}, {'halfHeight': 50, 'risingPnt': np.int64(57487), 'fallingPnt': np.int64(57606), 'widthPnts': np.int64(119), 'widthMs': np.float64(1.19)}, {'halfHeight': 80, 'risingPnt': np.int64(57497), 'fallingPnt': np.int64(57555), 'widthPnts': np.int64(58), 'widthMs': np.float64(0.58)}, {'halfHeight': 90, 'risingPnt': np.int64(57502), 'fallingPnt': np.int64(57539), 'widthPnts': np.int64(37), 'widthMs': np.float64(0.37)}]",2.3,1.99,1.19,0.58,0.37,0.8299999999998864,yes,,,,,,,unknown,,,,
374,374,dvdt,14,2,12.0,28,0,[],20260908,16:38:08,,,20230324a,20230324a,stochastic-hh.sanpy,,20.0,-40.0,0,"[10, 20, 50, 80, 90]",58757,0.58757,-43.85412904223474,19.609871441963186,,58840,0.5883999999999999,42.71004906164034,86.56417810387508,0.8299999999998864,59107,0.5910700000000001,-69.58832485532146,58754.0,-44.41101294848478,58754,58756,0.02,-44.4060696005006,-44.05077082762226,17158.76829364406,,58818,15.524824562625112,256.86921299105717,58887,22.378918581236643,-69.1633356623372,1325.0,13.25,75.47169811320755,1323.0,13.23,0.03,"[{'halfHeight': 10, 'risingPnt': np.int64(58783), 'fallingPnt': np.int64(59002), 'widthPnts': np.int64(219), 'widthMs': np.float64(2.19)}, {'halfHeight': 20, 'risingPnt': np.int64(58795), 'fallingPnt': np.int64(58983), 'widthPnts': np.int64(188), 'widthMs': np.float64(1.88)}, {'halfHeight': 50, 'risingPnt': np.int64(58812), 'fallingPnt': np.int64(58932), 'widthPnts': np.int64(120), 'widthMs': np.float64(1.2)}, {'halfHeight': 80, 'risingPnt': np.int64(58822), 'fallingPnt': np.int64(58883), 'widthPnts': np.int64(61), 'widthMs': np.float64(0.61)}, {'halfHeight': 90, 'risingPnt': np.int64(58827), 'fallingPnt': np.int64(58867), 'widthPnts': np.int64(40), 'widthMs': np.float64(0.4)}]",2.19,1.88,1.2,0.61,0.4,0.8299999999998864,yes,,,,,,,unknown,,,,
375,375,dvdt,14,2,12.0,29,0,[],20260908,16:38:08,,,20230324a,20230324a,stochastic-hh.sanpy,,20.0,-40.0,0,"[10, 20, 50, 80, 90]",60002,0.60002,-42.824657521268115,19.809817462878353,,60083,0.6008300000000001,42.98426253159304,85.80892005286115,0.8100000000000884,60362,0.60362,-69.4249521786145,59994.0,-44.41101294848478,59995,59998,0.03,-44.13088263297444,-43.57435814262023,18459.24671631825,,60061,13.608977060606442,263.8610237914,60172,0.29358072676679,-63.84599977881463,1245.0,12.45,80.32128514056225,1240.0,12.4,0.08,"[{'halfHeight': 10, 'risingPnt': np.int64(60028), 'fallingPnt': np.int64(60246), 'widthPnts': np.int64(218), 'widthMs': np.float64(2.18)}, {'halfHeight': 20, 'risingPnt': np.int64(60040), 'fallingPnt': np.int64(60226), 'widthPnts': np.int64(186), 'widthMs': np.float64(1.86)}, {'halfHeight': 50, 'risingPnt': np.int64(60056), 'fallingPnt': np.int64(60173), 'widthPnts': np.int64(117), 'widthMs': np.float64(1.17)}, {'halfHeight': 80, 'risingPnt': np.int64(60066), 'fallingPnt': np.int64(60125), 'widthPnts': np.int64(59), 'widthMs': np.float64(0.59)}, {'halfHeight': 90, 'risingPnt': np.int64(60070), 'fallingPnt': np.int64(60108), 'widthPnts': np.int64(38), 'widthMs': np.float64(0.38)}]",2.18,1.86,1.17,0.59,0.38,0.8100000000000884,yes,,,,,,,unknown,,,,
376,376,dvdt,14,2,12.0,30,0,"[{'Spike': 30, 'Seconds': np.float64(0.6121), 'Sweep': 14, 'Epoch': 2, 'Type': 'Fit EDD', 'Details': 'Early diastolic duration rate fit - preMinPnt == spikePnt'}]",20260908,16:38:08,,,20230324a,20230324a,stochastic-hh.sanpy,,20.0,-40.0,0,"[10, 20, 50, 80, 90]",61211,0.61211,-44.239924303455965,19.58330376878194,,61297,0.61297,42.54889617995008,86.78882048340604,0.8599999999999719,61556,0.61556,-69.57153619741369,61211.0,-44.41101294848478,61211,61211,0.0,-44.239924303455965,-44.239924303455965,,,61277,15.93613592463797,246.31322558160426,61362,9.82958716703123,-70.02077829850363,1209.0,12.09,82.71298593879239,1217.0,12.17,0.0,"[{'halfHeight': 10, 'risingPnt': np.int64(61239), 'fallingPnt': np.int64(61459), 'widthPnts': np.int64(220), 'widthMs': np.float64(2.2)}, {'halfHeight': 20, 'risingPnt': np.int64(61252), 'fallingPnt': np.int64(61442), 'widthPnts': np.int64(190), 'widthMs': np.float64(1.9)}, {'halfHeight': 50, 'risingPnt': np.int64(61270), 'fallingPnt': np.int64(61383), 'widthPnts': np.int64(113), 'widthMs': np.float64(1.13)}, {'halfHeight': 80, 'risingPnt': np.int64(61281), 'fallingPnt': np.int64(61336), 'widthPnts': np.int64(55), 'widthMs': np.float64(0.55)}, {'halfHeight': 90, 'risingPnt': np.int64(61285), 'fallingPnt': np.int64(61321), 'widthPnts': np.int64(36), 'widthMs': np.float64(0.36)}]",2.2,1.9,1.13,0.55,0.36,0.8599999999999719,yes,,,,,,,unknown,,,,
377,377,dvdt,14,2,12.0,31,0,"[{'Spike': 31, 'Seconds': np.float64(0.6239), 'Sweep': 14, 'Epoch': 2, 'Type': 'Fit EDD', 'Details': 'Early diastolic duration rate fit - preMinPnt == spikePnt'}]",20260908,16:38:08,,,20230324a,20230324a,stochastic-hh.sanpy,,20.0,-40.0,0,"[10, 20, 50, 80, 90]",62387,0.62387,-44.611354722302465,19.543814823624878,,62473,0.62473,41.290977582791,85.90233230509347,0.8599999999999719,62727,0.62727,-69.67014955481739,62387.0,-44.41101294848478,62387,62387,0.0,-44.611354722302465,-44.611354722302465,,,62454,17.089135864458786,254.2553796696585,62656,-49.94464005812249,-70.92024094472194,1176.0,11.76,85.03401360544218,1176.0,11.76,0.0,"[{'halfHeight': 10, 'risingPnt': np.int64(62415), 'fallingPnt': np.int64(62635), 'widthPnts': np.int64(220), 'widthMs': np.float64(2.2)}, {'halfHeight': 20, 'risingPnt': np.int64(62429), 'fallingPnt': np.int64(62618), 'widthPnts': np.int64(189), 'widthMs': np.float64(1.89)}, {'halfHeight': 50, 'risingPnt': np.int64(62447), 'fallingPnt': np.int64(62565), 'widthPnts': np.int64(118), 'widthMs': np.float64(1.18)}, {'halfHeight': 80, 'risingPnt': np.int64(62457), 'fallingPnt': np.int64(62514), 'widthPnts': np.int64(57), 'widthMs': np.float64(0.57)}, {'halfHeight': 90, 'risingPnt': np.int64(62461), 'fallingPnt': np.int64(62499), 'widthPnts': np.int64(38), 'widthMs': np.float64(0.38)}]",2.2,1.89,1.18,0.57,0.38,0.8599999999999719,yes,,,,,,,unknown,,,,
378,378,dvdt,14,2,12.0,32,0,[],20260908,16:38:08,,,20230324a,20230324a,stochastic-hh.sanpy,,20.0,-40.0,0,"[10, 20, 50, 80, 90]",63652,0.63652,-42.420970313095545,19.369031353762278,,63729,0.6372899999999999,40.97055738861462,83.39152770171017,0.7699999999999374,63985,0.63985,-69.52214530791916,63640.0,-44.41101294848478,63641,63646,0.05,-44.20439963360023,-43.478134168780784,14330.37371163477,,63709,14.613007777517879,260.40794546869864,63786,13.520439648251594,-69.41191012885511,1265.0,12.65,79.05138339920948,1253.0,12.53,0.12,"[{'halfHeight': 10, 'risingPnt': np.int64(63677), 'fallingPnt': np.int64(63884), 'widthPnts': np.int64(207), 'widthMs': np.float64(2.07)}, {'halfHeight': 20, 'risingPnt': np.int64(63687), 'fallingPnt': np.int64(63865), 'widthPnts': np.int64(178), 'widthMs': np.float64(1.78)}, {'halfHeight': 50, 'risingPnt': np.int64(63703), 'fallingPnt': np.int64(63813), 'widthPnts': np.int64(110), 'widthMs': np.float64(1.1)}, {'halfHeight': 80, 'risingPnt': np.int64(63713), 'fallingPnt': np.int64(63768), 'widthPnts': np.int64(55), 'widthMs': np.float64(0.55)}, {'halfHeight': 90, 'risingPnt': np.int64(63718), 'fallingPnt': np.int64(63752), 'widthPnts': np.int64(34), 'widthMs': np.float64(0.34)}]",2.07,1.78,1.1,0.55,0.34,0.7699999999999374,yes,,,,,,,unknown,,,,
379,379,dvdt,14,2,12.0,33,0,"[{'Spike': 33, 'Seconds': np.float64(0.6485), 'Sweep': 14, 'Epoch': 2, 'Type': 'Fit EDD', 'Details': 'Early diastolic duration rate fit - preMinPnt == spikePnt'}]",20260908,16:38:08,,,20230324a,20230324a,stochastic-hh.sanpy,,20.0,-40.0,0,"[10, 20, 50, 80, 90]",64850,0.6485,-43.892502037170416,19.5653509925868,,64934,0.64934,41.47044441571626,85.36294645288667,0.8400000000000629,65203,0.65203,-69.51794453395786,64848.0,-44.41101294848478,64848,64849,0.01,-44.27738307794102,-44.08700044808294,,,64914,15.032196399182952,256.4791854636206,65130,-49.41700050340003,-59.42580705700776,1198.0,11.98,83.47245409015024,1208.0,12.08,0.02,"[{'halfHeight': 10, 'risingPnt': np.int64(64879), 'fallingPnt': np.int64(65103), 'widthPnts': np.int64(224), 'widthMs': np.float64(2.24)}, {'halfHeight': 20, 'risingPnt': np.int64(64891), 'fallingPnt': np.int64(65084), 'widthPnts': np.int64(193), 'widthMs': np.float64(1.93)}, {'halfHeight': 50, 'risingPnt': np.int64(64908), 'fallingPnt': np.int64(65027), 'widthPnts': np.int64(119), 'widthMs': np.float64(1.19)}, {'halfHeight': 80, 'risingPnt': np.int64(64918), 'fallingPnt': np.int64(64976), 'widthPnts': np.int64(58), 'widthMs': np.float64(0.58)}, {'halfHeight': 90, 'risingPnt': np.int64(64922), 'fallingPnt': np.int64(64959), 'widthPnts': np.int64(37), 'widthMs': np.float64(0.37)}]",2.24,1.93,1.19,0.58,0.37,0.8400000000000629,yes,,,,,,,unknown,,,,
380,380,dvdt,14,2,12.0,34,0,[],20260908,16:38:08,,,20230324a,20230324a,stochastic-hh.sanpy,,20.0,-40.0,0,"[10, 20, 50, 80, 90]",66148,0.6614800000000001,-43.59079583218682,19.27218171985137,,66229,0.6622899999999999,43.86258053875961,87.45337637094643,0.8099999999998664,66494,0.6649400000000001,-69.61549832728551,66144.0,-44.41101294848478,66144,66146,0.02,-44.31280797157067,-43.964940609679026,17056.295186549007,,66206,13.971158028209409,273.7019814202602,66303,9.05382847127943,-71.89733101640272,1298.0,12.98,77.04160246533128,1296.0,12.96,0.04,"[{'halfHeight': 10, 'risingPnt': np.int64(66174), 'fallingPnt': np.int64(66393), 'widthPnts': np.int64(219), 'widthMs': np.float64(2.19)}, {'halfHeight': 20, 'risingPnt': np.int64(66186), 'fallingPnt': np.int64(66375), 'widthPnts': np.int64(189), 'widthMs': np.float64(1.89)}, {'halfHeight': 50, 'risingPnt': np.int64(66201), 'fallingPnt': np.int64(66320), 'widthPnts': np.int64(119), 'widthMs': np.float64(1.19)}, {'halfHeight': 80, 'risingPnt': np.int64(66211), 'fallingPnt': np.int64(66271), 'widthPnts': np.int64(60), 'widthMs': np.float64(0.6)}, {'halfHeight': 90, 'risingPnt': np.int64(66215), 'fallingPnt': np.int64(66253), 'widthPnts': np.int64(38), 'widthMs': np.float64(0.38)}]",2.19,1.89,1.19,0.6,0.38,0.8099999999998664,yes,,,,,,,unknown,,,,
381,381,dvdt,14,2,12.0,35,0,"[{'Spike': 35, 'Seconds': np.float64(0.6751), 'Sweep': 14, 'Epoch': 2, 'Type': 'Fit EDD', 'Details': 'Early diastolic duration rate fit - preMinPnt == spikePnt'}]",20260908,16:38:08,,,20230324a,20230324a,stochastic-hh.sanpy,,20.0,-40.0,0,"[10, 20, 50, 80, 90]",67514,0.67514,-44.19195911896801,19.628136218806493,,67598,0.67598,42.67230118709482,86.86426030606282,0.8400000000000629,67882,0.6788200000000001,-69.36050728824495,67513.0,-44.41101294848478,67513,67513,0.0,-44.388138595844715,-44.388138595844715,,,67580,20.05249575768329,263.033189364025,67639,26.075234687019208,-64.13405250104834,1366.0,13.66,73.20644216691069,1369.0,13.69,0.01,"[{'halfHeight': 10, 'risingPnt': np.int64(67543), 'fallingPnt': np.int64(67781), 'widthPnts': np.int64(238), 'widthMs': np.float64(2.38)}, {'halfHeight': 20, 'risingPnt': np.int64(67556), 'fallingPnt': np.int64(67756), 'widthPnts': np.int64(200), 'widthMs': np.float64(2.0)}, {'halfHeight': 50, 'risingPnt': np.int64(67572), 'fallingPnt': np.int64(67693), 'widthPnts': np.int64(121), 'widthMs': np.float64(1.21)}, {'halfHeight': 80, 'risingPnt': np.int64(67582), 'fallingPnt': np.int64(67641), 'widthPnts': np.int64(59), 'widthMs': np.float64(0.59)}, {'halfHeight': 90, 'risingPnt': np.int64(67587), 'fallingPnt': np.int64(67624), 'widthPnts': np.int64(37), 'widthMs': np.float64(0.37)}]",2.38,2.0,1.21,0.59,0.37,0.8400000000000629,yes,,,,,,,unknown,,,,
382,382,dvdt,14,2,12.0,36,0,[],20260908,16:38:08,,,20230324a,20230324a,stochastic-hh.sanpy,,20.0,-40.0,0,"[10, 20, 50, 80, 90]",68858,0.6885800000000001,-41.902862364397066,19.33664655747327,,68935,0.68935,40.41438150232805,82.31724386672511,0.7699999999999374,69194,0.69194,-69.48568886882809,68844.0,-44.41101294848478,68845,68851,0.06,-44.14538065686087,-43.190365846603704,15663.129510459958,,68914,13.90515801435685,255.39869633494195,68973,22.672422010456653,-73.80182496686183,1344.0,13.44,74.40476190476191,1331.0,13.31,0.14,"[{'halfHeight': 10, 'risingPnt': np.int64(68882), 'fallingPnt': np.int64(69090), 'widthPnts': np.int64(208), 'widthMs': np.float64(2.08)}, {'halfHeight': 20, 'risingPnt': np.int64(68893), 'fallingPnt': np.int64(69072), 'widthPnts': np.int64(179), 'widthMs': np.float64(1.79)}, {'halfHeight': 50, 'risingPnt': np.int64(68908), 'fallingPnt': np.int64(69014), 'widthPnts': np.int64(106), 'widthMs': np.float64(1.06)}, {'halfHeight': 80, 'risingPnt': np.int64(68918), 'fallingPnt': np.int64(68972), 'widthPnts': np.int64(54), 'widthMs': np.float64(0.54)}, {'halfHeight': 90, 'risingPnt': np.int64(68923), 'fallingPnt': np.int64(68957), 'widthPnts': np.int64(34), 'widthMs': np.float64(0.34)}]",2.08,1.79,1.06,0.54,0.34,0.7699999999999374,yes,,,,,,,unknown,,,,
383,383,dvdt,14,2,12.0,37,0,[],20260908,16:38:08,,,20230324a,20230324a,stochastic-hh.sanpy,,20.0,-40.0,0,"[10, 20, 50, 80, 90]",70080,0.7008,-43.406604676034306,19.617029068905946,,70158,0.7015800000000001,43.12104683089096,86.52765150692527,0.7800000000001139,70427,0.70427,-69.37054344738188,70075.0,-44.41101294848478,70075,70077,0.02,-44.38234205437308,-43.988942137367694,19765.216176659673,,70134,9.46056809955932,260.6975937120263,70226,10.100745077781948,-72.9303870707446,1222.0,12.22,81.83306055646482,1231.0,12.31,0.05,"[{'halfHeight': 10, 'risingPnt': np.int64(70103), 'fallingPnt': np.int64(70324), 'widthPnts': np.int64(221), 'widthMs': np.float64(2.21)}, {'halfHeight': 20, 'risingPnt': np.int64(70115), 'fallingPnt': np.int64(70302), 'widthPnts': np.int64(187), 'widthMs': np.float64(1.87)}, {'halfHeight': 50, 'risingPnt': np.int64(70131), 'fallingPnt': np.int64(70246), 'widthPnts': np.int64(115), 'widthMs': np.float64(1.15)}, {'halfHeight': 80, 'risingPnt': np.int64(70141), 'fallingPnt': np.int64(70201), 'widthPnts': np.int64(60), 'widthMs': np.float64(0.6)}, {'halfHeight': 90, 'risingPnt': np.int64(70145), 'fallingPnt': np.int64(70184), 'widthPnts': np.int64(39), 'widthMs': np.float64(0.39)}]",2.21,1.87,1.15,0.6,0.39,0.7800000000001139,yes,,,,,,,unknown,,,,
384,384,dvdt,14,2,12.0,38,0,[],20260908,16:38:08,,,20230324a,20230324a,stochastic-hh.sanpy,,20.0,-40.0,0,"[10, 20, 50, 80, 90]",71331,0.71331,-43.42005351648811,19.73346068385838,,71411,0.71411,41.661788670762654,85.08184218725077,0.8000000000000229,71680,0.7168,-69.30172794271589,71326.0,-44.41101294848478,71326,71328,0.02,-44.3383288929291,-43.994763055729884,16798.078790110096,,71391,15.28085603517376,255.9384612629311,71439,30.236457013208852,-63.478891594334286,1251.0,12.51,79.93605115907275,1251.0,12.51,0.05,"[{'halfHeight': 10, 'risingPnt': np.int64(71356), 'fallingPnt': np.int64(71578), 'widthPnts': np.int64(222), 'widthMs': np.float64(2.22)}, {'halfHeight': 20, 'risingPnt': np.int64(71369), 'fallingPnt': np.int64(71559), 'widthPnts': np.int64(190), 'widthMs': np.float64(1.9)}, {'halfHeight': 50, 'risingPnt': np.int64(71385), 'fallingPnt': np.int64(71506), 'widthPnts': np.int64(121), 'widthMs': np.float64(1.21)}, {'halfHeight': 80, 'risingPnt': np.int64(71395), 'fallingPnt': np.int64(71450), 'widthPnts': np.int64(55), 'widthMs': np.float64(0.55)}, {'halfHeight': 90, 'risingPnt': np.int64(71399), 'fallingPnt': np.int64(71434), 'widthPnts': np.int64(35), 'widthMs': np.float64(0.35)}]",2.22,1.9,1.21,0.55,0.35,0.8000000000000229,yes,,,,,,,unknown,,,,
385,385,dvdt,14,2,12.0,39,0,[],20260908,16:38:08,,,20230324a,20230324a,stochastic-hh.sanpy,,20.0,-40.0,0,"[10, 20, 50, 80, 90]",72545,0.72545,-42.71082994509343,19.664685539847124,,72625,0.72625,40.741247064563375,83.4520770096568,0.7999999999999119,72892,0.72892,-69.26810738720631,72535.0,-44.41101294848478,72536,72540,0.04,-44.25213894644383,-43.604552580534225,16018.36387515457,,72602,11.585496141229072,241.3213003709247,72689,13.380748239409503,-70.14675619268267,1214.0,12.14,82.37232289950576,1209.0,12.09,0.1,"[{'halfHeight': 10, 'risingPnt': np.int64(72569), 'fallingPnt': np.int64(72793), 'widthPnts': np.int64(224), 'widthMs': np.float64(2.24)}, {'halfHeight': 20, 'risingPnt': np.int64(72581), 'fallingPnt': np.int64(72774), 'widthPnts': np.int64(193), 'widthMs': np.float64(1.93)}, {'halfHeight': 50, 'risingPnt': np.int64(72597), 'fallingPnt': np.int64(72717), 'widthPnts': np.int64(120), 'widthMs': np.float64(1.2)}, {'halfHeight': 80, 'risingPnt': np.int64(72608), 'fallingPnt': np.int64(72670), 'widthPnts': np.int64(62), 'widthMs': np.float64(0.62)}, {'halfHeight': 90, 'risingPnt': np.int64(72612), 'fallingPnt': np.int64(72652), 'widthPnts': np.int64(40), 'widthMs': np.float64(0.4)}]",2.24,1.93,1.2,0.62,0.4,0.7999999999999119,yes,,,,,,,unknown,,,,
386,386,dvdt,14,2,12.0,40,0,[],20260908,16:38:08,,,20230324a,20230324a,stochastic-hh.sanpy,,20.0,-40.0,0,"[10, 20, 50, 80, 90]",73746,0.73746,-42.91414098772282,19.746107557794062,,73826,0.73826,44.129236537393865,87.04337752511668,0.8000000000000229,74079,0.74079,-69.49528613362715,73738.0,-44.41101294848478,73739,73742,0.03,-44.21241253558688,-43.67827364469561,17365.2594570351,,73807,20.112127661156432,263.0188570613511,74018,-55.2373440329204,-65.8766033688205,1201.0,12.01,83.26394671107411,1203.0,12.03,0.08,"[{'halfHeight': 10, 'risingPnt': np.int64(73771), 'fallingPnt': np.int64(73983), 'widthPnts': np.int64(212), 'widthMs': np.float64(2.12)}, {'halfHeight': 20, 'risingPnt': np.int64(73784), 'fallingPnt': np.int64(73965), 'widthPnts': np.int64(181), 'widthMs': np.float64(1.81)}, {'halfHeight': 50, 'risingPnt': np.int64(73800), 'fallingPnt': np.int64(73916), 'widthPnts': np.int64(116), 'widthMs': np.float64(1.16)}, {'halfHeight': 80, 'risingPnt': np.int64(73810), 'fallingPnt': np.int64(73864), 'widthPnts': np.int64(54), 'widthMs': np.float64(0.54)}, {'halfHeight': 90, 'risingPnt': np.int64(73814), 'fallingPnt': np.int64(73849), 'widthPnts': np.int64(35), 'widthMs': np.float64(0.35)}]",2.12,1.81,1.16,0.54,0.35,0.8000000000000229,yes,,,,,,,unknown,,,,
387,387,dvdt,14,2,12.0,41,0,"[{'Spike': 41, 'Seconds': np.float64(0.7489), 'Sweep': 14, 'Epoch': 2, 'Type': 'Fit EDD', 'Details': 'Early diastolic duration rate fit - preMinPnt == spikePnt'}]",20260908,16:38:08,,,20230324a,20230324a,stochastic-hh.sanpy,,20.0,-40.0,0,"[10, 20, 50, 80, 90]",74894,0.74894,-43.9191034330973,19.63904907402014,,74972,0.74972,41.53383207290815,85.45293550600545,0.7800000000000029,75239,0.75239,-71.04815142397537,74892.0,-44.41101294848478,74892,74893,0.01,-44.30091151836286,-44.11566054442548,,,74953,15.484022062708922,253.1313941629512,75166,-55.698704781663075,-67.08299647039527,1148.0,11.48,87.10801393728222,1154.0,11.54,0.02,"[{'halfHeight': 10, 'risingPnt': np.int64(74918), 'fallingPnt': np.int64(75131), 'widthPnts': np.int64(213), 'widthMs': np.float64(2.13)}, {'halfHeight': 20, 'risingPnt': np.int64(74930), 'fallingPnt': np.int64(75111), 'widthPnts': np.int64(181), 'widthMs': np.float64(1.81)}, {'halfHeight': 50, 'risingPnt': np.int64(74946), 'fallingPnt': np.int64(75063), 'widthPnts': np.int64(117), 'widthMs': np.float64(1.17)}, {'halfHeight': 80, 'risingPnt': np.int64(74957), 'fallingPnt': np.int64(75015), 'widthPnts': np.int64(58), 'widthMs': np.float64(0.58)}, {'halfHeight': 90, 'risingPnt': np.int64(74961), 'fallingPnt': np.int64(74998), 'widthPnts': np.int64(37), 'widthMs': np.float64(0.37)}]",2.13,1.81,1.17,0.58,0.37,0.7800000000000029,yes,,,,,,,unknown,,,,
