include=yes;animal_id=;species=;region=;cell_type=;age=;sex=unknown;genotype=;condition=;experiment=;note=;
,file,sweep,epoch,epochLevel,dacCommand,detectionType,dvdtThreshold,mvThreshold,medianFilter,halfHeights,analysisDate,analysisTime,modDate,modTime,sanpy_version,sanpy_git_commit,sanpy_git_dirty,condition,spikeNumber,sweepSpikeNumber,userType,errors,spike_condition,thresholdPnt,thresholdSec,thresholdVal,thresholdVal_dvdt,peakPnt,peakSec,peakVal,peakHeight,timeToPeak_ms,fastAhpPnt,fastAhpSec,fastAhpValue,preMinPnt,preMinVal,preLinearFitPnt0,preLinearFitPnt1,earlyDiastolicDuration_ms,preLinearFitVal0,preLinearFitVal1,earlyDiastolicDurationRate,lateDiastolicDuration,preSpike_dvdt_max_pnt,preSpike_dvdt_max_val,preSpike_dvdt_max_val2,postSpike_dvdt_min_pnt,postSpike_dvdt_min_val,postSpike_dvdt_min_val2,isi_pnts,isi_ms,spikeFreq_hz,cycleLength_pnts,cycleLength_ms,diastolicDuration_ms,widths,widths_10,widths_20,widths_50,widths_80,widths_90,include,animal_id,species,region,cell_type,age,sex,genotype,experiment,note
0,stochastic-hh.sanpy,0,1,0.0,,dvdt,100.0,-40.0,0,"[10, 20, 50, 80, 90]",20260928,19:54:54,,,0.2.8.post45,ceeda3d8b38d399aaf1761b27ed8696acdeb9705,True,,0,0,0,"[{'Spike': 0, 'Seconds': np.float64(0.204), 'Sweep': 0, 'Epoch': 1, 'Type': 'Pre spike min under-run (mdp)', 'Details': 'Went past startPnt 0 searching for pre-spike min'}, {'Spike': 0, 'Seconds': np.float64(0.204), 'Sweep': 0, 'Epoch': 1, 'Type': 'Fit EDD', 'Details': 'Early diastolic duration rate fit - Too low -3.075<=8'}]",,20402,0.20402,-41.683021590737425,32.01893545889081,20465,0.20465,50.00052565281648,91.6835472435539,0.6299999999999917,20769,0.20768999999999999,-70.95925273293304,9001.0,-60.811020148514245,10141,14701,45.6,-58.9745350383223,-60.59099978897323,-3.0745037229979513,,20446,17.414517034029792,331.19712193952546,20542,17.04494945587599,-71.61410364905635,,,,,,114.01,"[{'halfHeight': 10, 'risingPnt': np.int64(20420), 'fallingPnt': np.int64(20652), 'widthPnts': np.int64(232), 'widthMs': np.float64(2.32)}, {'halfHeight': 20, 'risingPnt': np.int64(20429), 'fallingPnt': np.int64(20631), 'widthPnts': np.int64(202), 'widthMs': np.float64(2.02)}, {'halfHeight': 50, 'risingPnt': np.int64(20442), 'fallingPnt': np.int64(20567), 'widthPnts': np.int64(125), 'widthMs': np.float64(1.25)}, {'halfHeight': 80, 'risingPnt': np.int64(20451), 'fallingPnt': np.int64(20515), 'widthPnts': np.int64(64), 'widthMs': np.float64(0.64)}, {'halfHeight': 90, 'risingPnt': np.int64(20454), 'fallingPnt': np.int64(20497), 'widthPnts': np.int64(43), 'widthMs': np.float64(0.43)}]",2.32,2.02,1.25,0.64,0.43,yes,,,,,,unknown,,,
1,stochastic-hh.sanpy,0,3,0.0,,dvdt,100.0,-40.0,0,"[10, 20, 50, 80, 90]",20260928,19:54:54,,,0.2.8.post45,ceeda3d8b38d399aaf1761b27ed8696acdeb9705,True,,1,1,0,[],,75437,0.75437,-41.44532043692111,37.85774662476491,75496,0.7549600000000001,52.36242118086549,93.8077416177866,0.5900000000000905,75795,0.75795,-71.19359372342528,74796.0,-62.95535969582434,74860,75116,2.56,-62.69904055538306,-59.67431076561551,1159.8984641355694,,75477,22.327925532591895,395.9771410389848,75551,32.95474709377918,-60.898097741935295,55035.0,550.35,1.8170255292086854,65795.0,657.95,6.41,"[{'halfHeight': 10, 'risingPnt': np.int64(75453), 'fallingPnt': np.int64(75688), 'widthPnts': np.int64(235), 'widthMs': np.float64(2.35)}, {'halfHeight': 20, 'risingPnt': np.int64(75461), 'fallingPnt': np.int64(75668), 'widthPnts': np.int64(207), 'widthMs': np.float64(2.07)}, {'halfHeight': 50, 'risingPnt': np.int64(75473), 'fallingPnt': np.int64(75609), 'widthPnts': np.int64(136), 'widthMs': np.float64(1.36)}, {'halfHeight': 80, 'risingPnt': np.int64(75480), 'fallingPnt': np.int64(75550), 'widthPnts': np.int64(70), 'widthMs': np.float64(0.7)}, {'halfHeight': 90, 'risingPnt': np.int64(75484), 'fallingPnt': np.int64(75530), 'widthPnts': np.int64(46), 'widthMs': np.float64(0.46)}]",2.35,2.07,1.36,0.7,0.46,yes,,,,,,unknown,,,
2,stochastic-hh.sanpy,0,3,0.0,,dvdt,100.0,-40.0,0,"[10, 20, 50, 80, 90]",20260928,19:54:54,,,0.2.8.post45,ceeda3d8b38d399aaf1761b27ed8696acdeb9705,True,,2,2,0,[],,77840,0.7784,-41.47679369404339,28.87111512022645,77907,0.77907,45.94013895572241,87.4169326497658,0.6700000000000594,78198,0.78198,-70.96757014921015,77806.0,-47.58388296738387,77809,77823,0.14,-47.275280403880835,-45.332899599064305,13572.738971882654,,77886,13.227985191057796,296.8324501273142,78017,-4.813619558001196,-69.44737475446868,2403.0,24.03,41.61464835622139,3010.0,30.1,0.34,"[{'halfHeight': 10, 'risingPnt': np.int64(77859), 'fallingPnt': np.int64(78079), 'widthPnts': np.int64(220), 'widthMs': np.float64(2.2)}, {'halfHeight': 20, 'risingPnt': np.int64(77869), 'fallingPnt': np.int64(78060), 'widthPnts': np.int64(191), 'widthMs': np.float64(1.91)}, {'halfHeight': 50, 'risingPnt': np.int64(77883), 'fallingPnt': np.int64(78005), 'widthPnts': np.int64(122), 'widthMs': np.float64(1.22)}, {'halfHeight': 80, 'risingPnt': np.int64(77892), 'fallingPnt': np.int64(77955), 'widthPnts': np.int64(63), 'widthMs': np.float64(0.63)}, {'halfHeight': 90, 'risingPnt': np.int64(77896), 'fallingPnt': np.int64(77934), 'widthPnts': np.int64(38), 'widthMs': np.float64(0.38)}]",2.2,1.91,1.22,0.63,0.38,yes,,,,,,unknown,,,
3,stochastic-hh.sanpy,0,3,0.0,,dvdt,100.0,-40.0,0,"[10, 20, 50, 80, 90]",20260928,19:54:54,,,0.2.8.post45,ceeda3d8b38d399aaf1761b27ed8696acdeb9705,True,,3,3,0,[],,80033,0.80033,-41.00683764401144,32.90829745055478,80094,0.8009400000000001,49.023515088306766,90.0303527323182,0.6100000000001105,80382,0.8038200000000001,-71.103245770788,80006.0,-47.58388296738387,80009,80020,0.11,-47.071661011365585,-44.75864317704509,20890.48399570541,,80076,20.996719701629555,338.17364770494214,80166,15.773181596832258,-67.06877153586716,2193.0,21.93,45.59963520291838,2200.0,22.0,0.27,"[{'halfHeight': 10, 'risingPnt': np.int64(80050), 'fallingPnt': np.int64(80269), 'widthPnts': np.int64(219), 'widthMs': np.float64(2.19)}, {'halfHeight': 20, 'risingPnt': np.int64(80058), 'fallingPnt': np.int64(80248), 'widthPnts': np.int64(190), 'widthMs': np.float64(1.9)}, {'halfHeight': 50, 'risingPnt': np.int64(80071), 'fallingPnt': np.int64(80187), 'widthPnts': np.int64(116), 'widthMs': np.float64(1.16)}, {'halfHeight': 80, 'risingPnt': np.int64(80080), 'fallingPnt': np.int64(80140), 'widthPnts': np.int64(60), 'widthMs': np.float64(0.6)}, {'halfHeight': 90, 'risingPnt': np.int64(80083), 'fallingPnt': np.int64(80122), 'widthPnts': np.int64(39), 'widthMs': np.float64(0.39)}]",2.19,1.9,1.16,0.6,0.39,yes,,,,,,unknown,,,
4,stochastic-hh.sanpy,1,1,0.0,,dvdt,100.0,-40.0,0,"[10, 20, 50, 80, 90]",20260928,19:54:54,,,0.2.8.post45,ceeda3d8b38d399aaf1761b27ed8696acdeb9705,True,,4,0,0,"[{'Spike': 0, 'Seconds': np.float64(0.0759), 'Sweep': 1, 'Epoch': 1, 'Type': 'Pre spike min under-run (mdp)', 'Details': 'Went past startPnt 0 searching for pre-spike min'}]",,7586,0.07586,-40.9133226562505,29.47172921686131,7651,0.07651000000000001,46.9133337990269,87.8266564552774,0.6500000000000117,7931,0.07931,-71.03990666180054,6363.0,-61.451991254064225,6485,6975,4.9,-61.14934113558406,-57.8567158592546,657.4316855362446,,7631,16.13689420739501,297.46282120676665,7692,28.68439216813079,-71.90327278683664,,,,,,12.23,"[{'halfHeight': 10, 'risingPnt': np.int64(7604), 'fallingPnt': np.int64(7819), 'widthPnts': np.int64(215), 'widthMs': np.float64(2.15)}, {'halfHeight': 20, 'risingPnt': np.int64(7613), 'fallingPnt': np.int64(7801), 'widthPnts': np.int64(188), 'widthMs': np.float64(1.88)}, {'halfHeight': 50, 'risingPnt': np.int64(7627), 'fallingPnt': np.int64(7744), 'widthPnts': np.int64(117), 'widthMs': np.float64(1.17)}, {'halfHeight': 80, 'risingPnt': np.int64(7636), 'fallingPnt': np.int64(7692), 'widthPnts': np.int64(56), 'widthMs': np.float64(0.56)}, {'halfHeight': 90, 'risingPnt': np.int64(7640), 'fallingPnt': np.int64(7677), 'widthPnts': np.int64(37), 'widthMs': np.float64(0.37)}]",2.15,1.88,1.17,0.56,0.37,yes,,,,,,unknown,,,
5,stochastic-hh.sanpy,1,3,0.0,,dvdt,100.0,-40.0,0,"[10, 20, 50, 80, 90]",20260928,19:54:54,,,0.2.8.post45,ceeda3d8b38d399aaf1761b27ed8696acdeb9705,True,,5,1,0,[],,75478,0.75478,-41.73213246985374,32.313525421474,75541,0.7554099999999999,49.49084212611739,91.22297459597112,0.6299999999999084,75853,0.7585299999999999,-71.02040237414072,71336.0,-61.98640071612856,71750,73407,16.57,-60.39942050165281,-59.941740498814546,49.43674879163629,,75523,21.643387331909196,332.54819616262307,75604,23.25045768165218,-65.87354289430363,67892.0,678.92,1.4729275908796324,64973.0,649.73,41.42,"[{'halfHeight': 10, 'risingPnt': np.int64(75496), 'fallingPnt': np.int64(75736), 'widthPnts': np.int64(240), 'widthMs': np.float64(2.4)}, {'halfHeight': 20, 'risingPnt': np.int64(75505), 'fallingPnt': np.int64(75710), 'widthPnts': np.int64(205), 'widthMs': np.float64(2.05)}, {'halfHeight': 50, 'risingPnt': np.int64(75518), 'fallingPnt': np.int64(75644), 'widthPnts': np.int64(126), 'widthMs': np.float64(1.26)}, {'halfHeight': 80, 'risingPnt': np.int64(75526), 'fallingPnt': np.int64(75590), 'widthPnts': np.int64(64), 'widthMs': np.float64(0.64)}, {'halfHeight': 90, 'risingPnt': np.int64(75530), 'fallingPnt': np.int64(75572), 'widthPnts': np.int64(42), 'widthMs': np.float64(0.42)}]",2.4,2.05,1.26,0.64,0.42,yes,,,,,,unknown,,,
6,stochastic-hh.sanpy,2,1,0.0,,dvdt,100.0,-40.0,0,"[10, 20, 50, 80, 90]",20260928,19:54:54,,,0.2.8.post45,ceeda3d8b38d399aaf1761b27ed8696acdeb9705,True,,6,0,0,"[{'Spike': 0, 'Seconds': np.float64(0.1097), 'Sweep': 2, 'Epoch': 1, 'Type': 'Pre spike min under-run (mdp)', 'Details': 'Went past startPnt 0 searching for pre-spike min'}, {'Spike': 0, 'Seconds': np.float64(0.1097), 'Sweep': 2, 'Epoch': 1, 'Type': 'Fit EDD', 'Details': 'Early diastolic duration rate fit - Too low -38.555<=8'}]",,10966,0.10966,-40.93584737529759,32.79519884454447,11029,0.11029000000000001,49.840062616984255,90.77590999228184,0.6300000000000194,11318,0.11318,-71.1126786889942,3261.0,-61.21010700246129,4031,7113,30.82,-58.33913219524229,-60.383299598412925,-38.55468256122061,,11010,19.46515802027492,330.93853401541054,11096,20.34213772215639,-66.01580562302684,,,,,,77.05,"[{'halfHeight': 10, 'risingPnt': np.int64(10984), 'fallingPnt': np.int64(11204), 'widthPnts': np.int64(220), 'widthMs': np.float64(2.2)}, {'halfHeight': 20, 'risingPnt': np.int64(10993), 'fallingPnt': np.int64(11185), 'widthPnts': np.int64(192), 'widthMs': np.float64(1.92)}, {'halfHeight': 50, 'risingPnt': np.int64(11006), 'fallingPnt': np.int64(11129), 'widthPnts': np.int64(123), 'widthMs': np.float64(1.23)}, {'halfHeight': 80, 'risingPnt': np.int64(11014), 'fallingPnt': np.int64(11077), 'widthPnts': np.int64(63), 'widthMs': np.float64(0.63)}, {'halfHeight': 90, 'risingPnt': np.int64(11018), 'fallingPnt': np.int64(11057), 'widthPnts': np.int64(39), 'widthMs': np.float64(0.39)}]",2.2,1.92,1.23,0.63,0.39,yes,,,,,,unknown,,,
7,stochastic-hh.sanpy,2,1,0.0,,dvdt,100.0,-40.0,0,"[10, 20, 50, 80, 90]",20260928,19:54:54,,,0.2.8.post45,ceeda3d8b38d399aaf1761b27ed8696acdeb9705,True,,7,1,0,"[{'Spike': 1, 'Seconds': np.float64(0.1312), 'Sweep': 2, 'Epoch': 1, 'Type': 'Pre spike min under-run (mdp)', 'Details': 'Went past startPnt 0 searching for pre-spike min'}]",,13123,0.13122999999999999,-40.92568322031931,32.56060269455528,13185,0.13185,50.69552905489275,91.62121227521206,0.6200000000000094,13479,0.13479,-71.0438441516193,13083.0,-48.51143812843222,13087,13103,0.16,-48.058149364481224,-45.62367443467997,15077.718566705713,,13167,22.059604424755495,333.73585561487033,13293,-1.3788012744006028,-64.81901251988732,2157.0,21.57,46.36068613815485,9822.0,98.22,0.4,"[{'halfHeight': 10, 'risingPnt': np.int64(13140), 'fallingPnt': np.int64(13365), 'widthPnts': np.int64(225), 'widthMs': np.float64(2.25)}, {'halfHeight': 20, 'risingPnt': np.int64(13149), 'fallingPnt': np.int64(13342), 'widthPnts': np.int64(193), 'widthMs': np.float64(1.93)}, {'halfHeight': 50, 'risingPnt': np.int64(13162), 'fallingPnt': np.int64(13282), 'widthPnts': np.int64(120), 'widthMs': np.float64(1.2)}, {'halfHeight': 80, 'risingPnt': np.int64(13171), 'fallingPnt': np.int64(13232), 'widthPnts': np.int64(61), 'widthMs': np.float64(0.61)}, {'halfHeight': 90, 'risingPnt': np.int64(13174), 'fallingPnt': np.int64(13214), 'widthPnts': np.int64(40), 'widthMs': np.float64(0.4)}]",2.25,1.93,1.2,0.61,0.4,yes,,,,,,unknown,,,
8,stochastic-hh.sanpy,2,2,0.0,,dvdt,100.0,-40.0,0,"[10, 20, 50, 80, 90]",20260928,19:54:54,,,0.2.8.post45,ceeda3d8b38d399aaf1761b27ed8696acdeb9705,True,,8,2,0,"[{'Spike': 2, 'Seconds': np.float64(0.5942), 'Sweep': 2, 'Epoch': 2, 'Type': 'Fit EDD', 'Details': 'Early diastolic duration rate fit - Too low -57.467<=8'}]",,59417,0.59417,-41.81738740771938,33.72522955777243,59479,0.5947899999999999,49.8455549871662,91.66294239488559,0.6199999999999539,59762,0.59762,-71.13536245411873,56845.0,-60.4937463541513,57102,58131,10.29,-59.63982542203706,-59.802751274150204,-57.46728731813478,,59460,18.56868794263723,350.01321648814746,59558,13.92124867046995,-70.45784317799146,46294.0,462.94,2.1601071413142092,43762.0,437.62,25.72,"[{'halfHeight': 10, 'risingPnt': np.int64(59434), 'fallingPnt': np.int64(59655), 'widthPnts': np.int64(221), 'widthMs': np.float64(2.21)}, {'halfHeight': 20, 'risingPnt': np.int64(59443), 'fallingPnt': np.int64(59635), 'widthPnts': np.int64(192), 'widthMs': np.float64(1.92)}, {'halfHeight': 50, 'risingPnt': np.int64(59456), 'fallingPnt': np.int64(59577), 'widthPnts': np.int64(121), 'widthMs': np.float64(1.21)}, {'halfHeight': 80, 'risingPnt': np.int64(59464), 'fallingPnt': np.int64(59525), 'widthPnts': np.int64(61), 'widthMs': np.float64(0.61)}, {'halfHeight': 90, 'risingPnt': np.int64(59468), 'fallingPnt': np.int64(59507), 'widthPnts': np.int64(39), 'widthMs': np.float64(0.39)}]",2.21,1.92,1.21,0.61,0.39,yes,,,,,,unknown,,,
9,stochastic-hh.sanpy,2,3,0.0,,dvdt,100.0,-40.0,0,"[10, 20, 50, 80, 90]",20260928,19:54:54,,,0.2.8.post45,ceeda3d8b38d399aaf1761b27ed8696acdeb9705,True,,9,3,0,"[{'Spike': 3, 'Seconds': np.float64(0.8894), 'Sweep': 2, 'Epoch': 3, 'Type': 'Fit EDD', 'Details': 'Early diastolic duration rate fit - Too low -126.525<=8'}]",,88945,0.8894500000000001,-41.65664650333703,32.673792990244735,89006,0.89006,50.391702129276844,92.04834863261388,0.6099999999998884,89295,0.89295,-71.02704086339038,84124.0,-61.81183895246129,84606,86534,19.28,-58.10512784677897,-58.59905850384149,-126.52505094085765,,88988,20.7929157300439,344.705909893843,89058,28.761363097904322,-68.4318372351263,29528.0,295.28,3.386616093199675,27279.0,272.79,48.21,"[{'halfHeight': 10, 'risingPnt': np.int64(88961), 'fallingPnt': np.int64(89185), 'widthPnts': np.int64(224), 'widthMs': np.float64(2.24)}, {'halfHeight': 20, 'risingPnt': np.int64(88970), 'fallingPnt': np.int64(89163), 'widthPnts': np.int64(193), 'widthMs': np.float64(1.93)}, {'halfHeight': 50, 'risingPnt': np.int64(88983), 'fallingPnt': np.int64(89105), 'widthPnts': np.int64(122), 'widthMs': np.float64(1.22)}, {'halfHeight': 80, 'risingPnt': np.int64(88992), 'fallingPnt': np.int64(89053), 'widthPnts': np.int64(61), 'widthMs': np.float64(0.61)}, {'halfHeight': 90, 'risingPnt': np.int64(88995), 'fallingPnt': np.int64(89037), 'widthPnts': np.int64(42), 'widthMs': np.float64(0.42)}]",2.24,1.93,1.22,0.61,0.42,yes,,,,,,unknown,,,
10,stochastic-hh.sanpy,3,1,0.0,,dvdt,100.0,-40.0,0,"[10, 20, 50, 80, 90]",20260928,19:54:54,,,0.2.8.post45,ceeda3d8b38d399aaf1761b27ed8696acdeb9705,True,,10,0,0,"[{'Spike': 0, 'Seconds': np.float64(0.0106), 'Sweep': 3, 'Epoch': 1, 'Type': 'Pre spike min under-run (mdp)', 'Details': 'Went past startPnt 0 searching for pre-spike min'}, {'Spike': 0, 'Seconds': np.float64(0.0106), 'Sweep': 3, 'Epoch': 1, 'Type': 'Pre spike min (mdp)', 'Details': 'Did not find preMinVal: nan'}]",,1065,0.01065,-40.26677572141437,30.10899511217079,1128,0.01128,47.19527375173881,87.46204947315317,0.6300000000000003,1419,0.01419,-71.02927153078414,,,106,532,4.26,-59.371609336117544,-57.06942512423603,572.4090725824086,,1107,13.413356328179306,307.3894583994548,1325,-45.157316494135,-65.8210035789091,,,,,,10.65,"[{'halfHeight': 10, 'risingPnt': np.int64(1082), 'fallingPnt': np.int64(1298), 'widthPnts': np.int64(216), 'widthMs': np.float64(2.16)}, {'halfHeight': 20, 'risingPnt': np.int64(1091), 'fallingPnt': np.int64(1280), 'widthPnts': np.int64(189), 'widthMs': np.float64(1.89)}, {'halfHeight': 50, 'risingPnt': np.int64(1104), 'fallingPnt': np.int64(1225), 'widthPnts': np.int64(121), 'widthMs': np.float64(1.21)}, {'halfHeight': 80, 'risingPnt': np.int64(1113), 'fallingPnt': np.int64(1172), 'widthPnts': np.int64(59), 'widthMs': np.float64(0.59)}, {'halfHeight': 90, 'risingPnt': np.int64(1117), 'fallingPnt': np.int64(1156), 'widthPnts': np.int64(39), 'widthMs': np.float64(0.39)}]",2.16,1.89,1.21,0.59,0.39,yes,,,,,,unknown,,,
11,stochastic-hh.sanpy,3,1,0.0,,dvdt,100.0,-40.0,0,"[10, 20, 50, 80, 90]",20260928,19:54:54,,,0.2.8.post45,ceeda3d8b38d399aaf1761b27ed8696acdeb9705,True,,11,1,0,"[{'Spike': 1, 'Seconds': np.float64(0.1174), 'Sweep': 3, 'Epoch': 1, 'Type': 'Pre spike min under-run (mdp)', 'Details': 'Went past startPnt 0 searching for pre-spike min'}]",,11742,0.11742,-41.21286376202566,32.18481030894571,11805,0.11805,49.8038125466119,91.01667630863756,0.6300000000000056,12097,0.12097,-71.03176241638931,11689.0,-49.51081233647122,11694,11715,0.21,-49.121088965718,-47.09879072576123,9342.335895108157,,11787,20.938539333589603,327.1028518358037,11892,9.761131510715787,-70.83918666515409,10677.0,106.77,9.36592675845275,,,0.53,"[{'halfHeight': 10, 'risingPnt': np.int64(11760), 'fallingPnt': np.int64(11979), 'widthPnts': np.int64(219), 'widthMs': np.float64(2.19)}, {'halfHeight': 20, 'risingPnt': np.int64(11769), 'fallingPnt': np.int64(11960), 'widthPnts': np.int64(191), 'widthMs': np.float64(1.91)}, {'halfHeight': 50, 'risingPnt': np.int64(11782), 'fallingPnt': np.int64(11902), 'widthPnts': np.int64(120), 'widthMs': np.float64(1.2)}, {'halfHeight': 80, 'risingPnt': np.int64(11791), 'fallingPnt': np.int64(11854), 'widthPnts': np.int64(63), 'widthMs': np.float64(0.63)}, {'halfHeight': 90, 'risingPnt': np.int64(11795), 'fallingPnt': np.int64(11834), 'widthPnts': np.int64(39), 'widthMs': np.float64(0.39)}]",2.19,1.91,1.2,0.63,0.39,yes,,,,,,unknown,,,
12,stochastic-hh.sanpy,3,2,1.0,,dvdt,100.0,-40.0,0,"[10, 20, 50, 80, 90]",20260928,19:54:54,,,0.2.8.post45,ceeda3d8b38d399aaf1761b27ed8696acdeb9705,True,,12,2,0,"[{'Spike': 2, 'Seconds': np.float64(0.4168), 'Sweep': 3, 'Epoch': 2, 'Type': 'Fit EDD', 'Details': 'Early diastolic duration rate fit - Too low -9.52<=8'}]",,41678,0.41678,-41.983549621291864,30.008322262719172,41745,0.41745,47.89527967687683,89.8788292981687,0.6700000000000039,42038,0.42038,-70.89588357642897,20808.0,-61.47692187962605,22895,31243,83.48,-58.74551275600799,-58.88387485510454,-9.520393666135726,,41726,16.687714180249728,309.66373976959767,41805,23.788302350382004,-67.77664104927726,29936.0,299.36,3.340459647247461,9119.0,91.19,208.7,"[{'halfHeight': 10, 'risingPnt': np.int64(41697), 'fallingPnt': np.int64(41922), 'widthPnts': np.int64(225), 'widthMs': np.float64(2.25)}, {'halfHeight': 20, 'risingPnt': np.int64(41708), 'fallingPnt': np.int64(41902), 'widthPnts': np.int64(194), 'widthMs': np.float64(1.94)}, {'halfHeight': 50, 'risingPnt': np.int64(41722), 'fallingPnt': np.int64(41848), 'widthPnts': np.int64(126), 'widthMs': np.float64(1.26)}, {'halfHeight': 80, 'risingPnt': np.int64(41731), 'fallingPnt': np.int64(41796), 'widthPnts': np.int64(65), 'widthMs': np.float64(0.65)}, {'halfHeight': 90, 'risingPnt': np.int64(41735), 'fallingPnt': np.int64(41778), 'widthPnts': np.int64(43), 'widthMs': np.float64(0.43)}]",2.25,1.94,1.26,0.65,0.43,yes,,,,,,unknown,,,
13,stochastic-hh.sanpy,3,2,1.0,,dvdt,100.0,-40.0,0,"[10, 20, 50, 80, 90]",20260928,19:54:54,,,0.2.8.post45,ceeda3d8b38d399aaf1761b27ed8696acdeb9705,True,,13,3,0,[],,43720,0.4372,-42.6072033455325,31.299083351504247,43788,0.43788,48.110344200033786,90.71754754556628,0.6800000000000139,44094,0.44094,-70.73366083530657,43680.0,-48.97633042835888,43684,43700,0.16,-48.60130844209589,-46.761592809959474,11198.810621581282,,43768,17.263247684893813,325.03107368697573,43856,17.68162687612834,-65.7984510343965,2042.0,20.42,48.97159647404505,22872.0,228.72,0.4,"[{'halfHeight': 10, 'risingPnt': np.int64(43740), 'fallingPnt': np.int64(43975), 'widthPnts': np.int64(235), 'widthMs': np.float64(2.35)}, {'halfHeight': 20, 'risingPnt': np.int64(43750), 'fallingPnt': np.int64(43951), 'widthPnts': np.int64(201), 'widthMs': np.float64(2.01)}, {'halfHeight': 50, 'risingPnt': np.int64(43764), 'fallingPnt': np.int64(43888), 'widthPnts': np.int64(124), 'widthMs': np.float64(1.24)}, {'halfHeight': 80, 'risingPnt': np.int64(43773), 'fallingPnt': np.int64(43832), 'widthPnts': np.int64(59), 'widthMs': np.float64(0.59)}, {'halfHeight': 90, 'risingPnt': np.int64(43776), 'fallingPnt': np.int64(43813), 'widthPnts': np.int64(37), 'widthMs': np.float64(0.37)}]",2.35,2.01,1.24,0.59,0.37,yes,,,,,,unknown,,,
14,stochastic-hh.sanpy,3,2,1.0,,dvdt,100.0,-40.0,0,"[10, 20, 50, 80, 90]",20260928,19:54:54,,,0.2.8.post45,ceeda3d8b38d399aaf1761b27ed8696acdeb9705,True,,14,4,0,[],,50236,0.50236,-41.592490879605656,28.492353653043978,50304,0.50304,45.3784584956869,86.97094937529255,0.6800000000000139,50585,0.50585,-70.93847319312206,50181.0,-48.97633042835888,50187,50209,0.22,-48.594506567111424,-46.36685997250364,10193.966705134555,,50283,15.03010015293742,291.8785342361206,50503,-50.03296684955278,-66.45083043803727,6516.0,65.16,15.346838551258442,6501.0,65.01,0.55,"[{'halfHeight': 10, 'risingPnt': np.int64(50255), 'fallingPnt': np.int64(50473), 'widthPnts': np.int64(218), 'widthMs': np.float64(2.18)}, {'halfHeight': 20, 'risingPnt': np.int64(50265), 'fallingPnt': np.int64(50454), 'widthPnts': np.int64(189), 'widthMs': np.float64(1.89)}, {'halfHeight': 50, 'risingPnt': np.int64(50279), 'fallingPnt': np.int64(50398), 'widthPnts': np.int64(119), 'widthMs': np.float64(1.19)}, {'halfHeight': 80, 'risingPnt': np.int64(50288), 'fallingPnt': np.int64(50346), 'widthPnts': np.int64(58), 'widthMs': np.float64(0.58)}, {'halfHeight': 90, 'risingPnt': np.int64(50292), 'fallingPnt': np.int64(50330), 'widthPnts': np.int64(38), 'widthMs': np.float64(0.38)}]",2.18,1.89,1.19,0.58,0.38,yes,,,,,,unknown,,,
15,stochastic-hh.sanpy,3,2,1.0,,dvdt,100.0,-40.0,0,"[10, 20, 50, 80, 90]",20260928,19:54:54,,,0.2.8.post45,ceeda3d8b38d399aaf1761b27ed8696acdeb9705,True,,15,5,0,[],,55852,0.55852,-42.50060197948685,30.278693863587414,55918,0.5591799999999999,48.120846082513886,90.62144806200074,0.6599999999998829,56202,0.56202,-70.86560440366448,55816.0,-48.551779674502605,55820,55834,0.14,-48.14145854362202,-46.49031163079035,11515.427602771337,,55900,20.6319137684172,314.07199905385716,56004,10.922887421446177,-73.08828357082224,5616.0,56.16,17.806267806267808,5635.0,56.35,0.36,"[{'halfHeight': 10, 'risingPnt': np.int64(55871), 'fallingPnt': np.int64(56095), 'widthPnts': np.int64(224), 'widthMs': np.float64(2.24)}, {'halfHeight': 20, 'risingPnt': np.int64(55881), 'fallingPnt': np.int64(56074), 'widthPnts': np.int64(193), 'widthMs': np.float64(1.93)}, {'halfHeight': 50, 'risingPnt': np.int64(55895), 'fallingPnt': np.int64(56019), 'widthPnts': np.int64(124), 'widthMs': np.float64(1.24)}, {'halfHeight': 80, 'risingPnt': np.int64(55904), 'fallingPnt': np.int64(55969), 'widthPnts': np.int64(65), 'widthMs': np.float64(0.65)}, {'halfHeight': 90, 'risingPnt': np.int64(55907), 'fallingPnt': np.int64(55950), 'widthPnts': np.int64(43), 'widthMs': np.float64(0.43)}]",2.24,1.93,1.24,0.65,0.43,yes,,,,,,unknown,,,
16,stochastic-hh.sanpy,3,2,1.0,,dvdt,100.0,-40.0,0,"[10, 20, 50, 80, 90]",20260928,19:54:54,,,0.2.8.post45,ceeda3d8b38d399aaf1761b27ed8696acdeb9705,True,,16,6,0,[],,57829,0.57829,-41.534855945640736,31.34354974278992,57892,0.57892,49.07749333685148,90.61234928249222,0.6300000000000194,58180,0.5818,-70.96968100734831,57791.0,-48.551779674502605,57795,57810,0.15,-48.07645205917173,-46.06939198021838,13004.501309823863,,57874,19.9578724991864,329.04919164716756,57957,20.532663423066666,-65.75656887455736,1977.0,19.77,50.58168942842691,1975.0,19.75,0.38,"[{'halfHeight': 10, 'risingPnt': np.int64(57848), 'fallingPnt': np.int64(58066), 'widthPnts': np.int64(218), 'widthMs': np.float64(2.18)}, {'halfHeight': 20, 'risingPnt': np.int64(57857), 'fallingPnt': np.int64(58047), 'widthPnts': np.int64(190), 'widthMs': np.float64(1.9)}, {'halfHeight': 50, 'risingPnt': np.int64(57869), 'fallingPnt': np.int64(57990), 'widthPnts': np.int64(121), 'widthMs': np.float64(1.21)}, {'halfHeight': 80, 'risingPnt': np.int64(57878), 'fallingPnt': np.int64(57938), 'widthPnts': np.int64(60), 'widthMs': np.float64(0.6)}, {'halfHeight': 90, 'risingPnt': np.int64(57881), 'fallingPnt': np.int64(57921), 'widthPnts': np.int64(40), 'widthMs': np.float64(0.4)}]",2.18,1.9,1.21,0.6,0.4,yes,,,,,,unknown,,,
17,stochastic-hh.sanpy,3,2,1.0,,dvdt,100.0,-40.0,0,"[10, 20, 50, 80, 90]",20260928,19:54:54,,,0.2.8.post45,ceeda3d8b38d399aaf1761b27ed8696acdeb9705,True,,17,7,0,[],,62152,0.62152,-41.11009455901916,25.533113925194783,62223,0.6222300000000001,43.16422859700741,84.27432315602657,0.7100000000000994,62500,0.625,-70.93907954979122,62085.0,-48.53900035777381,62092,62119,0.27,-48.27358035566033,-46.54672080323748,5958.230666910102,,62201,12.995916378753085,273.7797447466898,62342,-11.155369067520555,-69.04281257543899,4323.0,43.23,23.13208420078649,4294.0,42.94,0.67,"[{'halfHeight': 10, 'risingPnt': np.int64(62173), 'fallingPnt': np.int64(62388), 'widthPnts': np.int64(215), 'widthMs': np.float64(2.15)}, {'halfHeight': 20, 'risingPnt': np.int64(62183), 'fallingPnt': np.int64(62369), 'widthPnts': np.int64(186), 'widthMs': np.float64(1.86)}, {'halfHeight': 50, 'risingPnt': np.int64(62197), 'fallingPnt': np.int64(62317), 'widthPnts': np.int64(120), 'widthMs': np.float64(1.2)}, {'halfHeight': 80, 'risingPnt': np.int64(62207), 'fallingPnt': np.int64(62266), 'widthPnts': np.int64(59), 'widthMs': np.float64(0.59)}, {'halfHeight': 90, 'risingPnt': np.int64(62211), 'fallingPnt': np.int64(62249), 'widthPnts': np.int64(38), 'widthMs': np.float64(0.38)}]",2.15,1.86,1.2,0.59,0.38,yes,,,,,,unknown,,,
18,stochastic-hh.sanpy,3,2,1.0,,dvdt,100.0,-40.0,0,"[10, 20, 50, 80, 90]",20260928,19:54:54,,,0.2.8.post45,ceeda3d8b38d399aaf1761b27ed8696acdeb9705,True,,18,8,0,[],,64925,0.64925,-41.78681269770502,31.347287803968417,64990,0.6498999999999999,48.63737009863227,90.42418279633728,0.6499999999999284,65276,0.65276,-70.92593315520483,64888.0,-48.53900035777381,64892,64906,0.14,-48.070281735431024,-46.29945007378671,12538.308298098618,,64970,15.93708188423342,326.14299010147556,65065,13.095058401002092,-68.27890084790072,2773.0,27.73,36.062026685899745,2803.0,28.03,0.37,"[{'halfHeight': 10, 'risingPnt': np.int64(64943), 'fallingPnt': np.int64(65159), 'widthPnts': np.int64(216), 'widthMs': np.float64(2.16)}, {'halfHeight': 20, 'risingPnt': np.int64(64953), 'fallingPnt': np.int64(65141), 'widthPnts': np.int64(188), 'widthMs': np.float64(1.88)}, {'halfHeight': 50, 'risingPnt': np.int64(64966), 'fallingPnt': np.int64(65081), 'widthPnts': np.int64(115), 'widthMs': np.float64(1.15)}, {'halfHeight': 80, 'risingPnt': np.int64(64975), 'fallingPnt': np.int64(65033), 'widthPnts': np.int64(58), 'widthMs': np.float64(0.58)}, {'halfHeight': 90, 'risingPnt': np.int64(64979), 'fallingPnt': np.int64(65017), 'widthPnts': np.int64(38), 'widthMs': np.float64(0.38)}]",2.16,1.88,1.15,0.58,0.38,yes,,,,,,unknown,,,
19,stochastic-hh.sanpy,3,2,1.0,,dvdt,100.0,-40.0,0,"[10, 20, 50, 80, 90]",20260928,19:54:54,,,0.2.8.post45,ceeda3d8b38d399aaf1761b27ed8696acdeb9705,True,,19,9,0,[],,73165,0.73165,-41.235535347652565,32.38309792504532,73228,0.7322799999999999,48.55409885109102,89.78963419874358,0.6299999999999084,73508,0.7350800000000001,-71.04278063911104,73126.0,-48.53900035777381,73130,73146,0.16,-48.015856560475854,-45.61148387529346,14996.1318143905,,73208,17.437590172352397,327.8771718988386,73312,10.374664146738857,-74.57064143929979,8240.0,82.4,12.135922330097086,8238.0,82.38,0.39,"[{'halfHeight': 10, 'risingPnt': np.int64(73182), 'fallingPnt': np.int64(73403), 'widthPnts': np.int64(221), 'widthMs': np.float64(2.21)}, {'halfHeight': 20, 'risingPnt': np.int64(73191), 'fallingPnt': np.int64(73383), 'widthPnts': np.int64(192), 'widthMs': np.float64(1.92)}, {'halfHeight': 50, 'risingPnt': np.int64(73204), 'fallingPnt': np.int64(73323), 'widthPnts': np.int64(119), 'widthMs': np.float64(1.19)}, {'halfHeight': 80, 'risingPnt': np.int64(73213), 'fallingPnt': np.int64(73276), 'widthPnts': np.int64(63), 'widthMs': np.float64(0.63)}, {'halfHeight': 90, 'risingPnt': np.int64(73216), 'fallingPnt': np.int64(73256), 'widthPnts': np.int64(40), 'widthMs': np.float64(0.4)}]",2.21,1.92,1.19,0.63,0.4,yes,,,,,,unknown,,,
20,stochastic-hh.sanpy,3,3,0.0,,dvdt,100.0,-40.0,0,"[10, 20, 50, 80, 90]",20260928,19:54:54,,,0.2.8.post45,ceeda3d8b38d399aaf1761b27ed8696acdeb9705,True,,20,10,0,[],,75959,0.75959,-42.17391746939272,33.18867072870912,76022,0.76022,50.23973597040473,92.41365343979746,0.6300000000000194,76315,0.76315,-71.07343408637584,75938.0,-47.07048328797143,75940,75948,0.08,-46.628827913179244,-45.15446992483934,17874.874163731427,,76003,17.93175943853311,333.0209582463489,76108,10.09632373225505,-67.16126710489178,2794.0,27.94,35.79098067287044,2812.0,28.12,0.21,"[{'halfHeight': 10, 'risingPnt': np.int64(75977), 'fallingPnt': np.int64(76207), 'widthPnts': np.int64(230), 'widthMs': np.float64(2.3)}, {'halfHeight': 20, 'risingPnt': np.int64(75986), 'fallingPnt': np.int64(76183), 'widthPnts': np.int64(197), 'widthMs': np.float64(1.97)}, {'halfHeight': 50, 'risingPnt': np.int64(75999), 'fallingPnt': np.int64(76121), 'widthPnts': np.int64(122), 'widthMs': np.float64(1.22)}, {'halfHeight': 80, 'risingPnt': np.int64(76008), 'fallingPnt': np.int64(76070), 'widthPnts': np.int64(62), 'widthMs': np.float64(0.62)}, {'halfHeight': 90, 'risingPnt': np.int64(76011), 'fallingPnt': np.int64(76053), 'widthPnts': np.int64(42), 'widthMs': np.float64(0.42)}]",2.3,1.97,1.22,0.62,0.42,yes,,,,,,unknown,,,
21,stochastic-hh.sanpy,3,3,0.0,,dvdt,100.0,-40.0,0,"[10, 20, 50, 80, 90]",20260928,19:54:54,,,0.2.8.post45,ceeda3d8b38d399aaf1761b27ed8696acdeb9705,True,,21,11,0,[],,89103,0.89103,-41.79597055271344,26.684093433015484,89169,0.8916900000000001,45.52031365130176,87.3162842040152,0.660000000000105,89471,0.89471,-70.88869925253857,89054.0,-48.522560252249,89059,89078,0.19,-48.159023051847576,-46.42440320128949,8832.198828151622,,89150,16.457031670108446,282.8776736065066,89227,22.011351478010212,-63.507090892253345,13144.0,131.44,7.608034083992696,13116.0,131.16,0.49,"[{'halfHeight': 10, 'risingPnt': np.int64(89123), 'fallingPnt': np.int64(89350), 'widthPnts': np.int64(227), 'widthMs': np.float64(2.27)}, {'halfHeight': 20, 'risingPnt': np.int64(89131), 'fallingPnt': np.int64(89329), 'widthPnts': np.int64(198), 'widthMs': np.float64(1.98)}, {'halfHeight': 50, 'risingPnt': np.int64(89145), 'fallingPnt': np.int64(89270), 'widthPnts': np.int64(125), 'widthMs': np.float64(1.25)}, {'halfHeight': 80, 'risingPnt': np.int64(89155), 'fallingPnt': np.int64(89216), 'widthPnts': np.int64(61), 'widthMs': np.float64(0.61)}, {'halfHeight': 90, 'risingPnt': np.int64(89159), 'fallingPnt': np.int64(89198), 'widthPnts': np.int64(39), 'widthMs': np.float64(0.39)}]",2.27,1.98,1.25,0.61,0.39,yes,,,,,,unknown,,,
22,stochastic-hh.sanpy,4,1,0.0,,dvdt,100.0,-40.0,0,"[10, 20, 50, 80, 90]",20260928,19:54:54,,,0.2.8.post45,ceeda3d8b38d399aaf1761b27ed8696acdeb9705,True,,22,0,0,"[{'Spike': 0, 'Seconds': np.float64(0.2143), 'Sweep': 4, 'Epoch': 1, 'Type': 'Pre spike min under-run (mdp)', 'Details': 'Went past startPnt 0 searching for pre-spike min'}]",,21429,0.21428999999999998,-41.19759383171227,29.44466229970626,21499,0.21499000000000001,45.94287383067551,87.14046766238778,0.7000000000000339,21787,0.21787,-70.98707532135191,16581.0,-60.783982349372494,17066,19005,19.39,-59.104496881845435,-59.61787056065251,29.448445228655796,,21478,19.612881103829594,295.6178579674767,21562,18.301334299731714,-67.30181043011243,,,,,,48.48,"[{'halfHeight': 10, 'risingPnt': np.int64(21448), 'fallingPnt': np.int64(21666), 'widthPnts': np.int64(218), 'widthMs': np.float64(2.18)}, {'halfHeight': 20, 'risingPnt': np.int64(21458), 'fallingPnt': np.int64(21647), 'widthPnts': np.int64(189), 'widthMs': np.float64(1.89)}, {'halfHeight': 50, 'risingPnt': np.int64(21472), 'fallingPnt': np.int64(21592), 'widthPnts': np.int64(120), 'widthMs': np.float64(1.2)}, {'halfHeight': 80, 'risingPnt': np.int64(21482), 'fallingPnt': np.int64(21543), 'widthPnts': np.int64(61), 'widthMs': np.float64(0.61)}, {'halfHeight': 90, 'risingPnt': np.int64(21485), 'fallingPnt': np.int64(21526), 'widthPnts': np.int64(41), 'widthMs': np.float64(0.41)}]",2.18,1.89,1.2,0.61,0.41,yes,,,,,,unknown,,,
23,stochastic-hh.sanpy,4,2,2.0,,dvdt,100.0,-40.0,0,"[10, 20, 50, 80, 90]",20260928,19:54:54,,,0.2.8.post45,ceeda3d8b38d399aaf1761b27ed8696acdeb9705,True,,23,1,0,[],,30074,0.30074,-42.322384809781205,28.990211583332414,30143,0.30143000000000003,47.00932894866379,89.331713758445,0.6900000000000239,30429,0.30429,-70.7525977867691,30010.0,-49.8810083333789,30016,30042,0.26,-49.40976737578733,-47.337828519597025,7860.8198568139715,,30123,15.545048260661098,297.44630372404475,30209,18.728095272101655,-65.66722482522783,8645.0,86.45,11.56737998843262,13429.0,134.29,0.64,"[{'halfHeight': 10, 'risingPnt': np.int64(30094), 'fallingPnt': np.int64(30319), 'widthPnts': np.int64(225), 'widthMs': np.float64(2.25)}, {'halfHeight': 20, 'risingPnt': np.int64(30105), 'fallingPnt': np.int64(30300), 'widthPnts': np.int64(195), 'widthMs': np.float64(1.95)}, {'halfHeight': 50, 'risingPnt': np.int64(30119), 'fallingPnt': np.int64(30244), 'widthPnts': np.int64(125), 'widthMs': np.float64(1.25)}, {'halfHeight': 80, 'risingPnt': np.int64(30128), 'fallingPnt': np.int64(30187), 'widthPnts': np.int64(59), 'widthMs': np.float64(0.59)}, {'halfHeight': 90, 'risingPnt': np.int64(30132), 'fallingPnt': np.int64(30169), 'widthPnts': np.int64(37), 'widthMs': np.float64(0.37)}]",2.25,1.95,1.25,0.59,0.37,yes,,,,,,unknown,,,
24,stochastic-hh.sanpy,4,2,2.0,,dvdt,100.0,-40.0,0,"[10, 20, 50, 80, 90]",20260928,19:54:54,,,0.2.8.post45,ceeda3d8b38d399aaf1761b27ed8696acdeb9705,True,,24,2,0,[],,37516,0.37516000000000005,-41.21966674684556,30.35269640370374,37581,0.37581,47.95538459132273,89.17505133816829,0.6499999999999284,37858,0.37857999999999997,-70.80504246756618,37457.0,-49.8810083333789,37463,37487,0.24,-49.52322015611079,-47.13033678072029,9748.55130482667,,37560,15.106756771800772,310.5632392021297,37644,18.5927969768412,-70.70379293731403,7442.0,74.42,13.437248051599033,7447.0,74.47,0.59,"[{'halfHeight': 10, 'risingPnt': np.int64(37534), 'fallingPnt': np.int64(37748), 'widthPnts': np.int64(214), 'widthMs': np.float64(2.14)}, {'halfHeight': 20, 'risingPnt': np.int64(37543), 'fallingPnt': np.int64(37727), 'widthPnts': np.int64(184), 'widthMs': np.float64(1.84)}, {'halfHeight': 50, 'risingPnt': np.int64(37557), 'fallingPnt': np.int64(37670), 'widthPnts': np.int64(113), 'widthMs': np.float64(1.13)}, {'halfHeight': 80, 'risingPnt': np.int64(37566), 'fallingPnt': np.int64(37624), 'widthPnts': np.int64(58), 'widthMs': np.float64(0.58)}, {'halfHeight': 90, 'risingPnt': np.int64(37569), 'fallingPnt': np.int64(37607), 'widthPnts': np.int64(38), 'widthMs': np.float64(0.38)}]",2.14,1.84,1.13,0.58,0.38,yes,,,,,,unknown,,,
25,stochastic-hh.sanpy,4,2,2.0,,dvdt,100.0,-40.0,0,"[10, 20, 50, 80, 90]",20260928,19:54:54,,,0.2.8.post45,ceeda3d8b38d399aaf1761b27ed8696acdeb9705,True,,25,3,0,[],,42270,0.42269999999999996,-41.87087538374255,30.79452246026263,42338,0.42338,46.23896808898701,88.10984347272955,0.6800000000000139,42633,0.42633,-70.68936899922544,42216.0,-49.8810083333789,42221,42243,0.22,-49.46427037820781,-47.01311404070238,11153.988562170134,,42318,17.100546433192214,314.3629953994096,42409,14.948723506644331,-60.69324166678884,4754.0,47.54,21.034917963819943,4759.0,47.59,0.54,"[{'halfHeight': 10, 'risingPnt': np.int64(42290), 'fallingPnt': np.int64(42515), 'widthPnts': np.int64(225), 'widthMs': np.float64(2.25)}, {'halfHeight': 20, 'risingPnt': np.int64(42300), 'fallingPnt': np.int64(42495), 'widthPnts': np.int64(195), 'widthMs': np.float64(1.95)}, {'halfHeight': 50, 'risingPnt': np.int64(42313), 'fallingPnt': np.int64(42434), 'widthPnts': np.int64(121), 'widthMs': np.float64(1.21)}, {'halfHeight': 80, 'risingPnt': np.int64(42322), 'fallingPnt': np.int64(42384), 'widthPnts': np.int64(62), 'widthMs': np.float64(0.62)}, {'halfHeight': 90, 'risingPnt': np.int64(42326), 'fallingPnt': np.int64(42366), 'widthPnts': np.int64(40), 'widthMs': np.float64(0.4)}]",2.25,1.95,1.21,0.62,0.4,yes,,,,,,unknown,,,
26,stochastic-hh.sanpy,4,2,2.0,,dvdt,100.0,-40.0,0,"[10, 20, 50, 80, 90]",20260928,19:54:54,,,0.2.8.post45,ceeda3d8b38d399aaf1761b27ed8696acdeb9705,True,,26,4,0,[],,44122,0.44122,-40.815969272991175,30.655657147491013,44186,0.44186000000000003,47.977459594193654,88.79342886718483,0.6400000000000294,44473,0.44473,-70.8345313676452,44063.0,-49.8810083333789,44069,44093,0.24,-49.383823941118266,-46.95302997693107,9823.356346042923,,44166,17.854322927088116,308.47462205899234,44297,-1.9721436858744368,-66.65053174900581,1852.0,18.52,53.99568034557236,1847.0,18.47,0.59,"[{'halfHeight': 10, 'risingPnt': np.int64(44140), 'fallingPnt': np.int64(44359), 'widthPnts': np.int64(219), 'widthMs': np.float64(2.19)}, {'halfHeight': 20, 'risingPnt': np.int64(44148), 'fallingPnt': np.int64(44344), 'widthPnts': np.int64(196), 'widthMs': np.float64(1.96)}, {'halfHeight': 50, 'risingPnt': np.int64(44162), 'fallingPnt': np.int64(44288), 'widthPnts': np.int64(126), 'widthMs': np.float64(1.26)}, {'halfHeight': 80, 'risingPnt': np.int64(44171), 'fallingPnt': np.int64(44235), 'widthPnts': np.int64(64), 'widthMs': np.float64(0.64)}, {'halfHeight': 90, 'risingPnt': np.int64(44174), 'fallingPnt': np.int64(44215), 'widthPnts': np.int64(41), 'widthMs': np.float64(0.41)}]",2.19,1.96,1.26,0.64,0.41,yes,,,,,,unknown,,,
27,stochastic-hh.sanpy,4,2,2.0,,dvdt,100.0,-40.0,0,"[10, 20, 50, 80, 90]",20260928,19:54:54,,,0.2.8.post45,ceeda3d8b38d399aaf1761b27ed8696acdeb9705,True,,27,5,0,[],,47048,0.47048,-41.37182645746906,27.82250904416832,47116,0.47116,45.406279149495795,86.77810560696486,0.6800000000000139,47387,0.47387,-70.79883957325916,47003.0,-47.96332800822071,47007,47025,0.18,-47.56041751449091,-45.733603846286314,10108.279492550897,,47097,18.77219079873479,281.3493634904311,47161,25.972710059637816,-73.75999336487004,2926.0,29.26,34.17634996582365,2940.0,29.4,0.45,"[{'halfHeight': 10, 'risingPnt': np.int64(47067), 'fallingPnt': np.int64(47275), 'widthPnts': np.int64(208), 'widthMs': np.float64(2.08)}, {'halfHeight': 20, 'risingPnt': np.int64(47077), 'fallingPnt': np.int64(47257), 'widthPnts': np.int64(180), 'widthMs': np.float64(1.8)}, {'halfHeight': 50, 'risingPnt': np.int64(47091), 'fallingPnt': np.int64(47204), 'widthPnts': np.int64(113), 'widthMs': np.float64(1.13)}, {'halfHeight': 80, 'risingPnt': np.int64(47101), 'fallingPnt': np.int64(47159), 'widthPnts': np.int64(58), 'widthMs': np.float64(0.58)}, {'halfHeight': 90, 'risingPnt': np.int64(47105), 'fallingPnt': np.int64(47142), 'widthPnts': np.int64(37), 'widthMs': np.float64(0.37)}]",2.08,1.8,1.13,0.58,0.37,yes,,,,,,unknown,,,
28,stochastic-hh.sanpy,4,2,2.0,,dvdt,100.0,-40.0,0,"[10, 20, 50, 80, 90]",20260928,19:54:54,,,0.2.8.post45,ceeda3d8b38d399aaf1761b27ed8696acdeb9705,True,,28,6,0,[],,48712,0.48712,-41.709475355389536,31.28562344011262,48776,0.48775999999999997,48.62871738029008,90.33819273567961,0.6399999999999739,49063,0.49063,-70.90302017423153,48681.0,-47.96332800822071,48684,48697,0.13,-47.53527019555713,-45.30715579400201,16791.494658124528,,48757,16.270950774942424,321.2413359548026,48849,17.65235383415751,-73.72543026196139,1664.0,16.64,60.09615384615384,1678.0,16.78,0.31,"[{'halfHeight': 10, 'risingPnt': np.int64(48731), 'fallingPnt': np.int64(48951), 'widthPnts': np.int64(220), 'widthMs': np.float64(2.2)}, {'halfHeight': 20, 'risingPnt': np.int64(48740), 'fallingPnt': np.int64(48932), 'widthPnts': np.int64(192), 'widthMs': np.float64(1.92)}, {'halfHeight': 50, 'risingPnt': np.int64(48753), 'fallingPnt': np.int64(48876), 'widthPnts': np.int64(123), 'widthMs': np.float64(1.23)}, {'halfHeight': 80, 'risingPnt': np.int64(48762), 'fallingPnt': np.int64(48824), 'widthPnts': np.int64(62), 'widthMs': np.float64(0.62)}, {'halfHeight': 90, 'risingPnt': np.int64(48766), 'fallingPnt': np.int64(48805), 'widthPnts': np.int64(39), 'widthMs': np.float64(0.39)}]",2.2,1.92,1.23,0.62,0.39,yes,,,,,,unknown,,,
29,stochastic-hh.sanpy,4,2,2.0,,dvdt,100.0,-40.0,0,"[10, 20, 50, 80, 90]",20260928,19:54:54,,,0.2.8.post45,ceeda3d8b38d399aaf1761b27ed8696acdeb9705,True,,29,7,0,[],,50430,0.5043,-40.84168947274893,32.82530491442276,50492,0.50492,48.569155437365715,89.41084491011465,0.6200000000000649,50780,0.5078,-70.86425611843231,50394.0,-47.99912233676495,50398,50412,0.14,-47.44648690484478,-45.36929113736663,14330.328628303423,,50474,21.19937389237753,328.8905824822549,50543,28.597329879751946,-67.07402928981183,1718.0,17.18,58.20721769499418,1713.0,17.13,0.36,"[{'halfHeight': 10, 'risingPnt': np.int64(50447), 'fallingPnt': np.int64(50667), 'widthPnts': np.int64(220), 'widthMs': np.float64(2.2)}, {'halfHeight': 20, 'risingPnt': np.int64(50455), 'fallingPnt': np.int64(50645), 'widthPnts': np.int64(190), 'widthMs': np.float64(1.9)}, {'halfHeight': 50, 'risingPnt': np.int64(50469), 'fallingPnt': np.int64(50589), 'widthPnts': np.int64(120), 'widthMs': np.float64(1.2)}, {'halfHeight': 80, 'risingPnt': np.int64(50477), 'fallingPnt': np.int64(50540), 'widthPnts': np.int64(63), 'widthMs': np.float64(0.63)}, {'halfHeight': 90, 'risingPnt': np.int64(50481), 'fallingPnt': np.int64(50520), 'widthPnts': np.int64(39), 'widthMs': np.float64(0.39)}]",2.2,1.9,1.2,0.63,0.39,yes,,,,,,unknown,,,
30,stochastic-hh.sanpy,4,2,2.0,,dvdt,100.0,-40.0,0,"[10, 20, 50, 80, 90]",20260928,19:54:54,,,0.2.8.post45,ceeda3d8b38d399aaf1761b27ed8696acdeb9705,True,,30,8,0,[],,60498,0.6049800000000001,-40.95703970578768,31.85150528869356,60561,0.60561,48.515275044560646,89.47231475034832,0.6299999999999084,60849,0.60849,-70.62227693945255,60462.0,-47.99912233676495,60466,60480,0.14,-47.30466907832213,-45.16581977621836,14775.255815591721,,60541,17.362444881706494,323.8155365479412,60603,31.766217328692946,-71.10395835645154,10068.0,100.68,9.932459276916964,10068.0,100.68,0.36,"[{'halfHeight': 10, 'risingPnt': np.int64(60515), 'fallingPnt': np.int64(60735), 'widthPnts': np.int64(220), 'widthMs': np.float64(2.2)}, {'halfHeight': 20, 'risingPnt': np.int64(60524), 'fallingPnt': np.int64(60710), 'widthPnts': np.int64(186), 'widthMs': np.float64(1.86)}, {'halfHeight': 50, 'risingPnt': np.int64(60537), 'fallingPnt': np.int64(60652), 'widthPnts': np.int64(115), 'widthMs': np.float64(1.15)}, {'halfHeight': 80, 'risingPnt': np.int64(60546), 'fallingPnt': np.int64(60605), 'widthPnts': np.int64(59), 'widthMs': np.float64(0.59)}, {'halfHeight': 90, 'risingPnt': np.int64(60549), 'fallingPnt': np.int64(60589), 'widthPnts': np.int64(40), 'widthMs': np.float64(0.4)}]",2.2,1.86,1.15,0.59,0.4,yes,,,,,,unknown,,,
31,stochastic-hh.sanpy,4,2,2.0,,dvdt,100.0,-40.0,0,"[10, 20, 50, 80, 90]",20260928,19:54:54,,,0.2.8.post45,ceeda3d8b38d399aaf1761b27ed8696acdeb9705,True,,31,9,0,[],,65830,0.6583,-42.45569044834807,29.846877859895667,65897,0.6589700000000001,47.9126814360816,90.36837188442968,0.6700000000000594,66181,0.6618099999999999,-70.77082459798693,65802.0,-47.99912233676495,65805,65816,0.11,-47.54287305689391,-45.84868991884149,14886.385968756527,,65878,20.937750966559047,314.08459709013687,65953,24.30567927394671,-66.33553470683198,5332.0,53.32,18.754688672168044,5340.0,53.4,0.28,"[{'halfHeight': 10, 'risingPnt': np.int64(65849), 'fallingPnt': np.int64(66072), 'widthPnts': np.int64(223), 'widthMs': np.float64(2.23)}, {'halfHeight': 20, 'risingPnt': np.int64(65859), 'fallingPnt': np.int64(66053), 'widthPnts': np.int64(194), 'widthMs': np.float64(1.94)}, {'halfHeight': 50, 'risingPnt': np.int64(65872), 'fallingPnt': np.int64(65995), 'widthPnts': np.int64(123), 'widthMs': np.float64(1.23)}, {'halfHeight': 80, 'risingPnt': np.int64(65881), 'fallingPnt': np.int64(65944), 'widthPnts': np.int64(63), 'widthMs': np.float64(0.63)}, {'halfHeight': 90, 'risingPnt': np.int64(65885), 'fallingPnt': np.int64(65925), 'widthPnts': np.int64(40), 'widthMs': np.float64(0.4)}]",2.23,1.94,1.23,0.63,0.4,yes,,,,,,unknown,,,
32,stochastic-hh.sanpy,4,2,2.0,,dvdt,100.0,-40.0,0,"[10, 20, 50, 80, 90]",20260928,19:54:54,,,0.2.8.post45,ceeda3d8b38d399aaf1761b27ed8696acdeb9705,True,,32,10,0,[],,67638,0.67638,-41.44031415262605,32.251467292122584,67701,0.67701,49.39811319811563,90.83842735074168,0.6300000000000194,67995,0.67995,-70.7849195897015,67602.0,-47.99912233676495,67606,67620,0.14,-47.502972031591966,-45.677735045090714,12666.138786307562,,67684,23.46494677105155,332.78151385557595,67779,13.913714474880875,-63.93568137237088,1808.0,18.08,55.30973451327434,1800.0,18.0,0.36,"[{'halfHeight': 10, 'risingPnt': np.int64(67656), 'fallingPnt': np.int64(67882), 'widthPnts': np.int64(226), 'widthMs': np.float64(2.26)}, {'halfHeight': 20, 'risingPnt': np.int64(67665), 'fallingPnt': np.int64(67862), 'widthPnts': np.int64(197), 'widthMs': np.float64(1.97)}, {'halfHeight': 50, 'risingPnt': np.int64(67678), 'fallingPnt': np.int64(67801), 'widthPnts': np.int64(123), 'widthMs': np.float64(1.23)}, {'halfHeight': 80, 'risingPnt': np.int64(67687), 'fallingPnt': np.int64(67746), 'widthPnts': np.int64(59), 'widthMs': np.float64(0.59)}, {'halfHeight': 90, 'risingPnt': np.int64(67690), 'fallingPnt': np.int64(67728), 'widthPnts': np.int64(38), 'widthMs': np.float64(0.38)}]",2.26,1.97,1.23,0.59,0.38,yes,,,,,,unknown,,,
33,stochastic-hh.sanpy,4,2,2.0,,dvdt,100.0,-40.0,0,"[10, 20, 50, 80, 90]",20260928,19:54:54,,,0.2.8.post45,ceeda3d8b38d399aaf1761b27ed8696acdeb9705,True,,33,11,0,[],,72324,0.72324,-41.61127221249098,29.777969403373262,72389,0.72389,46.38885171936503,88.00012393185601,0.6500000000000394,72682,0.72682,-70.7335956658977,72281.0,-47.99912233676495,72285,72303,0.18,-47.59151372893614,-45.661436190535255,10795.969932322256,,72371,18.776360966197526,315.11609771585097,72471,10.245178658081533,-74.74072749107889,4686.0,46.86,21.340162185232607,4679.0,46.79,0.43,"[{'halfHeight': 10, 'risingPnt': np.int64(72343), 'fallingPnt': np.int64(72562), 'widthPnts': np.int64(219), 'widthMs': np.float64(2.19)}, {'halfHeight': 20, 'risingPnt': np.int64(72353), 'fallingPnt': np.int64(72542), 'widthPnts': np.int64(189), 'widthMs': np.float64(1.89)}, {'halfHeight': 50, 'risingPnt': np.int64(72366), 'fallingPnt': np.int64(72485), 'widthPnts': np.int64(119), 'widthMs': np.float64(1.19)}, {'halfHeight': 80, 'risingPnt': np.int64(72375), 'fallingPnt': np.int64(72434), 'widthPnts': np.int64(59), 'widthMs': np.float64(0.59)}, {'halfHeight': 90, 'risingPnt': np.int64(72378), 'fallingPnt': np.int64(72418), 'widthPnts': np.int64(40), 'widthMs': np.float64(0.4)}]",2.19,1.89,1.19,0.59,0.4,yes,,,,,,unknown,,,
34,stochastic-hh.sanpy,4,2,2.0,,dvdt,100.0,-40.0,0,"[10, 20, 50, 80, 90]",20260928,19:54:54,,,0.2.8.post45,ceeda3d8b38d399aaf1761b27ed8696acdeb9705,True,,34,12,0,[],,74333,0.74333,-41.42414643655068,29.529649457880463,74398,0.74398,46.62832536874515,88.05247180529582,0.6499999999999284,74678,0.74678,-70.87888599818191,74293.0,-48.25371917276314,74297,74313,0.16,-47.926692757466384,-46.06795071940146,11486.315501560644,,74378,15.455329541293565,303.8651243912971,74597,-48.65389905214665,-68.18184355852847,2009.0,20.09,49.77600796416127,2012.0,20.12,0.4,"[{'halfHeight': 10, 'risingPnt': np.int64(74351), 'fallingPnt': np.int64(74568), 'widthPnts': np.int64(217), 'widthMs': np.float64(2.17)}, {'halfHeight': 20, 'risingPnt': np.int64(74360), 'fallingPnt': np.int64(74550), 'widthPnts': np.int64(190), 'widthMs': np.float64(1.9)}, {'halfHeight': 50, 'risingPnt': np.int64(74374), 'fallingPnt': np.int64(74496), 'widthPnts': np.int64(122), 'widthMs': np.float64(1.22)}, {'halfHeight': 80, 'risingPnt': np.int64(74383), 'fallingPnt': np.int64(74446), 'widthPnts': np.int64(63), 'widthMs': np.float64(0.63)}, {'halfHeight': 90, 'risingPnt': np.int64(74387), 'fallingPnt': np.int64(74426), 'widthPnts': np.int64(39), 'widthMs': np.float64(0.39)}]",2.17,1.9,1.22,0.63,0.39,yes,,,,,,unknown,,,
35,stochastic-hh.sanpy,4,3,0.0,,dvdt,100.0,-40.0,0,"[10, 20, 50, 80, 90]",20260928,19:54:54,,,0.2.8.post45,ceeda3d8b38d399aaf1761b27ed8696acdeb9705,True,,35,13,0,[],,79622,0.79622,-41.962942525740694,32.3762281606989,79685,0.7968500000000001,49.48295132684447,91.44589385258516,0.6300000000000194,79984,0.79984,-71.0040379950936,79598.0,-47.35365189839155,79600,79610,0.1,-46.994677549111515,-45.112319641326565,18639.572008047875,,79667,18.5751168531462,331.9419972950813,79786,3.858312934959768,-63.19347541906789,5289.0,52.89,18.907165815844206,5305.0,53.05,0.24,"[{'halfHeight': 10, 'risingPnt': np.int64(79640), 'fallingPnt': np.int64(79871), 'widthPnts': np.int64(231), 'widthMs': np.float64(2.31)}, {'halfHeight': 20, 'risingPnt': np.int64(79650), 'fallingPnt': np.int64(79847), 'widthPnts': np.int64(197), 'widthMs': np.float64(1.97)}, {'halfHeight': 50, 'risingPnt': np.int64(79663), 'fallingPnt': np.int64(79787), 'widthPnts': np.int64(124), 'widthMs': np.float64(1.24)}, {'halfHeight': 80, 'risingPnt': np.int64(79671), 'fallingPnt': np.int64(79734), 'widthPnts': np.int64(63), 'widthMs': np.float64(0.63)}, {'halfHeight': 90, 'risingPnt': np.int64(79675), 'fallingPnt': np.int64(79715), 'widthPnts': np.int64(40), 'widthMs': np.float64(0.4)}]",2.31,1.97,1.24,0.63,0.4,yes,,,,,,unknown,,,
36,stochastic-hh.sanpy,5,2,3.0,,dvdt,100.0,-40.0,0,"[10, 20, 50, 80, 90]",20260928,19:54:54,,,0.2.8.post45,ceeda3d8b38d399aaf1761b27ed8696acdeb9705,True,,36,0,0,"[{'Spike': 0, 'Seconds': np.float64(0.2537), 'Sweep': 5, 'Epoch': 2, 'Type': 'Fit EDD', 'Details': 'Early diastolic duration rate fit - Too low -125.529<=8'}]",,25368,0.25368,-41.62877360419253,30.069753119079067,25433,0.25433,47.39505166449881,89.02382526869134,0.6499999999999839,25715,0.25715,-70.84569941422757,22687.0,-60.69631355896186,22955,24027,10.72,-58.94649405837545,-59.19855461529098,-125.52931858572006,,25414,17.83889228628031,308.07081844492774,25519,9.1978312884165,-63.857898012566785,,,,,,26.81,"[{'halfHeight': 10, 'risingPnt': np.int64(25387), 'fallingPnt': np.int64(25609), 'widthPnts': np.int64(222), 'widthMs': np.float64(2.22)}, {'halfHeight': 20, 'risingPnt': np.int64(25396), 'fallingPnt': np.int64(25589), 'widthPnts': np.int64(193), 'widthMs': np.float64(1.93)}, {'halfHeight': 50, 'risingPnt': np.int64(25409), 'fallingPnt': np.int64(25531), 'widthPnts': np.int64(122), 'widthMs': np.float64(1.22)}, {'halfHeight': 80, 'risingPnt': np.int64(25418), 'fallingPnt': np.int64(25478), 'widthPnts': np.int64(60), 'widthMs': np.float64(0.6)}, {'halfHeight': 90, 'risingPnt': np.int64(25422), 'fallingPnt': np.int64(25459), 'widthPnts': np.int64(37), 'widthMs': np.float64(0.37)}]",2.22,1.93,1.22,0.6,0.37,yes,,,,,,unknown,,,
37,stochastic-hh.sanpy,5,2,3.0,,dvdt,100.0,-40.0,0,"[10, 20, 50, 80, 90]",20260928,19:54:54,,,0.2.8.post45,ceeda3d8b38d399aaf1761b27ed8696acdeb9705,True,,37,1,0,[],,27572,0.27572,-40.54576041171628,29.23066502614059,27634,0.27634,46.88678930638165,87.43254971809793,0.6199999999999539,27921,0.27920999999999996,-70.6646577044145,27536.0,-47.17492476740025,27540,27554,0.14,-46.7155285778235,-44.68526845686529,14419.67262557616,,27616,18.366722585321117,300.01675486287803,27708,15.916594837050452,-62.92645030407872,2204.0,22.04,45.37205081669691,4849.0,48.49,0.36,"[{'halfHeight': 10, 'risingPnt': np.int64(27590), 'fallingPnt': np.int64(27805), 'widthPnts': np.int64(215), 'widthMs': np.float64(2.15)}, {'halfHeight': 20, 'risingPnt': np.int64(27598), 'fallingPnt': np.int64(27787), 'widthPnts': np.int64(189), 'widthMs': np.float64(1.89)}, {'halfHeight': 50, 'risingPnt': np.int64(27611), 'fallingPnt': np.int64(27732), 'widthPnts': np.int64(121), 'widthMs': np.float64(1.21)}, {'halfHeight': 80, 'risingPnt': np.int64(27620), 'fallingPnt': np.int64(27683), 'widthPnts': np.int64(63), 'widthMs': np.float64(0.63)}, {'halfHeight': 90, 'risingPnt': np.int64(27624), 'fallingPnt': np.int64(27665), 'widthPnts': np.int64(41), 'widthMs': np.float64(0.41)}]",2.15,1.89,1.21,0.63,0.41,yes,,,,,,unknown,,,
38,stochastic-hh.sanpy,5,2,3.0,,dvdt,100.0,-40.0,0,"[10, 20, 50, 80, 90]",20260928,19:54:54,,,0.2.8.post45,ceeda3d8b38d399aaf1761b27ed8696acdeb9705,True,,38,2,0,[],,30042,0.30042,-40.52736636844885,27.18266215399249,30109,0.30108999999999997,43.442710547344305,83.97007691579316,0.6699999999999484,30384,0.30384,-70.62620593382954,29998.0,-47.17492476740025,30002,30020,0.18,-46.815351248278155,-44.941497647035625,9991.36706937679,,30088,14.115348364797027,273.9337420131874,30306,-51.02401705372753,-65.65889730576654,2470.0,24.7,40.48582995951417,2462.0,24.62,0.44,"[{'halfHeight': 10, 'risingPnt': np.int64(30061), 'fallingPnt': np.int64(30270), 'widthPnts': np.int64(209), 'widthMs': np.float64(2.09)}, {'halfHeight': 20, 'risingPnt': np.int64(30070), 'fallingPnt': np.int64(30250), 'widthPnts': np.int64(180), 'widthMs': np.float64(1.8)}, {'halfHeight': 50, 'risingPnt': np.int64(30083), 'fallingPnt': np.int64(30198), 'widthPnts': np.int64(115), 'widthMs': np.float64(1.15)}, {'halfHeight': 80, 'risingPnt': np.int64(30093), 'fallingPnt': np.int64(30153), 'widthPnts': np.int64(60), 'widthMs': np.float64(0.6)}, {'halfHeight': 90, 'risingPnt': np.int64(30097), 'fallingPnt': np.int64(30136), 'widthPnts': np.int64(39), 'widthMs': np.float64(0.39)}]",2.09,1.8,1.15,0.6,0.39,yes,,,,,,unknown,,,
39,stochastic-hh.sanpy,5,2,3.0,,dvdt,100.0,-40.0,0,"[10, 20, 50, 80, 90]",20260928,19:54:54,,,0.2.8.post45,ceeda3d8b38d399aaf1761b27ed8696acdeb9705,True,,39,3,0,[],,31936,0.31936000000000003,-41.004864169721756,29.399454545001685,32003,0.32003,45.33641479599665,86.3412789657184,0.6699999999999484,32269,0.32269,-70.73878345174006,31899.0,-47.17492476740025,31903,31917,0.14,-46.6531355545685,-44.78773052699469,13323.542460596102,,31983,18.02391847779178,300.32173092383744,32200,-53.32288174949847,-73.01580076187115,1894.0,18.94,52.798310454065465,1901.0,19.01,0.37,"[{'halfHeight': 10, 'risingPnt': np.int64(31955), 'fallingPnt': np.int64(32164), 'widthPnts': np.int64(209), 'widthMs': np.float64(2.09)}, {'halfHeight': 20, 'risingPnt': np.int64(31964), 'fallingPnt': np.int64(32144), 'widthPnts': np.int64(180), 'widthMs': np.float64(1.8)}, {'halfHeight': 50, 'risingPnt': np.int64(31978), 'fallingPnt': np.int64(32092), 'widthPnts': np.int64(114), 'widthMs': np.float64(1.14)}, {'halfHeight': 80, 'risingPnt': np.int64(31987), 'fallingPnt': np.int64(32045), 'widthPnts': np.int64(58), 'widthMs': np.float64(0.58)}, {'halfHeight': 90, 'risingPnt': np.int64(31990), 'fallingPnt': np.int64(32028), 'widthPnts': np.int64(38), 'widthMs': np.float64(0.38)}]",2.09,1.8,1.14,0.58,0.38,yes,,,,,,unknown,,,
40,stochastic-hh.sanpy,5,2,3.0,,dvdt,100.0,-40.0,0,"[10, 20, 50, 80, 90]",20260928,19:54:54,,,0.2.8.post45,ceeda3d8b38d399aaf1761b27ed8696acdeb9705,True,,40,4,0,[],,33684,0.33684,-41.55495041658938,30.09048509499496,33750,0.3375,46.56215944561358,88.11710986220297,0.6600000000000494,34029,0.34029000000000004,-70.71555321422431,33656.0,-47.17492476740025,33659,33670,0.11,-46.666733707757544,-44.8989638837093,15695.081114239827,,33728,13.981473002335976,309.0009459566973,33807,21.894018700726722,-71.4920248738601,1748.0,17.48,57.20823798627003,1757.0,17.57,0.28,"[{'halfHeight': 10, 'risingPnt': np.int64(33702), 'fallingPnt': np.int64(33925), 'widthPnts': np.int64(223), 'widthMs': np.float64(2.23)}, {'halfHeight': 20, 'risingPnt': np.int64(33711), 'fallingPnt': np.int64(33903), 'widthPnts': np.int64(192), 'widthMs': np.float64(1.92)}, {'halfHeight': 50, 'risingPnt': np.int64(33725), 'fallingPnt': np.int64(33844), 'widthPnts': np.int64(119), 'widthMs': np.float64(1.19)}, {'halfHeight': 80, 'risingPnt': np.int64(33733), 'fallingPnt': np.int64(33796), 'widthPnts': np.int64(63), 'widthMs': np.float64(0.63)}, {'halfHeight': 90, 'risingPnt': np.int64(33737), 'fallingPnt': np.int64(33779), 'widthPnts': np.int64(42), 'widthMs': np.float64(0.42)}]",2.23,1.92,1.19,0.63,0.42,yes,,,,,,unknown,,,
41,stochastic-hh.sanpy,5,2,3.0,,dvdt,100.0,-40.0,0,"[10, 20, 50, 80, 90]",20260928,19:54:54,,,0.2.8.post45,ceeda3d8b38d399aaf1761b27ed8696acdeb9705,True,,41,5,0,[],,35420,0.3542,-41.107936601137794,29.95925983886464,35485,0.35485,45.43880263754963,86.54673923868742,0.6499999999999839,35763,0.35763,-70.73842201418529,35389.0,-47.17492476740025,35392,35405,0.13,-46.64500149462769,-44.471206194987055,16660.12784505133,,35465,14.571309635150785,302.7532542801633,35542,19.907951228241505,-68.98172017242833,1736.0,17.36,57.6036866359447,1733.0,17.33,0.31,"[{'halfHeight': 10, 'risingPnt': np.int64(35438), 'fallingPnt': np.int64(35652), 'widthPnts': np.int64(214), 'widthMs': np.float64(2.14)}, {'halfHeight': 20, 'risingPnt': np.int64(35447), 'fallingPnt': np.int64(35632), 'widthPnts': np.int64(185), 'widthMs': np.float64(1.85)}, {'halfHeight': 50, 'risingPnt': np.int64(35461), 'fallingPnt': np.int64(35576), 'widthPnts': np.int64(115), 'widthMs': np.float64(1.15)}, {'halfHeight': 80, 'risingPnt': np.int64(35470), 'fallingPnt': np.int64(35527), 'widthPnts': np.int64(57), 'widthMs': np.float64(0.57)}, {'halfHeight': 90, 'risingPnt': np.int64(35474), 'fallingPnt': np.int64(35511), 'widthPnts': np.int64(37), 'widthMs': np.float64(0.37)}]",2.14,1.85,1.15,0.57,0.37,yes,,,,,,unknown,,,
42,stochastic-hh.sanpy,5,2,3.0,,dvdt,100.0,-40.0,0,"[10, 20, 50, 80, 90]",20260928,19:54:54,,,0.2.8.post45,ceeda3d8b38d399aaf1761b27ed8696acdeb9705,True,,42,6,0,[],,41136,0.41136,-40.584250192388375,26.256787324247405,41202,0.41202,43.43382976607062,84.018079958459,0.6599999999999939,41476,0.41476,-70.70725547159199,41099.0,-47.17492476740025,41103,41117,0.14,-46.692857100842545,-44.83914155000263,12884.762056769083,,41183,16.935072932260425,280.70355026435954,41262,16.27893349471767,-66.16781072175826,5716.0,57.16,17.494751574527644,5710.0,57.1,0.37,"[{'halfHeight': 10, 'risingPnt': np.int64(41154), 'fallingPnt': np.int64(41365), 'widthPnts': np.int64(211), 'widthMs': np.float64(2.11)}, {'halfHeight': 20, 'risingPnt': np.int64(41164), 'fallingPnt': np.int64(41347), 'widthPnts': np.int64(183), 'widthMs': np.float64(1.83)}, {'halfHeight': 50, 'risingPnt': np.int64(41178), 'fallingPnt': np.int64(41295), 'widthPnts': np.int64(117), 'widthMs': np.float64(1.17)}, {'halfHeight': 80, 'risingPnt': np.int64(41187), 'fallingPnt': np.int64(41244), 'widthPnts': np.int64(57), 'widthMs': np.float64(0.57)}, {'halfHeight': 90, 'risingPnt': np.int64(41191), 'fallingPnt': np.int64(41229), 'widthPnts': np.int64(38), 'widthMs': np.float64(0.38)}]",2.11,1.83,1.17,0.57,0.38,yes,,,,,,unknown,,,
43,stochastic-hh.sanpy,5,2,3.0,,dvdt,100.0,-40.0,0,"[10, 20, 50, 80, 90]",20260928,19:54:54,,,0.2.8.post45,ceeda3d8b38d399aaf1761b27ed8696acdeb9705,True,,43,7,0,[],,43034,0.43034,-41.92060859089627,28.809943561233226,43107,0.43107,44.706364158108016,86.6269727490043,0.7300000000000084,43383,0.43383,-70.6324172955169,43004.0,-47.17492476740025,43007,43019,0.12,-46.82908285498872,-45.17833997530298,13560.233219903554,,43083,18.795775335855026,296.48383018730635,43208,-4.7327484243987294,-68.19925609376976,1898.0,18.98,52.68703898840885,1905.0,19.05,0.3,"[{'halfHeight': 10, 'risingPnt': np.int64(43053), 'fallingPnt': np.int64(43272), 'widthPnts': np.int64(219), 'widthMs': np.float64(2.19)}, {'halfHeight': 20, 'risingPnt': np.int64(43063), 'fallingPnt': np.int64(43251), 'widthPnts': np.int64(188), 'widthMs': np.float64(1.88)}, {'halfHeight': 50, 'risingPnt': np.int64(43077), 'fallingPnt': np.int64(43198), 'widthPnts': np.int64(121), 'widthMs': np.float64(1.21)}, {'halfHeight': 80, 'risingPnt': np.int64(43086), 'fallingPnt': np.int64(43148), 'widthPnts': np.int64(62), 'widthMs': np.float64(0.62)}, {'halfHeight': 90, 'risingPnt': np.int64(43091), 'fallingPnt': np.int64(43129), 'widthPnts': np.int64(38), 'widthMs': np.float64(0.38)}]",2.19,1.88,1.21,0.62,0.38,yes,,,,,,unknown,,,
44,stochastic-hh.sanpy,5,2,3.0,,dvdt,100.0,-40.0,0,"[10, 20, 50, 80, 90]",20260928,19:54:54,,,0.2.8.post45,ceeda3d8b38d399aaf1761b27ed8696acdeb9705,True,,44,8,0,[],,45589,0.45588999999999996,-40.81856778266623,31.622063612883593,45652,0.45652,47.154530880146986,87.97309866281321,0.6300000000000194,45948,0.45948,-70.6282247278146,45556.0,-47.17492476740025,45559,45572,0.13,-46.76638784224451,-44.78620536462459,15114.139328602252,,45633,16.936138005296826,318.5244070663848,45741,5.5761963446764025,-67.69112883702502,2555.0,25.55,39.13894324853229,2552.0,25.52,0.33,"[{'halfHeight': 10, 'risingPnt': np.int64(45607), 'fallingPnt': np.int64(45831), 'widthPnts': np.int64(224), 'widthMs': np.float64(2.24)}, {'halfHeight': 20, 'risingPnt': np.int64(45616), 'fallingPnt': np.int64(45808), 'widthPnts': np.int64(192), 'widthMs': np.float64(1.92)}, {'halfHeight': 50, 'risingPnt': np.int64(45629), 'fallingPnt': np.int64(45746), 'widthPnts': np.int64(117), 'widthMs': np.float64(1.17)}, {'halfHeight': 80, 'risingPnt': np.int64(45638), 'fallingPnt': np.int64(45700), 'widthPnts': np.int64(62), 'widthMs': np.float64(0.62)}, {'halfHeight': 90, 'risingPnt': np.int64(45641), 'fallingPnt': np.int64(45683), 'widthPnts': np.int64(42), 'widthMs': np.float64(0.42)}]",2.24,1.92,1.17,0.62,0.42,yes,,,,,,unknown,,,
45,stochastic-hh.sanpy,5,2,3.0,,dvdt,100.0,-40.0,0,"[10, 20, 50, 80, 90]",20260928,19:54:54,,,0.2.8.post45,ceeda3d8b38d399aaf1761b27ed8696acdeb9705,True,,45,9,0,[],,47231,0.47231,-41.9342094998354,32.030501045687224,47295,0.47295,49.68614116152154,91.62035066135694,0.6399999999999739,47576,0.47576,-70.56899592670715,47208.0,-47.17492476740025,47210,47220,0.1,-46.811485774426764,-45.015993497294005,17301.33038355053,,47276,19.915746603187756,337.3655544864678,47380,10.252372268839297,-67.99663173085783,1642.0,16.42,60.90133982947625,1652.0,16.52,0.23,"[{'halfHeight': 10, 'risingPnt': np.int64(47249), 'fallingPnt': np.int64(47465), 'widthPnts': np.int64(216), 'widthMs': np.float64(2.16)}, {'halfHeight': 20, 'risingPnt': np.int64(47258), 'fallingPnt': np.int64(47447), 'widthPnts': np.int64(189), 'widthMs': np.float64(1.89)}, {'halfHeight': 50, 'risingPnt': np.int64(47271), 'fallingPnt': np.int64(47393), 'widthPnts': np.int64(122), 'widthMs': np.float64(1.22)}, {'halfHeight': 80, 'risingPnt': np.int64(47280), 'fallingPnt': np.int64(47343), 'widthPnts': np.int64(63), 'widthMs': np.float64(0.63)}, {'halfHeight': 90, 'risingPnt': np.int64(47284), 'fallingPnt': np.int64(47324), 'widthPnts': np.int64(40), 'widthMs': np.float64(0.4)}]",2.16,1.89,1.22,0.63,0.4,yes,,,,,,unknown,,,
46,stochastic-hh.sanpy,5,2,3.0,,dvdt,100.0,-40.0,0,"[10, 20, 50, 80, 90]",20260928,19:54:54,,,0.2.8.post45,ceeda3d8b38d399aaf1761b27ed8696acdeb9705,True,,46,10,0,[],,48937,0.48937,-42.16392726778753,30.764280047572274,49004,0.49004000000000003,48.450979046285376,90.6149063140729,0.6700000000000039,49279,0.49279,-70.50964886371509,48913.0,-47.17492476740025,48915,48925,0.1,-46.85638068624792,-45.18650926612817,16429.812904808765,,48984,20.429025345893322,315.64615972245605,49084,7.321171260019251,-68.18207153457371,1706.0,17.06,58.6166471277843,1705.0,17.05,0.24,"[{'halfHeight': 10, 'risingPnt': np.int64(48956), 'fallingPnt': np.int64(49167), 'widthPnts': np.int64(211), 'widthMs': np.float64(2.11)}, {'halfHeight': 20, 'risingPnt': np.int64(48965), 'fallingPnt': np.int64(49148), 'widthPnts': np.int64(183), 'widthMs': np.float64(1.83)}, {'halfHeight': 50, 'risingPnt': np.int64(48979), 'fallingPnt': np.int64(49091), 'widthPnts': np.int64(112), 'widthMs': np.float64(1.12)}, {'halfHeight': 80, 'risingPnt': np.int64(48988), 'fallingPnt': np.int64(49044), 'widthPnts': np.int64(56), 'widthMs': np.float64(0.56)}, {'halfHeight': 90, 'risingPnt': np.int64(48991), 'fallingPnt': np.int64(49028), 'widthPnts': np.int64(37), 'widthMs': np.float64(0.37)}]",2.11,1.83,1.12,0.56,0.37,yes,,,,,,unknown,,,
47,stochastic-hh.sanpy,5,2,3.0,,dvdt,100.0,-40.0,0,"[10, 20, 50, 80, 90]",20260928,19:54:54,,,0.2.8.post45,ceeda3d8b38d399aaf1761b27ed8696acdeb9705,True,,47,11,0,[],,50994,0.50994,-41.05169635783943,29.527371655329667,51058,0.51058,45.242720162178145,86.29441652001758,0.640000000000085,51342,0.51342,-70.65190649843828,50966.0,-46.14964527773421,50969,50980,0.11,-45.758010339893744,-44.25627230827385,13380.957122058891,,51040,16.41177222214121,304.0100724362304,51095,31.663131985633253,-61.97029974050036,2057.0,20.57,48.61448711716091,2053.0,20.53,0.28,"[{'halfHeight': 10, 'risingPnt': np.int64(51013), 'fallingPnt': np.int64(51229), 'widthPnts': np.int64(216), 'widthMs': np.float64(2.16)}, {'halfHeight': 20, 'risingPnt': np.int64(51022), 'fallingPnt': np.int64(51211), 'widthPnts': np.int64(189), 'widthMs': np.float64(1.89)}, {'halfHeight': 50, 'risingPnt': np.int64(51036), 'fallingPnt': np.int64(51152), 'widthPnts': np.int64(116), 'widthMs': np.float64(1.16)}, {'halfHeight': 80, 'risingPnt': np.int64(51044), 'fallingPnt': np.int64(51102), 'widthPnts': np.int64(58), 'widthMs': np.float64(0.58)}, {'halfHeight': 90, 'risingPnt': np.int64(51048), 'fallingPnt': np.int64(51086), 'widthPnts': np.int64(38), 'widthMs': np.float64(0.38)}]",2.16,1.89,1.16,0.58,0.38,yes,,,,,,unknown,,,
48,stochastic-hh.sanpy,5,2,3.0,,dvdt,100.0,-40.0,0,"[10, 20, 50, 80, 90]",20260928,19:54:54,,,0.2.8.post45,ceeda3d8b38d399aaf1761b27ed8696acdeb9705,True,,48,12,0,[],,53133,0.5313300000000001,-41.23022023778068,27.737137037199457,53202,0.5320199999999999,43.87085582407736,85.10107606185804,0.6899999999998574,53470,0.5347000000000001,-70.77736642930512,53107.0,-46.14964527773421,53110,53120,0.1,-45.70577825343287,-44.156875327253864,15346.278037865048,,53182,17.943486935131684,282.6401443984007,53400,-53.483612587232024,-71.4698936947124,2139.0,21.39,46.75081813931744,2141.0,21.41,0.26,"[{'halfHeight': 10, 'risingPnt': np.int64(53152), 'fallingPnt': np.int64(53367), 'widthPnts': np.int64(215), 'widthMs': np.float64(2.15)}, {'halfHeight': 20, 'risingPnt': np.int64(53162), 'fallingPnt': np.int64(53350), 'widthPnts': np.int64(188), 'widthMs': np.float64(1.88)}, {'halfHeight': 50, 'risingPnt': np.int64(53176), 'fallingPnt': np.int64(53292), 'widthPnts': np.int64(116), 'widthMs': np.float64(1.16)}, {'halfHeight': 80, 'risingPnt': np.int64(53186), 'fallingPnt': np.int64(53246), 'widthPnts': np.int64(60), 'widthMs': np.float64(0.6)}, {'halfHeight': 90, 'risingPnt': np.int64(53190), 'fallingPnt': np.int64(53229), 'widthPnts': np.int64(39), 'widthMs': np.float64(0.39)}]",2.15,1.88,1.16,0.6,0.39,yes,,,,,,unknown,,,
49,stochastic-hh.sanpy,5,2,3.0,,dvdt,100.0,-40.0,0,"[10, 20, 50, 80, 90]",20260928,19:54:54,,,0.2.8.post45,ceeda3d8b38d399aaf1761b27ed8696acdeb9705,True,,49,13,0,[],,59445,0.59445,-41.80647357174929,28.021510355638597,59515,0.59515,45.80693521661727,87.61340878836656,0.6999999999999229,59793,0.59793,-70.53934667573894,59423.0,-46.34636144840301,59425,59434,0.09,-46.063981431796776,-44.42783244117656,17882.892945138836,,59494,16.306600489228853,285.54273835703844,59589,12.541701069280752,-69.26858824864256,6312.0,63.12,15.842839036755388,6316.0,63.16,0.22,"[{'halfHeight': 10, 'risingPnt': np.int64(59465), 'fallingPnt': np.int64(59680), 'widthPnts': np.int64(215), 'widthMs': np.float64(2.15)}, {'halfHeight': 20, 'risingPnt': np.int64(59475), 'fallingPnt': np.int64(59662), 'widthPnts': np.int64(187), 'widthMs': np.float64(1.87)}, {'halfHeight': 50, 'risingPnt': np.int64(59489), 'fallingPnt': np.int64(59609), 'widthPnts': np.int64(120), 'widthMs': np.float64(1.2)}, {'halfHeight': 80, 'risingPnt': np.int64(59499), 'fallingPnt': np.int64(59561), 'widthPnts': np.int64(62), 'widthMs': np.float64(0.62)}, {'halfHeight': 90, 'risingPnt': np.int64(59503), 'fallingPnt': np.int64(59542), 'widthPnts': np.int64(39), 'widthMs': np.float64(0.39)}]",2.15,1.87,1.2,0.62,0.39,yes,,,,,,unknown,,,
50,stochastic-hh.sanpy,5,2,3.0,,dvdt,100.0,-40.0,0,"[10, 20, 50, 80, 90]",20260928,19:54:54,,,0.2.8.post45,ceeda3d8b38d399aaf1761b27ed8696acdeb9705,True,,50,14,0,[],,61070,0.6107,-41.45345916911771,31.760932879157565,61135,0.6113500000000001,47.40443185735133,88.85789102646903,0.6500000000000394,61419,0.61419,-70.83845339469312,61046.0,-46.34636144840301,61048,61058,0.1,-46.02286881141972,-44.3832280387188,16203.423637284504,,61117,19.942454037881053,322.48220362272826,61188,26.45776788393017,-68.27234706075164,1625.0,16.25,61.53846153846153,1623.0,16.23,0.24,"[{'halfHeight': 10, 'risingPnt': np.int64(61089), 'fallingPnt': np.int64(61311), 'widthPnts': np.int64(222), 'widthMs': np.float64(2.22)}, {'halfHeight': 20, 'risingPnt': np.int64(61098), 'fallingPnt': np.int64(61293), 'widthPnts': np.int64(195), 'widthMs': np.float64(1.95)}, {'halfHeight': 50, 'risingPnt': np.int64(61112), 'fallingPnt': np.int64(61235), 'widthPnts': np.int64(123), 'widthMs': np.float64(1.23)}, {'halfHeight': 80, 'risingPnt': np.int64(61121), 'fallingPnt': np.int64(61183), 'widthPnts': np.int64(62), 'widthMs': np.float64(0.62)}, {'halfHeight': 90, 'risingPnt': np.int64(61124), 'fallingPnt': np.int64(61166), 'widthPnts': np.int64(42), 'widthMs': np.float64(0.42)}]",2.22,1.95,1.23,0.62,0.42,yes,,,,,,unknown,,,
51,stochastic-hh.sanpy,5,2,3.0,,dvdt,100.0,-40.0,0,"[10, 20, 50, 80, 90]",20260928,19:54:54,,,0.2.8.post45,ceeda3d8b38d399aaf1761b27ed8696acdeb9705,True,,51,15,0,[],,62937,0.62937,-40.22298335210125,28.97675728058184,63002,0.63002,45.27322942055826,85.4962127726595,0.6500000000000394,63280,0.6327999999999999,-70.72913944111869,62895.0,-47.45339725750816,62899,62916,0.17,-47.013404649367786,-44.63373432239227,13863.579309574563,,62983,17.487776410821503,302.22811740954324,63201,-49.56097851488735,-70.33431731023705,1867.0,18.67,53.56186395286555,1849.0,18.49,0.42,"[{'halfHeight': 10, 'risingPnt': np.int64(62956), 'fallingPnt': np.int64(63170), 'widthPnts': np.int64(214), 'widthMs': np.float64(2.14)}, {'halfHeight': 20, 'risingPnt': np.int64(62965), 'fallingPnt': np.int64(63154), 'widthPnts': np.int64(189), 'widthMs': np.float64(1.89)}, {'halfHeight': 50, 'risingPnt': np.int64(62978), 'fallingPnt': np.int64(63098), 'widthPnts': np.int64(120), 'widthMs': np.float64(1.2)}, {'halfHeight': 80, 'risingPnt': np.int64(62987), 'fallingPnt': np.int64(63047), 'widthPnts': np.int64(60), 'widthMs': np.float64(0.6)}, {'halfHeight': 90, 'risingPnt': np.int64(62991), 'fallingPnt': np.int64(63029), 'widthPnts': np.int64(38), 'widthMs': np.float64(0.38)}]",2.14,1.89,1.2,0.6,0.38,yes,,,,,,unknown,,,
52,stochastic-hh.sanpy,5,2,3.0,,dvdt,100.0,-40.0,0,"[10, 20, 50, 80, 90]",20260928,19:54:54,,,0.2.8.post45,ceeda3d8b38d399aaf1761b27ed8696acdeb9705,True,,52,16,0,[],,65942,0.65942,-41.515078105793066,29.054625409485507,66008,0.66008,46.220704626460304,87.73578273225337,0.6599999999999939,66288,0.66288,-70.6307862372556,65906.0,-47.45339725750816,65910,65924,0.14,-47.0058689110135,-45.110392883553665,13470.097312834108,,65989,19.613106669233144,295.3561363118258,66073,16.175783643187884,-77.01997009303659,3005.0,30.05,33.277870216306155,3011.0,30.11,0.36,"[{'halfHeight': 10, 'risingPnt': np.int64(65960), 'fallingPnt': np.int64(66175), 'widthPnts': np.int64(215), 'widthMs': np.float64(2.15)}, {'halfHeight': 20, 'risingPnt': np.int64(65969), 'fallingPnt': np.int64(66156), 'widthPnts': np.int64(187), 'widthMs': np.float64(1.87)}, {'halfHeight': 50, 'risingPnt': np.int64(65983), 'fallingPnt': np.int64(66097), 'widthPnts': np.int64(114), 'widthMs': np.float64(1.14)}, {'halfHeight': 80, 'risingPnt': np.int64(65993), 'fallingPnt': np.int64(66052), 'widthPnts': np.int64(59), 'widthMs': np.float64(0.59)}, {'halfHeight': 90, 'risingPnt': np.int64(65996), 'fallingPnt': np.int64(66035), 'widthPnts': np.int64(39), 'widthMs': np.float64(0.39)}]",2.15,1.87,1.14,0.59,0.39,yes,,,,,,unknown,,,
53,stochastic-hh.sanpy,5,2,3.0,,dvdt,100.0,-40.0,0,"[10, 20, 50, 80, 90]",20260928,19:54:54,,,0.2.8.post45,ceeda3d8b38d399aaf1761b27ed8696acdeb9705,True,,53,17,0,[],,70437,0.70437,-42.89454014861593,30.604102200788226,70505,0.70505,48.170848759618046,91.06538890823398,0.6799999999999029,70776,0.70776,-70.74707192065588,70416.0,-47.45339725750816,70418,70426,0.08,-47.14252801530011,-45.641150100128755,18760.89160816742,,70487,17.803561466957788,318.98692459322865,70698,-51.656768732193804,-70.37783988462431,4495.0,44.95,22.246941045606228,4510.0,45.1,0.21,"[{'halfHeight': 10, 'risingPnt': np.int64(70457), 'fallingPnt': np.int64(70670), 'widthPnts': np.int64(213), 'widthMs': np.float64(2.13)}, {'halfHeight': 20, 'risingPnt': np.int64(70467), 'fallingPnt': np.int64(70652), 'widthPnts': np.int64(185), 'widthMs': np.float64(1.85)}, {'halfHeight': 50, 'risingPnt': np.int64(70482), 'fallingPnt': np.int64(70602), 'widthPnts': np.int64(120), 'widthMs': np.float64(1.2)}, {'halfHeight': 80, 'risingPnt': np.int64(70492), 'fallingPnt': np.int64(70549), 'widthPnts': np.int64(57), 'widthMs': np.float64(0.57)}, {'halfHeight': 90, 'risingPnt': np.int64(70495), 'fallingPnt': np.int64(70532), 'widthPnts': np.int64(37), 'widthMs': np.float64(0.37)}]",2.13,1.85,1.2,0.57,0.37,yes,,,,,,unknown,,,
54,stochastic-hh.sanpy,6,0,0.0,,dvdt,100.0,-40.0,0,"[10, 20, 50, 80, 90]",20260928,19:54:54,,,0.2.8.post45,ceeda3d8b38d399aaf1761b27ed8696acdeb9705,True,,54,0,0,"[{'Spike': 0, 'Seconds': np.float64(0.0081), 'Sweep': 6, 'Epoch': 0, 'Type': 'Pre spike min under-run (mdp)', 'Details': 'Went past startPnt 0 searching for pre-spike min'}, {'Spike': 0, 'Seconds': np.float64(0.0081), 'Sweep': 6, 'Epoch': 0, 'Type': 'Pre spike min (mdp)', 'Details': 'Did not find preMinVal: nan'}]",,812,0.008119999999999999,-41.86280398334932,32.79251167287821,876,0.00876,50.31140219351203,92.17420617686136,0.6400000000000017,1172,0.011720000000000001,-71.00825468376637,,,81,406,3.25,-59.453053076919446,-57.46932667267884,572.6194620181635,,856,17.15690799671359,335.0510783456551,941,22.48176431186315,-66.57699207909037,,,,,,8.12,"[{'halfHeight': 10, 'risingPnt': np.int64(830), 'fallingPnt': np.int64(1057), 'widthPnts': np.int64(227), 'widthMs': np.float64(2.27)}, {'halfHeight': 20, 'risingPnt': np.int64(839), 'fallingPnt': np.int64(1037), 'widthPnts': np.int64(198), 'widthMs': np.float64(1.98)}, {'halfHeight': 50, 'risingPnt': np.int64(852), 'fallingPnt': np.int64(981), 'widthPnts': np.int64(129), 'widthMs': np.float64(1.29)}, {'halfHeight': 80, 'risingPnt': np.int64(861), 'fallingPnt': np.int64(925), 'widthPnts': np.int64(64), 'widthMs': np.float64(0.64)}, {'halfHeight': 90, 'risingPnt': np.int64(865), 'fallingPnt': np.int64(908), 'widthPnts': np.int64(43), 'widthMs': np.float64(0.43)}]",2.27,1.98,1.29,0.64,0.43,yes,,,,,,unknown,,,
55,stochastic-hh.sanpy,6,1,0.0,,dvdt,100.0,-40.0,0,"[10, 20, 50, 80, 90]",20260928,19:54:54,,,0.2.8.post45,ceeda3d8b38d399aaf1761b27ed8696acdeb9705,True,,55,1,0,"[{'Spike': 1, 'Seconds': np.float64(0.1328), 'Sweep': 6, 'Epoch': 1, 'Type': 'Pre spike min under-run (mdp)', 'Details': 'Went past startPnt 0 searching for pre-spike min'}]",,13282,0.13282,-41.24753280332807,34.637723950819264,13341,0.13341,49.73434002307788,90.98187282640595,0.5900000000000072,13638,0.13638,-71.03240470596985,13243.0,-48.820130514722635,13247,13263,0.16,-48.35956615136861,-46.21943836653863,12977.83402035142,,13324,20.619565416978222,353.54049399301056,13434,7.88875924834278,-67.40974718409643,12470.0,124.7,8.019246190858059,,,0.39,"[{'halfHeight': 10, 'risingPnt': np.int64(13299), 'fallingPnt': np.int64(13524), 'widthPnts': np.int64(225), 'widthMs': np.float64(2.25)}, {'halfHeight': 20, 'risingPnt': np.int64(13307), 'fallingPnt': np.int64(13500), 'widthPnts': np.int64(193), 'widthMs': np.float64(1.93)}, {'halfHeight': 50, 'risingPnt': np.int64(13320), 'fallingPnt': np.int64(13441), 'widthPnts': np.int64(121), 'widthMs': np.float64(1.21)}, {'halfHeight': 80, 'risingPnt': np.int64(13328), 'fallingPnt': np.int64(13391), 'widthPnts': np.int64(63), 'widthMs': np.float64(0.63)}, {'halfHeight': 90, 'risingPnt': np.int64(13331), 'fallingPnt': np.int64(13372), 'widthPnts': np.int64(41), 'widthMs': np.float64(0.41)}]",2.25,1.93,1.21,0.63,0.41,yes,,,,,,unknown,,,
56,stochastic-hh.sanpy,6,1,0.0,,dvdt,100.0,-40.0,0,"[10, 20, 50, 80, 90]",20260928,19:54:54,,,0.2.8.post45,ceeda3d8b38d399aaf1761b27ed8696acdeb9705,True,,56,2,0,"[{'Spike': 2, 'Seconds': np.float64(0.2192), 'Sweep': 6, 'Epoch': 1, 'Type': 'Pre spike min under-run (mdp)', 'Details': 'Went past startPnt 0 searching for pre-spike min'}]",,21915,0.21915,-41.825360946807876,32.24348043326389,21980,0.21980000000000002,48.37228612469394,90.19764707150182,0.6500000000000117,22266,0.22266,-71.08760073587814,21874.0,-49.08207697747934,21878,21894,0.16,-48.65217399774012,-46.58030641912711,12867.641431882277,,21960,18.96497020146008,333.9673549795994,22044,21.130789661794445,-68.56478733476722,8633.0,86.33,11.58345882080389,8631.0,86.31,0.41,"[{'halfHeight': 10, 'risingPnt': np.int64(21933), 'fallingPnt': np.int64(22153), 'widthPnts': np.int64(220), 'widthMs': np.float64(2.2)}, {'halfHeight': 20, 'risingPnt': np.int64(21942), 'fallingPnt': np.int64(22133), 'widthPnts': np.int64(191), 'widthMs': np.float64(1.91)}, {'halfHeight': 50, 'risingPnt': np.int64(21956), 'fallingPnt': np.int64(22075), 'widthPnts': np.int64(119), 'widthMs': np.float64(1.19)}, {'halfHeight': 80, 'risingPnt': np.int64(21964), 'fallingPnt': np.int64(22028), 'widthPnts': np.int64(64), 'widthMs': np.float64(0.64)}, {'halfHeight': 90, 'risingPnt': np.int64(21968), 'fallingPnt': np.int64(22010), 'widthPnts': np.int64(42), 'widthMs': np.float64(0.42)}]",2.2,1.91,1.19,0.64,0.42,yes,,,,,,unknown,,,
57,stochastic-hh.sanpy,6,2,4.0,,dvdt,100.0,-40.0,0,"[10, 20, 50, 80, 90]",20260928,19:54:54,,,0.2.8.post45,ceeda3d8b38d399aaf1761b27ed8696acdeb9705,True,,57,3,0,[],,25225,0.25225,-41.89186171284913,33.84502974734501,25288,0.25288,50.26141889842214,92.15328061127127,0.6300000000000194,25572,0.25572,-70.66505785522598,25192.0,-48.507973911856055,25195,25208,0.13,-48.08165201159302,-46.019538689587115,15741.241160067633,,25271,24.424850182836234,338.8974372583769,25367,14.470500451835843,-64.44217066840672,3310.0,33.1,30.21148036253776,3318.0,33.18,0.33,"[{'halfHeight': 10, 'risingPnt': np.int64(25243), 'fallingPnt': np.int64(25464), 'widthPnts': np.int64(221), 'widthMs': np.float64(2.21)}, {'halfHeight': 20, 'risingPnt': np.int64(25252), 'fallingPnt': np.int64(25446), 'widthPnts': np.int64(194), 'widthMs': np.float64(1.94)}, {'halfHeight': 50, 'risingPnt': np.int64(25265), 'fallingPnt': np.int64(25386), 'widthPnts': np.int64(121), 'widthMs': np.float64(1.21)}, {'halfHeight': 80, 'risingPnt': np.int64(25274), 'fallingPnt': np.int64(25336), 'widthPnts': np.int64(62), 'widthMs': np.float64(0.62)}, {'halfHeight': 90, 'risingPnt': np.int64(25277), 'fallingPnt': np.int64(25316), 'widthPnts': np.int64(39), 'widthMs': np.float64(0.39)}]",2.21,1.94,1.21,0.62,0.39,yes,,,,,,unknown,,,
58,stochastic-hh.sanpy,6,2,4.0,,dvdt,100.0,-40.0,0,"[10, 20, 50, 80, 90]",20260928,19:54:54,,,0.2.8.post45,ceeda3d8b38d399aaf1761b27ed8696acdeb9705,True,,58,4,0,[],,28881,0.28881,-41.37486613688383,28.033037618761963,28950,0.2895,44.13243973023325,85.50730586711708,0.6899999999999684,29224,0.29224,-70.52091555197401,28835.0,-48.507973911856055,28840,28858,0.18,-48.0508065952371,-45.98323047918735,11397.439750241905,,28930,19.026025724279588,285.6525869408844,29002,21.244913237207278,-74.79221034338703,3656.0,36.56,27.35229759299781,3643.0,36.43,0.46,"[{'halfHeight': 10, 'risingPnt': np.int64(28901), 'fallingPnt': np.int64(29114), 'widthPnts': np.int64(213), 'widthMs': np.float64(2.13)}, {'halfHeight': 20, 'risingPnt': np.int64(28910), 'fallingPnt': np.int64(29096), 'widthPnts': np.int64(186), 'widthMs': np.float64(1.86)}, {'halfHeight': 50, 'risingPnt': np.int64(28924), 'fallingPnt': np.int64(29041), 'widthPnts': np.int64(117), 'widthMs': np.float64(1.17)}, {'halfHeight': 80, 'risingPnt': np.int64(28933), 'fallingPnt': np.int64(28993), 'widthPnts': np.int64(60), 'widthMs': np.float64(0.6)}, {'halfHeight': 90, 'risingPnt': np.int64(28937), 'fallingPnt': np.int64(28974), 'widthPnts': np.int64(37), 'widthMs': np.float64(0.37)}]",2.13,1.86,1.17,0.6,0.37,yes,,,,,,unknown,,,
59,stochastic-hh.sanpy,6,2,4.0,,dvdt,100.0,-40.0,0,"[10, 20, 50, 80, 90]",20260928,19:54:54,,,0.2.8.post45,ceeda3d8b38d399aaf1761b27ed8696acdeb9705,True,,59,5,0,[],,30736,0.30736,-40.54195008322577,28.061478420430713,30802,0.30801999999999996,43.95918399063323,84.50113407385899,0.6599999999999384,31069,0.31069,-70.66666010859976,30677.0,-48.507973911856055,30683,30707,0.24,-48.05434786829506,-45.740571973411555,9541.878951771905,,30782,15.194910699764765,283.74216157526206,30995,-53.67386335632688,-69.76869269693897,1855.0,18.55,53.908355795148246,1842.0,18.42,0.59,"[{'halfHeight': 10, 'risingPnt': np.int64(30754), 'fallingPnt': np.int64(30959), 'widthPnts': np.int64(205), 'widthMs': np.float64(2.05)}, {'halfHeight': 20, 'risingPnt': np.int64(30764), 'fallingPnt': np.int64(30941), 'widthPnts': np.int64(177), 'widthMs': np.float64(1.77)}, {'halfHeight': 50, 'risingPnt': np.int64(30777), 'fallingPnt': np.int64(30891), 'widthPnts': np.int64(114), 'widthMs': np.float64(1.14)}, {'halfHeight': 80, 'risingPnt': np.int64(30787), 'fallingPnt': np.int64(30844), 'widthPnts': np.int64(57), 'widthMs': np.float64(0.57)}, {'halfHeight': 90, 'risingPnt': np.int64(30791), 'fallingPnt': np.int64(30829), 'widthPnts': np.int64(38), 'widthMs': np.float64(0.38)}]",2.05,1.77,1.14,0.57,0.38,yes,,,,,,unknown,,,
60,stochastic-hh.sanpy,6,2,4.0,,dvdt,100.0,-40.0,0,"[10, 20, 50, 80, 90]",20260928,19:54:54,,,0.2.8.post45,ceeda3d8b38d399aaf1761b27ed8696acdeb9705,True,,60,6,0,[],,35120,0.3512,-41.71603495071213,29.838693335462285,35187,0.35187,47.54077729475117,89.2568122454633,0.6700000000000039,35474,0.35474,-70.39760514889991,35081.0,-48.507973911856055,35085,35101,0.16,-47.933245933029255,-45.711676795330014,13901.49951947604,,35167,18.234199614749993,304.1240513315759,35293,-2.6591810540220706,-64.62998460084937,4384.0,43.84,22.81021897810219,4404.0,44.04,0.39,"[{'halfHeight': 10, 'risingPnt': np.int64(35139), 'fallingPnt': np.int64(35364), 'widthPnts': np.int64(225), 'widthMs': np.float64(2.25)}, {'halfHeight': 20, 'risingPnt': np.int64(35149), 'fallingPnt': np.int64(35342), 'widthPnts': np.int64(193), 'widthMs': np.float64(1.93)}, {'halfHeight': 50, 'risingPnt': np.int64(35162), 'fallingPnt': np.int64(35284), 'widthPnts': np.int64(122), 'widthMs': np.float64(1.22)}, {'halfHeight': 80, 'risingPnt': np.int64(35171), 'fallingPnt': np.int64(35233), 'widthPnts': np.int64(62), 'widthMs': np.float64(0.62)}, {'halfHeight': 90, 'risingPnt': np.int64(35175), 'fallingPnt': np.int64(35214), 'widthPnts': np.int64(39), 'widthMs': np.float64(0.39)}]",2.25,1.93,1.22,0.62,0.39,yes,,,,,,unknown,,,
61,stochastic-hh.sanpy,6,2,4.0,,dvdt,100.0,-40.0,0,"[10, 20, 50, 80, 90]",20260928,19:54:54,,,0.2.8.post45,ceeda3d8b38d399aaf1761b27ed8696acdeb9705,True,,61,7,0,[],,36624,0.36624,-42.56455375672207,29.753690731355842,36693,0.36693000000000003,47.423506713286734,89.9880604700088,0.6900000000000239,36981,0.36981,-70.56502533137515,36590.0,-48.507973911856055,36593,36607,0.14,-48.147794824497055,-46.27398839289843,13405.872989138588,,36672,13.650715123835425,309.4580500014767,36776,11.662852455382918,-64.24344003524357,1504.0,15.04,66.48936170212767,1509.0,15.09,0.34,"[{'halfHeight': 10, 'risingPnt': np.int64(36644), 'fallingPnt': np.int64(36873), 'widthPnts': np.int64(229), 'widthMs': np.float64(2.29)}, {'halfHeight': 20, 'risingPnt': np.int64(36654), 'fallingPnt': np.int64(36853), 'widthPnts': np.int64(199), 'widthMs': np.float64(1.99)}, {'halfHeight': 50, 'risingPnt': np.int64(36669), 'fallingPnt': np.int64(36795), 'widthPnts': np.int64(126), 'widthMs': np.float64(1.26)}, {'halfHeight': 80, 'risingPnt': np.int64(36678), 'fallingPnt': np.int64(36741), 'widthPnts': np.int64(63), 'widthMs': np.float64(0.63)}, {'halfHeight': 90, 'risingPnt': np.int64(36682), 'fallingPnt': np.int64(36723), 'widthPnts': np.int64(41), 'widthMs': np.float64(0.41)}]",2.29,1.99,1.26,0.63,0.41,yes,,,,,,unknown,,,
62,stochastic-hh.sanpy,6,2,4.0,,dvdt,100.0,-40.0,0,"[10, 20, 50, 80, 90]",20260928,19:54:54,,,0.2.8.post45,ceeda3d8b38d399aaf1761b27ed8696acdeb9705,True,,62,8,0,[],,40373,0.40373000000000003,-40.854085794751256,25.784171000701555,40445,0.40445,41.65653570392125,82.5106214986725,0.7199999999999429,40704,0.40704,-70.56334639395435,40311.0,-48.507973911856055,40317,40342,0.25,-48.27521749195979,-46.49864415568236,6807.682459658661,,40424,14.147738247268176,259.1399102305982,40521,5.112085308646576,-76.85439324402672,3749.0,37.49,26.673779674579887,3721.0,37.21,0.62,"[{'halfHeight': 10, 'risingPnt': np.int64(40394), 'fallingPnt': np.int64(40598), 'widthPnts': np.int64(204), 'widthMs': np.float64(2.04)}, {'halfHeight': 20, 'risingPnt': np.int64(40404), 'fallingPnt': np.int64(40581), 'widthPnts': np.int64(177), 'widthMs': np.float64(1.77)}, {'halfHeight': 50, 'risingPnt': np.int64(40419), 'fallingPnt': np.int64(40529), 'widthPnts': np.int64(110), 'widthMs': np.float64(1.1)}, {'halfHeight': 80, 'risingPnt': np.int64(40429), 'fallingPnt': np.int64(40487), 'widthPnts': np.int64(58), 'widthMs': np.float64(0.58)}, {'halfHeight': 90, 'risingPnt': np.int64(40433), 'fallingPnt': np.int64(40469), 'widthPnts': np.int64(36), 'widthMs': np.float64(0.36)}]",2.04,1.77,1.1,0.58,0.36,yes,,,,,,unknown,,,
63,stochastic-hh.sanpy,6,2,4.0,,dvdt,100.0,-40.0,0,"[10, 20, 50, 80, 90]",20260928,19:54:54,,,0.2.8.post45,ceeda3d8b38d399aaf1761b27ed8696acdeb9705,True,,63,9,0,[],,41881,0.41881,-41.1961173296745,30.06397581321677,41947,0.41947,47.10064653835939,88.29676386803389,0.6599999999999939,42234,0.42234,-70.49021071589371,41839.0,-48.507973911856055,41843,41860,0.17,-48.07027697570199,-45.92882306620233,12294.269452407361,,41926,19.814693285537974,313.40511057416495,42029,7.902285687156131,-71.21302123724138,1508.0,15.08,66.3129973474801,1528.0,15.28,0.42,"[{'halfHeight': 10, 'risingPnt': np.int64(41899), 'fallingPnt': np.int64(42125), 'widthPnts': np.int64(226), 'widthMs': np.float64(2.26)}, {'halfHeight': 20, 'risingPnt': np.int64(41907), 'fallingPnt': np.int64(42105), 'widthPnts': np.int64(198), 'widthMs': np.float64(1.98)}, {'halfHeight': 50, 'risingPnt': np.int64(41921), 'fallingPnt': np.int64(42037), 'widthPnts': np.int64(116), 'widthMs': np.float64(1.16)}, {'halfHeight': 80, 'risingPnt': np.int64(41930), 'fallingPnt': np.int64(41989), 'widthPnts': np.int64(59), 'widthMs': np.float64(0.59)}, {'halfHeight': 90, 'risingPnt': np.int64(41933), 'fallingPnt': np.int64(41972), 'widthPnts': np.int64(39), 'widthMs': np.float64(0.39)}]",2.26,1.98,1.16,0.59,0.39,yes,,,,,,unknown,,,
64,stochastic-hh.sanpy,6,2,4.0,,dvdt,100.0,-40.0,0,"[10, 20, 50, 80, 90]",20260928,19:54:54,,,0.2.8.post45,ceeda3d8b38d399aaf1761b27ed8696acdeb9705,True,,64,10,0,[],,43601,0.43601,-42.10561717601165,30.93515472140009,43667,0.43667,48.36233745348045,90.4679546294921,0.6599999999999939,43944,0.43944,-70.70316634175215,43565.0,-48.507973911856055,43569,43583,0.14,-47.94991363943796,-46.034706593136335,13565.44262638557,,43647,17.018803328024113,316.04118427270214,43732,17.341852372589326,-77.65829435879361,1720.0,17.2,58.13953488372093,1726.0,17.26,0.36,"[{'halfHeight': 10, 'risingPnt': np.int64(43620), 'fallingPnt': np.int64(43841), 'widthPnts': np.int64(221), 'widthMs': np.float64(2.21)}, {'halfHeight': 20, 'risingPnt': np.int64(43629), 'fallingPnt': np.int64(43821), 'widthPnts': np.int64(192), 'widthMs': np.float64(1.92)}, {'halfHeight': 50, 'risingPnt': np.int64(43643), 'fallingPnt': np.int64(43758), 'widthPnts': np.int64(115), 'widthMs': np.float64(1.15)}, {'halfHeight': 80, 'risingPnt': np.int64(43652), 'fallingPnt': np.int64(43711), 'widthPnts': np.int64(59), 'widthMs': np.float64(0.59)}, {'halfHeight': 90, 'risingPnt': np.int64(43656), 'fallingPnt': np.int64(43693), 'widthPnts': np.int64(37), 'widthMs': np.float64(0.37)}]",2.21,1.92,1.15,0.59,0.37,yes,,,,,,unknown,,,
65,stochastic-hh.sanpy,6,2,4.0,,dvdt,100.0,-40.0,0,"[10, 20, 50, 80, 90]",20260928,19:54:54,,,0.2.8.post45,ceeda3d8b38d399aaf1761b27ed8696acdeb9705,True,,65,11,0,[],,45158,0.45158,-41.52854556610987,30.888834008358224,45229,0.45229,47.6154181856694,89.14396375177927,0.7100000000000439,45507,0.45507,-70.65349824765569,45117.0,-48.507973911856055,45121,45137,0.16,-48.071418956285086,-46.09375276627992,12029.359017969093,,45209,21.873990670366553,310.44345472457564,45289,20.815985808401383,-68.3211191918135,1557.0,15.57,64.22607578676943,1552.0,15.52,0.41,"[{'halfHeight': 10, 'risingPnt': np.int64(45178), 'fallingPnt': np.int64(45397), 'widthPnts': np.int64(219), 'widthMs': np.float64(2.19)}, {'halfHeight': 20, 'risingPnt': np.int64(45189), 'fallingPnt': np.int64(45377), 'widthPnts': np.int64(188), 'widthMs': np.float64(1.88)}, {'halfHeight': 50, 'risingPnt': np.int64(45203), 'fallingPnt': np.int64(45321), 'widthPnts': np.int64(118), 'widthMs': np.float64(1.18)}, {'halfHeight': 80, 'risingPnt': np.int64(45212), 'fallingPnt': np.int64(45274), 'widthPnts': np.int64(62), 'widthMs': np.float64(0.62)}, {'halfHeight': 90, 'risingPnt': np.int64(45216), 'fallingPnt': np.int64(45258), 'widthPnts': np.int64(42), 'widthMs': np.float64(0.42)}]",2.19,1.88,1.18,0.62,0.42,yes,,,,,,unknown,,,
66,stochastic-hh.sanpy,6,2,4.0,,dvdt,100.0,-40.0,0,"[10, 20, 50, 80, 90]",20260928,19:54:54,,,0.2.8.post45,ceeda3d8b38d399aaf1761b27ed8696acdeb9705,True,,66,12,0,[],,46799,0.46799,-41.445273320404404,30.981954907309834,46863,0.46863,48.386678066612134,89.83195138701655,0.6399999999999739,47150,0.4715,-70.63461154672696,46757.0,-48.507973911856055,46761,46778,0.17,-48.11905566563563,-46.10171793130104,11769.606918197222,,46844,17.374415945075555,323.73438708853075,46937,16.392386667418748,-67.13125319150036,1641.0,16.41,60.93845216331505,1640.0,16.4,0.42,"[{'halfHeight': 10, 'risingPnt': np.int64(46817), 'fallingPnt': np.int64(47039), 'widthPnts': np.int64(222), 'widthMs': np.float64(2.22)}, {'halfHeight': 20, 'risingPnt': np.int64(46826), 'fallingPnt': np.int64(47018), 'widthPnts': np.int64(192), 'widthMs': np.float64(1.92)}, {'halfHeight': 50, 'risingPnt': np.int64(46840), 'fallingPnt': np.int64(46959), 'widthPnts': np.int64(119), 'widthMs': np.float64(1.19)}, {'halfHeight': 80, 'risingPnt': np.int64(46849), 'fallingPnt': np.int64(46910), 'widthPnts': np.int64(61), 'widthMs': np.float64(0.61)}, {'halfHeight': 90, 'risingPnt': np.int64(46852), 'fallingPnt': np.int64(46891), 'widthPnts': np.int64(39), 'widthMs': np.float64(0.39)}]",2.22,1.92,1.19,0.61,0.39,yes,,,,,,unknown,,,
67,stochastic-hh.sanpy,6,2,4.0,,dvdt,100.0,-40.0,0,"[10, 20, 50, 80, 90]",20260928,19:54:54,,,0.2.8.post45,ceeda3d8b38d399aaf1761b27ed8696acdeb9705,True,,67,13,0,[],,48277,0.48277,-42.63821857148559,29.65789763385218,48346,0.48346,46.76630464214448,89.40452321363007,0.6900000000000239,48626,0.48625999999999997,-70.42948200230256,48259.0,-46.66385772024453,48261,48268,0.07,-46.314658881630514,-45.01328623338592,18259.80443253114,,48324,17.039949541117856,298.20536473942695,48420,13.636238088435503,-75.72395019013565,1478.0,14.78,67.65899864682002,1502.0,15.02,0.18,"[{'halfHeight': 10, 'risingPnt': np.int64(48296), 'fallingPnt': np.int64(48521), 'widthPnts': np.int64(225), 'widthMs': np.float64(2.25)}, {'halfHeight': 20, 'risingPnt': np.int64(48306), 'fallingPnt': np.int64(48502), 'widthPnts': np.int64(196), 'widthMs': np.float64(1.96)}, {'halfHeight': 50, 'risingPnt': np.int64(48319), 'fallingPnt': np.int64(48445), 'widthPnts': np.int64(126), 'widthMs': np.float64(1.26)}, {'halfHeight': 80, 'risingPnt': np.int64(48329), 'fallingPnt': np.int64(48394), 'widthPnts': np.int64(65), 'widthMs': np.float64(0.65)}, {'halfHeight': 90, 'risingPnt': np.int64(48333), 'fallingPnt': np.int64(48375), 'widthPnts': np.int64(42), 'widthMs': np.float64(0.42)}]",2.25,1.96,1.26,0.65,0.42,yes,,,,,,unknown,,,
68,stochastic-hh.sanpy,6,2,4.0,,dvdt,100.0,-40.0,0,"[10, 20, 50, 80, 90]",20260928,19:54:54,,,0.2.8.post45,ceeda3d8b38d399aaf1761b27ed8696acdeb9705,True,,68,14,0,[],,49947,0.49947,-41.998994139965404,30.150036680895546,50015,0.50015,46.88365702690292,88.88265116686833,0.6799999999999584,50301,0.50301,-70.48369801138732,49922.0,-46.66385772024453,49924,49934,0.1,-46.36595576285521,-44.90765639757927,14283.642986826602,,49995,19.007099026806895,302.76014330417456,50139,-11.262208670132802,-63.823833258777896,1670.0,16.7,59.880239520958085,1663.0,16.63,0.25,"[{'halfHeight': 10, 'risingPnt': np.int64(49966), 'fallingPnt': np.int64(50183), 'widthPnts': np.int64(217), 'widthMs': np.float64(2.17)}, {'halfHeight': 20, 'risingPnt': np.int64(49976), 'fallingPnt': np.int64(50164), 'widthPnts': np.int64(188), 'widthMs': np.float64(1.88)}, {'halfHeight': 50, 'risingPnt': np.int64(49990), 'fallingPnt': np.int64(50112), 'widthPnts': np.int64(122), 'widthMs': np.float64(1.22)}, {'halfHeight': 80, 'risingPnt': np.int64(49999), 'fallingPnt': np.int64(50057), 'widthPnts': np.int64(58), 'widthMs': np.float64(0.58)}, {'halfHeight': 90, 'risingPnt': np.int64(50003), 'fallingPnt': np.int64(50040), 'widthPnts': np.int64(37), 'widthMs': np.float64(0.37)}]",2.17,1.88,1.22,0.58,0.37,yes,,,,,,unknown,,,
69,stochastic-hh.sanpy,6,2,4.0,,dvdt,100.0,-40.0,0,"[10, 20, 50, 80, 90]",20260928,19:54:54,,,0.2.8.post45,ceeda3d8b38d399aaf1761b27ed8696acdeb9705,True,,69,15,0,[],,51796,0.5179600000000001,-41.90575371590686,30.38584270144506,51862,0.51862,46.92841356489076,88.83416728079763,0.6599999999998829,52142,0.52142,-70.47010889940913,51774.0,-46.66385772024453,51776,51785,0.09,-46.26805521053667,-44.599917341248116,18204.647975436885,,51843,19.559894246622537,307.89655918363326,51919,23.231656975202984,-68.03531347641525,1849.0,18.49,54.08328826392645,1852.0,18.52,0.22,"[{'halfHeight': 10, 'risingPnt': np.int64(51815), 'fallingPnt': np.int64(52038), 'widthPnts': np.int64(223), 'widthMs': np.float64(2.23)}, {'halfHeight': 20, 'risingPnt': np.int64(51824), 'fallingPnt': np.int64(52021), 'widthPnts': np.int64(197), 'widthMs': np.float64(1.97)}, {'halfHeight': 50, 'risingPnt': np.int64(51838), 'fallingPnt': np.int64(51960), 'widthPnts': np.int64(122), 'widthMs': np.float64(1.22)}, {'halfHeight': 80, 'risingPnt': np.int64(51847), 'fallingPnt': np.int64(51910), 'widthPnts': np.int64(63), 'widthMs': np.float64(0.63)}, {'halfHeight': 90, 'risingPnt': np.int64(51850), 'fallingPnt': np.int64(51892), 'widthPnts': np.int64(42), 'widthMs': np.float64(0.42)}]",2.23,1.97,1.22,0.63,0.42,yes,,,,,,unknown,,,
70,stochastic-hh.sanpy,6,2,4.0,,dvdt,100.0,-40.0,0,"[10, 20, 50, 80, 90]",20260928,19:54:54,,,0.2.8.post45,ceeda3d8b38d399aaf1761b27ed8696acdeb9705,True,,70,16,0,[],,53362,0.53362,-41.486702719446335,30.5072393990537,53426,0.53426,47.98292666303969,89.46962938248603,0.6399999999999739,53709,0.5370900000000001,-70.51194413933764,53336.0,-46.66385772024453,53339,53349,0.1,-46.209322671170426,-44.6352294379875,15716.406414498664,,53408,19.9152339348884,312.4302038278672,53510,7.91965688168957,-64.58911135603299,1566.0,15.66,63.85696040868454,1562.0,15.62,0.26,"[{'halfHeight': 10, 'risingPnt': np.int64(53380), 'fallingPnt': np.int64(53600), 'widthPnts': np.int64(220), 'widthMs': np.float64(2.2)}, {'halfHeight': 20, 'risingPnt': np.int64(53390), 'fallingPnt': np.int64(53580), 'widthPnts': np.int64(190), 'widthMs': np.float64(1.9)}, {'halfHeight': 50, 'risingPnt': np.int64(53403), 'fallingPnt': np.int64(53520), 'widthPnts': np.int64(117), 'widthMs': np.float64(1.17)}, {'halfHeight': 80, 'risingPnt': np.int64(53412), 'fallingPnt': np.int64(53472), 'widthPnts': np.int64(60), 'widthMs': np.float64(0.6)}, {'halfHeight': 90, 'risingPnt': np.int64(53416), 'fallingPnt': np.int64(53455), 'widthPnts': np.int64(39), 'widthMs': np.float64(0.39)}]",2.2,1.9,1.17,0.6,0.39,yes,,,,,,unknown,,,
71,stochastic-hh.sanpy,6,2,4.0,,dvdt,100.0,-40.0,0,"[10, 20, 50, 80, 90]",20260928,19:54:54,,,0.2.8.post45,ceeda3d8b38d399aaf1761b27ed8696acdeb9705,True,,71,17,0,[],,55013,0.55013,-41.507908894858645,30.135949918859918,55079,0.55079,47.079916109192084,88.58782500405073,0.6599999999999939,55356,0.5535599999999999,-70.4270134982861,54986.0,-46.66385772024453,54989,55000,0.11,-46.23457265550263,-44.54891271260299,15003.799174350544,,55061,19.96964178183267,303.45333682000677,55119,31.039749464963144,-64.28813192669061,1651.0,16.51,60.56935190793458,1650.0,16.5,0.27,"[{'halfHeight': 10, 'risingPnt': np.int64(55032), 'fallingPnt': np.int64(55245), 'widthPnts': np.int64(213), 'widthMs': np.float64(2.13)}, {'halfHeight': 20, 'risingPnt': np.int64(55042), 'fallingPnt': np.int64(55226), 'widthPnts': np.int64(184), 'widthMs': np.float64(1.84)}, {'halfHeight': 50, 'risingPnt': np.int64(55056), 'fallingPnt': np.int64(55171), 'widthPnts': np.int64(115), 'widthMs': np.float64(1.15)}, {'halfHeight': 80, 'risingPnt': np.int64(55065), 'fallingPnt': np.int64(55122), 'widthPnts': np.int64(57), 'widthMs': np.float64(0.57)}, {'halfHeight': 90, 'risingPnt': np.int64(55068), 'fallingPnt': np.int64(55107), 'widthPnts': np.int64(39), 'widthMs': np.float64(0.39)}]",2.13,1.84,1.15,0.57,0.39,yes,,,,,,unknown,,,
72,stochastic-hh.sanpy,6,2,4.0,,dvdt,100.0,-40.0,0,"[10, 20, 50, 80, 90]",20260928,19:54:54,,,0.2.8.post45,ceeda3d8b38d399aaf1761b27ed8696acdeb9705,True,,72,18,0,[],,56760,0.5676,-42.2682928237288,30.03824774335359,56826,0.56826,47.90247135321745,90.17076417694625,0.6599999999999939,57116,0.57116,-70.47321314963025,56740.0,-46.66385772024453,56742,56750,0.08,-46.27257859623762,-44.82497068012967,17823.332930717133,,56808,21.24031196908408,309.5450482077436,56889,22.2834258323072,-71.40530261356548,1747.0,17.47,57.24098454493417,1754.0,17.54,0.2,"[{'halfHeight': 10, 'risingPnt': np.int64(56779), 'fallingPnt': np.int64(57001), 'widthPnts': np.int64(222), 'widthMs': np.float64(2.22)}, {'halfHeight': 20, 'risingPnt': np.int64(56788), 'fallingPnt': np.int64(56981), 'widthPnts': np.int64(193), 'widthMs': np.float64(1.93)}, {'halfHeight': 50, 'risingPnt': np.int64(56802), 'fallingPnt': np.int64(56927), 'widthPnts': np.int64(125), 'widthMs': np.float64(1.25)}, {'halfHeight': 80, 'risingPnt': np.int64(56811), 'fallingPnt': np.int64(56873), 'widthPnts': np.int64(62), 'widthMs': np.float64(0.62)}, {'halfHeight': 90, 'risingPnt': np.int64(56815), 'fallingPnt': np.int64(56855), 'widthPnts': np.int64(40), 'widthMs': np.float64(0.4)}]",2.22,1.93,1.25,0.62,0.4,yes,,,,,,unknown,,,
73,stochastic-hh.sanpy,6,2,4.0,,dvdt,100.0,-40.0,0,"[10, 20, 50, 80, 90]",20260928,19:54:54,,,0.2.8.post45,ceeda3d8b38d399aaf1761b27ed8696acdeb9705,True,,73,19,0,[],,58761,0.58761,-41.49689056060799,27.363995383653094,58832,0.5883200000000001,43.94404745057772,85.44093801118571,0.7100000000000994,59098,0.5909800000000001,-70.61155341628128,58731.0,-46.66385772024453,58734,58746,0.12,-46.355896530418164,-44.78578831381491,12802.033426998067,,58809,15.274865885814853,276.444375552078,59024,-49.022734176986,-70.39909972713272,2001.0,20.01,49.97501249375313,1991.0,19.91,0.3,"[{'halfHeight': 10, 'risingPnt': np.int64(58780), 'fallingPnt': np.int64(58997), 'widthPnts': np.int64(217), 'widthMs': np.float64(2.17)}, {'halfHeight': 20, 'risingPnt': np.int64(58790), 'fallingPnt': np.int64(58978), 'widthPnts': np.int64(188), 'widthMs': np.float64(1.88)}, {'halfHeight': 50, 'risingPnt': np.int64(58804), 'fallingPnt': np.int64(58920), 'widthPnts': np.int64(116), 'widthMs': np.float64(1.16)}, {'halfHeight': 80, 'risingPnt': np.int64(58814), 'fallingPnt': np.int64(58871), 'widthPnts': np.int64(57), 'widthMs': np.float64(0.57)}, {'halfHeight': 90, 'risingPnt': np.int64(58818), 'fallingPnt': np.int64(58855), 'widthPnts': np.int64(37), 'widthMs': np.float64(0.37)}]",2.17,1.88,1.16,0.57,0.37,yes,,,,,,unknown,,,
74,stochastic-hh.sanpy,6,2,4.0,,dvdt,100.0,-40.0,0,"[10, 20, 50, 80, 90]",20260928,19:54:54,,,0.2.8.post45,ceeda3d8b38d399aaf1761b27ed8696acdeb9705,True,,74,20,0,[],,60678,0.60678,-42.110936181196344,29.825884116777047,60748,0.60748,47.56008768628039,89.67102386747673,0.7000000000000339,61038,0.61038,-70.49976817946998,60655.0,-46.66385772024453,60657,60667,0.1,-46.322281612569135,-44.673377217687836,16392.724941917964,,60726,17.483007579490607,309.84837621365006,60827,11.114273465947111,-72.61489762839868,1917.0,19.17,52.16484089723526,1924.0,19.24,0.23,"[{'halfHeight': 10, 'risingPnt': np.int64(60698), 'fallingPnt': np.int64(60926), 'widthPnts': np.int64(228), 'widthMs': np.float64(2.28)}, {'halfHeight': 20, 'risingPnt': np.int64(60708), 'fallingPnt': np.int64(60906), 'widthPnts': np.int64(198), 'widthMs': np.float64(1.98)}, {'halfHeight': 50, 'risingPnt': np.int64(60722), 'fallingPnt': np.int64(60843), 'widthPnts': np.int64(121), 'widthMs': np.float64(1.21)}, {'halfHeight': 80, 'risingPnt': np.int64(60731), 'fallingPnt': np.int64(60794), 'widthPnts': np.int64(63), 'widthMs': np.float64(0.63)}, {'halfHeight': 90, 'risingPnt': np.int64(60734), 'fallingPnt': np.int64(60777), 'widthPnts': np.int64(43), 'widthMs': np.float64(0.43)}]",2.28,1.98,1.21,0.63,0.43,yes,,,,,,unknown,,,
75,stochastic-hh.sanpy,6,2,4.0,,dvdt,100.0,-40.0,0,"[10, 20, 50, 80, 90]",20260928,19:54:54,,,0.2.8.post45,ceeda3d8b38d399aaf1761b27ed8696acdeb9705,True,,75,21,0,[],,62281,0.62281,-40.80778976434404,30.571012657919226,62345,0.6234500000000001,47.390972670795584,88.19876243513963,0.640000000000085,62634,0.62634,-70.46355131064945,62254.0,-46.66385772024453,62257,62268,0.11,-46.06954192852552,-44.085038459960494,17814.548679717132,,62326,20.502486011857158,308.01595870364287,62451,-0.16976842811244022,-66.12962783242563,1603.0,16.03,62.383031815346214,1599.0,15.99,0.27,"[{'halfHeight': 10, 'risingPnt': np.int64(62298), 'fallingPnt': np.int64(62520), 'widthPnts': np.int64(222), 'widthMs': np.float64(2.22)}, {'halfHeight': 20, 'risingPnt': np.int64(62307), 'fallingPnt': np.int64(62502), 'widthPnts': np.int64(195), 'widthMs': np.float64(1.95)}, {'halfHeight': 50, 'risingPnt': np.int64(62321), 'fallingPnt': np.int64(62446), 'widthPnts': np.int64(125), 'widthMs': np.float64(1.25)}, {'halfHeight': 80, 'risingPnt': np.int64(62330), 'fallingPnt': np.int64(62394), 'widthPnts': np.int64(64), 'widthMs': np.float64(0.64)}, {'halfHeight': 90, 'risingPnt': np.int64(62333), 'fallingPnt': np.int64(62372), 'widthPnts': np.int64(39), 'widthMs': np.float64(0.39)}]",2.22,1.95,1.25,0.64,0.39,yes,,,,,,unknown,,,
76,stochastic-hh.sanpy,6,2,4.0,,dvdt,100.0,-40.0,0,"[10, 20, 50, 80, 90]",20260928,19:54:54,,,0.2.8.post45,ceeda3d8b38d399aaf1761b27ed8696acdeb9705,True,,76,22,0,[],,63877,0.63877,-42.186570341747505,29.743992390552883,63944,0.63944,46.9772951556528,89.16386549740031,0.6700000000000594,64216,0.64216,-70.53933525882991,63856.0,-46.66385772024453,63858,63866,0.08,-46.224076635522394,-44.80451745168137,17663.3250325833,,63925,17.7535761041009,298.027772087113,63992,25.50618133029447,-71.93381787275545,1596.0,15.96,62.65664160401002,1602.0,16.02,0.21,"[{'halfHeight': 10, 'risingPnt': np.int64(63896), 'fallingPnt': np.int64(64112), 'widthPnts': np.int64(216), 'widthMs': np.float64(2.16)}, {'halfHeight': 20, 'risingPnt': np.int64(63906), 'fallingPnt': np.int64(64094), 'widthPnts': np.int64(188), 'widthMs': np.float64(1.88)}, {'halfHeight': 50, 'risingPnt': np.int64(63920), 'fallingPnt': np.int64(64038), 'widthPnts': np.int64(118), 'widthMs': np.float64(1.18)}, {'halfHeight': 80, 'risingPnt': np.int64(63929), 'fallingPnt': np.int64(63987), 'widthPnts': np.int64(58), 'widthMs': np.float64(0.58)}, {'halfHeight': 90, 'risingPnt': np.int64(63933), 'fallingPnt': np.int64(63970), 'widthPnts': np.int64(37), 'widthMs': np.float64(0.37)}]",2.16,1.88,1.18,0.58,0.37,yes,,,,,,unknown,,,
77,stochastic-hh.sanpy,6,2,4.0,,dvdt,100.0,-40.0,0,"[10, 20, 50, 80, 90]",20260928,19:54:54,,,0.2.8.post45,ceeda3d8b38d399aaf1761b27ed8696acdeb9705,True,,77,23,0,[],,65619,0.65619,-42.144572382811916,31.910537637279408,65682,0.6568200000000001,48.39264372862294,90.53721611143486,0.6300000000000194,65968,0.6596799999999999,-70.5989708405748,65599.0,-46.66385772024453,65601,65609,0.08,-46.27275288722039,-44.82242322330806,17864.26870074239,,65665,20.820961905739626,328.6187471023515,65762,11.126294185135686,-69.10663573725978,1742.0,17.42,57.405281285878296,1743.0,17.43,0.2,"[{'halfHeight': 10, 'risingPnt': np.int64(65637), 'fallingPnt': np.int64(65864), 'widthPnts': np.int64(227), 'widthMs': np.float64(2.27)}, {'halfHeight': 20, 'risingPnt': np.int64(65646), 'fallingPnt': np.int64(65843), 'widthPnts': np.int64(197), 'widthMs': np.float64(1.97)}, {'halfHeight': 50, 'risingPnt': np.int64(65660), 'fallingPnt': np.int64(65780), 'widthPnts': np.int64(120), 'widthMs': np.float64(1.2)}, {'halfHeight': 80, 'risingPnt': np.int64(65668), 'fallingPnt': np.int64(65732), 'widthPnts': np.int64(64), 'widthMs': np.float64(0.64)}, {'halfHeight': 90, 'risingPnt': np.int64(65672), 'fallingPnt': np.int64(65713), 'widthPnts': np.int64(41), 'widthMs': np.float64(0.41)}]",2.27,1.97,1.2,0.64,0.41,yes,,,,,,unknown,,,
78,stochastic-hh.sanpy,6,2,4.0,,dvdt,100.0,-40.0,0,"[10, 20, 50, 80, 90]",20260928,19:54:54,,,0.2.8.post45,ceeda3d8b38d399aaf1761b27ed8696acdeb9705,True,,78,24,0,[],,68096,0.68096,-40.55081551003062,29.56791046941068,68160,0.6816,45.900437473869985,86.4512529839006,0.6399999999999739,68450,0.6845,-70.60159816910308,68065.0,-46.66385772024453,68068,68081,0.13,-46.198346699307564,-44.191560185989374,15389.769934459455,,68141,17.865666263323227,299.3632970433936,68359,-42.231774335549765,-66.83612995815824,2477.0,24.77,40.37141703673799,2466.0,24.66,0.31,"[{'halfHeight': 10, 'risingPnt': np.int64(68114), 'fallingPnt': np.int64(68340), 'widthPnts': np.int64(226), 'widthMs': np.float64(2.26)}, {'halfHeight': 20, 'risingPnt': np.int64(68123), 'fallingPnt': np.int64(68318), 'widthPnts': np.int64(195), 'widthMs': np.float64(1.95)}, {'halfHeight': 50, 'risingPnt': np.int64(68136), 'fallingPnt': np.int64(68257), 'widthPnts': np.int64(121), 'widthMs': np.float64(1.21)}, {'halfHeight': 80, 'risingPnt': np.int64(68145), 'fallingPnt': np.int64(68205), 'widthPnts': np.int64(60), 'widthMs': np.float64(0.6)}, {'halfHeight': 90, 'risingPnt': np.int64(68149), 'fallingPnt': np.int64(68186), 'widthPnts': np.int64(37), 'widthMs': np.float64(0.37)}]",2.26,1.95,1.21,0.6,0.37,yes,,,,,,unknown,,,
79,stochastic-hh.sanpy,6,2,4.0,,dvdt,100.0,-40.0,0,"[10, 20, 50, 80, 90]",20260928,19:54:54,,,0.2.8.post45,ceeda3d8b38d399aaf1761b27ed8696acdeb9705,True,,79,25,0,[],,69691,0.6969099999999999,-41.53893719220457,31.26074812177298,69756,0.69756,47.44697070648843,88.985907898693,0.6500000000000394,70060,0.7006,-70.51447241417023,69661.0,-47.26132310816342,69664,69676,0.12,-46.95762693645443,-45.23903131850753,13962.45244939939,,69738,20.30055413434999,321.39532860472184,69833,14.366232476271175,-62.07264024494028,1595.0,15.95,62.695924764890286,1596.0,15.96,0.3,"[{'halfHeight': 10, 'risingPnt': np.int64(69709), 'fallingPnt': np.int64(69941), 'widthPnts': np.int64(232), 'widthMs': np.float64(2.32)}, {'halfHeight': 20, 'risingPnt': np.int64(69719), 'fallingPnt': np.int64(69919), 'widthPnts': np.int64(200), 'widthMs': np.float64(2.0)}, {'halfHeight': 50, 'risingPnt': np.int64(69733), 'fallingPnt': np.int64(69856), 'widthPnts': np.int64(123), 'widthMs': np.float64(1.23)}, {'halfHeight': 80, 'risingPnt': np.int64(69742), 'fallingPnt': np.int64(69805), 'widthPnts': np.int64(63), 'widthMs': np.float64(0.63)}, {'halfHeight': 90, 'risingPnt': np.int64(69745), 'fallingPnt': np.int64(69788), 'widthPnts': np.int64(43), 'widthMs': np.float64(0.43)}]",2.32,2.0,1.23,0.63,0.43,yes,,,,,,unknown,,,
80,stochastic-hh.sanpy,6,2,4.0,,dvdt,100.0,-40.0,0,"[10, 20, 50, 80, 90]",20260928,19:54:54,,,0.2.8.post45,ceeda3d8b38d399aaf1761b27ed8696acdeb9705,True,,80,26,0,[],,71912,0.71912,-40.6155504829315,29.98546112001198,71976,0.71976,47.42655028352488,88.04210076645639,0.6399999999999739,72254,0.72254,-70.55256686826503,71875.0,-47.93825536713305,71879,71893,0.14,-47.446318633721766,-45.25469417867574,15425.151427905357,,71955,16.972429162758086,311.0506646336423,72175,-48.27049064392638,-66.31003651046655,2221.0,22.21,45.02476361999099,2214.0,22.14,0.37,"[{'halfHeight': 10, 'risingPnt': np.int64(71929), 'fallingPnt': np.int64(72144), 'widthPnts': np.int64(215), 'widthMs': np.float64(2.15)}, {'halfHeight': 20, 'risingPnt': np.int64(71938), 'fallingPnt': np.int64(72125), 'widthPnts': np.int64(187), 'widthMs': np.float64(1.87)}, {'halfHeight': 50, 'risingPnt': np.int64(71951), 'fallingPnt': np.int64(72070), 'widthPnts': np.int64(119), 'widthMs': np.float64(1.19)}, {'halfHeight': 80, 'risingPnt': np.int64(71960), 'fallingPnt': np.int64(72021), 'widthPnts': np.int64(61), 'widthMs': np.float64(0.61)}, {'halfHeight': 90, 'risingPnt': np.int64(71964), 'fallingPnt': np.int64(72004), 'widthPnts': np.int64(40), 'widthMs': np.float64(0.4)}]",2.15,1.87,1.19,0.61,0.4,yes,,,,,,unknown,,,
81,stochastic-hh.sanpy,6,2,4.0,,dvdt,100.0,-40.0,0,"[10, 20, 50, 80, 90]",20260928,19:54:54,,,0.2.8.post45,ceeda3d8b38d399aaf1761b27ed8696acdeb9705,True,,81,27,0,[],,73463,0.73463,-41.40424300821516,32.76828775584108,73526,0.73526,48.43880497838918,89.84304798660435,0.6300000000000194,73810,0.7381,-70.36907239719338,73442.0,-46.23337601795602,73444,73452,0.08,-45.77423613078229,-44.366630608442016,17409.613646956583,,73507,17.636822127282084,327.7916057111932,73616,9.46285617166587,-65.37027279289781,1551.0,15.51,64.47453255963894,1567.0,15.67,0.21,"[{'halfHeight': 10, 'risingPnt': np.int64(73481), 'fallingPnt': np.int64(73706), 'widthPnts': np.int64(225), 'widthMs': np.float64(2.25)}, {'halfHeight': 20, 'risingPnt': np.int64(73490), 'fallingPnt': np.int64(73687), 'widthPnts': np.int64(197), 'widthMs': np.float64(1.97)}, {'halfHeight': 50, 'risingPnt': np.int64(73503), 'fallingPnt': np.int64(73627), 'widthPnts': np.int64(124), 'widthMs': np.float64(1.24)}, {'halfHeight': 80, 'risingPnt': np.int64(73512), 'fallingPnt': np.int64(73573), 'widthPnts': np.int64(61), 'widthMs': np.float64(0.61)}, {'halfHeight': 90, 'risingPnt': np.int64(73515), 'fallingPnt': np.int64(73556), 'widthPnts': np.int64(41), 'widthMs': np.float64(0.41)}]",2.25,1.97,1.24,0.61,0.41,yes,,,,,,unknown,,,
82,stochastic-hh.sanpy,6,3,0.0,,dvdt,100.0,-40.0,0,"[10, 20, 50, 80, 90]",20260928,19:54:54,,,0.2.8.post45,ceeda3d8b38d399aaf1761b27ed8696acdeb9705,True,,82,28,0,[],,76521,0.7652100000000001,-41.59434086227658,29.97068950036443,76588,0.76588,48.230911747899704,89.82525261017628,0.6699999999999484,76877,0.76877,-71.04924268651338,76501.0,-46.23337601795602,76503,76511,0.08,-45.74977328230732,-44.16170626960002,19329.193815080198,,76568,17.45592485278521,310.4983430614905,76665,12.044566696222734,-70.36478345590734,3058.0,30.58,32.701111837802486,3059.0,30.59,0.2,"[{'halfHeight': 10, 'risingPnt': np.int64(76540), 'fallingPnt': np.int64(76761), 'widthPnts': np.int64(221), 'widthMs': np.float64(2.21)}, {'halfHeight': 20, 'risingPnt': np.int64(76550), 'fallingPnt': np.int64(76743), 'widthPnts': np.int64(193), 'widthMs': np.float64(1.93)}, {'halfHeight': 50, 'risingPnt': np.int64(76564), 'fallingPnt': np.int64(76683), 'widthPnts': np.int64(119), 'widthMs': np.float64(1.19)}, {'halfHeight': 80, 'risingPnt': np.int64(76573), 'fallingPnt': np.int64(76633), 'widthPnts': np.int64(60), 'widthMs': np.float64(0.6)}, {'halfHeight': 90, 'risingPnt': np.int64(76576), 'fallingPnt': np.int64(76616), 'widthPnts': np.int64(40), 'widthMs': np.float64(0.4)}]",2.21,1.93,1.19,0.6,0.4,yes,,,,,,unknown,,,
83,stochastic-hh.sanpy,7,2,5.0,,dvdt,100.0,-40.0,0,"[10, 20, 50, 80, 90]",20260928,19:54:54,,,0.2.8.post45,ceeda3d8b38d399aaf1761b27ed8696acdeb9705,True,,83,0,0,"[{'Spike': 0, 'Seconds': np.float64(0.2524), 'Sweep': 7, 'Epoch': 2, 'Type': 'Fit EDD', 'Details': 'Early diastolic duration rate fit - Too low -15.651<=8'}]",,25241,0.25241,-41.939819245505305,31.74329596238823,25305,0.25305,49.287628700128735,91.22744794563404,0.6399999999999739,25598,0.25598,-70.38707247630083,7093.0,-61.44552322221904,8908,16167,72.59,-57.91256376587103,-57.37037655601612,-15.650921317409177,,25287,21.365972903314393,322.74858898653787,25360,27.22681809706132,-63.16458667518556,,,,,,181.48,"[{'halfHeight': 10, 'risingPnt': np.int64(25260), 'fallingPnt': np.int64(25491), 'widthPnts': np.int64(231), 'widthMs': np.float64(2.31)}, {'halfHeight': 20, 'risingPnt': np.int64(25269), 'fallingPnt': np.int64(25471), 'widthPnts': np.int64(202), 'widthMs': np.float64(2.02)}, {'halfHeight': 50, 'risingPnt': np.int64(25282), 'fallingPnt': np.int64(25410), 'widthPnts': np.int64(128), 'widthMs': np.float64(1.28)}, {'halfHeight': 80, 'risingPnt': np.int64(25291), 'fallingPnt': np.int64(25354), 'widthPnts': np.int64(63), 'widthMs': np.float64(0.63)}, {'halfHeight': 90, 'risingPnt': np.int64(25294), 'fallingPnt': np.int64(25334), 'widthPnts': np.int64(40), 'widthMs': np.float64(0.4)}]",2.31,2.02,1.28,0.63,0.4,yes,,,,,,unknown,,,
84,stochastic-hh.sanpy,7,2,5.0,,dvdt,100.0,-40.0,0,"[10, 20, 50, 80, 90]",20260928,19:54:54,,,0.2.8.post45,ceeda3d8b38d399aaf1761b27ed8696acdeb9705,True,,84,1,0,[],,26813,0.26813,-42.30037379228766,29.666313406567458,26882,0.26882,46.575556257270705,88.87593004955836,0.6900000000000239,27159,0.27159,-70.37373835575328,26787.0,-47.20567190695535,26790,26800,0.1,-46.78301657549656,-45.31037209196533,14528.849697790765,,26863,19.537090518217926,303.21200751093306,26936,24.58033130328287,-72.00892237196895,1572.0,15.72,63.613231552162844,19694.0,196.94,0.26,"[{'halfHeight': 10, 'risingPnt': np.int64(26833), 'fallingPnt': np.int64(27053), 'widthPnts': np.int64(220), 'widthMs': np.float64(2.2)}, {'halfHeight': 20, 'risingPnt': np.int64(26843), 'fallingPnt': np.int64(27035), 'widthPnts': np.int64(192), 'widthMs': np.float64(1.92)}, {'halfHeight': 50, 'risingPnt': np.int64(26857), 'fallingPnt': np.int64(26980), 'widthPnts': np.int64(123), 'widthMs': np.float64(1.23)}, {'halfHeight': 80, 'risingPnt': np.int64(26867), 'fallingPnt': np.int64(26930), 'widthPnts': np.int64(63), 'widthMs': np.float64(0.63)}, {'halfHeight': 90, 'risingPnt': np.int64(26870), 'fallingPnt': np.int64(26911), 'widthPnts': np.int64(41), 'widthMs': np.float64(0.41)}]",2.2,1.92,1.23,0.63,0.41,yes,,,,,,unknown,,,
85,stochastic-hh.sanpy,7,2,5.0,,dvdt,100.0,-40.0,0,"[10, 20, 50, 80, 90]",20260928,19:54:54,,,0.2.8.post45,ceeda3d8b38d399aaf1761b27ed8696acdeb9705,True,,85,2,0,[],,28317,0.28317000000000003,-40.26841390398818,29.007879042748264,28384,0.28384,44.56405086583424,84.83246476982242,0.6699999999999484,28656,0.28656,-70.40691574570333,28281.0,-47.20567190695535,28285,28299,0.14,-46.75115800677479,-44.642620746460295,14602.534017366279,,28363,15.874655827234339,297.75221820318484,28447,13.965019205201944,-67.94143564888286,1504.0,15.04,66.48936170212767,1494.0,14.94,0.36,"[{'halfHeight': 10, 'risingPnt': np.int64(28335), 'fallingPnt': np.int64(28548), 'widthPnts': np.int64(213), 'widthMs': np.float64(2.13)}, {'halfHeight': 20, 'risingPnt': np.int64(28344), 'fallingPnt': np.int64(28531), 'widthPnts': np.int64(187), 'widthMs': np.float64(1.87)}, {'halfHeight': 50, 'risingPnt': np.int64(28358), 'fallingPnt': np.int64(28474), 'widthPnts': np.int64(116), 'widthMs': np.float64(1.16)}, {'halfHeight': 80, 'risingPnt': np.int64(28368), 'fallingPnt': np.int64(28424), 'widthPnts': np.int64(56), 'widthMs': np.float64(0.56)}, {'halfHeight': 90, 'risingPnt': np.int64(28372), 'fallingPnt': np.int64(28409), 'widthPnts': np.int64(37), 'widthMs': np.float64(0.37)}]",2.13,1.87,1.16,0.56,0.37,yes,,,,,,unknown,,,
86,stochastic-hh.sanpy,7,2,5.0,,dvdt,100.0,-40.0,0,"[10, 20, 50, 80, 90]",20260928,19:54:54,,,0.2.8.post45,ceeda3d8b38d399aaf1761b27ed8696acdeb9705,True,,86,3,0,[],,29889,0.29889,-41.49841832574544,29.175456469884566,29956,0.29956,45.36941614473775,86.86783447048319,0.6700000000000039,30232,0.30232,-70.3803880137725,29858.0,-46.85704809418105,29861,29874,0.13,-46.42971536695077,-44.766099405484155,12491.922350096027,,29935,15.588807773345366,294.7931392348404,30014,19.791697528597346,-64.64778415314167,1572.0,15.72,63.613231552162844,1577.0,15.77,0.31,"[{'halfHeight': 10, 'risingPnt': np.int64(29908), 'fallingPnt': np.int64(30126), 'widthPnts': np.int64(218), 'widthMs': np.float64(2.18)}, {'halfHeight': 20, 'risingPnt': np.int64(29917), 'fallingPnt': np.int64(30107), 'widthPnts': np.int64(190), 'widthMs': np.float64(1.9)}, {'halfHeight': 50, 'risingPnt': np.int64(29931), 'fallingPnt': np.int64(30051), 'widthPnts': np.int64(120), 'widthMs': np.float64(1.2)}, {'halfHeight': 80, 'risingPnt': np.int64(29940), 'fallingPnt': np.int64(29999), 'widthPnts': np.int64(59), 'widthMs': np.float64(0.59)}, {'halfHeight': 90, 'risingPnt': np.int64(29944), 'fallingPnt': np.int64(29981), 'widthPnts': np.int64(37), 'widthMs': np.float64(0.37)}]",2.18,1.9,1.2,0.59,0.37,yes,,,,,,unknown,,,
87,stochastic-hh.sanpy,7,2,5.0,,dvdt,100.0,-40.0,0,"[10, 20, 50, 80, 90]",20260928,19:54:54,,,0.2.8.post45,ceeda3d8b38d399aaf1761b27ed8696acdeb9705,True,,87,4,0,[],,31420,0.3142,-41.39248967026939,29.451141469963265,31486,0.31486000000000003,46.66997775879983,88.06246742906922,0.6600000000000494,31764,0.31764,-70.40985418772648,31393.0,-46.85704809418105,31396,31407,0.11,-46.421898075989844,-44.505360457985205,17046.902046909323,,31465,16.221670942816964,297.95613002985385,31560,12.668568575922862,-71.55258770340505,1531.0,15.31,65.31678641410842,1535.0,15.35,0.27,"[{'halfHeight': 10, 'risingPnt': np.int64(31438), 'fallingPnt': np.int64(31654), 'widthPnts': np.int64(216), 'widthMs': np.float64(2.16)}, {'halfHeight': 20, 'risingPnt': np.int64(31447), 'fallingPnt': np.int64(31635), 'widthPnts': np.int64(188), 'widthMs': np.float64(1.88)}, {'halfHeight': 50, 'risingPnt': np.int64(31461), 'fallingPnt': np.int64(31580), 'widthPnts': np.int64(119), 'widthMs': np.float64(1.19)}, {'halfHeight': 80, 'risingPnt': np.int64(31470), 'fallingPnt': np.int64(31532), 'widthPnts': np.int64(62), 'widthMs': np.float64(0.62)}, {'halfHeight': 90, 'risingPnt': np.int64(31474), 'fallingPnt': np.int64(31514), 'widthPnts': np.int64(40), 'widthMs': np.float64(0.4)}]",2.16,1.88,1.19,0.62,0.4,yes,,,,,,unknown,,,
88,stochastic-hh.sanpy,7,2,5.0,,dvdt,100.0,-40.0,0,"[10, 20, 50, 80, 90]",20260928,19:54:54,,,0.2.8.post45,ceeda3d8b38d399aaf1761b27ed8696acdeb9705,True,,88,5,0,[],,33036,0.33036,-42.3393911421344,28.317724196419835,33106,0.33106,46.58612903126008,88.92552017339449,0.7000000000000339,33378,0.33377999999999997,-70.59508829898192,33013.0,-47.033736114877755,33015,33025,0.1,-46.67809672336655,-45.03638329785992,15968.82948604921,,33088,21.966194081919088,292.2327624929207,33305,-51.81965037217304,-68.93484940965746,1616.0,16.16,61.88118811881188,1620.0,16.2,0.23,"[{'halfHeight': 10, 'risingPnt': np.int64(33057), 'fallingPnt': np.int64(33273), 'widthPnts': np.int64(216), 'widthMs': np.float64(2.16)}, {'halfHeight': 20, 'risingPnt': np.int64(33067), 'fallingPnt': np.int64(33256), 'widthPnts': np.int64(189), 'widthMs': np.float64(1.89)}, {'halfHeight': 50, 'risingPnt': np.int64(33081), 'fallingPnt': np.int64(33201), 'widthPnts': np.int64(120), 'widthMs': np.float64(1.2)}, {'halfHeight': 80, 'risingPnt': np.int64(33091), 'fallingPnt': np.int64(33153), 'widthPnts': np.int64(62), 'widthMs': np.float64(0.62)}, {'halfHeight': 90, 'risingPnt': np.int64(33095), 'fallingPnt': np.int64(33134), 'widthPnts': np.int64(39), 'widthMs': np.float64(0.39)}]",2.16,1.89,1.2,0.62,0.39,yes,,,,,,unknown,,,
89,stochastic-hh.sanpy,7,2,5.0,,dvdt,100.0,-40.0,0,"[10, 20, 50, 80, 90]",20260928,19:54:54,,,0.2.8.post45,ceeda3d8b38d399aaf1761b27ed8696acdeb9705,True,,89,6,0,[],,34588,0.34588,-42.336732226395156,32.13279165467122,34654,0.34654,48.64907788244806,90.98581010884322,0.6599999999999939,34936,0.34936,-70.39115111770626,34572.0,-46.19295976312977,34574,34580,0.06,-45.74561480935184,-44.52028302746823,20090.63193380972,,34635,18.776093844754612,324.4913894495855,34704,27.416964595271814,-69.68745544655121,1552.0,15.52,64.43298969072166,1559.0,15.59,0.16,"[{'halfHeight': 10, 'risingPnt': np.int64(34607), 'fallingPnt': np.int64(34828), 'widthPnts': np.int64(221), 'widthMs': np.float64(2.21)}, {'halfHeight': 20, 'risingPnt': np.int64(34616), 'fallingPnt': np.int64(34808), 'widthPnts': np.int64(192), 'widthMs': np.float64(1.92)}, {'halfHeight': 50, 'risingPnt': np.int64(34630), 'fallingPnt': np.int64(34747), 'widthPnts': np.int64(117), 'widthMs': np.float64(1.17)}, {'halfHeight': 80, 'risingPnt': np.int64(34639), 'fallingPnt': np.int64(34700), 'widthPnts': np.int64(61), 'widthMs': np.float64(0.61)}, {'halfHeight': 90, 'risingPnt': np.int64(34643), 'fallingPnt': np.int64(34683), 'widthPnts': np.int64(40), 'widthMs': np.float64(0.4)}]",2.21,1.92,1.17,0.61,0.4,yes,,,,,,unknown,,,
90,stochastic-hh.sanpy,7,2,5.0,,dvdt,100.0,-40.0,0,"[10, 20, 50, 80, 90]",20260928,19:54:54,,,0.2.8.post45,ceeda3d8b38d399aaf1761b27ed8696acdeb9705,True,,90,7,0,[],,36053,0.36052999999999996,-42.33841321801291,27.656955148640925,36120,0.36119999999999997,45.6954106822886,88.03382390030151,0.6700000000000039,36387,0.36387,-70.42899990241744,36036.0,-46.19295976312977,36038,36044,0.06,-45.78037365339626,-44.576265833770705,19580.368748659643,,36101,14.812906085470365,289.75822569923935,36305,-45.38576949103132,-68.02894809344777,1465.0,14.65,68.25938566552901,1464.0,14.64,0.17,"[{'halfHeight': 10, 'risingPnt': np.int64(36073), 'fallingPnt': np.int64(36284), 'widthPnts': np.int64(211), 'widthMs': np.float64(2.11)}, {'halfHeight': 20, 'risingPnt': np.int64(36082), 'fallingPnt': np.int64(36265), 'widthPnts': np.int64(183), 'widthMs': np.float64(1.83)}, {'halfHeight': 50, 'risingPnt': np.int64(36097), 'fallingPnt': np.int64(36217), 'widthPnts': np.int64(120), 'widthMs': np.float64(1.2)}, {'halfHeight': 80, 'risingPnt': np.int64(36106), 'fallingPnt': np.int64(36167), 'widthPnts': np.int64(61), 'widthMs': np.float64(0.61)}, {'halfHeight': 90, 'risingPnt': np.int64(36110), 'fallingPnt': np.int64(36148), 'widthPnts': np.int64(38), 'widthMs': np.float64(0.38)}]",2.11,1.83,1.2,0.61,0.38,yes,,,,,,unknown,,,
91,stochastic-hh.sanpy,7,2,5.0,,dvdt,100.0,-40.0,0,"[10, 20, 50, 80, 90]",20260928,19:54:54,,,0.2.8.post45,ceeda3d8b38d399aaf1761b27ed8696acdeb9705,True,,91,8,0,[],,37677,0.37677,-42.17277199235107,30.336759637354056,37746,0.37745999999999996,49.37983882189946,91.55261081425053,0.6899999999999684,38037,0.38037,-70.38374182253453,37660.0,-46.19295976312977,37662,37668,0.06,-45.70975374958187,-44.50567540793192,20148.281362397673,,37726,20.31697731236141,312.07833036705154,37791,31.11552498624645,-72.46908373694914,1624.0,16.24,61.57635467980297,1624.0,16.24,0.17,"[{'halfHeight': 10, 'risingPnt': np.int64(37698), 'fallingPnt': np.int64(37929), 'widthPnts': np.int64(231), 'widthMs': np.float64(2.31)}, {'halfHeight': 20, 'risingPnt': np.int64(37707), 'fallingPnt': np.int64(37910), 'widthPnts': np.int64(203), 'widthMs': np.float64(2.03)}, {'halfHeight': 50, 'risingPnt': np.int64(37721), 'fallingPnt': np.int64(37846), 'widthPnts': np.int64(125), 'widthMs': np.float64(1.25)}, {'halfHeight': 80, 'risingPnt': np.int64(37730), 'fallingPnt': np.int64(37792), 'widthPnts': np.int64(62), 'widthMs': np.float64(0.62)}, {'halfHeight': 90, 'risingPnt': np.int64(37734), 'fallingPnt': np.int64(37776), 'widthPnts': np.int64(42), 'widthMs': np.float64(0.42)}]",2.31,2.03,1.25,0.62,0.42,yes,,,,,,unknown,,,
92,stochastic-hh.sanpy,7,2,5.0,,dvdt,100.0,-40.0,0,"[10, 20, 50, 80, 90]",20260928,19:54:54,,,0.2.8.post45,ceeda3d8b38d399aaf1761b27ed8696acdeb9705,True,,92,9,0,[],,39204,0.39204,-42.17476378845618,30.50388705555973,39273,0.39273,47.5901289303917,89.76489271884788,0.6900000000000239,39559,0.39559,-70.38374057329231,39187.0,-46.19295976312977,39189,39195,0.06,-45.744224083621944,-44.52618405884753,19856.44649894815,,39252,16.392118027572952,306.2784624610169,39358,7.95413668459933,-68.71682991153094,1527.0,15.27,65.48788474132286,1527.0,15.27,0.17,"[{'halfHeight': 10, 'risingPnt': np.int64(39225), 'fallingPnt': np.int64(39451), 'widthPnts': np.int64(226), 'widthMs': np.float64(2.26)}, {'halfHeight': 20, 'risingPnt': np.int64(39235), 'fallingPnt': np.int64(39431), 'widthPnts': np.int64(196), 'widthMs': np.float64(1.96)}, {'halfHeight': 50, 'risingPnt': np.int64(39248), 'fallingPnt': np.int64(39368), 'widthPnts': np.int64(120), 'widthMs': np.float64(1.2)}, {'halfHeight': 80, 'risingPnt': np.int64(39257), 'fallingPnt': np.int64(39319), 'widthPnts': np.int64(62), 'widthMs': np.float64(0.62)}, {'halfHeight': 90, 'risingPnt': np.int64(39261), 'fallingPnt': np.int64(39300), 'widthPnts': np.int64(39), 'widthMs': np.float64(0.39)}]",2.26,1.96,1.2,0.62,0.39,yes,,,,,,unknown,,,
93,stochastic-hh.sanpy,7,2,5.0,,dvdt,100.0,-40.0,0,"[10, 20, 50, 80, 90]",20260928,19:54:54,,,0.2.8.post45,ceeda3d8b38d399aaf1761b27ed8696acdeb9705,True,,93,10,0,[],,40766,0.40766,-41.772536125255414,27.64898560932324,40836,0.40836,44.86304026439786,86.63557638965327,0.6999999999999784,41116,0.41116,-70.41408070455408,40741.0,-46.19295976312977,40743,40753,0.1,-45.91371702787209,-44.49281411626428,14036.582977834281,,40818,21.21377759909202,283.131896669171,40880,26.305365257764215,-73.75994539101553,1562.0,15.62,64.02048655569783,1554.0,15.54,0.25,"[{'halfHeight': 10, 'risingPnt': np.int64(40787), 'fallingPnt': np.int64(41008), 'widthPnts': np.int64(221), 'widthMs': np.float64(2.21)}, {'halfHeight': 20, 'risingPnt': np.int64(40797), 'fallingPnt': np.int64(40987), 'widthPnts': np.int64(190), 'widthMs': np.float64(1.9)}, {'halfHeight': 50, 'risingPnt': np.int64(40811), 'fallingPnt': np.int64(40927), 'widthPnts': np.int64(116), 'widthMs': np.float64(1.16)}, {'halfHeight': 80, 'risingPnt': np.int64(40821), 'fallingPnt': np.int64(40879), 'widthPnts': np.int64(58), 'widthMs': np.float64(0.58)}, {'halfHeight': 90, 'risingPnt': np.int64(40825), 'fallingPnt': np.int64(40863), 'widthPnts': np.int64(38), 'widthMs': np.float64(0.38)}]",2.21,1.9,1.16,0.58,0.38,yes,,,,,,unknown,,,
94,stochastic-hh.sanpy,7,2,5.0,,dvdt,100.0,-40.0,0,"[10, 20, 50, 80, 90]",20260928,19:54:54,,,0.2.8.post45,ceeda3d8b38d399aaf1761b27ed8696acdeb9705,True,,94,11,0,[],,42477,0.42477,-41.72672389836614,30.62716627957248,42544,0.42544,47.899949555888426,89.62667345425456,0.6700000000000039,42838,0.42838,-70.30898148849514,42459.0,-46.19295976312977,42461,42468,0.07,-45.64943080597951,-44.04260285019739,22742.060378895516,,42524,20.65109077476008,312.29163104667924,42581,33.40651390522387,-64.60933846107577,1711.0,17.11,58.445353594389246,1718.0,17.18,0.18,"[{'halfHeight': 10, 'risingPnt': np.int64(42496), 'fallingPnt': np.int64(42727), 'widthPnts': np.int64(231), 'widthMs': np.float64(2.31)}, {'halfHeight': 20, 'risingPnt': np.int64(42505), 'fallingPnt': np.int64(42701), 'widthPnts': np.int64(196), 'widthMs': np.float64(1.96)}, {'halfHeight': 50, 'risingPnt': np.int64(42518), 'fallingPnt': np.int64(42639), 'widthPnts': np.int64(121), 'widthMs': np.float64(1.21)}, {'halfHeight': 80, 'risingPnt': np.int64(42528), 'fallingPnt': np.int64(42588), 'widthPnts': np.int64(60), 'widthMs': np.float64(0.6)}, {'halfHeight': 90, 'risingPnt': np.int64(42531), 'fallingPnt': np.int64(42572), 'widthPnts': np.int64(41), 'widthMs': np.float64(0.41)}]",2.31,1.96,1.21,0.6,0.41,yes,,,,,,unknown,,,
95,stochastic-hh.sanpy,7,2,5.0,,dvdt,100.0,-40.0,0,"[10, 20, 50, 80, 90]",20260928,19:54:54,,,0.2.8.post45,ceeda3d8b38d399aaf1761b27ed8696acdeb9705,True,,95,12,0,[],,44576,0.44576,-41.50982009363015,29.164727311623608,44641,0.44641000000000003,47.14908639650094,88.65890649013109,0.6500000000000394,44910,0.4491,-70.5714606118484,44554.0,-46.19295976312977,44556,44565,0.09,-45.82584172472501,-44.222168088580574,17446.94336528171,,44622,19.866147460246136,304.7229168929627,44836,-48.36032657224977,-69.66441766156967,2099.0,20.99,47.641734159123395,2095.0,20.95,0.22,"[{'halfHeight': 10, 'risingPnt': np.int64(44595), 'fallingPnt': np.int64(44809), 'widthPnts': np.int64(214), 'widthMs': np.float64(2.14)}, {'halfHeight': 20, 'risingPnt': np.int64(44604), 'fallingPnt': np.int64(44791), 'widthPnts': np.int64(187), 'widthMs': np.float64(1.87)}, {'halfHeight': 50, 'risingPnt': np.int64(44617), 'fallingPnt': np.int64(44736), 'widthPnts': np.int64(119), 'widthMs': np.float64(1.19)}, {'halfHeight': 80, 'risingPnt': np.int64(44626), 'fallingPnt': np.int64(44687), 'widthPnts': np.int64(61), 'widthMs': np.float64(0.61)}, {'halfHeight': 90, 'risingPnt': np.int64(44629), 'fallingPnt': np.int64(44670), 'widthPnts': np.int64(41), 'widthMs': np.float64(0.41)}]",2.14,1.87,1.19,0.61,0.41,yes,,,,,,unknown,,,
96,stochastic-hh.sanpy,7,2,5.0,,dvdt,100.0,-40.0,0,"[10, 20, 50, 80, 90]",20260928,19:54:54,,,0.2.8.post45,ceeda3d8b38d399aaf1761b27ed8696acdeb9705,True,,96,13,0,[],,46456,0.46456000000000003,-43.01015158543769,27.58329462373107,46527,0.46526999999999996,44.63974732223768,87.64989890767538,0.7099999999999329,46805,0.46805,-70.42972544259419,46440.0,-46.19295976312977,46442,46448,0.06,-45.83938757796776,-44.805318560314056,17113.706673974033,,46507,13.330192845823964,288.1397018901172,46604,11.574949232746576,-62.845345198530254,1880.0,18.8,53.191489361702125,1886.0,18.86,0.16,"[{'halfHeight': 10, 'risingPnt': np.int64(46477), 'fallingPnt': np.int64(46699), 'widthPnts': np.int64(222), 'widthMs': np.float64(2.22)}, {'halfHeight': 20, 'risingPnt': np.int64(46488), 'fallingPnt': np.int64(46680), 'widthPnts': np.int64(192), 'widthMs': np.float64(1.92)}, {'halfHeight': 50, 'risingPnt': np.int64(46503), 'fallingPnt': np.int64(46625), 'widthPnts': np.int64(122), 'widthMs': np.float64(1.22)}, {'halfHeight': 80, 'risingPnt': np.int64(46512), 'fallingPnt': np.int64(46576), 'widthPnts': np.int64(64), 'widthMs': np.float64(0.64)}, {'halfHeight': 90, 'risingPnt': np.int64(46516), 'fallingPnt': np.int64(46556), 'widthPnts': np.int64(40), 'widthMs': np.float64(0.4)}]",2.22,1.92,1.22,0.64,0.4,yes,,,,,,unknown,,,
97,stochastic-hh.sanpy,7,2,5.0,,dvdt,100.0,-40.0,0,"[10, 20, 50, 80, 90]",20260928,19:54:54,,,0.2.8.post45,ceeda3d8b38d399aaf1761b27ed8696acdeb9705,True,,97,14,0,[],,48488,0.48488,-41.40467721717477,29.492447979815843,48554,0.48554,48.447025397890144,89.85170261506491,0.6600000000000494,48838,0.48838,-70.3626263014563,48467.0,-46.19295976312977,48469,48477,0.08,-45.754349969299234,-44.22649641121007,18457.942151212483,,48533,17.205494408475207,306.2264216727263,48611,24.99299874181573,-65.7343411118443,2032.0,20.32,49.212598425196845,2027.0,20.27,0.21,"[{'halfHeight': 10, 'risingPnt': np.int64(48507), 'fallingPnt': np.int64(48731), 'widthPnts': np.int64(224), 'widthMs': np.float64(2.24)}, {'halfHeight': 20, 'risingPnt': np.int64(48516), 'fallingPnt': np.int64(48709), 'widthPnts': np.int64(193), 'widthMs': np.float64(1.93)}, {'halfHeight': 50, 'risingPnt': np.int64(48529), 'fallingPnt': np.int64(48657), 'widthPnts': np.int64(128), 'widthMs': np.float64(1.28)}, {'halfHeight': 80, 'risingPnt': np.int64(48538), 'fallingPnt': np.int64(48602), 'widthPnts': np.int64(64), 'widthMs': np.float64(0.64)}, {'halfHeight': 90, 'risingPnt': np.int64(48542), 'fallingPnt': np.int64(48585), 'widthPnts': np.int64(43), 'widthMs': np.float64(0.43)}]",2.24,1.93,1.28,0.64,0.43,yes,,,,,,unknown,,,
98,stochastic-hh.sanpy,7,2,5.0,,dvdt,100.0,-40.0,0,"[10, 20, 50, 80, 90]",20260928,19:54:54,,,0.2.8.post45,ceeda3d8b38d399aaf1761b27ed8696acdeb9705,True,,98,15,0,[],,49892,0.49892000000000003,-42.58719787000709,27.23958959799632,49964,0.49964,45.47706145853619,88.06425932854327,0.7199999999999429,50238,0.50238,-70.22585329713112,49874.0,-46.19295976312977,49876,49883,0.07,-45.847226872907704,-44.645052991718494,16954.73777817917,,49942,12.143397695258026,286.1633091476604,50019,20.7556806000834,-70.77414199247714,1404.0,14.04,71.22507122507123,1407.0,14.07,0.18,"[{'halfHeight': 10, 'risingPnt': np.int64(49913), 'fallingPnt': np.int64(50131), 'widthPnts': np.int64(218), 'widthMs': np.float64(2.18)}, {'halfHeight': 20, 'risingPnt': np.int64(49924), 'fallingPnt': np.int64(50115), 'widthPnts': np.int64(191), 'widthMs': np.float64(1.91)}, {'halfHeight': 50, 'risingPnt': np.int64(49939), 'fallingPnt': np.int64(50056), 'widthPnts': np.int64(117), 'widthMs': np.float64(1.17)}, {'halfHeight': 80, 'risingPnt': np.int64(49948), 'fallingPnt': np.int64(50008), 'widthPnts': np.int64(60), 'widthMs': np.float64(0.6)}, {'halfHeight': 90, 'risingPnt': np.int64(49952), 'fallingPnt': np.int64(49993), 'widthPnts': np.int64(41), 'widthMs': np.float64(0.41)}]",2.18,1.91,1.17,0.6,0.41,yes,,,,,,unknown,,,
99,stochastic-hh.sanpy,7,2,5.0,,dvdt,100.0,-40.0,0,"[10, 20, 50, 80, 90]",20260928,19:54:54,,,0.2.8.post45,ceeda3d8b38d399aaf1761b27ed8696acdeb9705,True,,99,16,0,[],,51421,0.5142100000000001,-41.96634108320067,28.571483571571626,51487,0.51487,46.37692241499209,88.34326349819275,0.6599999999999939,51767,0.51767,-70.41358013360095,51402.0,-46.19295976312977,51404,51412,0.08,-45.73711450494156,-44.19312621231432,19068.657384767244,,51467,16.413883613280973,293.72214851929897,51559,12.904389472331724,-72.57186865782661,1529.0,15.29,65.40222367560497,1528.0,15.28,0.19,"[{'halfHeight': 10, 'risingPnt': np.int64(51439), 'fallingPnt': np.int64(51658), 'widthPnts': np.int64(219), 'widthMs': np.float64(2.19)}, {'halfHeight': 20, 'risingPnt': np.int64(51448), 'fallingPnt': np.int64(51639), 'widthPnts': np.int64(191), 'widthMs': np.float64(1.91)}, {'halfHeight': 50, 'risingPnt': np.int64(51462), 'fallingPnt': np.int64(51581), 'widthPnts': np.int64(119), 'widthMs': np.float64(1.19)}, {'halfHeight': 80, 'risingPnt': np.int64(51472), 'fallingPnt': np.int64(51533), 'widthPnts': np.int64(61), 'widthMs': np.float64(0.61)}, {'halfHeight': 90, 'risingPnt': np.int64(51475), 'fallingPnt': np.int64(51517), 'widthPnts': np.int64(42), 'widthMs': np.float64(0.42)}]",2.19,1.91,1.19,0.61,0.42,yes,,,,,,unknown,,,
100,stochastic-hh.sanpy,7,2,5.0,,dvdt,100.0,-40.0,0,"[10, 20, 50, 80, 90]",20260928,19:54:54,,,0.2.8.post45,ceeda3d8b38d399aaf1761b27ed8696acdeb9705,True,,100,17,0,[],,55825,0.55825,-42.505135505605125,26.252327436569683,55897,0.5589700000000001,45.14495796182218,87.6500934674273,0.7200000000000539,56165,0.56165,-70.48505109937348,55806.0,-46.19295976312977,55808,55816,0.08,-45.817914534336786,-44.50697117760894,16026.837182697562,,55877,16.17380266490716,278.52413392842345,55953,18.83481928372427,-72.91212703084753,4404.0,44.04,22.70663033605813,4404.0,44.04,0.19,"[{'halfHeight': 10, 'risingPnt': np.int64(55846), 'fallingPnt': np.int64(56063), 'widthPnts': np.int64(217), 'widthMs': np.float64(2.17)}, {'halfHeight': 20, 'risingPnt': np.int64(55857), 'fallingPnt': np.int64(56045), 'widthPnts': np.int64(188), 'widthMs': np.float64(1.88)}, {'halfHeight': 50, 'risingPnt': np.int64(55872), 'fallingPnt': np.int64(55985), 'widthPnts': np.int64(113), 'widthMs': np.float64(1.13)}, {'halfHeight': 80, 'risingPnt': np.int64(55882), 'fallingPnt': np.int64(55939), 'widthPnts': np.int64(57), 'widthMs': np.float64(0.57)}, {'halfHeight': 90, 'risingPnt': np.int64(55886), 'fallingPnt': np.int64(55923), 'widthPnts': np.int64(37), 'widthMs': np.float64(0.37)}]",2.17,1.88,1.13,0.57,0.37,yes,,,,,,unknown,,,
101,stochastic-hh.sanpy,7,2,5.0,,dvdt,100.0,-40.0,0,"[10, 20, 50, 80, 90]",20260928,19:54:54,,,0.2.8.post45,ceeda3d8b38d399aaf1761b27ed8696acdeb9705,True,,101,18,0,[],,57585,0.57585,-41.77641046139586,29.843033998132917,57654,0.5765399999999999,46.79355390831111,88.56996436970698,0.6899999999999684,57934,0.5793400000000001,-70.51881490045623,57562.0,-46.19295976312977,57564,57574,0.1,-45.83345733229274,-44.30918693671739,15047.866098550214,,57632,14.386078671324478,298.51645134510767,57853,-47.01877671747363,-69.02823284716023,1760.0,17.6,56.81818181818181,1756.0,17.56,0.23,"[{'halfHeight': 10, 'risingPnt': np.int64(57605), 'fallingPnt': np.int64(57828), 'widthPnts': np.int64(223), 'widthMs': np.float64(2.23)}, {'halfHeight': 20, 'risingPnt': np.int64(57615), 'fallingPnt': np.int64(57809), 'widthPnts': np.int64(194), 'widthMs': np.float64(1.94)}, {'halfHeight': 50, 'risingPnt': np.int64(57628), 'fallingPnt': np.int64(57748), 'widthPnts': np.int64(120), 'widthMs': np.float64(1.2)}, {'halfHeight': 80, 'risingPnt': np.int64(57638), 'fallingPnt': np.int64(57699), 'widthPnts': np.int64(61), 'widthMs': np.float64(0.61)}, {'halfHeight': 90, 'risingPnt': np.int64(57642), 'fallingPnt': np.int64(57681), 'widthPnts': np.int64(39), 'widthMs': np.float64(0.39)}]",2.23,1.94,1.2,0.61,0.39,yes,,,,,,unknown,,,
102,stochastic-hh.sanpy,7,2,5.0,,dvdt,100.0,-40.0,0,"[10, 20, 50, 80, 90]",20260928,19:54:54,,,0.2.8.post45,ceeda3d8b38d399aaf1761b27ed8696acdeb9705,True,,102,19,0,[],,59514,0.59514,-41.383977194988944,23.552704555799764,59586,0.5958600000000001,38.53293353166856,79.9169107266575,0.7200000000000539,59853,0.59853,-70.29696010039667,59488.0,-45.233775862536135,59491,59501,0.1,-44.85686414403182,-43.69343049594119,11394.41782712921,,59565,9.631860860455108,235.71680509022409,59638,16.46581188576872,-68.00454186033252,1929.0,19.29,51.840331778123385,1926.0,19.26,0.26,"[{'halfHeight': 10, 'risingPnt': np.int64(59535), 'fallingPnt': np.int64(59742), 'widthPnts': np.int64(207), 'widthMs': np.float64(2.07)}, {'halfHeight': 20, 'risingPnt': np.int64(59546), 'fallingPnt': np.int64(59724), 'widthPnts': np.int64(178), 'widthMs': np.float64(1.78)}, {'halfHeight': 50, 'risingPnt': np.int64(59561), 'fallingPnt': np.int64(59673), 'widthPnts': np.int64(112), 'widthMs': np.float64(1.12)}, {'halfHeight': 80, 'risingPnt': np.int64(59571), 'fallingPnt': np.int64(59629), 'widthPnts': np.int64(58), 'widthMs': np.float64(0.58)}, {'halfHeight': 90, 'risingPnt': np.int64(59576), 'fallingPnt': np.int64(59613), 'widthPnts': np.int64(37), 'widthMs': np.float64(0.37)}]",2.07,1.78,1.12,0.58,0.37,yes,,,,,,unknown,,,
103,stochastic-hh.sanpy,7,2,5.0,,dvdt,100.0,-40.0,0,"[10, 20, 50, 80, 90]",20260928,19:54:54,,,0.2.8.post45,ceeda3d8b38d399aaf1761b27ed8696acdeb9705,True,,103,20,0,[],,61434,0.61434,-41.85902749746885,29.88152735245641,61501,0.61501,45.34143056529238,87.20045806276123,0.6699999999999484,61787,0.61787,-70.32668441948813,61420.0,-45.233775862536135,61421,61427,0.06,-44.93898325407865,-43.66398398151366,20955.856391858902,,61483,17.318371743083755,304.1786314451763,61558,21.5050947847551,-72.7788862468486,1920.0,19.2,52.083333333333336,1932.0,19.32,0.14,"[{'halfHeight': 10, 'risingPnt': np.int64(61454), 'fallingPnt': np.int64(61678), 'widthPnts': np.int64(224), 'widthMs': np.float64(2.24)}, {'halfHeight': 20, 'risingPnt': np.int64(61464), 'fallingPnt': np.int64(61658), 'widthPnts': np.int64(194), 'widthMs': np.float64(1.94)}, {'halfHeight': 50, 'risingPnt': np.int64(61478), 'fallingPnt': np.int64(61594), 'widthPnts': np.int64(116), 'widthMs': np.float64(1.16)}, {'halfHeight': 80, 'risingPnt': np.int64(61487), 'fallingPnt': np.int64(61548), 'widthPnts': np.int64(61), 'widthMs': np.float64(0.61)}, {'halfHeight': 90, 'risingPnt': np.int64(61491), 'fallingPnt': np.int64(61530), 'widthPnts': np.int64(39), 'widthMs': np.float64(0.39)}]",2.24,1.94,1.16,0.61,0.39,yes,,,,,,unknown,,,
104,stochastic-hh.sanpy,7,2,5.0,,dvdt,100.0,-40.0,0,"[10, 20, 50, 80, 90]",20260928,19:54:54,,,0.2.8.post45,ceeda3d8b38d399aaf1761b27ed8696acdeb9705,True,,104,21,0,[],,64308,0.6430800000000001,-41.81502997146675,27.60514734640729,64379,0.64379,44.1772653641774,85.99229533564414,0.7099999999998774,64659,0.64659,-70.11565987167998,64294.0,-45.233775862536135,64295,64301,0.06,-44.91832481335351,-43.664609408511225,20345.605170220537,,64358,14.807244473380358,277.2650902682243,64421,26.545639458219366,-67.78425974931159,2874.0,28.74,34.79471120389701,2874.0,28.74,0.14,"[{'halfHeight': 10, 'risingPnt': np.int64(64329), 'fallingPnt': np.int64(64543), 'widthPnts': np.int64(214), 'widthMs': np.float64(2.14)}, {'halfHeight': 20, 'risingPnt': np.int64(64339), 'fallingPnt': np.int64(64524), 'widthPnts': np.int64(185), 'widthMs': np.float64(1.85)}, {'halfHeight': 50, 'risingPnt': np.int64(64353), 'fallingPnt': np.int64(64470), 'widthPnts': np.int64(117), 'widthMs': np.float64(1.17)}, {'halfHeight': 80, 'risingPnt': np.int64(64363), 'fallingPnt': np.int64(64421), 'widthPnts': np.int64(58), 'widthMs': np.float64(0.58)}, {'halfHeight': 90, 'risingPnt': np.int64(64367), 'fallingPnt': np.int64(64405), 'widthPnts': np.int64(38), 'widthMs': np.float64(0.38)}]",2.14,1.85,1.17,0.58,0.38,yes,,,,,,unknown,,,
105,stochastic-hh.sanpy,7,2,5.0,,dvdt,100.0,-40.0,0,"[10, 20, 50, 80, 90]",20260928,19:54:54,,,0.2.8.post45,ceeda3d8b38d399aaf1761b27ed8696acdeb9705,True,,105,22,0,[],,65747,0.65747,-41.72366993166183,28.923415124902522,65815,0.65815,46.31071478121733,88.03438471287916,0.6800000000000139,66091,0.66091,-70.45730933777966,65732.0,-45.233775862536135,65734,65740,0.06,-44.74226579316372,-43.47701687588902,20856.011454536187,,65794,18.663893816726127,299.48628763778163,66009,-45.14837560587801,-68.01587863764121,1439.0,14.39,69.49270326615705,1438.0,14.38,0.15,"[{'halfHeight': 10, 'risingPnt': np.int64(65765), 'fallingPnt': np.int64(65988), 'widthPnts': np.int64(223), 'widthMs': np.float64(2.23)}, {'halfHeight': 20, 'risingPnt': np.int64(65775), 'fallingPnt': np.int64(65966), 'widthPnts': np.int64(191), 'widthMs': np.float64(1.91)}, {'halfHeight': 50, 'risingPnt': np.int64(65789), 'fallingPnt': np.int64(65904), 'widthPnts': np.int64(115), 'widthMs': np.float64(1.15)}, {'halfHeight': 80, 'risingPnt': np.int64(65798), 'fallingPnt': np.int64(65859), 'widthPnts': np.int64(61), 'widthMs': np.float64(0.61)}, {'halfHeight': 90, 'risingPnt': np.int64(65802), 'fallingPnt': np.int64(65842), 'widthPnts': np.int64(40), 'widthMs': np.float64(0.4)}]",2.23,1.91,1.15,0.61,0.4,yes,,,,,,unknown,,,
106,stochastic-hh.sanpy,7,2,5.0,,dvdt,100.0,-40.0,0,"[10, 20, 50, 80, 90]",20260928,19:54:54,,,0.2.8.post45,ceeda3d8b38d399aaf1761b27ed8696acdeb9705,True,,106,23,0,[],,67343,0.67343,-40.51144062939502,28.558372041767154,67409,0.6740900000000001,45.42612718672829,85.9375678161233,0.660000000000105,67677,0.67677,-70.55352755838717,67322.0,-45.233775862536135,67324,67332,0.08,-44.88755780983615,-43.31436674942739,19436.299128605348,,67388,17.229454621275103,296.6414135280901,67469,20.00955244461837,-75.75778025256643,1596.0,15.96,62.65664160401002,1590.0,15.9,0.21,"[{'halfHeight': 10, 'risingPnt': np.int64(67361), 'fallingPnt': np.int64(67571), 'widthPnts': np.int64(210), 'widthMs': np.float64(2.1)}, {'halfHeight': 20, 'risingPnt': np.int64(67369), 'fallingPnt': np.int64(67554), 'widthPnts': np.int64(185), 'widthMs': np.float64(1.85)}, {'halfHeight': 50, 'risingPnt': np.int64(67383), 'fallingPnt': np.int64(67504), 'widthPnts': np.int64(121), 'widthMs': np.float64(1.21)}, {'halfHeight': 80, 'risingPnt': np.int64(67392), 'fallingPnt': np.int64(67454), 'widthPnts': np.int64(62), 'widthMs': np.float64(0.62)}, {'halfHeight': 90, 'risingPnt': np.int64(67396), 'fallingPnt': np.int64(67438), 'widthPnts': np.int64(42), 'widthMs': np.float64(0.42)}]",2.1,1.85,1.21,0.62,0.42,yes,,,,,,unknown,,,
107,stochastic-hh.sanpy,7,2,5.0,,dvdt,100.0,-40.0,0,"[10, 20, 50, 80, 90]",20260928,19:54:54,,,0.2.8.post45,ceeda3d8b38d399aaf1761b27ed8696acdeb9705,True,,107,24,0,[],,68818,0.6881799999999999,-41.44325389962989,31.40458419009926,68881,0.6888099999999999,47.86223210697792,89.30548600660781,0.6300000000000194,69164,0.69164,-70.5656474049234,68804.0,-45.233775862536135,68805,68811,0.06,-44.865919017855994,-43.49603434163543,22147.859593763176,,68864,21.065739954405114,317.58097378088985,68943,21.18756564316716,-80.17090294706598,1475.0,14.75,67.79661016949153,1482.0,14.82,0.14,"[{'halfHeight': 10, 'risingPnt': np.int64(68836), 'fallingPnt': np.int64(69055), 'widthPnts': np.int64(219), 'widthMs': np.float64(2.19)}, {'halfHeight': 20, 'risingPnt': np.int64(68845), 'fallingPnt': np.int64(69036), 'widthPnts': np.int64(191), 'widthMs': np.float64(1.91)}, {'halfHeight': 50, 'risingPnt': np.int64(68859), 'fallingPnt': np.int64(68977), 'widthPnts': np.int64(118), 'widthMs': np.float64(1.18)}, {'halfHeight': 80, 'risingPnt': np.int64(68867), 'fallingPnt': np.int64(68928), 'widthPnts': np.int64(61), 'widthMs': np.float64(0.61)}, {'halfHeight': 90, 'risingPnt': np.int64(68871), 'fallingPnt': np.int64(68911), 'widthPnts': np.int64(40), 'widthMs': np.float64(0.4)}]",2.19,1.91,1.18,0.61,0.4,yes,,,,,,unknown,,,
108,stochastic-hh.sanpy,7,2,5.0,,dvdt,100.0,-40.0,0,"[10, 20, 50, 80, 90]",20260928,19:54:54,,,0.2.8.post45,ceeda3d8b38d399aaf1761b27ed8696acdeb9705,True,,108,25,0,[],,70465,0.70465,-41.52836463881164,30.902336776612177,70531,0.70531,47.863003516816114,89.39136815562776,0.6599999999999939,70817,0.70817,-70.52663748043254,70434.0,-47.27874246399236,70437,70450,0.13,-46.833026655276875,-44.84320898721697,15103.280966638851,,70511,20.664430760292753,312.744467877997,70565,36.17936343534786,-64.07951738726084,1647.0,16.47,60.71645415907712,1630.0,16.3,0.31,"[{'halfHeight': 10, 'risingPnt': np.int64(70484), 'fallingPnt': np.int64(70708), 'widthPnts': np.int64(224), 'widthMs': np.float64(2.24)}, {'halfHeight': 20, 'risingPnt': np.int64(70493), 'fallingPnt': np.int64(70688), 'widthPnts': np.int64(195), 'widthMs': np.float64(1.95)}, {'halfHeight': 50, 'risingPnt': np.int64(70506), 'fallingPnt': np.int64(70632), 'widthPnts': np.int64(126), 'widthMs': np.float64(1.26)}, {'halfHeight': 80, 'risingPnt': np.int64(70515), 'fallingPnt': np.int64(70577), 'widthPnts': np.int64(62), 'widthMs': np.float64(0.62)}, {'halfHeight': 90, 'risingPnt': np.int64(70518), 'fallingPnt': np.int64(70561), 'widthPnts': np.int64(43), 'widthMs': np.float64(0.43)}]",2.24,1.95,1.26,0.62,0.43,yes,,,,,,unknown,,,
109,stochastic-hh.sanpy,7,2,5.0,,dvdt,100.0,-40.0,0,"[10, 20, 50, 80, 90]",20260928,19:54:54,,,0.2.8.post45,ceeda3d8b38d399aaf1761b27ed8696acdeb9705,True,,109,26,0,[],,72115,0.72115,-41.35730659196553,28.120583960184014,72183,0.7218300000000001,44.56946157481985,85.92676816678538,0.680000000000125,72457,0.72457,-70.49282681560808,72078.0,-47.27874246399236,72082,72096,0.14,-46.7885631249981,-45.12892895136512,11620.68056420863,,72164,18.960664348304736,291.8439903308191,72236,21.126864790993583,-65.80606391238507,1650.0,16.5,60.6060606060606,1644.0,16.44,0.37,"[{'halfHeight': 10, 'risingPnt': np.int64(72134), 'fallingPnt': np.int64(72354), 'widthPnts': np.int64(220), 'widthMs': np.float64(2.2)}, {'halfHeight': 20, 'risingPnt': np.int64(72144), 'fallingPnt': np.int64(72334), 'widthPnts': np.int64(190), 'widthMs': np.float64(1.9)}, {'halfHeight': 50, 'risingPnt': np.int64(72158), 'fallingPnt': np.int64(72276), 'widthPnts': np.int64(118), 'widthMs': np.float64(1.18)}, {'halfHeight': 80, 'risingPnt': np.int64(72167), 'fallingPnt': np.int64(72226), 'widthPnts': np.int64(59), 'widthMs': np.float64(0.59)}, {'halfHeight': 90, 'risingPnt': np.int64(72171), 'fallingPnt': np.int64(72211), 'widthPnts': np.int64(40), 'widthMs': np.float64(0.4)}]",2.2,1.9,1.18,0.59,0.4,yes,,,,,,unknown,,,
110,stochastic-hh.sanpy,7,2,5.0,,dvdt,100.0,-40.0,0,"[10, 20, 50, 80, 90]",20260928,19:54:54,,,0.2.8.post45,ceeda3d8b38d399aaf1761b27ed8696acdeb9705,True,,110,27,0,[],,73548,0.73548,-41.75403637735449,28.51980849275722,73617,0.73617,46.80124135320039,88.55527773055488,0.6899999999999684,73893,0.73893,-70.44996024928123,73517.0,-47.27874246399236,73520,73533,0.13,-46.852736693006094,-44.87659531459902,15392.358376409775,,73595,14.31422695312396,300.94408274803925,73681,17.627398038189206,-67.38967502988639,1433.0,14.33,69.78367062107466,1439.0,14.39,0.31,"[{'halfHeight': 10, 'risingPnt': np.int64(73568), 'fallingPnt': np.int64(73788), 'widthPnts': np.int64(220), 'widthMs': np.float64(2.2)}, {'halfHeight': 20, 'risingPnt': np.int64(73578), 'fallingPnt': np.int64(73768), 'widthPnts': np.int64(190), 'widthMs': np.float64(1.9)}, {'halfHeight': 50, 'risingPnt': np.int64(73591), 'fallingPnt': np.int64(73709), 'widthPnts': np.int64(118), 'widthMs': np.float64(1.18)}, {'halfHeight': 80, 'risingPnt': np.int64(73600), 'fallingPnt': np.int64(73663), 'widthPnts': np.int64(63), 'widthMs': np.float64(0.63)}, {'halfHeight': 90, 'risingPnt': np.int64(73604), 'fallingPnt': np.int64(73646), 'widthPnts': np.int64(42), 'widthMs': np.float64(0.42)}]",2.2,1.9,1.18,0.63,0.42,yes,,,,,,unknown,,,
111,stochastic-hh.sanpy,7,3,0.0,,dvdt,100.0,-40.0,0,"[10, 20, 50, 80, 90]",20260928,19:54:54,,,0.2.8.post45,ceeda3d8b38d399aaf1761b27ed8696acdeb9705,True,,111,28,0,[],,75109,0.75109,-40.58722741085063,29.980953709181023,75176,0.75176,46.52829370728111,87.11552111813174,0.6699999999999484,75463,0.75463,-71.0984098294826,75073.0,-47.27874246399236,75077,75091,0.14,-46.74961702594903,-44.82388058619349,13199.948040209876,,75155,17.276210483879996,300.6713068462805,75258,8.647359907802853,-66.40440648089752,1561.0,15.61,64.06149903907752,1556.0,15.56,0.36,"[{'halfHeight': 10, 'risingPnt': np.int64(75128), 'fallingPnt': np.int64(75347), 'widthPnts': np.int64(219), 'widthMs': np.float64(2.19)}, {'halfHeight': 20, 'risingPnt': np.int64(75137), 'fallingPnt': np.int64(75326), 'widthPnts': np.int64(189), 'widthMs': np.float64(1.89)}, {'halfHeight': 50, 'risingPnt': np.int64(75150), 'fallingPnt': np.int64(75270), 'widthPnts': np.int64(120), 'widthMs': np.float64(1.2)}, {'halfHeight': 80, 'risingPnt': np.int64(75159), 'fallingPnt': np.int64(75220), 'widthPnts': np.int64(61), 'widthMs': np.float64(0.61)}, {'halfHeight': 90, 'risingPnt': np.int64(75163), 'fallingPnt': np.int64(75203), 'widthPnts': np.int64(40), 'widthMs': np.float64(0.4)}]",2.19,1.89,1.2,0.61,0.4,yes,,,,,,unknown,,,
112,stochastic-hh.sanpy,8,2,6.0,,dvdt,100.0,-40.0,0,"[10, 20, 50, 80, 90]",20260928,19:54:54,,,0.2.8.post45,ceeda3d8b38d399aaf1761b27ed8696acdeb9705,True,,112,0,0,"[{'Spike': 0, 'Seconds': np.float64(0.252), 'Sweep': 8, 'Epoch': 2, 'Type': 'Fit EDD', 'Details': 'Early diastolic duration rate fit - Too low -193.807<=8'}]",,25203,0.25203,-42.07306080607718,33.05966675919081,25266,0.25266,49.31922905571069,91.39228986178787,0.6300000000000194,25557,0.25557,-70.36613344706039,20979.0,-61.18908852249571,21401,23091,16.9,-58.50127771199486,-59.750018113728544,-193.80739319487463,,25246,15.430790554926268,330.98993861093015,25298,39.45978475185373,-61.370838015841436,,,,,,42.24,"[{'halfHeight': 10, 'risingPnt': np.int64(25221), 'fallingPnt': np.int64(25452), 'widthPnts': np.int64(231), 'widthMs': np.float64(2.31)}, {'halfHeight': 20, 'risingPnt': np.int64(25230), 'fallingPnt': np.int64(25432), 'widthPnts': np.int64(202), 'widthMs': np.float64(2.02)}, {'halfHeight': 50, 'risingPnt': np.int64(25243), 'fallingPnt': np.int64(25372), 'widthPnts': np.int64(129), 'widthMs': np.float64(1.29)}, {'halfHeight': 80, 'risingPnt': np.int64(25251), 'fallingPnt': np.int64(25317), 'widthPnts': np.int64(66), 'widthMs': np.float64(0.66)}, {'halfHeight': 90, 'risingPnt': np.int64(25255), 'fallingPnt': np.int64(25297), 'widthPnts': np.int64(42), 'widthMs': np.float64(0.42)}]",2.31,2.02,1.29,0.66,0.42,yes,,,,,,unknown,,,
113,stochastic-hh.sanpy,8,2,6.0,,dvdt,100.0,-40.0,0,"[10, 20, 50, 80, 90]",20260928,19:54:54,,,0.2.8.post45,ceeda3d8b38d399aaf1761b27ed8696acdeb9705,True,,113,1,0,[],,26800,0.268,-41.25439704106497,26.407382249766997,26868,0.26868000000000003,43.620616123822224,84.87501316488719,0.6800000000000139,27138,0.27138,-70.28204389428434,26770.0,-46.75584268022458,26773,26785,0.12,-46.29648456172774,-44.4123892795508,15546.567651519934,,26849,17.708486862545886,285.0574054634508,27065,-53.148125584470485,-68.44735217587038,1597.0,15.97,62.61740763932372,5791.0,57.91,0.3,"[{'halfHeight': 10, 'risingPnt': np.int64(26819), 'fallingPnt': np.int64(27029), 'widthPnts': np.int64(210), 'widthMs': np.float64(2.1)}, {'halfHeight': 20, 'risingPnt': np.int64(26829), 'fallingPnt': np.int64(27009), 'widthPnts': np.int64(180), 'widthMs': np.float64(1.8)}, {'halfHeight': 50, 'risingPnt': np.int64(26843), 'fallingPnt': np.int64(26960), 'widthPnts': np.int64(117), 'widthMs': np.float64(1.17)}, {'halfHeight': 80, 'risingPnt': np.int64(26853), 'fallingPnt': np.int64(26912), 'widthPnts': np.int64(59), 'widthMs': np.float64(0.59)}, {'halfHeight': 90, 'risingPnt': np.int64(26857), 'fallingPnt': np.int64(26894), 'widthPnts': np.int64(37), 'widthMs': np.float64(0.37)}]",2.1,1.8,1.17,0.59,0.37,yes,,,,,,unknown,,,
114,stochastic-hh.sanpy,8,2,6.0,,dvdt,100.0,-40.0,0,"[10, 20, 50, 80, 90]",20260928,19:54:54,,,0.2.8.post45,ceeda3d8b38d399aaf1761b27ed8696acdeb9705,True,,114,2,0,[],,28234,0.28234,-41.0185630328934,30.46715180639305,28299,0.28299,46.71542858452619,87.73399161741958,0.6500000000000394,28566,0.28566,-70.33228705660855,28207.0,-46.75584268022458,28210,28221,0.11,-46.25708308379318,-44.32200540448079,17266.90804799618,,28280,20.877740041802106,318.3573329189558,28338,31.59982660619296,-76.45906136937177,1434.0,14.34,69.7350069735007,1437.0,14.37,0.27,"[{'halfHeight': 10, 'risingPnt': np.int64(28252), 'fallingPnt': np.int64(28460), 'widthPnts': np.int64(208), 'widthMs': np.float64(2.08)}, {'halfHeight': 20, 'risingPnt': np.int64(28261), 'fallingPnt': np.int64(28442), 'widthPnts': np.int64(181), 'widthMs': np.float64(1.81)}, {'halfHeight': 50, 'risingPnt': np.int64(28275), 'fallingPnt': np.int64(28392), 'widthPnts': np.int64(117), 'widthMs': np.float64(1.17)}, {'halfHeight': 80, 'risingPnt': np.int64(28283), 'fallingPnt': np.int64(28342), 'widthPnts': np.int64(59), 'widthMs': np.float64(0.59)}, {'halfHeight': 90, 'risingPnt': np.int64(28287), 'fallingPnt': np.int64(28328), 'widthPnts': np.int64(41), 'widthMs': np.float64(0.41)}]",2.08,1.81,1.17,0.59,0.41,yes,,,,,,unknown,,,
115,stochastic-hh.sanpy,8,2,6.0,,dvdt,100.0,-40.0,0,"[10, 20, 50, 80, 90]",20260928,19:54:54,,,0.2.8.post45,ceeda3d8b38d399aaf1761b27ed8696acdeb9705,True,,115,3,0,[],,30027,0.30027,-42.291886059799324,29.01653942971002,30097,0.30097,45.049514871272784,87.34140093107212,0.7000000000000339,30371,0.30371,-70.34648039946194,30003.0,-46.75584268022458,30005,30015,0.1,-46.37461654815788,-44.96756083234615,13814.35976358194,,30078,18.91075776233366,294.9136934967829,30151,21.120644786016125,-67.66058123686122,1793.0,17.93,55.772448410485225,1796.0,17.96,0.24,"[{'halfHeight': 10, 'risingPnt': np.int64(30047), 'fallingPnt': np.int64(30266), 'widthPnts': np.int64(219), 'widthMs': np.float64(2.19)}, {'halfHeight': 20, 'risingPnt': np.int64(30058), 'fallingPnt': np.int64(30244), 'widthPnts': np.int64(186), 'widthMs': np.float64(1.86)}, {'halfHeight': 50, 'risingPnt': np.int64(30072), 'fallingPnt': np.int64(30187), 'widthPnts': np.int64(115), 'widthMs': np.float64(1.15)}, {'halfHeight': 80, 'risingPnt': np.int64(30082), 'fallingPnt': np.int64(30140), 'widthPnts': np.int64(58), 'widthMs': np.float64(0.58)}, {'halfHeight': 90, 'risingPnt': np.int64(30086), 'fallingPnt': np.int64(30124), 'widthPnts': np.int64(38), 'widthMs': np.float64(0.38)}]",2.19,1.86,1.15,0.58,0.38,yes,,,,,,unknown,,,
116,stochastic-hh.sanpy,8,2,6.0,,dvdt,100.0,-40.0,0,"[10, 20, 50, 80, 90]",20260928,19:54:54,,,0.2.8.post45,ceeda3d8b38d399aaf1761b27ed8696acdeb9705,True,,116,4,0,[],,31747,0.31747000000000003,-40.17703780850541,25.55612283928796,31815,0.31815,41.50939766705578,81.68643547556118,0.6799999999999584,32100,0.321,-69.97421471940943,31704.0,-46.75584268022458,31708,31726,0.18,-46.26849490243561,-44.170981699519416,11660.458041315682,,31795,14.391290668418256,260.9510752090458,31856,25.126402903087175,-65.92318286008158,1720.0,17.2,58.13953488372093,1701.0,17.01,0.43,"[{'halfHeight': 10, 'risingPnt': np.int64(31767), 'fallingPnt': np.int64(31979), 'widthPnts': np.int64(212), 'widthMs': np.float64(2.12)}, {'halfHeight': 20, 'risingPnt': np.int64(31776), 'fallingPnt': np.int64(31960), 'widthPnts': np.int64(184), 'widthMs': np.float64(1.84)}, {'halfHeight': 50, 'risingPnt': np.int64(31790), 'fallingPnt': np.int64(31904), 'widthPnts': np.int64(114), 'widthMs': np.float64(1.14)}, {'halfHeight': 80, 'risingPnt': np.int64(31800), 'fallingPnt': np.int64(31856), 'widthPnts': np.int64(56), 'widthMs': np.float64(0.56)}, {'halfHeight': 90, 'risingPnt': np.int64(31804), 'fallingPnt': np.int64(31841), 'widthPnts': np.int64(37), 'widthMs': np.float64(0.37)}]",2.12,1.84,1.14,0.56,0.37,yes,,,,,,unknown,,,
117,stochastic-hh.sanpy,8,2,6.0,,dvdt,100.0,-40.0,0,"[10, 20, 50, 80, 90]",20260928,19:54:54,,,0.2.8.post45,ceeda3d8b38d399aaf1761b27ed8696acdeb9705,True,,117,5,0,[],,33339,0.33338999999999996,-42.39983963989828,24.903034951700054,33415,0.33415,42.07448594801961,84.47432558791789,0.7600000000000384,33686,0.33686,-70.22903580309762,33311.0,-46.75584268022458,33314,33325,0.11,-46.41673800632263,-45.08514940011319,11952.275140266662,,33391,12.270084553372682,250.42848372108688,33608,-49.575411686750854,-66.48551522156139,1592.0,15.92,62.814070351758794,1607.0,16.07,0.28,"[{'halfHeight': 10, 'risingPnt': np.int64(33360), 'fallingPnt': np.int64(33580), 'widthPnts': np.int64(220), 'widthMs': np.float64(2.2)}, {'halfHeight': 20, 'risingPnt': np.int64(33371), 'fallingPnt': np.int64(33560), 'widthPnts': np.int64(189), 'widthMs': np.float64(1.89)}, {'halfHeight': 50, 'risingPnt': np.int64(33386), 'fallingPnt': np.int64(33501), 'widthPnts': np.int64(115), 'widthMs': np.float64(1.15)}, {'halfHeight': 80, 'risingPnt': np.int64(33397), 'fallingPnt': np.int64(33453), 'widthPnts': np.int64(56), 'widthMs': np.float64(0.56)}, {'halfHeight': 90, 'risingPnt': np.int64(33401), 'fallingPnt': np.int64(33438), 'widthPnts': np.int64(37), 'widthMs': np.float64(0.37)}]",2.2,1.89,1.15,0.56,0.37,yes,,,,,,unknown,,,
118,stochastic-hh.sanpy,8,2,6.0,,dvdt,100.0,-40.0,0,"[10, 20, 50, 80, 90]",20260928,19:54:54,,,0.2.8.post45,ceeda3d8b38d399aaf1761b27ed8696acdeb9705,True,,118,6,0,[],,34842,0.34842,-42.32547058032028,30.276631831838923,34912,0.34912,47.781575333571666,90.10704591389194,0.6999999999999784,35196,0.35196,-70.20180589858488,34821.0,-46.75584268022458,34823,34831,0.08,-46.346373963402485,-44.92808643135139,17641.374782224695,,34892,20.39717608575689,303.730237604742,34992,8.653673214017404,-62.82283338107136,1503.0,15.03,66.53359946773121,1510.0,15.1,0.21,"[{'halfHeight': 10, 'risingPnt': np.int64(34862), 'fallingPnt': np.int64(35084), 'widthPnts': np.int64(222), 'widthMs': np.float64(2.22)}, {'halfHeight': 20, 'risingPnt': np.int64(34872), 'fallingPnt': np.int64(35064), 'widthPnts': np.int64(192), 'widthMs': np.float64(1.92)}, {'halfHeight': 50, 'risingPnt': np.int64(34886), 'fallingPnt': np.int64(35004), 'widthPnts': np.int64(118), 'widthMs': np.float64(1.18)}, {'halfHeight': 80, 'risingPnt': np.int64(34896), 'fallingPnt': np.int64(34953), 'widthPnts': np.int64(57), 'widthMs': np.float64(0.57)}, {'halfHeight': 90, 'risingPnt': np.int64(34900), 'fallingPnt': np.int64(34935), 'widthPnts': np.int64(35), 'widthMs': np.float64(0.35)}]",2.22,1.92,1.18,0.57,0.35,yes,,,,,,unknown,,,
119,stochastic-hh.sanpy,8,2,6.0,,dvdt,100.0,-40.0,0,"[10, 20, 50, 80, 90]",20260928,19:54:54,,,0.2.8.post45,ceeda3d8b38d399aaf1761b27ed8696acdeb9705,True,,119,7,0,[],,36607,0.36607,-40.62222199375901,25.020200700254957,36678,0.36678,42.89940996207202,83.52163195583103,0.7099999999999884,36943,0.36943,-70.34332350964732,36572.0,-46.75584268022458,36576,36590,0.14,-46.29990202634914,-44.33605200956085,13643.768489457165,,36658,18.790355837710777,262.0223550599538,36748,10.635902951396295,-77.70874244344881,1765.0,17.65,56.657223796033996,1751.0,17.51,0.35,"[{'halfHeight': 10, 'risingPnt': np.int64(36628), 'fallingPnt': np.int64(36834), 'widthPnts': np.int64(206), 'widthMs': np.float64(2.06)}, {'halfHeight': 20, 'risingPnt': np.int64(36637), 'fallingPnt': np.int64(36816), 'widthPnts': np.int64(179), 'widthMs': np.float64(1.79)}, {'halfHeight': 50, 'risingPnt': np.int64(36651), 'fallingPnt': np.int64(36764), 'widthPnts': np.int64(113), 'widthMs': np.float64(1.13)}, {'halfHeight': 80, 'risingPnt': np.int64(36661), 'fallingPnt': np.int64(36719), 'widthPnts': np.int64(58), 'widthMs': np.float64(0.58)}, {'halfHeight': 90, 'risingPnt': np.int64(36666), 'fallingPnt': np.int64(36704), 'widthPnts': np.int64(38), 'widthMs': np.float64(0.38)}]",2.06,1.79,1.13,0.58,0.38,yes,,,,,,unknown,,,
120,stochastic-hh.sanpy,8,2,6.0,,dvdt,100.0,-40.0,0,"[10, 20, 50, 80, 90]",20260928,19:54:54,,,0.2.8.post45,ceeda3d8b38d399aaf1761b27ed8696acdeb9705,True,,120,8,0,[],,38024,0.38024,-41.44068329561583,29.407071789329443,38092,0.38092000000000004,46.515944248790305,87.95662754440613,0.6800000000000139,38367,0.38367,-70.33096471896906,37998.0,-46.75584268022458,38001,38011,0.1,-46.23488066312434,-44.488721338121294,17081.194299128616,,38073,20.138218734772842,300.0906245668978,38291,-49.142501863131535,-66.27015614493568,1417.0,14.17,70.57163020465772,1426.0,14.26,0.26,"[{'halfHeight': 10, 'risingPnt': np.int64(38043), 'fallingPnt': np.int64(38262), 'widthPnts': np.int64(219), 'widthMs': np.float64(2.19)}, {'halfHeight': 20, 'risingPnt': np.int64(38053), 'fallingPnt': np.int64(38245), 'widthPnts': np.int64(192), 'widthMs': np.float64(1.92)}, {'halfHeight': 50, 'risingPnt': np.int64(38067), 'fallingPnt': np.int64(38187), 'widthPnts': np.int64(120), 'widthMs': np.float64(1.2)}, {'halfHeight': 80, 'risingPnt': np.int64(38076), 'fallingPnt': np.int64(38139), 'widthPnts': np.int64(63), 'widthMs': np.float64(0.63)}, {'halfHeight': 90, 'risingPnt': np.int64(38080), 'fallingPnt': np.int64(38122), 'widthPnts': np.int64(42), 'widthMs': np.float64(0.42)}]",2.19,1.92,1.2,0.63,0.42,yes,,,,,,unknown,,,
121,stochastic-hh.sanpy,8,2,6.0,,dvdt,100.0,-40.0,0,"[10, 20, 50, 80, 90]",20260928,19:54:54,,,0.2.8.post45,ceeda3d8b38d399aaf1761b27ed8696acdeb9705,True,,121,9,0,[],,39444,0.39444,-41.27615812993756,28.81853171124964,39513,0.39513,45.420838256950866,86.69699638688843,0.6899999999999684,39777,0.39776999999999996,-70.35110693831564,39416.0,-46.75584268022458,39419,39430,0.11,-46.30967903307026,-44.55570884391613,15700.725017379424,,39493,17.77515885095024,295.1644779202685,39708,-52.71013189415451,-71.16245733413723,1420.0,14.2,70.42253521126761,1418.0,14.18,0.28,"[{'halfHeight': 10, 'risingPnt': np.int64(39464), 'fallingPnt': np.int64(39674), 'widthPnts': np.int64(210), 'widthMs': np.float64(2.1)}, {'halfHeight': 20, 'risingPnt': np.int64(39474), 'fallingPnt': np.int64(39655), 'widthPnts': np.int64(181), 'widthMs': np.float64(1.81)}, {'halfHeight': 50, 'risingPnt': np.int64(39488), 'fallingPnt': np.int64(39606), 'widthPnts': np.int64(118), 'widthMs': np.float64(1.18)}, {'halfHeight': 80, 'risingPnt': np.int64(39497), 'fallingPnt': np.int64(39559), 'widthPnts': np.int64(62), 'widthMs': np.float64(0.62)}, {'halfHeight': 90, 'risingPnt': np.int64(39501), 'fallingPnt': np.int64(39542), 'widthPnts': np.int64(41), 'widthMs': np.float64(0.41)}]",2.1,1.81,1.18,0.62,0.41,yes,,,,,,unknown,,,
122,stochastic-hh.sanpy,8,2,6.0,,dvdt,100.0,-40.0,0,"[10, 20, 50, 80, 90]",20260928,19:54:54,,,0.2.8.post45,ceeda3d8b38d399aaf1761b27ed8696acdeb9705,True,,122,10,0,[],,40934,0.40934,-41.29356429378634,26.942129674717613,41005,0.41005,43.445566566741114,84.73913086052745,0.7100000000000439,41267,0.41267000000000004,-70.38354001504172,40903.0,-46.75584268022458,40906,40919,0.13,-46.38518992973783,-44.51273746318276,14083.553497252877,,40984,14.550951590514623,270.82517385143603,41068,13.391871040910646,-73.21302734479852,1490.0,14.9,67.11409395973155,1487.0,14.87,0.31,"[{'halfHeight': 10, 'risingPnt': np.int64(40954), 'fallingPnt': np.int64(41167), 'widthPnts': np.int64(213), 'widthMs': np.float64(2.13)}, {'halfHeight': 20, 'risingPnt': np.int64(40964), 'fallingPnt': np.int64(41149), 'widthPnts': np.int64(185), 'widthMs': np.float64(1.85)}, {'halfHeight': 50, 'risingPnt': np.int64(40979), 'fallingPnt': np.int64(41091), 'widthPnts': np.int64(112), 'widthMs': np.float64(1.12)}, {'halfHeight': 80, 'risingPnt': np.int64(40989), 'fallingPnt': np.int64(41046), 'widthPnts': np.int64(57), 'widthMs': np.float64(0.57)}, {'halfHeight': 90, 'risingPnt': np.int64(40993), 'fallingPnt': np.int64(41030), 'widthPnts': np.int64(37), 'widthMs': np.float64(0.37)}]",2.13,1.85,1.12,0.57,0.37,yes,,,,,,unknown,,,
123,stochastic-hh.sanpy,8,2,6.0,,dvdt,100.0,-40.0,0,"[10, 20, 50, 80, 90]",20260928,19:54:54,,,0.2.8.post45,ceeda3d8b38d399aaf1761b27ed8696acdeb9705,True,,123,11,0,[],,42420,0.42419999999999997,-41.33057386293312,30.129585427870857,42486,0.42486,46.637889948013985,87.9684638109471,0.6600000000000494,42771,0.42771,-70.31102402724926,42402.0,-45.61139071528551,42404,42411,0.07,-45.140844108802206,-43.76631021618345,18930.98193461993,,42467,17.3789561819675,311.7159845550827,42570,8.841705578323143,-69.1838167480443,1486.0,14.86,67.29475100942126,1499.0,14.99,0.18,"[{'halfHeight': 10, 'risingPnt': np.int64(42439), 'fallingPnt': np.int64(42660), 'widthPnts': np.int64(221), 'widthMs': np.float64(2.21)}, {'halfHeight': 20, 'risingPnt': np.int64(42448), 'fallingPnt': np.int64(42641), 'widthPnts': np.int64(193), 'widthMs': np.float64(1.93)}, {'halfHeight': 50, 'risingPnt': np.int64(42462), 'fallingPnt': np.int64(42581), 'widthPnts': np.int64(119), 'widthMs': np.float64(1.19)}, {'halfHeight': 80, 'risingPnt': np.int64(42471), 'fallingPnt': np.int64(42531), 'widthPnts': np.int64(60), 'widthMs': np.float64(0.6)}, {'halfHeight': 90, 'risingPnt': np.int64(42475), 'fallingPnt': np.int64(42513), 'widthPnts': np.int64(38), 'widthMs': np.float64(0.38)}]",2.21,1.93,1.19,0.6,0.38,yes,,,,,,unknown,,,
124,stochastic-hh.sanpy,8,2,6.0,,dvdt,100.0,-40.0,0,"[10, 20, 50, 80, 90]",20260928,19:54:54,,,0.2.8.post45,ceeda3d8b38d399aaf1761b27ed8696acdeb9705,True,,124,12,0,[],,43811,0.43811,-42.25263755692929,27.914188743099892,43879,0.43879,46.185916122767175,88.43855367969647,0.6800000000000139,44148,0.44148000000000004,-70.32170914963164,43796.0,-45.61139071528551,43798,43804,0.06,-45.13282517110985,-43.986306684373055,18757.46793118305,,43857,11.27871714926817,288.3902939362763,43951,11.379201188724457,-76.21168109753681,1391.0,13.91,71.89072609633357,1394.0,13.94,0.15,"[{'halfHeight': 10, 'risingPnt': np.int64(43831), 'fallingPnt': np.int64(44047), 'widthPnts': np.int64(216), 'widthMs': np.float64(2.16)}, {'halfHeight': 20, 'risingPnt': np.int64(43840), 'fallingPnt': np.int64(44028), 'widthPnts': np.int64(188), 'widthMs': np.float64(1.88)}, {'halfHeight': 50, 'risingPnt': np.int64(43854), 'fallingPnt': np.int64(43970), 'widthPnts': np.int64(116), 'widthMs': np.float64(1.16)}, {'halfHeight': 80, 'risingPnt': np.int64(43864), 'fallingPnt': np.int64(43921), 'widthPnts': np.int64(57), 'widthMs': np.float64(0.57)}, {'halfHeight': 90, 'risingPnt': np.int64(43868), 'fallingPnt': np.int64(43905), 'widthPnts': np.int64(37), 'widthMs': np.float64(0.37)}]",2.16,1.88,1.16,0.57,0.37,yes,,,,,,unknown,,,
125,stochastic-hh.sanpy,8,2,6.0,,dvdt,100.0,-40.0,0,"[10, 20, 50, 80, 90]",20260928,19:54:54,,,0.2.8.post45,ceeda3d8b38d399aaf1761b27ed8696acdeb9705,True,,125,13,0,[],,45232,0.45232,-42.47644407880075,28.206640870249966,45303,0.45303,47.06562114853363,89.54206522733438,0.7099999999999884,45593,0.45593,-70.07987377408436,45219.0,-45.61139071528551,45220,45225,0.05,-45.38175605249331,-44.28847378854401,21264.128257864068,,45282,15.314130804091267,291.796417181825,45340,32.01375193074481,-65.53502243884975,1421.0,14.21,70.37297677691767,1423.0,14.23,0.13,"[{'halfHeight': 10, 'risingPnt': np.int64(45253), 'fallingPnt': np.int64(45484), 'widthPnts': np.int64(231), 'widthMs': np.float64(2.31)}, {'halfHeight': 20, 'risingPnt': np.int64(45263), 'fallingPnt': np.int64(45464), 'widthPnts': np.int64(201), 'widthMs': np.float64(2.01)}, {'halfHeight': 50, 'risingPnt': np.int64(45278), 'fallingPnt': np.int64(45400), 'widthPnts': np.int64(122), 'widthMs': np.float64(1.22)}, {'halfHeight': 80, 'risingPnt': np.int64(45287), 'fallingPnt': np.int64(45345), 'widthPnts': np.int64(58), 'widthMs': np.float64(0.58)}, {'halfHeight': 90, 'risingPnt': np.int64(45291), 'fallingPnt': np.int64(45330), 'widthPnts': np.int64(39), 'widthMs': np.float64(0.39)}]",2.31,2.01,1.22,0.58,0.39,yes,,,,,,unknown,,,
126,stochastic-hh.sanpy,8,2,6.0,,dvdt,100.0,-40.0,0,"[10, 20, 50, 80, 90]",20260928,19:54:54,,,0.2.8.post45,ceeda3d8b38d399aaf1761b27ed8696acdeb9705,True,,126,14,0,[],,46804,0.46804,-40.8415059326509,29.55265206270487,46867,0.46867000000000003,46.746484023949776,87.58798995660067,0.6300000000000194,47151,0.47151,-70.19987296711587,46782.0,-45.61139071528551,46784,46793,0.09,-45.17897209914966,-43.51795838519865,18185.174713342465,,46848,15.520019457868875,308.19799235419725,46916,26.98739666998815,-64.75717869355505,1572.0,15.72,63.613231552162844,1563.0,15.63,0.22,"[{'halfHeight': 10, 'risingPnt': np.int64(46822), 'fallingPnt': np.int64(47039), 'widthPnts': np.int64(217), 'widthMs': np.float64(2.17)}, {'halfHeight': 20, 'risingPnt': np.int64(46831), 'fallingPnt': np.int64(47022), 'widthPnts': np.int64(191), 'widthMs': np.float64(1.91)}, {'halfHeight': 50, 'risingPnt': np.int64(46844), 'fallingPnt': np.int64(46964), 'widthPnts': np.int64(120), 'widthMs': np.float64(1.2)}, {'halfHeight': 80, 'risingPnt': np.int64(46853), 'fallingPnt': np.int64(46913), 'widthPnts': np.int64(60), 'widthMs': np.float64(0.6)}, {'halfHeight': 90, 'risingPnt': np.int64(46857), 'fallingPnt': np.int64(46894), 'widthPnts': np.int64(37), 'widthMs': np.float64(0.37)}]",2.17,1.91,1.2,0.6,0.37,yes,,,,,,unknown,,,
127,stochastic-hh.sanpy,8,2,6.0,,dvdt,100.0,-40.0,0,"[10, 20, 50, 80, 90]",20260928,19:54:54,,,0.2.8.post45,ceeda3d8b38d399aaf1761b27ed8696acdeb9705,True,,127,15,0,[],,48180,0.4818,-41.67059729268912,29.452540001904865,48247,0.48247,45.86759149437735,87.53818878706647,0.6700000000000039,48520,0.48519999999999996,-70.33262765528241,48162.0,-45.61139071528551,48164,48171,0.07,-45.26858599527733,-43.94443547164649,18338.678513292372,,48227,17.57364174940329,298.97505155292896,48301,21.592127760542866,-74.06167393039154,1376.0,13.76,72.67441860465117,1380.0,13.8,0.18,"[{'halfHeight': 10, 'risingPnt': np.int64(48198), 'fallingPnt': np.int64(48412), 'widthPnts': np.int64(214), 'widthMs': np.float64(2.14)}, {'halfHeight': 20, 'risingPnt': np.int64(48208), 'fallingPnt': np.int64(48392), 'widthPnts': np.int64(184), 'widthMs': np.float64(1.84)}, {'halfHeight': 50, 'risingPnt': np.int64(48222), 'fallingPnt': np.int64(48336), 'widthPnts': np.int64(114), 'widthMs': np.float64(1.14)}, {'halfHeight': 80, 'risingPnt': np.int64(48231), 'fallingPnt': np.int64(48291), 'widthPnts': np.int64(60), 'widthMs': np.float64(0.6)}, {'halfHeight': 90, 'risingPnt': np.int64(48235), 'fallingPnt': np.int64(48275), 'widthPnts': np.int64(40), 'widthMs': np.float64(0.4)}]",2.14,1.84,1.14,0.6,0.4,yes,,,,,,unknown,,,
128,stochastic-hh.sanpy,8,2,6.0,,dvdt,100.0,-40.0,0,"[10, 20, 50, 80, 90]",20260928,19:54:54,,,0.2.8.post45,ceeda3d8b38d399aaf1761b27ed8696acdeb9705,True,,128,16,0,[],,49656,0.49656,-40.81571379009143,30.71231284141769,49718,0.49718,47.02487438546353,87.84058817555496,0.6200000000000094,50007,0.50007,-70.10073561771736,49634.0,-45.61139071528551,49636,49645,0.09,-45.204141577871944,-43.555495616923416,18006.720356598897,,49700,19.36977155020854,315.3575754502532,49781,17.98768464512666,-68.913486573815,1476.0,14.76,67.75067750677506,1472.0,14.72,0.22,"[{'halfHeight': 10, 'risingPnt': np.int64(49673), 'fallingPnt': np.int64(49895), 'widthPnts': np.int64(222), 'widthMs': np.float64(2.22)}, {'halfHeight': 20, 'risingPnt': np.int64(49682), 'fallingPnt': np.int64(49873), 'widthPnts': np.int64(191), 'widthMs': np.float64(1.91)}, {'halfHeight': 50, 'risingPnt': np.int64(49695), 'fallingPnt': np.int64(49810), 'widthPnts': np.int64(115), 'widthMs': np.float64(1.15)}, {'halfHeight': 80, 'risingPnt': np.int64(49704), 'fallingPnt': np.int64(49763), 'widthPnts': np.int64(59), 'widthMs': np.float64(0.59)}, {'halfHeight': 90, 'risingPnt': np.int64(49707), 'fallingPnt': np.int64(49747), 'widthPnts': np.int64(40), 'widthMs': np.float64(0.4)}]",2.22,1.91,1.15,0.59,0.4,yes,,,,,,unknown,,,
129,stochastic-hh.sanpy,8,2,6.0,,dvdt,100.0,-40.0,0,"[10, 20, 50, 80, 90]",20260928,19:54:54,,,0.2.8.post45,ceeda3d8b38d399aaf1761b27ed8696acdeb9705,True,,129,17,0,[],,51133,0.51133,-42.36271578146896,29.511551247643947,51200,0.512,46.477295105245545,88.84001088671451,0.6700000000000594,51482,0.51482,-70.30248415619356,51119.0,-45.61139071528551,51120,51126,0.06,-45.37679526147578,-44.1890503735575,19306.966307581148,,51183,21.505047651660163,298.52075441295193,51279,10.5491793636493,-70.05799418252238,1477.0,14.77,67.70480704129993,1485.0,14.85,0.14,"[{'halfHeight': 10, 'risingPnt': np.int64(51152), 'fallingPnt': np.int64(51376), 'widthPnts': np.int64(224), 'widthMs': np.float64(2.24)}, {'halfHeight': 20, 'risingPnt': np.int64(51162), 'fallingPnt': np.int64(51352), 'widthPnts': np.int64(190), 'widthMs': np.float64(1.9)}, {'halfHeight': 50, 'risingPnt': np.int64(51177), 'fallingPnt': np.int64(51296), 'widthPnts': np.int64(119), 'widthMs': np.float64(1.19)}, {'halfHeight': 80, 'risingPnt': np.int64(51186), 'fallingPnt': np.int64(51247), 'widthPnts': np.int64(61), 'widthMs': np.float64(0.61)}, {'halfHeight': 90, 'risingPnt': np.int64(51190), 'fallingPnt': np.int64(51227), 'widthPnts': np.int64(37), 'widthMs': np.float64(0.37)}]",2.24,1.9,1.19,0.61,0.37,yes,,,,,,unknown,,,
130,stochastic-hh.sanpy,8,2,6.0,,dvdt,100.0,-40.0,0,"[10, 20, 50, 80, 90]",20260928,19:54:54,,,0.2.8.post45,ceeda3d8b38d399aaf1761b27ed8696acdeb9705,True,,130,18,0,[],,52662,0.52662,-41.51531461915881,28.829275935623944,52728,0.52728,43.770202086042325,85.28551670520113,0.6599999999999939,52989,0.52989,-70.46361296558634,52644.0,-45.61139071528551,52646,52653,0.07,-45.163231343921495,-43.71446998240517,20460.002410114917,,52707,11.899791562668954,288.5795948628789,52914,-46.29391344085474,-69.14173580571342,1529.0,15.29,65.40222367560497,1525.0,15.25,0.18,"[{'halfHeight': 10, 'risingPnt': np.int64(52680), 'fallingPnt': np.int64(52893), 'widthPnts': np.int64(213), 'widthMs': np.float64(2.13)}, {'halfHeight': 20, 'risingPnt': np.int64(52690), 'fallingPnt': np.int64(52874), 'widthPnts': np.int64(184), 'widthMs': np.float64(1.84)}, {'halfHeight': 50, 'risingPnt': np.int64(52704), 'fallingPnt': np.int64(52819), 'widthPnts': np.int64(115), 'widthMs': np.float64(1.15)}, {'halfHeight': 80, 'risingPnt': np.int64(52713), 'fallingPnt': np.int64(52770), 'widthPnts': np.int64(57), 'widthMs': np.float64(0.57)}, {'halfHeight': 90, 'risingPnt': np.int64(52717), 'fallingPnt': np.int64(52753), 'widthPnts': np.int64(36), 'widthMs': np.float64(0.36)}]",2.13,1.84,1.15,0.57,0.36,yes,,,,,,unknown,,,
131,stochastic-hh.sanpy,8,2,6.0,,dvdt,100.0,-40.0,0,"[10, 20, 50, 80, 90]",20260928,19:54:54,,,0.2.8.post45,ceeda3d8b38d399aaf1761b27ed8696acdeb9705,True,,131,19,0,[],,54184,0.54184,-41.39590544842119,28.585965125439166,54249,0.54249,46.204883502309876,87.60078895073107,0.6500000000000394,54528,0.54528,-70.31305363135317,54169.0,-44.842093673370606,54171,54177,0.06,-44.462108073010064,-43.221199967812424,20283.783472072715,,54227,11.170789531992654,295.8909828063449,54303,21.328657277754452,-74.79354227548667,1522.0,15.22,65.7030223390276,1525.0,15.25,0.15,"[{'halfHeight': 10, 'risingPnt': np.int64(54202), 'fallingPnt': np.int64(54417), 'widthPnts': np.int64(215), 'widthMs': np.float64(2.15)}, {'halfHeight': 20, 'risingPnt': np.int64(54211), 'fallingPnt': np.int64(54394), 'widthPnts': np.int64(183), 'widthMs': np.float64(1.83)}, {'halfHeight': 50, 'risingPnt': np.int64(54224), 'fallingPnt': np.int64(54341), 'widthPnts': np.int64(117), 'widthMs': np.float64(1.17)}, {'halfHeight': 80, 'risingPnt': np.int64(54234), 'fallingPnt': np.int64(54291), 'widthPnts': np.int64(57), 'widthMs': np.float64(0.57)}, {'halfHeight': 90, 'risingPnt': np.int64(54238), 'fallingPnt': np.int64(54273), 'widthPnts': np.int64(35), 'widthMs': np.float64(0.35)}]",2.15,1.83,1.17,0.57,0.35,yes,,,,,,unknown,,,
132,stochastic-hh.sanpy,8,2,6.0,,dvdt,100.0,-40.0,0,"[10, 20, 50, 80, 90]",20260928,19:54:54,,,0.2.8.post45,ceeda3d8b38d399aaf1761b27ed8696acdeb9705,True,,132,20,0,[],,55667,0.55667,-41.6911313810558,29.356596663347744,55733,0.55733,46.61688298427942,88.30801436533523,0.6599999999999939,56011,0.56011,-70.19929638497466,55654.0,-44.842093673370606,55655,55660,0.05,-44.47691666526575,-43.456782840227056,19996.111979687626,,55715,18.467295925459617,304.715722853389,55850,-9.653701140587971,-68.8599667224903,1483.0,14.83,67.43088334457181,1485.0,14.85,0.13,"[{'halfHeight': 10, 'risingPnt': np.int64(55686), 'fallingPnt': np.int64(55901), 'widthPnts': np.int64(215), 'widthMs': np.float64(2.15)}, {'halfHeight': 20, 'risingPnt': np.int64(55696), 'fallingPnt': np.int64(55879), 'widthPnts': np.int64(183), 'widthMs': np.float64(1.83)}, {'halfHeight': 50, 'risingPnt': np.int64(55710), 'fallingPnt': np.int64(55829), 'widthPnts': np.int64(119), 'widthMs': np.float64(1.19)}, {'halfHeight': 80, 'risingPnt': np.int64(55719), 'fallingPnt': np.int64(55779), 'widthPnts': np.int64(60), 'widthMs': np.float64(0.6)}, {'halfHeight': 90, 'risingPnt': np.int64(55723), 'fallingPnt': np.int64(55760), 'widthPnts': np.int64(37), 'widthMs': np.float64(0.37)}]",2.15,1.83,1.19,0.6,0.37,yes,,,,,,unknown,,,
133,stochastic-hh.sanpy,8,2,6.0,,dvdt,100.0,-40.0,0,"[10, 20, 50, 80, 90]",20260928,19:54:54,,,0.2.8.post45,ceeda3d8b38d399aaf1761b27ed8696acdeb9705,True,,133,21,0,[],,57063,0.57063,-42.33794087880367,28.251842178216968,57133,0.57133,46.63304619447758,88.97098707328125,0.7000000000000339,57414,0.57414,-70.26659869474189,57052.0,-44.842093673370606,57053,57058,0.05,-44.64944499829513,-43.624248102957345,20144.269165739624,,57113,18.20458023157378,283.09972446483476,57201,16.590217822228592,-66.31475156752484,1396.0,13.96,71.63323782234957,1398.0,13.98,0.11,"[{'halfHeight': 10, 'risingPnt': np.int64(57083), 'fallingPnt': np.int64(57302), 'widthPnts': np.int64(219), 'widthMs': np.float64(2.19)}, {'halfHeight': 20, 'risingPnt': np.int64(57093), 'fallingPnt': np.int64(57283), 'widthPnts': np.int64(190), 'widthMs': np.float64(1.9)}, {'halfHeight': 50, 'risingPnt': np.int64(57108), 'fallingPnt': np.int64(57227), 'widthPnts': np.int64(119), 'widthMs': np.float64(1.19)}, {'halfHeight': 80, 'risingPnt': np.int64(57117), 'fallingPnt': np.int64(57180), 'widthPnts': np.int64(63), 'widthMs': np.float64(0.63)}, {'halfHeight': 90, 'risingPnt': np.int64(57121), 'fallingPnt': np.int64(57161), 'widthPnts': np.int64(40), 'widthMs': np.float64(0.4)}]",2.19,1.9,1.19,0.63,0.4,yes,,,,,,unknown,,,
134,stochastic-hh.sanpy,8,2,6.0,,dvdt,100.0,-40.0,0,"[10, 20, 50, 80, 90]",20260928,19:54:54,,,0.2.8.post45,ceeda3d8b38d399aaf1761b27ed8696acdeb9705,True,,134,22,0,[],,58443,0.58443,-41.25999394806444,28.950185008923352,58510,0.5851000000000001,46.04437220614028,87.30436615420473,0.6700000000000594,58783,0.5878300000000001,-70.30734943785014,58428.0,-44.842093673370606,58430,58436,0.06,-44.41174183984982,-43.12631983875946,21235.574350101015,,58490,19.38399093179821,292.98104424287266,58709,-52.44696737092404,-66.05721323632172,1380.0,13.8,72.46376811594202,1376.0,13.76,0.15,"[{'halfHeight': 10, 'risingPnt': np.int64(58462), 'fallingPnt': np.int64(58674), 'widthPnts': np.int64(212), 'widthMs': np.float64(2.12)}, {'halfHeight': 20, 'risingPnt': np.int64(58471), 'fallingPnt': np.int64(58656), 'widthPnts': np.int64(185), 'widthMs': np.float64(1.85)}, {'halfHeight': 50, 'risingPnt': np.int64(58484), 'fallingPnt': np.int64(58602), 'widthPnts': np.int64(118), 'widthMs': np.float64(1.18)}, {'halfHeight': 80, 'risingPnt': np.int64(58494), 'fallingPnt': np.int64(58552), 'widthPnts': np.int64(58), 'widthMs': np.float64(0.58)}, {'halfHeight': 90, 'risingPnt': np.int64(58498), 'fallingPnt': np.int64(58537), 'widthPnts': np.int64(39), 'widthMs': np.float64(0.39)}]",2.12,1.85,1.18,0.58,0.39,yes,,,,,,unknown,,,
135,stochastic-hh.sanpy,8,2,6.0,,dvdt,100.0,-40.0,0,"[10, 20, 50, 80, 90]",20260928,19:54:54,,,0.2.8.post45,ceeda3d8b38d399aaf1761b27ed8696acdeb9705,True,,135,23,0,[],,59762,0.59762,-40.84721380893208,31.73737175575402,59826,0.59826,49.25410589947962,90.1013197084117,0.6399999999999739,60127,0.60127,-69.88850923528453,59747.0,-44.842093673370606,59749,59755,0.06,-44.214085258321134,-42.768727356767066,23787.352351517402,,59804,16.840605968042432,330.37526910641986,59884,23.122487349183253,-67.5206769526188,1319.0,13.19,75.8150113722517,1319.0,13.19,0.15,"[{'halfHeight': 10, 'risingPnt': np.int64(59779), 'fallingPnt': np.int64(60014), 'widthPnts': np.int64(235), 'widthMs': np.float64(2.35)}, {'halfHeight': 20, 'risingPnt': np.int64(59788), 'fallingPnt': np.int64(59993), 'widthPnts': np.int64(205), 'widthMs': np.float64(2.05)}, {'halfHeight': 50, 'risingPnt': np.int64(59801), 'fallingPnt': np.int64(59922), 'widthPnts': np.int64(121), 'widthMs': np.float64(1.21)}, {'halfHeight': 80, 'risingPnt': np.int64(59809), 'fallingPnt': np.int64(59872), 'widthPnts': np.int64(63), 'widthMs': np.float64(0.63)}, {'halfHeight': 90, 'risingPnt': np.int64(59813), 'fallingPnt': np.int64(59854), 'widthPnts': np.int64(41), 'widthMs': np.float64(0.41)}]",2.35,2.05,1.21,0.63,0.41,yes,,,,,,unknown,,,
136,stochastic-hh.sanpy,8,2,6.0,,dvdt,100.0,-40.0,0,"[10, 20, 50, 80, 90]",20260928,19:54:54,,,0.2.8.post45,ceeda3d8b38d399aaf1761b27ed8696acdeb9705,True,,136,24,0,[],,61123,0.61123,-41.73104487939377,27.41700275957473,61193,0.61193,45.53764197645941,87.26868685585319,0.6999999999999229,61476,0.61476,-70.35758874457146,61109.0,-44.842093673370606,61110,61116,0.06,-44.52428334002144,-43.39828623748569,18600.55789364019,,61173,15.606912093273856,275.0710083038391,61392,-49.38323259079705,-67.6231337913087,1361.0,13.61,73.47538574577517,1362.0,13.62,0.14,"[{'halfHeight': 10, 'risingPnt': np.int64(61143), 'fallingPnt': np.int64(61361), 'widthPnts': np.int64(218), 'widthMs': np.float64(2.18)}, {'halfHeight': 20, 'risingPnt': np.int64(61154), 'fallingPnt': np.int64(61340), 'widthPnts': np.int64(186), 'widthMs': np.float64(1.86)}, {'halfHeight': 50, 'risingPnt': np.int64(61168), 'fallingPnt': np.int64(61287), 'widthPnts': np.int64(119), 'widthMs': np.float64(1.19)}, {'halfHeight': 80, 'risingPnt': np.int64(61178), 'fallingPnt': np.int64(61235), 'widthPnts': np.int64(57), 'widthMs': np.float64(0.57)}, {'halfHeight': 90, 'risingPnt': np.int64(61182), 'fallingPnt': np.int64(61219), 'widthPnts': np.int64(37), 'widthMs': np.float64(0.37)}]",2.18,1.86,1.19,0.57,0.37,yes,,,,,,unknown,,,
137,stochastic-hh.sanpy,8,2,6.0,,dvdt,100.0,-40.0,0,"[10, 20, 50, 80, 90]",20260928,19:54:54,,,0.2.8.post45,ceeda3d8b38d399aaf1761b27ed8696acdeb9705,True,,137,25,0,[],,62576,0.62576,-42.51600983914161,28.338870882349482,62649,0.62649,43.90667121436132,86.42268105350293,0.7300000000000084,62934,0.62934,-70.06101525153188,62566.0,-44.842093673370606,62567,62571,0.04,-44.582070860143894,-43.78141488815585,19303.383118430873,,62628,17.031410696392307,287.0500251387308,62716,12.845871876092236,-70.17680304288146,1453.0,14.53,68.82312456985548,1457.0,14.57,0.1,"[{'halfHeight': 10, 'risingPnt': np.int64(62597), 'fallingPnt': np.int64(62823), 'widthPnts': np.int64(226), 'widthMs': np.float64(2.26)}, {'halfHeight': 20, 'risingPnt': np.int64(62608), 'fallingPnt': np.int64(62802), 'widthPnts': np.int64(194), 'widthMs': np.float64(1.94)}, {'halfHeight': 50, 'risingPnt': np.int64(62622), 'fallingPnt': np.int64(62740), 'widthPnts': np.int64(118), 'widthMs': np.float64(1.18)}, {'halfHeight': 80, 'risingPnt': np.int64(62632), 'fallingPnt': np.int64(62692), 'widthPnts': np.int64(60), 'widthMs': np.float64(0.6)}, {'halfHeight': 90, 'risingPnt': np.int64(62636), 'fallingPnt': np.int64(62675), 'widthPnts': np.int64(39), 'widthMs': np.float64(0.39)}]",2.26,1.94,1.18,0.6,0.39,yes,,,,,,unknown,,,
138,stochastic-hh.sanpy,8,2,6.0,,dvdt,100.0,-40.0,0,"[10, 20, 50, 80, 90]",20260928,19:54:54,,,0.2.8.post45,ceeda3d8b38d399aaf1761b27ed8696acdeb9705,True,,138,26,0,[],,64150,0.6415,-40.45812682339676,29.177170188857943,64216,0.64216,45.43768340046202,85.89581022385877,0.6599999999999939,64494,0.6449400000000001,-70.295318379609,64132.0,-44.842093673370606,64134,64141,0.07,-44.41132055279573,-42.8966944718026,21539.276048690215,,64195,14.946079190291611,293.55249930426237,64255,27.58317118207892,-74.97490766573205,1574.0,15.74,63.53240152477763,1566.0,15.66,0.18,"[{'halfHeight': 10, 'risingPnt': np.int64(64168), 'fallingPnt': np.int64(64380), 'widthPnts': np.int64(212), 'widthMs': np.float64(2.12)}, {'halfHeight': 20, 'risingPnt': np.int64(64178), 'fallingPnt': np.int64(64363), 'widthPnts': np.int64(185), 'widthMs': np.float64(1.85)}, {'halfHeight': 50, 'risingPnt': np.int64(64191), 'fallingPnt': np.int64(64303), 'widthPnts': np.int64(112), 'widthMs': np.float64(1.12)}, {'halfHeight': 80, 'risingPnt': np.int64(64200), 'fallingPnt': np.int64(64255), 'widthPnts': np.int64(55), 'widthMs': np.float64(0.55)}, {'halfHeight': 90, 'risingPnt': np.int64(64204), 'fallingPnt': np.int64(64239), 'widthPnts': np.int64(35), 'widthMs': np.float64(0.35)}]",2.12,1.85,1.12,0.55,0.35,yes,,,,,,unknown,,,
139,stochastic-hh.sanpy,8,2,6.0,,dvdt,100.0,-40.0,0,"[10, 20, 50, 80, 90]",20260928,19:54:54,,,0.2.8.post45,ceeda3d8b38d399aaf1761b27ed8696acdeb9705,True,,139,27,0,[],,65604,0.65604,-42.067043679470906,29.43124538463313,65669,0.6566900000000001,47.93341151849884,90.00045519796976,0.6500000000001505,65940,0.6594,-70.40708365692191,65593.0,-44.842093673370606,65594,65599,0.05,-44.51829408939242,-43.430665626227636,21498.63350607202,,65649,16.09595672620456,307.1544823958883,65725,21.911076534472148,-74.26960116836285,1454.0,14.54,68.7757909215956,1461.0,14.61,0.11,"[{'halfHeight': 10, 'risingPnt': np.int64(65622), 'fallingPnt': np.int64(65840), 'widthPnts': np.int64(218), 'widthMs': np.float64(2.18)}, {'halfHeight': 20, 'risingPnt': np.int64(65631), 'fallingPnt': np.int64(65821), 'widthPnts': np.int64(190), 'widthMs': np.float64(1.9)}, {'halfHeight': 50, 'risingPnt': np.int64(65645), 'fallingPnt': np.int64(65763), 'widthPnts': np.int64(118), 'widthMs': np.float64(1.18)}, {'halfHeight': 80, 'risingPnt': np.int64(65654), 'fallingPnt': np.int64(65712), 'widthPnts': np.int64(58), 'widthMs': np.float64(0.58)}, {'halfHeight': 90, 'risingPnt': np.int64(65658), 'fallingPnt': np.int64(65696), 'widthPnts': np.int64(38), 'widthMs': np.float64(0.38)}]",2.18,1.9,1.18,0.58,0.38,yes,,,,,,unknown,,,
140,stochastic-hh.sanpy,8,2,6.0,,dvdt,100.0,-40.0,0,"[10, 20, 50, 80, 90]",20260928,19:54:54,,,0.2.8.post45,ceeda3d8b38d399aaf1761b27ed8696acdeb9705,True,,140,28,0,[],,67151,0.6715099999999999,-42.34967105694484,29.79482439785366,67221,0.6722100000000001,46.518926841176146,88.86859789812098,0.700000000000145,67502,0.67502,-70.21829876465992,67142.0,-44.842093673370606,67143,67146,0.03,-44.49529357428985,-43.73462184282659,24924.05604802451,,67201,16.60191754188687,300.24371726718374,67272,22.632676575809057,-70.69961820439254,1547.0,15.47,64.64124111182934,1549.0,15.49,0.09,"[{'halfHeight': 10, 'risingPnt': np.int64(67172), 'fallingPnt': np.int64(67388), 'widthPnts': np.int64(216), 'widthMs': np.float64(2.16)}, {'halfHeight': 20, 'risingPnt': np.int64(67182), 'fallingPnt': np.int64(67365), 'widthPnts': np.int64(183), 'widthMs': np.float64(1.83)}, {'halfHeight': 50, 'risingPnt': np.int64(67196), 'fallingPnt': np.int64(67308), 'widthPnts': np.int64(112), 'widthMs': np.float64(1.12)}, {'halfHeight': 80, 'risingPnt': np.int64(67206), 'fallingPnt': np.int64(67262), 'widthPnts': np.int64(56), 'widthMs': np.float64(0.56)}, {'halfHeight': 90, 'risingPnt': np.int64(67209), 'fallingPnt': np.int64(67246), 'widthPnts': np.int64(37), 'widthMs': np.float64(0.37)}]",2.16,1.83,1.12,0.56,0.37,yes,,,,,,unknown,,,
141,stochastic-hh.sanpy,8,2,6.0,,dvdt,100.0,-40.0,0,"[10, 20, 50, 80, 90]",20260928,19:54:54,,,0.2.8.post45,ceeda3d8b38d399aaf1761b27ed8696acdeb9705,True,,141,29,0,[],,68637,0.68637,-40.797815112335606,29.18691702203404,68701,0.68701,45.64643131781336,86.44424643014897,0.6399999999999739,68993,0.6899299999999999,-70.03698141825947,68620.0,-44.842093673370606,68622,68628,0.06,-44.424392731738216,-43.091485162707464,21993.358148583233,,68683,18.87388155317775,296.57072387975813,68739,30.9927807387848,-63.805321745810474,1486.0,14.86,67.29475100942126,1478.0,14.78,0.17,"[{'halfHeight': 10, 'risingPnt': np.int64(68655), 'fallingPnt': np.int64(68880), 'widthPnts': np.int64(225), 'widthMs': np.float64(2.25)}, {'halfHeight': 20, 'risingPnt': np.int64(68664), 'fallingPnt': np.int64(68858), 'widthPnts': np.int64(194), 'widthMs': np.float64(1.94)}, {'halfHeight': 50, 'risingPnt': np.int64(68678), 'fallingPnt': np.int64(68796), 'widthPnts': np.int64(118), 'widthMs': np.float64(1.18)}, {'halfHeight': 80, 'risingPnt': np.int64(68687), 'fallingPnt': np.int64(68744), 'widthPnts': np.int64(57), 'widthMs': np.float64(0.57)}, {'halfHeight': 90, 'risingPnt': np.int64(68691), 'fallingPnt': np.int64(68728), 'widthPnts': np.int64(37), 'widthMs': np.float64(0.37)}]",2.25,1.94,1.18,0.57,0.37,yes,,,,,,unknown,,,
142,stochastic-hh.sanpy,8,2,6.0,,dvdt,100.0,-40.0,0,"[10, 20, 50, 80, 90]",20260928,19:54:54,,,0.2.8.post45,ceeda3d8b38d399aaf1761b27ed8696acdeb9705,True,,142,30,0,[],,70282,0.70282,-41.63279619397843,29.454536888634653,70349,0.7034900000000001,46.592366854461254,88.22516304843968,0.6700000000000594,70635,0.70635,-70.31843189169936,70269.0,-44.842093673370606,70270,70275,0.05,-44.58060140895612,-43.501843760179966,21250.65148004831,,70329,16.492538910575135,298.56574923558037,70419,15.670606856541221,-67.62689770304088,1645.0,16.45,60.79027355623101,1649.0,16.49,0.13,"[{'halfHeight': 10, 'risingPnt': np.int64(70301), 'fallingPnt': np.int64(70524), 'widthPnts': np.int64(223), 'widthMs': np.float64(2.23)}, {'halfHeight': 20, 'risingPnt': np.int64(70310), 'fallingPnt': np.int64(70505), 'widthPnts': np.int64(195), 'widthMs': np.float64(1.95)}, {'halfHeight': 50, 'risingPnt': np.int64(70325), 'fallingPnt': np.int64(70444), 'widthPnts': np.int64(119), 'widthMs': np.float64(1.19)}, {'halfHeight': 80, 'risingPnt': np.int64(70334), 'fallingPnt': np.int64(70396), 'widthPnts': np.int64(62), 'widthMs': np.float64(0.62)}, {'halfHeight': 90, 'risingPnt': np.int64(70338), 'fallingPnt': np.int64(70378), 'widthPnts': np.int64(40), 'widthMs': np.float64(0.4)}]",2.23,1.95,1.19,0.62,0.4,yes,,,,,,unknown,,,
143,stochastic-hh.sanpy,8,2,6.0,,dvdt,100.0,-40.0,0,"[10, 20, 50, 80, 90]",20260928,19:54:54,,,0.2.8.post45,ceeda3d8b38d399aaf1761b27ed8696acdeb9705,True,,143,31,0,[],,71725,0.71725,-42.246114214297656,30.872825871804498,71792,0.71792,48.185549507939605,90.43166372223726,0.6699999999999484,72059,0.7205900000000001,-70.34291842637894,71715.0,-44.842093673370606,71716,71720,0.04,-44.59631543032248,-43.62504075085068,24099.568206444557,,71773,18.083517672827686,312.43904884606417,71840,27.046552684683125,-70.31726490297333,1443.0,14.43,69.3000693000693,1446.0,14.46,0.1,"[{'halfHeight': 10, 'risingPnt': np.int64(71745), 'fallingPnt': np.int64(71959), 'widthPnts': np.int64(214), 'widthMs': np.float64(2.14)}, {'halfHeight': 20, 'risingPnt': np.int64(71754), 'fallingPnt': np.int64(71938), 'widthPnts': np.int64(184), 'widthMs': np.float64(1.84)}, {'halfHeight': 50, 'risingPnt': np.int64(71768), 'fallingPnt': np.int64(71882), 'widthPnts': np.int64(114), 'widthMs': np.float64(1.14)}, {'halfHeight': 80, 'risingPnt': np.int64(71777), 'fallingPnt': np.int64(71835), 'widthPnts': np.int64(58), 'widthMs': np.float64(0.58)}, {'halfHeight': 90, 'risingPnt': np.int64(71781), 'fallingPnt': np.int64(71819), 'widthPnts': np.int64(38), 'widthMs': np.float64(0.38)}]",2.14,1.84,1.14,0.58,0.38,yes,,,,,,unknown,,,
144,stochastic-hh.sanpy,8,2,6.0,,dvdt,100.0,-40.0,0,"[10, 20, 50, 80, 90]",20260928,19:54:54,,,0.2.8.post45,ceeda3d8b38d399aaf1761b27ed8696acdeb9705,True,,144,32,0,[],,73268,0.73268,-41.95141250763755,28.103367512631618,73336,0.73336,44.70927753435858,86.66069004199613,0.6800000000000139,73609,0.73609,-70.273246495324,73257.0,-44.842093673370606,73258,73263,0.05,-44.4417125189168,-43.25877275355253,23457.586400540575,,73317,17.35307728872741,288.6307082763001,73535,-50.69873877563516,-63.03548871081658,1543.0,15.43,64.80881399870383,1542.0,15.42,0.11,"[{'halfHeight': 10, 'risingPnt': np.int64(73287), 'fallingPnt': np.int64(73502), 'widthPnts': np.int64(215), 'widthMs': np.float64(2.15)}, {'halfHeight': 20, 'risingPnt': np.int64(73297), 'fallingPnt': np.int64(73484), 'widthPnts': np.int64(187), 'widthMs': np.float64(1.87)}, {'halfHeight': 50, 'risingPnt': np.int64(73312), 'fallingPnt': np.int64(73432), 'widthPnts': np.int64(120), 'widthMs': np.float64(1.2)}, {'halfHeight': 80, 'risingPnt': np.int64(73321), 'fallingPnt': np.int64(73381), 'widthPnts': np.int64(60), 'widthMs': np.float64(0.6)}, {'halfHeight': 90, 'risingPnt': np.int64(73325), 'fallingPnt': np.int64(73363), 'widthPnts': np.int64(38), 'widthMs': np.float64(0.38)}]",2.15,1.87,1.2,0.6,0.38,yes,,,,,,unknown,,,
145,stochastic-hh.sanpy,8,3,0.0,,dvdt,100.0,-40.0,0,"[10, 20, 50, 80, 90]",20260928,19:54:54,,,0.2.8.post45,ceeda3d8b38d399aaf1761b27ed8696acdeb9705,True,,145,33,0,[],,75004,0.7500399999999999,-39.54308270668493,26.85685155237681,75069,0.7506900000000001,42.002245919018584,81.54532862570352,0.6500000000001505,75353,0.7535299999999999,-71.03179746106781,74980.0,-44.842093673370606,74982,74992,0.1,-44.43863903962038,-42.674857126359,17689.618652902016,,75048,15.757807477724567,274.5473071338782,75107,28.390924865820413,-66.1419884974694,1736.0,17.36,57.6036866359447,1723.0,17.23,0.24,"[{'halfHeight': 10, 'risingPnt': np.int64(75021), 'fallingPnt': np.int64(75233), 'widthPnts': np.int64(212), 'widthMs': np.float64(2.12)}, {'halfHeight': 20, 'risingPnt': np.int64(75030), 'fallingPnt': np.int64(75216), 'widthPnts': np.int64(186), 'widthMs': np.float64(1.86)}, {'halfHeight': 50, 'risingPnt': np.int64(75043), 'fallingPnt': np.int64(75162), 'widthPnts': np.int64(119), 'widthMs': np.float64(1.19)}, {'halfHeight': 80, 'risingPnt': np.int64(75052), 'fallingPnt': np.int64(75112), 'widthPnts': np.int64(60), 'widthMs': np.float64(0.6)}, {'halfHeight': 90, 'risingPnt': np.int64(75056), 'fallingPnt': np.int64(75098), 'widthPnts': np.int64(42), 'widthMs': np.float64(0.42)}]",2.12,1.86,1.19,0.6,0.42,yes,,,,,,unknown,,,
146,stochastic-hh.sanpy,8,3,0.0,,dvdt,100.0,-40.0,0,"[10, 20, 50, 80, 90]",20260928,19:54:54,,,0.2.8.post45,ceeda3d8b38d399aaf1761b27ed8696acdeb9705,True,,146,34,0,[],,87405,0.87405,-41.802833335180054,30.100212668067318,87471,0.87471,48.33325123144069,90.13608456662075,0.6599999999999939,87757,0.8775700000000001,-71.10960729838956,87350.0,-49.64872169826715,87356,87378,0.22,-49.14776895777749,-47.153690531886795,8591.533765504997,,87451,16.59417231746737,316.60926578388586,87557,7.542298182092453,-68.05135448364845,12401.0,124.01,8.0638658172728,12370.0,123.7,0.55,"[{'halfHeight': 10, 'risingPnt': np.int64(87424), 'fallingPnt': np.int64(87643), 'widthPnts': np.int64(219), 'widthMs': np.float64(2.19)}, {'halfHeight': 20, 'risingPnt': np.int64(87433), 'fallingPnt': np.int64(87622), 'widthPnts': np.int64(189), 'widthMs': np.float64(1.89)}, {'halfHeight': 50, 'risingPnt': np.int64(87447), 'fallingPnt': np.int64(87566), 'widthPnts': np.int64(119), 'widthMs': np.float64(1.19)}, {'halfHeight': 80, 'risingPnt': np.int64(87456), 'fallingPnt': np.int64(87518), 'widthPnts': np.int64(62), 'widthMs': np.float64(0.62)}, {'halfHeight': 90, 'risingPnt': np.int64(87459), 'fallingPnt': np.int64(87501), 'widthPnts': np.int64(42), 'widthMs': np.float64(0.42)}]",2.19,1.89,1.19,0.62,0.42,yes,,,,,,unknown,,,
147,stochastic-hh.sanpy,8,3,0.0,,dvdt,100.0,-40.0,0,"[10, 20, 50, 80, 90]",20260928,19:54:54,,,0.2.8.post45,ceeda3d8b38d399aaf1761b27ed8696acdeb9705,True,,147,35,0,[],,99079,0.99079,-41.59801928847292,31.762664778512175,99143,0.9914299999999999,49.095583232430634,90.69360252090355,0.6399999999999739,99450,0.9945,-71.00208830324387,99036.0,-48.797155468120216,99040,99058,0.18,-48.352164976455995,-46.07883506776547,12387.56289557281,,99124,19.36585011283867,318.30277657879924,99185,33.912978317772556,-60.5836160341384,11674.0,116.74,8.566044200788076,11686.0,116.86,0.43,"[{'halfHeight': 10, 'risingPnt': np.int64(99098), 'fallingPnt': np.int64(99335), 'widthPnts': np.int64(237), 'widthMs': np.float64(2.37)}, {'halfHeight': 20, 'risingPnt': np.int64(99107), 'fallingPnt': np.int64(99311), 'widthPnts': np.int64(204), 'widthMs': np.float64(2.04)}, {'halfHeight': 50, 'risingPnt': np.int64(99119), 'fallingPnt': np.int64(99245), 'widthPnts': np.int64(126), 'widthMs': np.float64(1.26)}, {'halfHeight': 80, 'risingPnt': np.int64(99128), 'fallingPnt': np.int64(99191), 'widthPnts': np.int64(63), 'widthMs': np.float64(0.63)}, {'halfHeight': 90, 'risingPnt': np.int64(99132), 'fallingPnt': np.int64(99173), 'widthPnts': np.int64(41), 'widthMs': np.float64(0.41)}]",2.37,2.04,1.26,0.63,0.41,yes,,,,,,unknown,,,
148,stochastic-hh.sanpy,9,1,0.0,,dvdt,100.0,-40.0,0,"[10, 20, 50, 80, 90]",20260928,19:54:54,,,0.2.8.post45,ceeda3d8b38d399aaf1761b27ed8696acdeb9705,True,,148,0,0,"[{'Spike': 0, 'Seconds': np.float64(0.021), 'Sweep': 9, 'Epoch': 1, 'Type': 'Pre spike min under-run (mdp)', 'Details': 'Went past startPnt 0 searching for pre-spike min'}]",,2099,0.020989999999999998,-41.90619704014916,32.49118062574746,2161,0.02161,49.53688752912583,91.44308456927499,0.6200000000000025,2454,0.02454,-71.07666492119534,1304.0,-60.204426055316695,1384,1702,3.18,-59.9451033336952,-57.30884812085689,896.971972848793,,2143,22.105211730518906,336.19718561477947,2226,22.188491979889424,-70.41596356324182,,,,,,7.95,"[{'halfHeight': 10, 'risingPnt': np.int64(2117), 'fallingPnt': np.int64(2341), 'widthPnts': np.int64(224), 'widthMs': np.float64(2.24)}, {'halfHeight': 20, 'risingPnt': np.int64(2125), 'fallingPnt': np.int64(2318), 'widthPnts': np.int64(193), 'widthMs': np.float64(1.93)}, {'halfHeight': 50, 'risingPnt': np.int64(2138), 'fallingPnt': np.int64(2258), 'widthPnts': np.int64(120), 'widthMs': np.float64(1.2)}, {'halfHeight': 80, 'risingPnt': np.int64(2146), 'fallingPnt': np.int64(2211), 'widthPnts': np.int64(65), 'widthMs': np.float64(0.65)}, {'halfHeight': 90, 'risingPnt': np.int64(2150), 'fallingPnt': np.int64(2190), 'widthPnts': np.int64(40), 'widthMs': np.float64(0.4)}]",2.24,1.93,1.2,0.65,0.4,yes,,,,,,unknown,,,
149,stochastic-hh.sanpy,9,1,0.0,,dvdt,100.0,-40.0,0,"[10, 20, 50, 80, 90]",20260928,19:54:54,,,0.2.8.post45,ceeda3d8b38d399aaf1761b27ed8696acdeb9705,True,,149,1,0,"[{'Spike': 1, 'Seconds': np.float64(0.0413), 'Sweep': 9, 'Epoch': 1, 'Type': 'Pre spike min under-run (mdp)', 'Details': 'Went past startPnt 0 searching for pre-spike min'}]",,4129,0.04129,-42.18604321630495,31.848462819040236,4193,0.04193,48.37629899744687,90.56234221375182,0.6400000000000017,4490,0.044899999999999995,-71.00146802651044,4087.0,-48.89674601539836,4091,4108,0.17,-48.453096243487664,-46.628706981852055,10563.751083830717,,4174,19.137478816410123,330.5050697119576,4282,7.576245212195693,-65.13276000633246,2030.0,20.3,49.26108374384236,2783.0,27.83,0.42,"[{'halfHeight': 10, 'risingPnt': np.int64(4147), 'fallingPnt': np.int64(4369), 'widthPnts': np.int64(222), 'widthMs': np.float64(2.22)}, {'halfHeight': 20, 'risingPnt': np.int64(4156), 'fallingPnt': np.int64(4350), 'widthPnts': np.int64(194), 'widthMs': np.float64(1.94)}, {'halfHeight': 50, 'risingPnt': np.int64(4169), 'fallingPnt': np.int64(4291), 'widthPnts': np.int64(122), 'widthMs': np.float64(1.22)}, {'halfHeight': 80, 'risingPnt': np.int64(4178), 'fallingPnt': np.int64(4238), 'widthPnts': np.int64(60), 'widthMs': np.float64(0.6)}, {'halfHeight': 90, 'risingPnt': np.int64(4182), 'fallingPnt': np.int64(4222), 'widthPnts': np.int64(40), 'widthMs': np.float64(0.4)}]",2.22,1.94,1.22,0.6,0.4,yes,,,,,,unknown,,,
150,stochastic-hh.sanpy,9,1,0.0,,dvdt,100.0,-40.0,0,"[10, 20, 50, 80, 90]",20260928,19:54:54,,,0.2.8.post45,ceeda3d8b38d399aaf1761b27ed8696acdeb9705,True,,150,2,0,"[{'Spike': 2, 'Seconds': np.float64(0.1602), 'Sweep': 9, 'Epoch': 1, 'Type': 'Pre spike min under-run (mdp)', 'Details': 'Went past startPnt 0 searching for pre-spike min'}]",,16020,0.16019999999999998,-40.39087817861168,29.005616283320666,16084,0.16084,45.930433976343856,86.32131215495554,0.6400000000000294,16378,0.16378,-70.99811170745889,15963.0,-48.89674601539836,15969,15991,0.22,-48.33032530665609,-46.0921335801027,9979.758353404497,,16064,14.533119592792687,298.0495195991982,16193,-5.231854967214707,-71.74614593293127,11891.0,118.91,8.409721638213774,11876.0,118.76,0.57,"[{'halfHeight': 10, 'risingPnt': np.int64(16038), 'fallingPnt': np.int64(16255), 'widthPnts': np.int64(217), 'widthMs': np.float64(2.17)}, {'halfHeight': 20, 'risingPnt': np.int64(16047), 'fallingPnt': np.int64(16235), 'widthPnts': np.int64(188), 'widthMs': np.float64(1.88)}, {'halfHeight': 50, 'risingPnt': np.int64(16060), 'fallingPnt': np.int64(16179), 'widthPnts': np.int64(119), 'widthMs': np.float64(1.19)}, {'halfHeight': 80, 'risingPnt': np.int64(16069), 'fallingPnt': np.int64(16130), 'widthPnts': np.int64(61), 'widthMs': np.float64(0.61)}, {'halfHeight': 90, 'risingPnt': np.int64(16073), 'fallingPnt': np.int64(16113), 'widthPnts': np.int64(40), 'widthMs': np.float64(0.4)}]",2.17,1.88,1.19,0.61,0.4,yes,,,,,,unknown,,,
151,stochastic-hh.sanpy,9,1,0.0,,dvdt,100.0,-40.0,0,"[10, 20, 50, 80, 90]",20260928,19:54:54,,,0.2.8.post45,ceeda3d8b38d399aaf1761b27ed8696acdeb9705,True,,151,3,0,"[{'Spike': 3, 'Seconds': np.float64(0.1852), 'Sweep': 9, 'Epoch': 1, 'Type': 'Pre spike min under-run (mdp)', 'Details': 'Went past startPnt 0 searching for pre-spike min'}]",,18523,0.18522999999999998,-42.85349719311817,30.796695905268102,18587,0.18587,47.45931062210428,90.31280781522246,0.6400000000000294,18867,0.18866999999999998,-71.1870254026879,18485.0,-48.89674601539836,18489,18504,0.15,-48.363178945523174,-46.624340543900566,11635.508718035368,,18570,21.874368909062827,319.5040361748443,18786,-48.26583494867751,-66.68554410259847,2503.0,25.03,39.95205753096285,2522.0,25.22,0.38,"[{'halfHeight': 10, 'risingPnt': np.int64(18541), 'fallingPnt': np.int64(18761), 'widthPnts': np.int64(220), 'widthMs': np.float64(2.2)}, {'halfHeight': 20, 'risingPnt': np.int64(18551), 'fallingPnt': np.int64(18741), 'widthPnts': np.int64(190), 'widthMs': np.float64(1.9)}, {'halfHeight': 50, 'risingPnt': np.int64(18564), 'fallingPnt': np.int64(18686), 'widthPnts': np.int64(122), 'widthMs': np.float64(1.22)}, {'halfHeight': 80, 'risingPnt': np.int64(18573), 'fallingPnt': np.int64(18633), 'widthPnts': np.int64(60), 'widthMs': np.float64(0.6)}, {'halfHeight': 90, 'risingPnt': np.int64(18576), 'fallingPnt': np.int64(18614), 'widthPnts': np.int64(38), 'widthMs': np.float64(0.38)}]",2.2,1.9,1.22,0.6,0.38,yes,,,,,,unknown,,,
152,stochastic-hh.sanpy,9,2,7.0,,dvdt,100.0,-40.0,0,"[10, 20, 50, 80, 90]",20260928,19:54:54,,,0.2.8.post45,ceeda3d8b38d399aaf1761b27ed8696acdeb9705,True,,152,4,0,[],,25148,0.25148,-41.611919950748096,34.21060758763429,25209,0.25209,51.204788267530766,92.81670821827886,0.6099999999999994,25506,0.25506,-70.29381884018328,25121.0,-47.60755785440354,25124,25135,0.11,-47.183850420527214,-45.233771407904776,17310.697920664188,,25191,22.148644265577943,353.7999724135041,25311,4.841368794429429,-69.93119406432584,6625.0,66.25,15.094339622641508,6636.0,66.36,0.27,"[{'halfHeight': 10, 'risingPnt': np.int64(25165), 'fallingPnt': np.int64(25396), 'widthPnts': np.int64(231), 'widthMs': np.float64(2.31)}, {'halfHeight': 20, 'risingPnt': np.int64(25174), 'fallingPnt': np.int64(25373), 'widthPnts': np.int64(199), 'widthMs': np.float64(1.99)}, {'halfHeight': 50, 'risingPnt': np.int64(25186), 'fallingPnt': np.int64(25312), 'widthPnts': np.int64(126), 'widthMs': np.float64(1.26)}, {'halfHeight': 80, 'risingPnt': np.int64(25194), 'fallingPnt': np.int64(25260), 'widthPnts': np.int64(66), 'widthMs': np.float64(0.66)}, {'halfHeight': 90, 'risingPnt': np.int64(25198), 'fallingPnt': np.int64(25242), 'widthPnts': np.int64(44), 'widthMs': np.float64(0.44)}]",2.31,1.99,1.26,0.66,0.44,yes,,,,,,unknown,,,
153,stochastic-hh.sanpy,9,2,7.0,,dvdt,100.0,-40.0,0,"[10, 20, 50, 80, 90]",20260928,19:54:54,,,0.2.8.post45,ceeda3d8b38d399aaf1761b27ed8696acdeb9705,True,,153,5,0,[],,26682,0.26682,-42.15615244785098,25.70270656590926,26753,0.26753,43.0484163017462,85.20456874959717,0.7099999999999884,27027,0.27026999999999995,-70.08471266906865,26648.0,-47.60755785440354,26651,26665,0.14,-47.28229831337726,-45.314610033809195,13993.54453120184,,26734,17.270023251094177,271.81946134792156,26827,10.20524733374271,-69.58012470707226,1534.0,15.34,65.1890482398957,1527.0,15.27,0.34,"[{'halfHeight': 10, 'risingPnt': np.int64(26704), 'fallingPnt': np.int64(26919), 'widthPnts': np.int64(215), 'widthMs': np.float64(2.15)}, {'halfHeight': 20, 'risingPnt': np.int64(26714), 'fallingPnt': np.int64(26901), 'widthPnts': np.int64(187), 'widthMs': np.float64(1.87)}, {'halfHeight': 50, 'risingPnt': np.int64(26728), 'fallingPnt': np.int64(26845), 'widthPnts': np.int64(117), 'widthMs': np.float64(1.17)}, {'halfHeight': 80, 'risingPnt': np.int64(26738), 'fallingPnt': np.int64(26797), 'widthPnts': np.int64(59), 'widthMs': np.float64(0.59)}, {'halfHeight': 90, 'risingPnt': np.int64(26742), 'fallingPnt': np.int64(26781), 'widthPnts': np.int64(39), 'widthMs': np.float64(0.39)}]",2.15,1.87,1.17,0.59,0.39,yes,,,,,,unknown,,,
154,stochastic-hh.sanpy,9,2,7.0,,dvdt,100.0,-40.0,0,"[10, 20, 50, 80, 90]",20260928,19:54:54,,,0.2.8.post45,ceeda3d8b38d399aaf1761b27ed8696acdeb9705,True,,154,6,0,[],,28175,0.28175,-42.54364876954791,28.661254129088277,28245,0.28245,46.35382147763736,88.89747024718527,0.6999999999999784,28527,0.28526999999999997,-70.14163946231776,28146.0,-47.60755785440354,28149,28160,0.11,-47.274215714118256,-45.809244084283435,12833.246842821736,,28226,17.8478251398995,288.3978624793086,28435,-41.13398910264853,-67.20285211471324,1493.0,14.93,66.97923643670462,1498.0,14.98,0.29,"[{'halfHeight': 10, 'risingPnt': np.int64(28196), 'fallingPnt': np.int64(28422), 'widthPnts': np.int64(226), 'widthMs': np.float64(2.26)}, {'halfHeight': 20, 'risingPnt': np.int64(28206), 'fallingPnt': np.int64(28402), 'widthPnts': np.int64(196), 'widthMs': np.float64(1.96)}, {'halfHeight': 50, 'risingPnt': np.int64(28221), 'fallingPnt': np.int64(28343), 'widthPnts': np.int64(122), 'widthMs': np.float64(1.22)}, {'halfHeight': 80, 'risingPnt': np.int64(28230), 'fallingPnt': np.int64(28288), 'widthPnts': np.int64(58), 'widthMs': np.float64(0.58)}, {'halfHeight': 90, 'risingPnt': np.int64(28234), 'fallingPnt': np.int64(28272), 'widthPnts': np.int64(38), 'widthMs': np.float64(0.38)}]",2.26,1.96,1.22,0.58,0.38,yes,,,,,,unknown,,,
155,stochastic-hh.sanpy,9,2,7.0,,dvdt,100.0,-40.0,0,"[10, 20, 50, 80, 90]",20260928,19:54:54,,,0.2.8.post45,ceeda3d8b38d399aaf1761b27ed8696acdeb9705,True,,155,7,0,[],,29880,0.2988,-41.89759168471038,25.586270502386522,29950,0.2995,43.69642376616701,85.59401545087738,0.6999999999999784,30222,0.30222000000000004,-70.13671967685197,29844.0,-47.60755785440354,29848,29862,0.14,-47.23205705874064,-45.321546459024894,13470.757470521616,,29931,16.959265276070585,263.28980466954573,30011,15.29213430373672,-71.83413224926525,1705.0,17.05,58.65102639296188,1698.0,16.98,0.36,"[{'halfHeight': 10, 'risingPnt': np.int64(29901), 'fallingPnt': np.int64(30112), 'widthPnts': np.int64(211), 'widthMs': np.float64(2.11)}, {'halfHeight': 20, 'risingPnt': np.int64(29911), 'fallingPnt': np.int64(30091), 'widthPnts': np.int64(180), 'widthMs': np.float64(1.8)}, {'halfHeight': 50, 'risingPnt': np.int64(29925), 'fallingPnt': np.int64(30036), 'widthPnts': np.int64(111), 'widthMs': np.float64(1.11)}, {'halfHeight': 80, 'risingPnt': np.int64(29935), 'fallingPnt': np.int64(29993), 'widthPnts': np.int64(58), 'widthMs': np.float64(0.58)}, {'halfHeight': 90, 'risingPnt': np.int64(29939), 'fallingPnt': np.int64(29977), 'widthPnts': np.int64(38), 'widthMs': np.float64(0.38)}]",2.11,1.8,1.11,0.58,0.38,yes,,,,,,unknown,,,
156,stochastic-hh.sanpy,9,2,7.0,,dvdt,100.0,-40.0,0,"[10, 20, 50, 80, 90]",20260928,19:54:54,,,0.2.8.post45,ceeda3d8b38d399aaf1761b27ed8696acdeb9705,True,,156,8,0,[],,31274,0.31274,-41.35409057249877,29.445820453693656,31342,0.31342000000000003,46.538871282280425,87.8929618547792,0.6800000000000139,31615,0.31615,-69.98794597166945,31241.0,-47.60755785440354,31244,31257,0.13,-47.18175327874195,-45.219855434519154,14650.12855998661,,31324,21.525613114477423,300.6874507801147,31403,18.37319084886356,-69.92251437040522,1394.0,13.94,71.73601147776183,1397.0,13.97,0.33,"[{'halfHeight': 10, 'risingPnt': np.int64(31294), 'fallingPnt': np.int64(31508), 'widthPnts': np.int64(214), 'widthMs': np.float64(2.14)}, {'halfHeight': 20, 'risingPnt': np.int64(31304), 'fallingPnt': np.int64(31490), 'widthPnts': np.int64(186), 'widthMs': np.float64(1.86)}, {'halfHeight': 50, 'risingPnt': np.int64(31318), 'fallingPnt': np.int64(31434), 'widthPnts': np.int64(116), 'widthMs': np.float64(1.16)}, {'halfHeight': 80, 'risingPnt': np.int64(31327), 'fallingPnt': np.int64(31386), 'widthPnts': np.int64(59), 'widthMs': np.float64(0.59)}, {'halfHeight': 90, 'risingPnt': np.int64(31331), 'fallingPnt': np.int64(31369), 'widthPnts': np.int64(38), 'widthMs': np.float64(0.38)}]",2.14,1.86,1.16,0.59,0.38,yes,,,,,,unknown,,,
157,stochastic-hh.sanpy,9,2,7.0,,dvdt,100.0,-40.0,0,"[10, 20, 50, 80, 90]",20260928,19:54:54,,,0.2.8.post45,ceeda3d8b38d399aaf1761b27ed8696acdeb9705,True,,157,9,0,[],,32724,0.32724000000000003,-41.646585365713925,30.24561158701754,32793,0.32793,46.851506961685,88.49809232739892,0.6899999999999684,33085,0.33085000000000003,-69.94931313318367,32693.0,-47.60755785440354,32696,32709,0.13,-47.15937115136411,-45.09722126803152,15506.681716161684,,32771,16.872861800735176,303.3887551711123,32847,23.44868961919552,-62.973925212577065,1450.0,14.5,68.9655172413793,1452.0,14.52,0.31,"[{'halfHeight': 10, 'risingPnt': np.int64(32743), 'fallingPnt': np.int64(32967), 'widthPnts': np.int64(224), 'widthMs': np.float64(2.24)}, {'halfHeight': 20, 'risingPnt': np.int64(32753), 'fallingPnt': np.int64(32946), 'widthPnts': np.int64(193), 'widthMs': np.float64(1.93)}, {'halfHeight': 50, 'risingPnt': np.int64(32767), 'fallingPnt': np.int64(32890), 'widthPnts': np.int64(123), 'widthMs': np.float64(1.23)}, {'halfHeight': 80, 'risingPnt': np.int64(32776), 'fallingPnt': np.int64(32837), 'widthPnts': np.int64(61), 'widthMs': np.float64(0.61)}, {'halfHeight': 90, 'risingPnt': np.int64(32780), 'fallingPnt': np.int64(32819), 'widthPnts': np.int64(39), 'widthMs': np.float64(0.39)}]",2.24,1.93,1.23,0.61,0.39,yes,,,,,,unknown,,,
158,stochastic-hh.sanpy,9,2,7.0,,dvdt,100.0,-40.0,0,"[10, 20, 50, 80, 90]",20260928,19:54:54,,,0.2.8.post45,ceeda3d8b38d399aaf1761b27ed8696acdeb9705,True,,158,10,0,[],,34116,0.34116,-42.36497000033893,27.70500670154556,34189,0.34188999999999997,45.287014650555534,87.65198465089446,0.7299999999999529,34453,0.34452999999999995,-70.21709973009851,34088.0,-47.60755785440354,34091,34102,0.11,-47.12594508128641,-45.46329676969025,14760.387538317895,,34169,16.1622172266614,278.7120442412331,34253,16.148289753777537,-74.53622492987769,1392.0,13.92,71.83908045977012,1395.0,13.95,0.28,"[{'halfHeight': 10, 'risingPnt': np.int64(34137), 'fallingPnt': np.int64(34348), 'widthPnts': np.int64(211), 'widthMs': np.float64(2.11)}, {'halfHeight': 20, 'risingPnt': np.int64(34149), 'fallingPnt': np.int64(34329), 'widthPnts': np.int64(180), 'widthMs': np.float64(1.8)}, {'halfHeight': 50, 'risingPnt': np.int64(34164), 'fallingPnt': np.int64(34278), 'widthPnts': np.int64(114), 'widthMs': np.float64(1.14)}, {'halfHeight': 80, 'risingPnt': np.int64(34174), 'fallingPnt': np.int64(34235), 'widthPnts': np.int64(61), 'widthMs': np.float64(0.61)}, {'halfHeight': 90, 'risingPnt': np.int64(34178), 'fallingPnt': np.int64(34218), 'widthPnts': np.int64(40), 'widthMs': np.float64(0.4)}]",2.11,1.8,1.14,0.61,0.4,yes,,,,,,unknown,,,
159,stochastic-hh.sanpy,9,2,7.0,,dvdt,100.0,-40.0,0,"[10, 20, 50, 80, 90]",20260928,19:54:54,,,0.2.8.post45,ceeda3d8b38d399aaf1761b27ed8696acdeb9705,True,,159,11,0,[],,35494,0.35494,-41.02443493787752,29.843228986072468,35558,0.35558,46.780268852043974,87.80470378992149,0.6400000000000294,35843,0.35843,-70.12263826264984,35462.0,-47.60755785440354,35465,35478,0.13,-47.2284242195787,-45.003812664445555,16835.578825715915,,35541,22.6432148919243,303.0215515822364,35617,20.150551606966143,-68.3395897543824,1378.0,13.78,72.5689404934688,1374.0,13.74,0.32,"[{'halfHeight': 10, 'risingPnt': np.int64(35512), 'fallingPnt': np.int64(35727), 'widthPnts': np.int64(215), 'widthMs': np.float64(2.15)}, {'halfHeight': 20, 'risingPnt': np.int64(35521), 'fallingPnt': np.int64(35709), 'widthPnts': np.int64(188), 'widthMs': np.float64(1.88)}, {'halfHeight': 50, 'risingPnt': np.int64(35535), 'fallingPnt': np.int64(35651), 'widthPnts': np.int64(116), 'widthMs': np.float64(1.16)}, {'halfHeight': 80, 'risingPnt': np.int64(35544), 'fallingPnt': np.int64(35603), 'widthPnts': np.int64(59), 'widthMs': np.float64(0.59)}, {'halfHeight': 90, 'risingPnt': np.int64(35547), 'fallingPnt': np.int64(35585), 'widthPnts': np.int64(38), 'widthMs': np.float64(0.38)}]",2.15,1.88,1.16,0.59,0.38,yes,,,,,,unknown,,,
160,stochastic-hh.sanpy,9,2,7.0,,dvdt,100.0,-40.0,0,"[10, 20, 50, 80, 90]",20260928,19:54:54,,,0.2.8.post45,ceeda3d8b38d399aaf1761b27ed8696acdeb9705,True,,160,12,0,[],,36943,0.36943,-41.507737538766754,30.53199657660527,37009,0.37009,46.31043084000463,87.81816837877139,0.6599999999999939,37293,0.37293,-70.04438173075127,36910.0,-47.60755785440354,36913,36926,0.13,-47.249871833128964,-45.45990563225598,13716.99220797992,,36991,20.1579831960559,307.39212453724775,37066,21.835504501172725,-66.95898351337127,1449.0,14.49,69.01311249137336,1448.0,14.48,0.33,"[{'halfHeight': 10, 'risingPnt': np.int64(36961), 'fallingPnt': np.int64(37182), 'widthPnts': np.int64(221), 'widthMs': np.float64(2.21)}, {'halfHeight': 20, 'risingPnt': np.int64(36971), 'fallingPnt': np.int64(37162), 'widthPnts': np.int64(191), 'widthMs': np.float64(1.91)}, {'halfHeight': 50, 'risingPnt': np.int64(36985), 'fallingPnt': np.int64(37103), 'widthPnts': np.int64(118), 'widthMs': np.float64(1.18)}, {'halfHeight': 80, 'risingPnt': np.int64(36994), 'fallingPnt': np.int64(37054), 'widthPnts': np.int64(60), 'widthMs': np.float64(0.6)}, {'halfHeight': 90, 'risingPnt': np.int64(36998), 'fallingPnt': np.int64(37037), 'widthPnts': np.int64(39), 'widthMs': np.float64(0.39)}]",2.21,1.91,1.18,0.6,0.39,yes,,,,,,unknown,,,
161,stochastic-hh.sanpy,9,2,7.0,,dvdt,100.0,-40.0,0,"[10, 20, 50, 80, 90]",20260928,19:54:54,,,0.2.8.post45,ceeda3d8b38d399aaf1761b27ed8696acdeb9705,True,,161,13,0,[],,38258,0.38258,-41.18981776926424,28.63129274732365,38325,0.38325,45.63136533486639,86.82118310413063,0.6700000000000039,38607,0.38606999999999997,-70.11912123227968,38222.0,-47.60755785440354,38226,38240,0.14,-47.06951240641945,-45.07856523027738,13692.315231702443,,38304,14.914310908763046,289.016150661411,38373,25.229224005489392,-75.64185723232053,1315.0,13.15,76.04562737642586,1312.0,13.12,0.36,"[{'halfHeight': 10, 'risingPnt': np.int64(38276), 'fallingPnt': np.int64(38499), 'widthPnts': np.int64(223), 'widthMs': np.float64(2.23)}, {'halfHeight': 20, 'risingPnt': np.int64(38286), 'fallingPnt': np.int64(38479), 'widthPnts': np.int64(193), 'widthMs': np.float64(1.93)}, {'halfHeight': 50, 'risingPnt': np.int64(38300), 'fallingPnt': np.int64(38415), 'widthPnts': np.int64(115), 'widthMs': np.float64(1.15)}, {'halfHeight': 80, 'risingPnt': np.int64(38309), 'fallingPnt': np.int64(38369), 'widthPnts': np.int64(60), 'widthMs': np.float64(0.6)}, {'halfHeight': 90, 'risingPnt': np.int64(38313), 'fallingPnt': np.int64(38353), 'widthPnts': np.int64(40), 'widthMs': np.float64(0.4)}]",2.23,1.93,1.15,0.6,0.4,yes,,,,,,unknown,,,
162,stochastic-hh.sanpy,9,2,7.0,,dvdt,100.0,-40.0,0,"[10, 20, 50, 80, 90]",20260928,19:54:54,,,0.2.8.post45,ceeda3d8b38d399aaf1761b27ed8696acdeb9705,True,,162,14,0,[],,39619,0.39619,-41.447217196558476,30.32418421855334,39683,0.39682999999999996,47.675066843486746,89.12228404004523,0.6399999999999739,39964,0.39964,-70.19935900020911,39589.0,-47.60755785440354,39592,39604,0.12,-47.11342671052866,-45.16859424072686,15945.49156824841,,39665,19.74498014984448,306.3342614565913,39785,1.1843403339081773,-66.69035089011514,1361.0,13.61,73.47538574577517,1367.0,13.67,0.3,"[{'halfHeight': 10, 'risingPnt': np.int64(39638), 'fallingPnt': np.int64(39860), 'widthPnts': np.int64(222), 'widthMs': np.float64(2.22)}, {'halfHeight': 20, 'risingPnt': np.int64(39647), 'fallingPnt': np.int64(39841), 'widthPnts': np.int64(194), 'widthMs': np.float64(1.94)}, {'halfHeight': 50, 'risingPnt': np.int64(39660), 'fallingPnt': np.int64(39782), 'widthPnts': np.int64(122), 'widthMs': np.float64(1.22)}, {'halfHeight': 80, 'risingPnt': np.int64(39669), 'fallingPnt': np.int64(39730), 'widthPnts': np.int64(61), 'widthMs': np.float64(0.61)}, {'halfHeight': 90, 'risingPnt': np.int64(39673), 'fallingPnt': np.int64(39712), 'widthPnts': np.int64(39), 'widthMs': np.float64(0.39)}]",2.22,1.94,1.22,0.61,0.39,yes,,,,,,unknown,,,
163,stochastic-hh.sanpy,9,2,7.0,,dvdt,100.0,-40.0,0,"[10, 20, 50, 80, 90]",20260928,19:54:54,,,0.2.8.post45,ceeda3d8b38d399aaf1761b27ed8696acdeb9705,True,,163,15,0,[],,41109,0.41108999999999996,-42.3459259741971,27.834135231156353,41181,0.41181,45.85287563148973,88.19880160568684,0.7200000000000539,41464,0.41464,-70.04615504552578,41077.0,-47.60755785440354,41080,41093,0.13,-47.254159955884795,-45.588771688465535,12571.23732684856,,41161,18.654231926862444,289.5494746154487,41233,23.414702295368137,-61.8214529808464,1490.0,14.9,67.11409395973155,1488.0,14.88,0.32,"[{'halfHeight': 10, 'risingPnt': np.int64(41130), 'fallingPnt': np.int64(41357), 'widthPnts': np.int64(227), 'widthMs': np.float64(2.27)}, {'halfHeight': 20, 'risingPnt': np.int64(41140), 'fallingPnt': np.int64(41334), 'widthPnts': np.int64(194), 'widthMs': np.float64(1.94)}, {'halfHeight': 50, 'risingPnt': np.int64(41155), 'fallingPnt': np.int64(41276), 'widthPnts': np.int64(121), 'widthMs': np.float64(1.21)}, {'halfHeight': 80, 'risingPnt': np.int64(41165), 'fallingPnt': np.int64(41225), 'widthPnts': np.int64(60), 'widthMs': np.float64(0.6)}, {'halfHeight': 90, 'risingPnt': np.int64(41169), 'fallingPnt': np.int64(41206), 'widthPnts': np.int64(37), 'widthMs': np.float64(0.37)}]",2.27,1.94,1.21,0.6,0.37,yes,,,,,,unknown,,,
164,stochastic-hh.sanpy,9,2,7.0,,dvdt,100.0,-40.0,0,"[10, 20, 50, 80, 90]",20260928,19:54:54,,,0.2.8.post45,ceeda3d8b38d399aaf1761b27ed8696acdeb9705,True,,164,16,0,[],,42496,0.42496,-41.78217681800485,27.206908557988402,42568,0.42568,45.521355514602114,87.30353233260696,0.7199999999999984,42841,0.42841,-70.0476898579842,42464.0,-47.60755785440354,42467,42480,0.13,-47.14832710361504,-45.21179693281229,14745.18242495671,,42545,14.440064662473254,280.68810984775797,42767,-50.796176980034794,-63.6476274420454,1387.0,13.87,72.09805335255949,1387.0,13.87,0.32,"[{'halfHeight': 10, 'risingPnt': np.int64(42516), 'fallingPnt': np.int64(42736), 'widthPnts': np.int64(220), 'widthMs': np.float64(2.2)}, {'halfHeight': 20, 'risingPnt': np.int64(42526), 'fallingPnt': np.int64(42716), 'widthPnts': np.int64(190), 'widthMs': np.float64(1.9)}, {'halfHeight': 50, 'risingPnt': np.int64(42541), 'fallingPnt': np.int64(42663), 'widthPnts': np.int64(122), 'widthMs': np.float64(1.22)}, {'halfHeight': 80, 'risingPnt': np.int64(42550), 'fallingPnt': np.int64(42614), 'widthPnts': np.int64(64), 'widthMs': np.float64(0.64)}, {'halfHeight': 90, 'risingPnt': np.int64(42554), 'fallingPnt': np.int64(42596), 'widthPnts': np.int64(42), 'widthMs': np.float64(0.42)}]",2.2,1.9,1.22,0.64,0.42,yes,,,,,,unknown,,,
165,stochastic-hh.sanpy,9,2,7.0,,dvdt,100.0,-40.0,0,"[10, 20, 50, 80, 90]",20260928,19:54:54,,,0.2.8.post45,ceeda3d8b38d399aaf1761b27ed8696acdeb9705,True,,165,17,0,[],,43812,0.43812,-41.25008783491823,27.270880132233362,43881,0.43881,43.81571305369237,85.0658008886106,0.6899999999999684,44146,0.44145999999999996,-70.17886980150557,43776.0,-47.60755785440354,43780,43794,0.14,-47.12457042634549,-45.150485194516705,13644.019018872155,,43861,15.151346225978962,281.83814551812713,43936,17.768532960857865,-75.06803883243134,1316.0,13.16,75.98784194528875,1312.0,13.12,0.36,"[{'halfHeight': 10, 'risingPnt': np.int64(43832), 'fallingPnt': np.int64(44041), 'widthPnts': np.int64(209), 'widthMs': np.float64(2.09)}, {'halfHeight': 20, 'risingPnt': np.int64(43842), 'fallingPnt': np.int64(44022), 'widthPnts': np.int64(180), 'widthMs': np.float64(1.8)}, {'halfHeight': 50, 'risingPnt': np.int64(43856), 'fallingPnt': np.int64(43966), 'widthPnts': np.int64(110), 'widthMs': np.float64(1.1)}, {'halfHeight': 80, 'risingPnt': np.int64(43866), 'fallingPnt': np.int64(43922), 'widthPnts': np.int64(56), 'widthMs': np.float64(0.56)}, {'halfHeight': 90, 'risingPnt': np.int64(43870), 'fallingPnt': np.int64(43905), 'widthPnts': np.int64(35), 'widthMs': np.float64(0.35)}]",2.09,1.8,1.1,0.56,0.35,yes,,,,,,unknown,,,
166,stochastic-hh.sanpy,9,2,7.0,,dvdt,100.0,-40.0,0,"[10, 20, 50, 80, 90]",20260928,19:54:54,,,0.2.8.post45,ceeda3d8b38d399aaf1761b27ed8696acdeb9705,True,,166,18,0,[],,45228,0.45227999999999996,-41.67921542689376,28.464825111010207,45295,0.45294999999999996,46.625962854640136,88.3051782815339,0.6700000000000039,45575,0.45575,-70.00379658625755,45200.0,-47.47633893053461,45203,45214,0.11,-47.00657295919461,-45.15343188620332,16664.919515593658,,45276,18.937079898728975,294.3878708088971,45366,14.337041706328177,-66.25422972685676,1416.0,14.16,70.62146892655367,1424.0,14.24,0.28,"[{'halfHeight': 10, 'risingPnt': np.int64(45247), 'fallingPnt': np.int64(45464), 'widthPnts': np.int64(217), 'widthMs': np.float64(2.17)}, {'halfHeight': 20, 'risingPnt': np.int64(45256), 'fallingPnt': np.int64(45445), 'widthPnts': np.int64(189), 'widthMs': np.float64(1.89)}, {'halfHeight': 50, 'risingPnt': np.int64(45271), 'fallingPnt': np.int64(45387), 'widthPnts': np.int64(116), 'widthMs': np.float64(1.16)}, {'halfHeight': 80, 'risingPnt': np.int64(45280), 'fallingPnt': np.int64(45339), 'widthPnts': np.int64(59), 'widthMs': np.float64(0.59)}, {'halfHeight': 90, 'risingPnt': np.int64(45284), 'fallingPnt': np.int64(45322), 'widthPnts': np.int64(38), 'widthMs': np.float64(0.38)}]",2.17,1.89,1.16,0.59,0.38,yes,,,,,,unknown,,,
167,stochastic-hh.sanpy,9,2,7.0,,dvdt,100.0,-40.0,0,"[10, 20, 50, 80, 90]",20260928,19:54:54,,,0.2.8.post45,ceeda3d8b38d399aaf1761b27ed8696acdeb9705,True,,167,19,0,[],,46710,0.4671,-41.90280891782492,26.880101780772016,46783,0.46782999999999997,43.97319819146917,85.8760071092941,0.7299999999999529,47048,0.47048,-70.26071163823852,46671.0,-47.47633893053461,46675,46691,0.16,-47.08225158784076,-45.27554920334942,11240.211650941317,,46761,17.737361996832497,279.6475367145636,46976,-51.27477328355234,-66.2763574096117,1482.0,14.82,67.47638326585695,1471.0,14.71,0.39,"[{'halfHeight': 10, 'risingPnt': np.int64(46731), 'fallingPnt': np.int64(46947), 'widthPnts': np.int64(216), 'widthMs': np.float64(2.16)}, {'halfHeight': 20, 'risingPnt': np.int64(46741), 'fallingPnt': np.int64(46928), 'widthPnts': np.int64(187), 'widthMs': np.float64(1.87)}, {'halfHeight': 50, 'risingPnt': np.int64(46755), 'fallingPnt': np.int64(46875), 'widthPnts': np.int64(120), 'widthMs': np.float64(1.2)}, {'halfHeight': 80, 'risingPnt': np.int64(46765), 'fallingPnt': np.int64(46825), 'widthPnts': np.int64(60), 'widthMs': np.float64(0.6)}, {'halfHeight': 90, 'risingPnt': np.int64(46769), 'fallingPnt': np.int64(46807), 'widthPnts': np.int64(38), 'widthMs': np.float64(0.38)}]",2.16,1.87,1.2,0.6,0.38,yes,,,,,,unknown,,,
168,stochastic-hh.sanpy,9,2,7.0,,dvdt,100.0,-40.0,0,"[10, 20, 50, 80, 90]",20260928,19:54:54,,,0.2.8.post45,ceeda3d8b38d399aaf1761b27ed8696acdeb9705,True,,168,20,0,[],,48068,0.48068,-41.18572841965925,27.504307191127538,48136,0.48136,44.705730843446105,85.89145926310536,0.6800000000000139,48408,0.48408,-70.33261963175832,48033.0,-47.47633893053461,48037,48051,0.14,-46.964873961934046,-44.94630360842046,14466.580367359966,,48115,12.741519987767953,285.63064062828005,48186,23.897572878356257,-64.62284383992018,1358.0,13.58,73.63770250368188,1362.0,13.62,0.35,"[{'halfHeight': 10, 'risingPnt': np.int64(48088), 'fallingPnt': np.int64(48300), 'widthPnts': np.int64(212), 'widthMs': np.float64(2.12)}, {'halfHeight': 20, 'risingPnt': np.int64(48097), 'fallingPnt': np.int64(48282), 'widthPnts': np.int64(185), 'widthMs': np.float64(1.85)}, {'halfHeight': 50, 'risingPnt': np.int64(48111), 'fallingPnt': np.int64(48227), 'widthPnts': np.int64(116), 'widthMs': np.float64(1.16)}, {'halfHeight': 80, 'risingPnt': np.int64(48121), 'fallingPnt': np.int64(48180), 'widthPnts': np.int64(59), 'widthMs': np.float64(0.59)}, {'halfHeight': 90, 'risingPnt': np.int64(48125), 'fallingPnt': np.int64(48162), 'widthPnts': np.int64(37), 'widthMs': np.float64(0.37)}]",2.12,1.85,1.16,0.59,0.37,yes,,,,,,unknown,,,
169,stochastic-hh.sanpy,9,2,7.0,,dvdt,100.0,-40.0,0,"[10, 20, 50, 80, 90]",20260928,19:54:54,,,0.2.8.post45,ceeda3d8b38d399aaf1761b27ed8696acdeb9705,True,,169,21,0,[],,49591,0.49591,-41.833980171573145,27.47256129591677,49660,0.49660000000000004,45.04831383860262,86.88229401017577,0.6900000000000239,49938,0.49938,-70.1625450589193,49561.0,-46.672803025820706,49564,49576,0.12,-46.284174888271885,-44.81085239725077,12168.246677431984,,49639,13.2582061265009,282.7004244569454,49857,-45.66305917314896,-64.23577491931653,1523.0,15.23,65.65988181221273,1528.0,15.28,0.3,"[{'halfHeight': 10, 'risingPnt': np.int64(49611), 'fallingPnt': np.int64(49832), 'widthPnts': np.int64(221), 'widthMs': np.float64(2.21)}, {'halfHeight': 20, 'risingPnt': np.int64(49620), 'fallingPnt': np.int64(49812), 'widthPnts': np.int64(192), 'widthMs': np.float64(1.92)}, {'halfHeight': 50, 'risingPnt': np.int64(49635), 'fallingPnt': np.int64(49753), 'widthPnts': np.int64(118), 'widthMs': np.float64(1.18)}, {'halfHeight': 80, 'risingPnt': np.int64(49645), 'fallingPnt': np.int64(49704), 'widthPnts': np.int64(59), 'widthMs': np.float64(0.59)}, {'halfHeight': 90, 'risingPnt': np.int64(49649), 'fallingPnt': np.int64(49685), 'widthPnts': np.int64(36), 'widthMs': np.float64(0.36)}]",2.21,1.92,1.18,0.59,0.36,yes,,,,,,unknown,,,
170,stochastic-hh.sanpy,9,2,7.0,,dvdt,100.0,-40.0,0,"[10, 20, 50, 80, 90]",20260928,19:54:54,,,0.2.8.post45,ceeda3d8b38d399aaf1761b27ed8696acdeb9705,True,,170,22,0,[],,50956,0.50956,-42.23828185871925,28.325937258948798,51026,0.5102599999999999,46.77933141933517,89.01761327805443,0.6999999999999229,51302,0.51302,-70.11992916125388,50934.0,-46.672803025820706,50936,50945,0.09,-46.3655491378793,-44.782080212767035,17224.495860940537,,51006,17.124852200861998,292.4177813863282,51109,7.900682182929066,-66.95467635813355,1365.0,13.65,73.26007326007326,1373.0,13.73,0.22,"[{'halfHeight': 10, 'risingPnt': np.int64(50976), 'fallingPnt': np.int64(51197), 'widthPnts': np.int64(221), 'widthMs': np.float64(2.21)}, {'halfHeight': 20, 'risingPnt': np.int64(50986), 'fallingPnt': np.int64(51176), 'widthPnts': np.int64(190), 'widthMs': np.float64(1.9)}, {'halfHeight': 50, 'risingPnt': np.int64(51001), 'fallingPnt': np.int64(51119), 'widthPnts': np.int64(118), 'widthMs': np.float64(1.18)}, {'halfHeight': 80, 'risingPnt': np.int64(51011), 'fallingPnt': np.int64(51072), 'widthPnts': np.int64(61), 'widthMs': np.float64(0.61)}, {'halfHeight': 90, 'risingPnt': np.int64(51015), 'fallingPnt': np.int64(51054), 'widthPnts': np.int64(39), 'widthMs': np.float64(0.39)}]",2.21,1.9,1.18,0.61,0.39,yes,,,,,,unknown,,,
171,stochastic-hh.sanpy,9,2,7.0,,dvdt,100.0,-40.0,0,"[10, 20, 50, 80, 90]",20260928,19:54:54,,,0.2.8.post45,ceeda3d8b38d399aaf1761b27ed8696acdeb9705,True,,171,23,0,[],,52410,0.5241,-41.98239550610359,29.31703011248307,52478,0.52478,46.35910860618063,88.34150411228421,0.6800000000000139,52755,0.52755,-70.31780447968251,52389.0,-46.672803025820706,52391,52399,0.08,-46.21316623513957,-44.6976133344689,18760.568088093147,,52458,17.613400692344907,305.4394068368949,52677,-45.194855060078126,-65.23709246738795,1454.0,14.54,68.7757909215956,1455.0,14.55,0.21,"[{'halfHeight': 10, 'risingPnt': np.int64(52429), 'fallingPnt': np.int64(52655), 'widthPnts': np.int64(226), 'widthMs': np.float64(2.26)}, {'halfHeight': 20, 'risingPnt': np.int64(52439), 'fallingPnt': np.int64(52638), 'widthPnts': np.int64(199), 'widthMs': np.float64(1.99)}, {'halfHeight': 50, 'risingPnt': np.int64(52453), 'fallingPnt': np.int64(52576), 'widthPnts': np.int64(123), 'widthMs': np.float64(1.23)}, {'halfHeight': 80, 'risingPnt': np.int64(52462), 'fallingPnt': np.int64(52523), 'widthPnts': np.int64(61), 'widthMs': np.float64(0.61)}, {'halfHeight': 90, 'risingPnt': np.int64(52466), 'fallingPnt': np.int64(52507), 'widthPnts': np.int64(41), 'widthMs': np.float64(0.41)}]",2.26,1.99,1.23,0.61,0.41,yes,,,,,,unknown,,,
172,stochastic-hh.sanpy,9,2,7.0,,dvdt,100.0,-40.0,0,"[10, 20, 50, 80, 90]",20260928,19:54:54,,,0.2.8.post45,ceeda3d8b38d399aaf1761b27ed8696acdeb9705,True,,172,24,0,[],,53995,0.53995,-41.11052837442721,27.839314080568528,54063,0.5406299999999999,43.04337416627869,84.1539025407059,0.6799999999999029,54342,0.54342,-70.29094279687581,53963.0,-46.672803025820706,53966,53979,0.13,-46.33033296268881,-44.4845110736639,14218.444051903265,,54041,9.327190333408483,279.4853932017293,54262,-51.02542952480087,-66.56176816289219,1585.0,15.85,63.09148264984227,1574.0,15.74,0.32,"[{'halfHeight': 10, 'risingPnt': np.int64(54015), 'fallingPnt': np.int64(54229), 'widthPnts': np.int64(214), 'widthMs': np.float64(2.14)}, {'halfHeight': 20, 'risingPnt': np.int64(54024), 'fallingPnt': np.int64(54210), 'widthPnts': np.int64(186), 'widthMs': np.float64(1.86)}, {'halfHeight': 50, 'risingPnt': np.int64(54038), 'fallingPnt': np.int64(54155), 'widthPnts': np.int64(117), 'widthMs': np.float64(1.17)}, {'halfHeight': 80, 'risingPnt': np.int64(54048), 'fallingPnt': np.int64(54110), 'widthPnts': np.int64(62), 'widthMs': np.float64(0.62)}, {'halfHeight': 90, 'risingPnt': np.int64(54052), 'fallingPnt': np.int64(54093), 'widthPnts': np.int64(41), 'widthMs': np.float64(0.41)}]",2.14,1.86,1.17,0.62,0.41,yes,,,,,,unknown,,,
173,stochastic-hh.sanpy,9,2,7.0,,dvdt,100.0,-40.0,0,"[10, 20, 50, 80, 90]",20260928,19:54:54,,,0.2.8.post45,ceeda3d8b38d399aaf1761b27ed8696acdeb9705,True,,173,25,0,[],,55380,0.5538,-41.87202298992037,27.79033835717583,55452,0.55452,44.35376767912161,86.22579066904197,0.7200000000000539,55734,0.5573400000000001,-70.13032694826592,55360.0,-46.672803025820706,55362,55370,0.08,-46.22515221025028,-44.49515497923093,21264.04369870835,,55430,12.537931499622864,281.2059126898742,55533,7.571564419039273,-65.6465323941681,1385.0,13.85,72.20216606498195,1397.0,13.97,0.2,"[{'halfHeight': 10, 'risingPnt': np.int64(55402), 'fallingPnt': np.int64(55620), 'widthPnts': np.int64(218), 'widthMs': np.float64(2.18)}, {'halfHeight': 20, 'risingPnt': np.int64(55412), 'fallingPnt': np.int64(55602), 'widthPnts': np.int64(190), 'widthMs': np.float64(1.9)}, {'halfHeight': 50, 'risingPnt': np.int64(55426), 'fallingPnt': np.int64(55545), 'widthPnts': np.int64(119), 'widthMs': np.float64(1.19)}, {'halfHeight': 80, 'risingPnt': np.int64(55436), 'fallingPnt': np.int64(55498), 'widthPnts': np.int64(62), 'widthMs': np.float64(0.62)}, {'halfHeight': 90, 'risingPnt': np.int64(55440), 'fallingPnt': np.int64(55479), 'widthPnts': np.int64(39), 'widthMs': np.float64(0.39)}]",2.18,1.9,1.19,0.62,0.39,yes,,,,,,unknown,,,
174,stochastic-hh.sanpy,9,2,7.0,,dvdt,100.0,-40.0,0,"[10, 20, 50, 80, 90]",20260928,19:54:54,,,0.2.8.post45,ceeda3d8b38d399aaf1761b27ed8696acdeb9705,True,,174,26,0,[],,57028,0.57028,-40.31695949612411,26.72971978830228,57094,0.57094,42.883421431415044,83.20038092753916,0.6599999999999939,57364,0.57364,-70.14099212004577,56993.0,-46.672803025820706,56997,57011,0.14,-46.17499593244725,-44.24835558712803,13516.221942751425,,57074,16.100079740064533,276.5539246684337,57291,-53.421451536050405,-66.27980291574085,1648.0,16.48,60.679611650485434,1633.0,16.33,0.35,"[{'halfHeight': 10, 'risingPnt': np.int64(57047), 'fallingPnt': np.int64(57254), 'widthPnts': np.int64(207), 'widthMs': np.float64(2.07)}, {'halfHeight': 20, 'risingPnt': np.int64(57055), 'fallingPnt': np.int64(57238), 'widthPnts': np.int64(183), 'widthMs': np.float64(1.83)}, {'halfHeight': 50, 'risingPnt': np.int64(57069), 'fallingPnt': np.int64(57185), 'widthPnts': np.int64(116), 'widthMs': np.float64(1.16)}, {'halfHeight': 80, 'risingPnt': np.int64(57078), 'fallingPnt': np.int64(57136), 'widthPnts': np.int64(58), 'widthMs': np.float64(0.58)}, {'halfHeight': 90, 'risingPnt': np.int64(57082), 'fallingPnt': np.int64(57119), 'widthPnts': np.int64(37), 'widthMs': np.float64(0.37)}]",2.07,1.83,1.16,0.58,0.37,yes,,,,,,unknown,,,
175,stochastic-hh.sanpy,9,2,7.0,,dvdt,100.0,-40.0,0,"[10, 20, 50, 80, 90]",20260928,19:54:54,,,0.2.8.post45,ceeda3d8b38d399aaf1761b27ed8696acdeb9705,True,,175,27,0,[],,58698,0.5869800000000001,-41.77702185882372,26.09788782008754,58768,0.58768,41.58984121437287,83.36686307319658,0.6999999999999229,59043,0.5904299999999999,-70.16252433591951,58667.0,-46.672803025820706,58670,58683,0.13,-46.306249741850515,-44.68523660200018,12169.661195558863,,58748,11.694977893673158,266.17033140944216,58815,22.02290745501573,-63.37355529994289,1670.0,16.7,59.880239520958085,1674.0,16.74,0.31,"[{'halfHeight': 10, 'risingPnt': np.int64(58718), 'fallingPnt': np.int64(58937), 'widthPnts': np.int64(219), 'widthMs': np.float64(2.19)}, {'halfHeight': 20, 'risingPnt': np.int64(58729), 'fallingPnt': np.int64(58918), 'widthPnts': np.int64(189), 'widthMs': np.float64(1.89)}, {'halfHeight': 50, 'risingPnt': np.int64(58744), 'fallingPnt': np.int64(58861), 'widthPnts': np.int64(117), 'widthMs': np.float64(1.17)}, {'halfHeight': 80, 'risingPnt': np.int64(58754), 'fallingPnt': np.int64(58811), 'widthPnts': np.int64(57), 'widthMs': np.float64(0.57)}, {'halfHeight': 90, 'risingPnt': np.int64(58757), 'fallingPnt': np.int64(58795), 'widthPnts': np.int64(38), 'widthMs': np.float64(0.38)}]",2.19,1.89,1.17,0.57,0.38,yes,,,,,,unknown,,,
176,stochastic-hh.sanpy,9,2,7.0,,dvdt,100.0,-40.0,0,"[10, 20, 50, 80, 90]",20260928,19:54:54,,,0.2.8.post45,ceeda3d8b38d399aaf1761b27ed8696acdeb9705,True,,176,28,0,[],,60195,0.6019500000000001,-40.87604718545614,27.782634966729354,60262,0.60262,45.196432530543944,86.07247971600009,0.6699999999999484,60530,0.6053,-70.2147751399342,60166.0,-46.672803025820706,60169,60180,0.11,-46.248439580741476,-44.37772901601196,16954.268969318586,,60240,12.358272725104746,286.7663051470417,60318,19.497606818185677,-69.28602870380652,1497.0,14.97,66.8002672010688,1499.0,14.99,0.29,"[{'halfHeight': 10, 'risingPnt': np.int64(60214), 'fallingPnt': np.int64(60419), 'widthPnts': np.int64(205), 'widthMs': np.float64(2.05)}, {'halfHeight': 20, 'risingPnt': np.int64(60223), 'fallingPnt': np.int64(60401), 'widthPnts': np.int64(178), 'widthMs': np.float64(1.78)}, {'halfHeight': 50, 'risingPnt': np.int64(60237), 'fallingPnt': np.int64(60347), 'widthPnts': np.int64(110), 'widthMs': np.float64(1.1)}, {'halfHeight': 80, 'risingPnt': np.int64(60246), 'fallingPnt': np.int64(60305), 'widthPnts': np.int64(59), 'widthMs': np.float64(0.59)}, {'halfHeight': 90, 'risingPnt': np.int64(60250), 'fallingPnt': np.int64(60286), 'widthPnts': np.int64(36), 'widthMs': np.float64(0.36)}]",2.05,1.78,1.1,0.59,0.36,yes,,,,,,unknown,,,
177,stochastic-hh.sanpy,9,2,7.0,,dvdt,100.0,-40.0,0,"[10, 20, 50, 80, 90]",20260928,19:54:54,,,0.2.8.post45,ceeda3d8b38d399aaf1761b27ed8696acdeb9705,True,,177,29,0,[],,61754,0.61754,-42.16217096063158,29.151842058650935,61824,0.61824,44.65684455910529,86.81901551973687,0.7000000000000339,62096,0.6209600000000001,-70.37848119803,61731.0,-46.672803025820706,61733,61743,0.1,-46.32391402360334,-44.64089078338754,16661.44995901395,,61802,13.572625429264095,297.89303460065696,62023,-49.581263002167766,-69.32228977379356,1559.0,15.59,64.14368184733804,1565.0,15.65,0.23,"[{'halfHeight': 10, 'risingPnt': np.int64(61774), 'fallingPnt': np.int64(61994), 'widthPnts': np.int64(220), 'widthMs': np.float64(2.2)}, {'halfHeight': 20, 'risingPnt': np.int64(61784), 'fallingPnt': np.int64(61973), 'widthPnts': np.int64(189), 'widthMs': np.float64(1.89)}, {'halfHeight': 50, 'risingPnt': np.int64(61798), 'fallingPnt': np.int64(61921), 'widthPnts': np.int64(123), 'widthMs': np.float64(1.23)}, {'halfHeight': 80, 'risingPnt': np.int64(61807), 'fallingPnt': np.int64(61870), 'widthPnts': np.int64(63), 'widthMs': np.float64(0.63)}, {'halfHeight': 90, 'risingPnt': np.int64(61811), 'fallingPnt': np.int64(61851), 'widthPnts': np.int64(40), 'widthMs': np.float64(0.4)}]",2.2,1.89,1.23,0.63,0.4,yes,,,,,,unknown,,,
178,stochastic-hh.sanpy,9,2,7.0,,dvdt,100.0,-40.0,0,"[10, 20, 50, 80, 90]",20260928,19:54:54,,,0.2.8.post45,ceeda3d8b38d399aaf1761b27ed8696acdeb9705,True,,178,30,0,[],,63184,0.6318400000000001,-40.896188002103955,28.817209605935435,63249,0.63249,47.07978025685301,87.97596825895697,0.6499999999999284,63526,0.6352599999999999,-70.19853898880109,63162.0,-45.87473064154014,63164,63173,0.09,-45.54680487913288,-43.73889579756819,20004.193677248353,,63229,17.26583121110198,294.6277179110092,63351,-0.4262595828233202,-62.62470366907495,1430.0,14.3,69.93006993006993,1431.0,14.31,0.22,"[{'halfHeight': 10, 'risingPnt': np.int64(63202), 'fallingPnt': np.int64(63425), 'widthPnts': np.int64(223), 'widthMs': np.float64(2.23)}, {'halfHeight': 20, 'risingPnt': np.int64(63211), 'fallingPnt': np.int64(63406), 'widthPnts': np.int64(195), 'widthMs': np.float64(1.95)}, {'halfHeight': 50, 'risingPnt': np.int64(63224), 'fallingPnt': np.int64(63345), 'widthPnts': np.int64(121), 'widthMs': np.float64(1.21)}, {'halfHeight': 80, 'risingPnt': np.int64(63234), 'fallingPnt': np.int64(63293), 'widthPnts': np.int64(59), 'widthMs': np.float64(0.59)}, {'halfHeight': 90, 'risingPnt': np.int64(63238), 'fallingPnt': np.int64(63275), 'widthPnts': np.int64(37), 'widthMs': np.float64(0.37)}]",2.23,1.95,1.21,0.59,0.37,yes,,,,,,unknown,,,
179,stochastic-hh.sanpy,9,2,7.0,,dvdt,100.0,-40.0,0,"[10, 20, 50, 80, 90]",20260928,19:54:54,,,0.2.8.post45,ceeda3d8b38d399aaf1761b27ed8696acdeb9705,True,,179,31,0,[],,64458,0.64458,-41.68156508514722,29.381301253104457,64526,0.64526,48.190225476258526,89.87179056140575,0.6799999999999029,64819,0.64819,-70.14421943383938,64440.0,-45.87473064154014,64442,64449,0.07,-45.28390388516601,-43.84192889620457,20580.676583044522,,64506,18.042070044767662,313.0691483288,64580,26.061430603621837,-64.43455517236806,1274.0,12.74,78.49293563579278,1278.0,12.78,0.18,"[{'halfHeight': 10, 'risingPnt': np.int64(64478), 'fallingPnt': np.int64(64711), 'widthPnts': np.int64(233), 'widthMs': np.float64(2.33)}, {'halfHeight': 20, 'risingPnt': np.int64(64488), 'fallingPnt': np.int64(64690), 'widthPnts': np.int64(202), 'widthMs': np.float64(2.02)}, {'halfHeight': 50, 'risingPnt': np.int64(64501), 'fallingPnt': np.int64(64625), 'widthPnts': np.int64(124), 'widthMs': np.float64(1.24)}, {'halfHeight': 80, 'risingPnt': np.int64(64511), 'fallingPnt': np.int64(64572), 'widthPnts': np.int64(61), 'widthMs': np.float64(0.61)}, {'halfHeight': 90, 'risingPnt': np.int64(64515), 'fallingPnt': np.int64(64551), 'widthPnts': np.int64(36), 'widthMs': np.float64(0.36)}]",2.33,2.02,1.24,0.61,0.36,yes,,,,,,unknown,,,
180,stochastic-hh.sanpy,9,2,7.0,,dvdt,100.0,-40.0,0,"[10, 20, 50, 80, 90]",20260928,19:54:54,,,0.2.8.post45,ceeda3d8b38d399aaf1761b27ed8696acdeb9705,True,,180,32,0,[],,65772,0.6577200000000001,-42.43009587612148,29.384429661875828,65839,0.65839,47.557576609376206,89.98767248549768,0.6699999999999484,66131,0.66131,-70.08653051250135,65758.0,-45.87473064154014,65759,65765,0.06,-45.540426411580896,-44.24060399472689,21256.833237754043,,65821,20.43511489144661,307.40083425005656,65877,33.554923533448914,-66.723191779851,1314.0,13.14,76.10350076103501,1318.0,13.18,0.14,"[{'halfHeight': 10, 'risingPnt': np.int64(65791), 'fallingPnt': np.int64(66021), 'widthPnts': np.int64(230), 'widthMs': np.float64(2.3)}, {'halfHeight': 20, 'risingPnt': np.int64(65801), 'fallingPnt': np.int64(65999), 'widthPnts': np.int64(198), 'widthMs': np.float64(1.98)}, {'halfHeight': 50, 'risingPnt': np.int64(65815), 'fallingPnt': np.int64(65937), 'widthPnts': np.int64(122), 'widthMs': np.float64(1.22)}, {'halfHeight': 80, 'risingPnt': np.int64(65825), 'fallingPnt': np.int64(65885), 'widthPnts': np.int64(60), 'widthMs': np.float64(0.6)}, {'halfHeight': 90, 'risingPnt': np.int64(65828), 'fallingPnt': np.int64(65868), 'widthPnts': np.int64(40), 'widthMs': np.float64(0.4)}]",2.3,1.98,1.22,0.6,0.4,yes,,,,,,unknown,,,
181,stochastic-hh.sanpy,9,2,7.0,,dvdt,100.0,-40.0,0,"[10, 20, 50, 80, 90]",20260928,19:54:54,,,0.2.8.post45,ceeda3d8b38d399aaf1761b27ed8696acdeb9705,True,,181,33,0,[],,67334,0.67334,-42.105126855652756,28.034491036765953,67407,0.6740700000000001,45.20861501150501,87.31374186715777,0.7300000000000084,67694,0.6769400000000001,-69.98170530202907,67316.0,-45.87473064154014,67318,67325,0.07,-45.4771254020843,-44.24114384427871,17283.24680727169,,67384,14.164964303589596,281.9726371188369,67481,11.49734356293595,-65.04368715285523,1562.0,15.62,64.02048655569783,1558.0,15.58,0.18,"[{'halfHeight': 10, 'risingPnt': np.int64(67354), 'fallingPnt': np.int64(67583), 'widthPnts': np.int64(229), 'widthMs': np.float64(2.29)}, {'halfHeight': 20, 'risingPnt': np.int64(67365), 'fallingPnt': np.int64(67561), 'widthPnts': np.int64(196), 'widthMs': np.float64(1.96)}, {'halfHeight': 50, 'risingPnt': np.int64(67380), 'fallingPnt': np.int64(67502), 'widthPnts': np.int64(122), 'widthMs': np.float64(1.22)}, {'halfHeight': 80, 'risingPnt': np.int64(67389), 'fallingPnt': np.int64(67452), 'widthPnts': np.int64(63), 'widthMs': np.float64(0.63)}, {'halfHeight': 90, 'risingPnt': np.int64(67393), 'fallingPnt': np.int64(67435), 'widthPnts': np.int64(42), 'widthMs': np.float64(0.42)}]",2.29,1.96,1.22,0.63,0.42,yes,,,,,,unknown,,,
182,stochastic-hh.sanpy,9,2,7.0,,dvdt,100.0,-40.0,0,"[10, 20, 50, 80, 90]",20260928,19:54:54,,,0.2.8.post45,ceeda3d8b38d399aaf1761b27ed8696acdeb9705,True,,182,34,0,[],,68788,0.68788,-42.48246362165644,28.446661584752032,68859,0.68859,46.75172790279891,89.23419152445535,0.7099999999999884,69135,0.69135,-70.11484842240814,68774.0,-45.87473064154014,68775,68781,0.06,-45.530180997471085,-44.30604365592806,19974.368391457105,,68839,17.76362864674556,287.5524392311058,68925,14.968985220958666,-69.31303932763326,1454.0,14.54,68.7757909215956,1458.0,14.58,0.14,"[{'halfHeight': 10, 'risingPnt': np.int64(68808), 'fallingPnt': np.int64(69031), 'widthPnts': np.int64(223), 'widthMs': np.float64(2.23)}, {'halfHeight': 20, 'risingPnt': np.int64(68818), 'fallingPnt': np.int64(69010), 'widthPnts': np.int64(192), 'widthMs': np.float64(1.92)}, {'halfHeight': 50, 'risingPnt': np.int64(68834), 'fallingPnt': np.int64(68949), 'widthPnts': np.int64(115), 'widthMs': np.float64(1.15)}, {'halfHeight': 80, 'risingPnt': np.int64(68843), 'fallingPnt': np.int64(68903), 'widthPnts': np.int64(60), 'widthMs': np.float64(0.6)}, {'halfHeight': 90, 'risingPnt': np.int64(68847), 'fallingPnt': np.int64(68885), 'widthPnts': np.int64(38), 'widthMs': np.float64(0.38)}]",2.23,1.92,1.15,0.6,0.38,yes,,,,,,unknown,,,
183,stochastic-hh.sanpy,9,2,7.0,,dvdt,100.0,-40.0,0,"[10, 20, 50, 80, 90]",20260928,19:54:54,,,0.2.8.post45,ceeda3d8b38d399aaf1761b27ed8696acdeb9705,True,,183,35,0,[],,70230,0.7022999999999999,-42.38854532248884,27.715582288399997,70298,0.70298,45.046399560190586,87.43494488267942,0.680000000000125,70580,0.7058,-69.96617032134445,70213.0,-45.87473064154014,70215,70221,0.06,-45.5479621763518,-44.49370836896766,17292.335516951778,,70279,18.12550502853071,290.5376722393733,70337,28.919588546390493,-67.57342022158038,1442.0,14.42,69.34812760055478,1439.0,14.39,0.17,"[{'halfHeight': 10, 'risingPnt': np.int64(70250), 'fallingPnt': np.int64(70469), 'widthPnts': np.int64(219), 'widthMs': np.float64(2.19)}, {'halfHeight': 20, 'risingPnt': np.int64(70259), 'fallingPnt': np.int64(70448), 'widthPnts': np.int64(189), 'widthMs': np.float64(1.89)}, {'halfHeight': 50, 'risingPnt': np.int64(70273), 'fallingPnt': np.int64(70388), 'widthPnts': np.int64(115), 'widthMs': np.float64(1.15)}, {'halfHeight': 80, 'risingPnt': np.int64(70283), 'fallingPnt': np.int64(70340), 'widthPnts': np.int64(57), 'widthMs': np.float64(0.57)}, {'halfHeight': 90, 'risingPnt': np.int64(70287), 'fallingPnt': np.int64(70324), 'widthPnts': np.int64(37), 'widthMs': np.float64(0.37)}]",2.19,1.89,1.15,0.57,0.37,yes,,,,,,unknown,,,
184,stochastic-hh.sanpy,9,2,7.0,,dvdt,100.0,-40.0,0,"[10, 20, 50, 80, 90]",20260928,19:54:54,,,0.2.8.post45,ceeda3d8b38d399aaf1761b27ed8696acdeb9705,True,,184,36,0,[],,71749,0.71749,-41.20583864048645,29.772501791131585,71816,0.71816,45.263212655201066,86.4690512956875,0.6700000000000594,72090,0.7209,-70.10919497143675,71728.0,-45.87473064154014,71730,71738,0.08,-45.455658742505776,-43.99111861753183,17815.70751886418,,71795,13.992735975094622,299.24625484023557,72015,-51.034207072973516,-66.77976814867111,1519.0,15.19,65.83278472679395,1515.0,15.15,0.21,"[{'halfHeight': 10, 'risingPnt': np.int64(71769), 'fallingPnt': np.int64(71982), 'widthPnts': np.int64(213), 'widthMs': np.float64(2.13)}, {'halfHeight': 20, 'risingPnt': np.int64(71778), 'fallingPnt': np.int64(71961), 'widthPnts': np.int64(183), 'widthMs': np.float64(1.83)}, {'halfHeight': 50, 'risingPnt': np.int64(71791), 'fallingPnt': np.int64(71911), 'widthPnts': np.int64(120), 'widthMs': np.float64(1.2)}, {'halfHeight': 80, 'risingPnt': np.int64(71800), 'fallingPnt': np.int64(71861), 'widthPnts': np.int64(61), 'widthMs': np.float64(0.61)}, {'halfHeight': 90, 'risingPnt': np.int64(71804), 'fallingPnt': np.int64(71842), 'widthPnts': np.int64(38), 'widthMs': np.float64(0.38)}]",2.13,1.83,1.2,0.61,0.38,yes,,,,,,unknown,,,
185,stochastic-hh.sanpy,9,2,7.0,,dvdt,100.0,-40.0,0,"[10, 20, 50, 80, 90]",20260928,19:54:54,,,0.2.8.post45,ceeda3d8b38d399aaf1761b27ed8696acdeb9705,True,,185,37,0,[],,73284,0.73284,-42.02092362855742,26.06336140132497,73358,0.73358,44.416470541979,86.43739417053642,0.7399999999999629,73627,0.73627,-70.0184963784922,73262.0,-45.87473064154014,73264,73273,0.09,-45.55794652306918,-44.228444605175916,14777.07254195798,,73337,19.77029924696116,269.9595540481036,73555,-51.66319405464552,-67.15393044606404,1535.0,15.35,65.14657980456026,1534.0,15.34,0.22,"[{'halfHeight': 10, 'risingPnt': np.int64(73305), 'fallingPnt': np.int64(73520), 'widthPnts': np.int64(215), 'widthMs': np.float64(2.15)}, {'halfHeight': 20, 'risingPnt': np.int64(73315), 'fallingPnt': np.int64(73502), 'widthPnts': np.int64(187), 'widthMs': np.float64(1.87)}, {'halfHeight': 50, 'risingPnt': np.int64(73330), 'fallingPnt': np.int64(73450), 'widthPnts': np.int64(120), 'widthMs': np.float64(1.2)}, {'halfHeight': 80, 'risingPnt': np.int64(73340), 'fallingPnt': np.int64(73401), 'widthPnts': np.int64(61), 'widthMs': np.float64(0.61)}, {'halfHeight': 90, 'risingPnt': np.int64(73344), 'fallingPnt': np.int64(73383), 'widthPnts': np.int64(39), 'widthMs': np.float64(0.39)}]",2.15,1.87,1.2,0.61,0.39,yes,,,,,,unknown,,,
186,stochastic-hh.sanpy,9,2,7.0,,dvdt,100.0,-40.0,0,"[10, 20, 50, 80, 90]",20260928,19:54:54,,,0.2.8.post45,ceeda3d8b38d399aaf1761b27ed8696acdeb9705,True,,186,38,0,[],,74727,0.74727,-41.536585786355246,27.023510542229452,74796,0.7479600000000001,43.74929581602569,85.28588160238094,0.6900000000000794,75085,0.75085,-70.97021300987082,74705.0,-45.87473064154014,74707,74716,0.09,-45.50733220005259,-43.95109741855241,17376.399315687297,,74775,13.457520922977126,275.0685916303725,74926,-16.6978981815701,-63.49216925050184,1443.0,14.43,69.3000693000693,1443.0,14.43,0.22,"[{'halfHeight': 10, 'risingPnt': np.int64(74746), 'fallingPnt': np.int64(74965), 'widthPnts': np.int64(219), 'widthMs': np.float64(2.19)}, {'halfHeight': 20, 'risingPnt': np.int64(74756), 'fallingPnt': np.int64(74941), 'widthPnts': np.int64(185), 'widthMs': np.float64(1.85)}, {'halfHeight': 50, 'risingPnt': np.int64(74771), 'fallingPnt': np.int64(74889), 'widthPnts': np.int64(118), 'widthMs': np.float64(1.18)}, {'halfHeight': 80, 'risingPnt': np.int64(74780), 'fallingPnt': np.int64(74840), 'widthPnts': np.int64(60), 'widthMs': np.float64(0.6)}, {'halfHeight': 90, 'risingPnt': np.int64(74784), 'fallingPnt': np.int64(74822), 'widthPnts': np.int64(38), 'widthMs': np.float64(0.38)}]",2.19,1.85,1.18,0.6,0.38,yes,,,,,,unknown,,,
187,stochastic-hh.sanpy,9,3,0.0,,dvdt,100.0,-40.0,0,"[10, 20, 50, 80, 90]",20260928,19:54:54,,,0.2.8.post45,ceeda3d8b38d399aaf1761b27ed8696acdeb9705,True,,187,39,0,[],,98135,0.9813500000000001,-41.59750321897556,33.714361304631446,98196,0.98196,49.95881740573483,91.5563206247104,0.6099999999999994,98487,0.98487,-71.092356552502,98082.0,-50.188386004743414,98087,98108,0.21,-49.73855964579211,-47.44985558826275,10482.506237662099,,98179,21.95906198367838,343.01450419732873,98321,-8.118960361197125,-66.21823111530038,23408.0,234.08,4.272043745727956,23377.0,233.77,0.53,"[{'halfHeight': 10, 'risingPnt': np.int64(98152), 'fallingPnt': np.int64(98373), 'widthPnts': np.int64(221), 'widthMs': np.float64(2.21)}, {'halfHeight': 20, 'risingPnt': np.int64(98161), 'fallingPnt': np.int64(98354), 'widthPnts': np.int64(193), 'widthMs': np.float64(1.93)}, {'halfHeight': 50, 'risingPnt': np.int64(98174), 'fallingPnt': np.int64(98299), 'widthPnts': np.int64(125), 'widthMs': np.float64(1.25)}, {'halfHeight': 80, 'risingPnt': np.int64(98182), 'fallingPnt': np.int64(98247), 'widthPnts': np.int64(65), 'widthMs': np.float64(0.65)}, {'halfHeight': 90, 'risingPnt': np.int64(98186), 'fallingPnt': np.int64(98231), 'widthPnts': np.int64(45), 'widthMs': np.float64(0.45)}]",2.21,1.93,1.25,0.65,0.45,yes,,,,,,unknown,,,
188,stochastic-hh.sanpy,10,1,0.0,,dvdt,100.0,-40.0,0,"[10, 20, 50, 80, 90]",20260928,19:54:54,,,0.2.8.post45,ceeda3d8b38d399aaf1761b27ed8696acdeb9705,True,,188,0,0,"[{'Spike': 0, 'Seconds': np.float64(0.0344), 'Sweep': 10, 'Epoch': 1, 'Type': 'Pre spike min under-run (mdp)', 'Details': 'Went past startPnt 0 searching for pre-spike min'}]",,3438,0.03438,-41.18924393702868,31.672219541791435,3502,0.03502,50.340979173054926,91.5302231100836,0.6400000000000017,3795,0.037950000000000005,-71.02068899832244,1910.0,-61.963417780806125,2063,2674,6.11,-61.05202820072422,-59.23748844721479,387.3955363973843,,3482,21.235049218562413,324.55701377559654,3556,26.73260487533103,-76.08395423495058,,,,,,15.28,"[{'halfHeight': 10, 'risingPnt': np.int64(3455), 'fallingPnt': np.int64(3680), 'widthPnts': np.int64(225), 'widthMs': np.float64(2.25)}, {'halfHeight': 20, 'risingPnt': np.int64(3464), 'fallingPnt': np.int64(3658), 'widthPnts': np.int64(194), 'widthMs': np.float64(1.94)}, {'halfHeight': 50, 'risingPnt': np.int64(3477), 'fallingPnt': np.int64(3595), 'widthPnts': np.int64(118), 'widthMs': np.float64(1.18)}, {'halfHeight': 80, 'risingPnt': np.int64(3486), 'fallingPnt': np.int64(3548), 'widthPnts': np.int64(62), 'widthMs': np.float64(0.62)}, {'halfHeight': 90, 'risingPnt': np.int64(3489), 'fallingPnt': np.int64(3531), 'widthPnts': np.int64(42), 'widthMs': np.float64(0.42)}]",2.25,1.94,1.18,0.62,0.42,yes,,,,,,unknown,,,
189,stochastic-hh.sanpy,10,2,8.0,,dvdt,100.0,-40.0,0,"[10, 20, 50, 80, 90]",20260928,19:54:54,,,0.2.8.post45,ceeda3d8b38d399aaf1761b27ed8696acdeb9705,True,,189,1,0,[],,25143,0.25143,-41.77128216660103,36.04569723520237,25203,0.25203,51.167220387000164,92.9385025536012,0.5999999999999894,25501,0.25501,-70.03494889596155,25110.0,-49.18427509961015,25113,25126,0.13,-48.699746859473365,-46.48317505053567,16537.091278033622,,25185,20.78084965733299,365.9506041948852,25342,-10.702655000049377,-60.48111202011845,21705.0,217.05,4.6072333563695,23200.0,232.0,0.33,"[{'halfHeight': 10, 'risingPnt': np.int64(25160), 'fallingPnt': np.int64(25393), 'widthPnts': np.int64(233), 'widthMs': np.float64(2.33)}, {'halfHeight': 20, 'risingPnt': np.int64(25169), 'fallingPnt': np.int64(25371), 'widthPnts': np.int64(202), 'widthMs': np.float64(2.02)}, {'halfHeight': 50, 'risingPnt': np.int64(25181), 'fallingPnt': np.int64(25312), 'widthPnts': np.int64(131), 'widthMs': np.float64(1.31)}, {'halfHeight': 80, 'risingPnt': np.int64(25189), 'fallingPnt': np.int64(25257), 'widthPnts': np.int64(68), 'widthMs': np.float64(0.68)}, {'halfHeight': 90, 'risingPnt': np.int64(25192), 'fallingPnt': np.int64(25236), 'widthPnts': np.int64(44), 'widthMs': np.float64(0.44)}]",2.33,2.02,1.31,0.68,0.44,yes,,,,,,unknown,,,
190,stochastic-hh.sanpy,10,2,8.0,,dvdt,100.0,-40.0,0,"[10, 20, 50, 80, 90]",20260928,19:54:54,,,0.2.8.post45,ceeda3d8b38d399aaf1761b27ed8696acdeb9705,True,,190,2,0,[],,26589,0.26588999999999996,-40.99120961177513,28.60072384723018,26656,0.26656,45.3351097723089,86.32631938408403,0.6700000000000594,26943,0.26943,-69.95130025069453,26537.0,-49.18427509961015,26542,26563,0.21,-48.824357208129115,-46.51540538918798,10749.347349342845,,26636,15.429800281808749,291.2383777326716,26716,18.924490667333128,-74.32183683225279,1446.0,14.46,69.15629322268326,1427.0,14.27,0.52,"[{'halfHeight': 10, 'risingPnt': np.int64(26608), 'fallingPnt': np.int64(26834), 'widthPnts': np.int64(226), 'widthMs': np.float64(2.26)}, {'halfHeight': 20, 'risingPnt': np.int64(26618), 'fallingPnt': np.int64(26813), 'widthPnts': np.int64(195), 'widthMs': np.float64(1.95)}, {'halfHeight': 50, 'risingPnt': np.int64(26632), 'fallingPnt': np.int64(26750), 'widthPnts': np.int64(118), 'widthMs': np.float64(1.18)}, {'halfHeight': 80, 'risingPnt': np.int64(26641), 'fallingPnt': np.int64(26701), 'widthPnts': np.int64(60), 'widthMs': np.float64(0.6)}, {'halfHeight': 90, 'risingPnt': np.int64(26645), 'fallingPnt': np.int64(26683), 'widthPnts': np.int64(38), 'widthMs': np.float64(0.38)}]",2.26,1.95,1.18,0.6,0.38,yes,,,,,,unknown,,,
191,stochastic-hh.sanpy,10,2,8.0,,dvdt,100.0,-40.0,0,"[10, 20, 50, 80, 90]",20260928,19:54:54,,,0.2.8.post45,ceeda3d8b38d399aaf1761b27ed8696acdeb9705,True,,191,3,0,[],,27859,0.27858999999999995,-41.29546884025458,29.506745865667533,27926,0.27926,46.46513759291003,87.76060643316461,0.6700000000000594,28197,0.28197000000000005,-70.01055540342027,27812.0,-49.18427509961015,27817,27836,0.19,-48.59221599567545,-46.17855885176995,12566.14614726929,,27904,13.41194850448209,304.89558403559676,27957,34.89139964476544,-67.79405757507493,1270.0,12.7,78.74015748031496,1275.0,12.75,0.47,"[{'halfHeight': 10, 'risingPnt': np.int64(27878), 'fallingPnt': np.int64(28089), 'widthPnts': np.int64(211), 'widthMs': np.float64(2.11)}, {'halfHeight': 20, 'risingPnt': np.int64(27887), 'fallingPnt': np.int64(28071), 'widthPnts': np.int64(184), 'widthMs': np.float64(1.84)}, {'halfHeight': 50, 'risingPnt': np.int64(27901), 'fallingPnt': np.int64(28016), 'widthPnts': np.int64(115), 'widthMs': np.float64(1.15)}, {'halfHeight': 80, 'risingPnt': np.int64(27910), 'fallingPnt': np.int64(27968), 'widthPnts': np.int64(58), 'widthMs': np.float64(0.58)}, {'halfHeight': 90, 'risingPnt': np.int64(27914), 'fallingPnt': np.int64(27953), 'widthPnts': np.int64(39), 'widthMs': np.float64(0.39)}]",2.11,1.84,1.15,0.58,0.39,yes,,,,,,unknown,,,
192,stochastic-hh.sanpy,10,2,8.0,,dvdt,100.0,-40.0,0,"[10, 20, 50, 80, 90]",20260928,19:54:54,,,0.2.8.post45,ceeda3d8b38d399aaf1761b27ed8696acdeb9705,True,,192,4,0,[],,29248,0.29248,-40.29046548414339,28.608772645039355,29311,0.29311000000000004,44.66221354713444,84.95267903127782,0.6300000000000194,29594,0.29594,-69.82734501601354,29217.0,-46.85838293980097,29220,29233,0.13,-46.354907232620896,-44.04391539349476,17533.30043245972,,29293,16.929308920451003,287.89567375656475,29380,14.672222888175368,-66.72790199076061,1389.0,13.89,71.99424046076314,1405.0,14.05,0.31,"[{'halfHeight': 10, 'risingPnt': np.int64(29267), 'fallingPnt': np.int64(29482), 'widthPnts': np.int64(215), 'widthMs': np.float64(2.15)}, {'halfHeight': 20, 'risingPnt': np.int64(29275), 'fallingPnt': np.int64(29463), 'widthPnts': np.int64(188), 'widthMs': np.float64(1.88)}, {'halfHeight': 50, 'risingPnt': np.int64(29288), 'fallingPnt': np.int64(29405), 'widthPnts': np.int64(117), 'widthMs': np.float64(1.17)}, {'halfHeight': 80, 'risingPnt': np.int64(29297), 'fallingPnt': np.int64(29356), 'widthPnts': np.int64(59), 'widthMs': np.float64(0.59)}, {'halfHeight': 90, 'risingPnt': np.int64(29301), 'fallingPnt': np.int64(29338), 'widthPnts': np.int64(37), 'widthMs': np.float64(0.37)}]",2.15,1.88,1.17,0.59,0.37,yes,,,,,,unknown,,,
193,stochastic-hh.sanpy,10,2,8.0,,dvdt,100.0,-40.0,0,"[10, 20, 50, 80, 90]",20260928,19:54:54,,,0.2.8.post45,ceeda3d8b38d399aaf1761b27ed8696acdeb9705,True,,193,5,0,[],,30732,0.30732,-42.456975670562706,25.71540901631706,30807,0.30807,43.340936046675054,85.79791171723775,0.7500000000000284,31078,0.31077999999999995,-70.02851374199867,30705.0,-46.85838293980097,30708,30719,0.11,-46.44421778587015,-44.949373636491494,13638.090273768174,,30786,16.39795099813922,266.4296524463013,30849,26.64333770064703,-72.40301095294059,1484.0,14.84,67.38544474393531,1488.0,14.88,0.27,"[{'halfHeight': 10, 'risingPnt': np.int64(30753), 'fallingPnt': np.int64(30971), 'widthPnts': np.int64(218), 'widthMs': np.float64(2.18)}, {'halfHeight': 20, 'risingPnt': np.int64(30765), 'fallingPnt': np.int64(30954), 'widthPnts': np.int64(189), 'widthMs': np.float64(1.89)}, {'halfHeight': 50, 'risingPnt': np.int64(30780), 'fallingPnt': np.int64(30899), 'widthPnts': np.int64(119), 'widthMs': np.float64(1.19)}, {'halfHeight': 80, 'risingPnt': np.int64(30790), 'fallingPnt': np.int64(30850), 'widthPnts': np.int64(60), 'widthMs': np.float64(0.6)}, {'halfHeight': 90, 'risingPnt': np.int64(30794), 'fallingPnt': np.int64(30834), 'widthPnts': np.int64(40), 'widthMs': np.float64(0.4)}]",2.18,1.89,1.19,0.6,0.4,yes,,,,,,unknown,,,
194,stochastic-hh.sanpy,10,2,8.0,,dvdt,100.0,-40.0,0,"[10, 20, 50, 80, 90]",20260928,19:54:54,,,0.2.8.post45,ceeda3d8b38d399aaf1761b27ed8696acdeb9705,True,,194,6,0,[],,32161,0.32161,-41.27498235504005,27.384350849637062,32229,0.32229,43.54105037448141,84.81603272952145,0.6800000000000139,32494,0.32494,-70.16751066335658,32132.0,-46.85838293980097,32135,32146,0.11,-46.35797898154879,-44.59590961187394,15792.554220275042,,32211,19.654367599518196,277.688927488257,32274,23.673777081992892,-74.89925401438956,1429.0,14.29,69.97900629811058,1427.0,14.27,0.29,"[{'halfHeight': 10, 'risingPnt': np.int64(32181), 'fallingPnt': np.int64(32392), 'widthPnts': np.int64(211), 'widthMs': np.float64(2.11)}, {'halfHeight': 20, 'risingPnt': np.int64(32190), 'fallingPnt': np.int64(32373), 'widthPnts': np.int64(183), 'widthMs': np.float64(1.83)}, {'halfHeight': 50, 'risingPnt': np.int64(32205), 'fallingPnt': np.int64(32317), 'widthPnts': np.int64(112), 'widthMs': np.float64(1.12)}, {'halfHeight': 80, 'risingPnt': np.int64(32214), 'fallingPnt': np.int64(32270), 'widthPnts': np.int64(56), 'widthMs': np.float64(0.56)}, {'halfHeight': 90, 'risingPnt': np.int64(32218), 'fallingPnt': np.int64(32255), 'widthPnts': np.int64(37), 'widthMs': np.float64(0.37)}]",2.11,1.83,1.12,0.56,0.37,yes,,,,,,unknown,,,
195,stochastic-hh.sanpy,10,2,8.0,,dvdt,100.0,-40.0,0,"[10, 20, 50, 80, 90]",20260928,19:54:54,,,0.2.8.post45,ceeda3d8b38d399aaf1761b27ed8696acdeb9705,True,,195,7,0,[],,33477,0.33476999999999996,-40.57984035654248,29.69249250812411,33544,0.33544,45.901208465651536,86.48104882219403,0.6700000000000594,33816,0.33816,-70.0515519655794,33455.0,-45.774787281422135,33457,33466,0.09,-45.4327311894174,-43.483004532174,21604.03332887531,,33522,14.780230411529047,301.891097479136,33587,27.12162134006094,-67.78639734725424,1316.0,13.16,75.98784194528875,1323.0,13.23,0.22,"[{'halfHeight': 10, 'risingPnt': np.int64(33495), 'fallingPnt': np.int64(33710), 'widthPnts': np.int64(215), 'widthMs': np.float64(2.15)}, {'halfHeight': 20, 'risingPnt': np.int64(33505), 'fallingPnt': np.int64(33689), 'widthPnts': np.int64(184), 'widthMs': np.float64(1.84)}, {'halfHeight': 50, 'risingPnt': np.int64(33518), 'fallingPnt': np.int64(33630), 'widthPnts': np.int64(112), 'widthMs': np.float64(1.12)}, {'halfHeight': 80, 'risingPnt': np.int64(33527), 'fallingPnt': np.int64(33585), 'widthPnts': np.int64(58), 'widthMs': np.float64(0.58)}, {'halfHeight': 90, 'risingPnt': np.int64(33531), 'fallingPnt': np.int64(33569), 'widthPnts': np.int64(38), 'widthMs': np.float64(0.38)}]",2.15,1.84,1.12,0.58,0.38,yes,,,,,,unknown,,,
196,stochastic-hh.sanpy,10,2,8.0,,dvdt,100.0,-40.0,0,"[10, 20, 50, 80, 90]",20260928,19:54:54,,,0.2.8.post45,ceeda3d8b38d399aaf1761b27ed8696acdeb9705,True,,196,8,0,[],,34803,0.34802999999999995,-42.34761843213499,28.626552439378255,34872,0.34872000000000003,46.98602200396961,89.3336404361046,0.6900000000000794,35152,0.35152,-70.02925639183614,34787.0,-45.774787281422135,34789,34795,0.06,-45.36434936092114,-44.24626946168875,18521.539705174582,,34852,17.78420127428678,296.4758831640837,34935,19.42175584932358,-70.43750384889093,1326.0,13.26,75.41478129713424,1332.0,13.32,0.16,"[{'halfHeight': 10, 'risingPnt': np.int64(34822), 'fallingPnt': np.int64(35046), 'widthPnts': np.int64(224), 'widthMs': np.float64(2.24)}, {'halfHeight': 20, 'risingPnt': np.int64(34832), 'fallingPnt': np.int64(35023), 'widthPnts': np.int64(191), 'widthMs': np.float64(1.91)}, {'halfHeight': 50, 'risingPnt': np.int64(34847), 'fallingPnt': np.int64(34966), 'widthPnts': np.int64(119), 'widthMs': np.float64(1.19)}, {'halfHeight': 80, 'risingPnt': np.int64(34856), 'fallingPnt': np.int64(34916), 'widthPnts': np.int64(60), 'widthMs': np.float64(0.6)}, {'halfHeight': 90, 'risingPnt': np.int64(34860), 'fallingPnt': np.int64(34899), 'widthPnts': np.int64(39), 'widthMs': np.float64(0.39)}]",2.24,1.91,1.19,0.6,0.39,yes,,,,,,unknown,,,
197,stochastic-hh.sanpy,10,2,8.0,,dvdt,100.0,-40.0,0,"[10, 20, 50, 80, 90]",20260928,19:54:54,,,0.2.8.post45,ceeda3d8b38d399aaf1761b27ed8696acdeb9705,True,,197,9,0,[],,36386,0.36386,-41.83265395773537,26.846031036916802,36458,0.36457999999999996,43.458813449067954,85.29146740680332,0.7199999999999429,36723,0.36723,-69.9065903656307,36365.0,-45.774787281422135,36367,36375,0.08,-45.489767865089455,-44.29809775415847,14626.447787540368,,36435,12.239431137676892,270.78476160738904,36529,7.739367855247609,-68.33192931736806,1583.0,15.83,63.171193935565384,1578.0,15.78,0.21,"[{'halfHeight': 10, 'risingPnt': np.int64(36406), 'fallingPnt': np.int64(36616), 'widthPnts': np.int64(210), 'widthMs': np.float64(2.1)}, {'halfHeight': 20, 'risingPnt': np.int64(36416), 'fallingPnt': np.int64(36599), 'widthPnts': np.int64(183), 'widthMs': np.float64(1.83)}, {'halfHeight': 50, 'risingPnt': np.int64(36431), 'fallingPnt': np.int64(36543), 'widthPnts': np.int64(112), 'widthMs': np.float64(1.12)}, {'halfHeight': 80, 'risingPnt': np.int64(36441), 'fallingPnt': np.int64(36498), 'widthPnts': np.int64(57), 'widthMs': np.float64(0.57)}, {'halfHeight': 90, 'risingPnt': np.int64(36445), 'fallingPnt': np.int64(36483), 'widthPnts': np.int64(38), 'widthMs': np.float64(0.38)}]",2.1,1.83,1.12,0.57,0.38,yes,,,,,,unknown,,,
198,stochastic-hh.sanpy,10,2,8.0,,dvdt,100.0,-40.0,0,"[10, 20, 50, 80, 90]",20260928,19:54:54,,,0.2.8.post45,ceeda3d8b38d399aaf1761b27ed8696acdeb9705,True,,198,10,0,[],,37691,0.37691,-41.87802386627615,29.15277512970246,37761,0.37761,47.119582148028364,88.99760601430452,0.6999999999999784,38040,0.38039999999999996,-69.81660973950311,37674.0,-45.774787281422135,37676,37682,0.06,-45.33970794459612,-44.208984798395,18780.446816332274,,37741,18.643615027558795,294.5956497593856,37795,33.71146011554124,-63.96752547670744,1305.0,13.05,76.62835249042145,1309.0,13.09,0.17,"[{'halfHeight': 10, 'risingPnt': np.int64(37711), 'fallingPnt': np.int64(37934), 'widthPnts': np.int64(223), 'widthMs': np.float64(2.23)}, {'halfHeight': 20, 'risingPnt': np.int64(37721), 'fallingPnt': np.int64(37915), 'widthPnts': np.int64(194), 'widthMs': np.float64(1.94)}, {'halfHeight': 50, 'risingPnt': np.int64(37736), 'fallingPnt': np.int64(37856), 'widthPnts': np.int64(120), 'widthMs': np.float64(1.2)}, {'halfHeight': 80, 'risingPnt': np.int64(37745), 'fallingPnt': np.int64(37804), 'widthPnts': np.int64(59), 'widthMs': np.float64(0.59)}, {'halfHeight': 90, 'risingPnt': np.int64(37749), 'fallingPnt': np.int64(37788), 'widthPnts': np.int64(39), 'widthMs': np.float64(0.39)}]",2.23,1.94,1.2,0.59,0.39,yes,,,,,,unknown,,,
199,stochastic-hh.sanpy,10,2,8.0,,dvdt,100.0,-40.0,0,"[10, 20, 50, 80, 90]",20260928,19:54:54,,,0.2.8.post45,ceeda3d8b38d399aaf1761b27ed8696acdeb9705,True,,199,11,0,[],,39462,0.39462,-41.1838449248394,26.405015287659168,39534,0.39533999999999997,43.57399728929053,84.75784221412994,0.7199999999999429,39803,0.39803,-70.17038198155107,39440.0,-45.774787281422135,39442,39451,0.09,-45.399350831992855,-43.75766449545858,18098.25005039157,,39515,20.63415420905923,272.9689230200752,39624,0.9997188265644696,-72.89735309873063,1771.0,17.71,56.46527385657821,1766.0,17.66,0.22,"[{'halfHeight': 10, 'risingPnt': np.int64(39483), 'fallingPnt': np.int64(39697), 'widthPnts': np.int64(214), 'widthMs': np.float64(2.14)}, {'halfHeight': 20, 'risingPnt': np.int64(39494), 'fallingPnt': np.int64(39675), 'widthPnts': np.int64(181), 'widthMs': np.float64(1.81)}, {'halfHeight': 50, 'risingPnt': np.int64(39508), 'fallingPnt': np.int64(39624), 'widthPnts': np.int64(116), 'widthMs': np.float64(1.16)}, {'halfHeight': 80, 'risingPnt': np.int64(39518), 'fallingPnt': np.int64(39577), 'widthPnts': np.int64(59), 'widthMs': np.float64(0.59)}, {'halfHeight': 90, 'risingPnt': np.int64(39522), 'fallingPnt': np.int64(39561), 'widthPnts': np.int64(39), 'widthMs': np.float64(0.39)}]",2.14,1.81,1.16,0.59,0.39,yes,,,,,,unknown,,,
200,stochastic-hh.sanpy,10,2,8.0,,dvdt,100.0,-40.0,0,"[10, 20, 50, 80, 90]",20260928,19:54:54,,,0.2.8.post45,ceeda3d8b38d399aaf1761b27ed8696acdeb9705,True,,200,12,0,[],,40652,0.40652,-41.49327113390473,29.707517131583565,40719,0.40719,46.960733968643005,88.45400510254774,0.6700000000000039,41004,0.41004,-69.86030673497355,40629.0,-46.31067544968879,40631,40641,0.1,-45.93743734560269,-44.19714050098557,17088.828164143768,,40700,19.565243385977215,305.06357176952383,40790,16.488596505284285,-66.86571202059007,1190.0,11.9,84.03361344537815,1189.0,11.89,0.23,"[{'halfHeight': 10, 'risingPnt': np.int64(40671), 'fallingPnt': np.int64(40896), 'widthPnts': np.int64(225), 'widthMs': np.float64(2.25)}, {'halfHeight': 20, 'risingPnt': np.int64(40680), 'fallingPnt': np.int64(40875), 'widthPnts': np.int64(195), 'widthMs': np.float64(1.95)}, {'halfHeight': 50, 'risingPnt': np.int64(40695), 'fallingPnt': np.int64(40815), 'widthPnts': np.int64(120), 'widthMs': np.float64(1.2)}, {'halfHeight': 80, 'risingPnt': np.int64(40704), 'fallingPnt': np.int64(40767), 'widthPnts': np.int64(63), 'widthMs': np.float64(0.63)}, {'halfHeight': 90, 'risingPnt': np.int64(40708), 'fallingPnt': np.int64(40748), 'widthPnts': np.int64(40), 'widthMs': np.float64(0.4)}]",2.25,1.95,1.2,0.63,0.4,yes,,,,,,unknown,,,
201,stochastic-hh.sanpy,10,2,8.0,,dvdt,100.0,-40.0,0,"[10, 20, 50, 80, 90]",20260928,19:54:54,,,0.2.8.post45,ceeda3d8b38d399aaf1761b27ed8696acdeb9705,True,,201,13,0,[],,41939,0.41939,-41.23648595706105,29.770421316125805,42007,0.42007,46.93782426198678,88.17431021904784,0.6800000000000139,42296,0.42296,-69.8674737454331,41916.0,-46.31067544968879,41918,41928,0.1,-45.94147877256357,-43.99769166943431,19031.225126227946,,41987,18.940983841211608,301.5539299920419,42083,12.479441729410636,-64.54050520681058,1287.0,12.87,77.7000777000777,1287.0,12.87,0.23,"[{'halfHeight': 10, 'risingPnt': np.int64(41958), 'fallingPnt': np.int64(42181), 'widthPnts': np.int64(223), 'widthMs': np.float64(2.23)}, {'halfHeight': 20, 'risingPnt': np.int64(41968), 'fallingPnt': np.int64(42159), 'widthPnts': np.int64(191), 'widthMs': np.float64(1.91)}, {'halfHeight': 50, 'risingPnt': np.int64(41982), 'fallingPnt': np.int64(42101), 'widthPnts': np.int64(119), 'widthMs': np.float64(1.19)}, {'halfHeight': 80, 'risingPnt': np.int64(41991), 'fallingPnt': np.int64(42054), 'widthPnts': np.int64(63), 'widthMs': np.float64(0.63)}, {'halfHeight': 90, 'risingPnt': np.int64(41995), 'fallingPnt': np.int64(42035), 'widthPnts': np.int64(40), 'widthMs': np.float64(0.4)}]",2.23,1.91,1.19,0.63,0.4,yes,,,,,,unknown,,,
202,stochastic-hh.sanpy,10,2,8.0,,dvdt,100.0,-40.0,0,"[10, 20, 50, 80, 90]",20260928,19:54:54,,,0.2.8.post45,ceeda3d8b38d399aaf1761b27ed8696acdeb9705,True,,202,14,0,[],,43224,0.43224,-41.11925726539678,25.838221727826898,43293,0.43293,42.35601764118104,83.47527490657782,0.6899999999999684,43567,0.43567,-70.03724089033048,43194.0,-46.31067544968879,43197,43209,0.12,-45.875098945244766,-44.03944569211966,15331.81486569963,,43274,18.581786365940573,267.06015906662947,43335,25.798148575529318,-74.24810048273626,1285.0,12.85,77.82101167315174,1278.0,12.78,0.3,"[{'halfHeight': 10, 'risingPnt': np.int64(43243), 'fallingPnt': np.int64(43457), 'widthPnts': np.int64(214), 'widthMs': np.float64(2.14)}, {'halfHeight': 20, 'risingPnt': np.int64(43253), 'fallingPnt': np.int64(43440), 'widthPnts': np.int64(187), 'widthMs': np.float64(1.87)}, {'halfHeight': 50, 'risingPnt': np.int64(43267), 'fallingPnt': np.int64(43382), 'widthPnts': np.int64(115), 'widthMs': np.float64(1.15)}, {'halfHeight': 80, 'risingPnt': np.int64(43277), 'fallingPnt': np.int64(43336), 'widthPnts': np.int64(59), 'widthMs': np.float64(0.59)}, {'halfHeight': 90, 'risingPnt': np.int64(43281), 'fallingPnt': np.int64(43320), 'widthPnts': np.int64(39), 'widthMs': np.float64(0.39)}]",2.14,1.87,1.15,0.59,0.39,yes,,,,,,unknown,,,
203,stochastic-hh.sanpy,10,2,8.0,,dvdt,100.0,-40.0,0,"[10, 20, 50, 80, 90]",20260928,19:54:54,,,0.2.8.post45,ceeda3d8b38d399aaf1761b27ed8696acdeb9705,True,,203,15,0,[],,44758,0.44758,-40.401109608146456,28.637200809982026,44824,0.44824,44.51954845818201,84.92065806632846,0.6600000000000494,45105,0.45105,-69.89903311018936,44725.0,-46.31067544968879,44728,44741,0.13,-45.96700798054111,-44.20797741606441,13625.34441567148,,44805,18.61349791492556,288.9662124297046,44920,1.0050369742008745,-68.69902841095043,1534.0,15.34,65.1890482398957,1531.0,15.31,0.33,"[{'halfHeight': 10, 'risingPnt': np.int64(44776), 'fallingPnt': np.int64(44991), 'widthPnts': np.int64(215), 'widthMs': np.float64(2.15)}, {'halfHeight': 20, 'risingPnt': np.int64(44786), 'fallingPnt': np.int64(44969), 'widthPnts': np.int64(183), 'widthMs': np.float64(1.83)}, {'halfHeight': 50, 'risingPnt': np.int64(44799), 'fallingPnt': np.int64(44919), 'widthPnts': np.int64(120), 'widthMs': np.float64(1.2)}, {'halfHeight': 80, 'risingPnt': np.int64(44809), 'fallingPnt': np.int64(44868), 'widthPnts': np.int64(59), 'widthMs': np.float64(0.59)}, {'halfHeight': 90, 'risingPnt': np.int64(44812), 'fallingPnt': np.int64(44853), 'widthPnts': np.int64(41), 'widthMs': np.float64(0.41)}]",2.15,1.83,1.2,0.59,0.41,yes,,,,,,unknown,,,
204,stochastic-hh.sanpy,10,2,8.0,,dvdt,100.0,-40.0,0,"[10, 20, 50, 80, 90]",20260928,19:54:54,,,0.2.8.post45,ceeda3d8b38d399aaf1761b27ed8696acdeb9705,True,,204,16,0,[],,46060,0.4606,-41.59520720355077,29.62193738285619,46124,0.46124,47.36920015845235,88.96440736200313,0.6399999999999739,46405,0.46405,-70.06915521810014,46037.0,-46.31067544968879,46039,46049,0.1,-45.9642613995517,-44.14343913714092,18070.15138803492,,46105,17.848645172422607,297.73550847846246,46164,30.635328718397076,-70.04702694173919,1302.0,13.02,76.80491551459293,1312.0,13.12,0.23,"[{'halfHeight': 10, 'risingPnt': np.int64(46077), 'fallingPnt': np.int64(46298), 'widthPnts': np.int64(221), 'widthMs': np.float64(2.21)}, {'halfHeight': 20, 'risingPnt': np.int64(46087), 'fallingPnt': np.int64(46276), 'widthPnts': np.int64(189), 'widthMs': np.float64(1.89)}, {'halfHeight': 50, 'risingPnt': np.int64(46100), 'fallingPnt': np.int64(46218), 'widthPnts': np.int64(118), 'widthMs': np.float64(1.18)}, {'halfHeight': 80, 'risingPnt': np.int64(46110), 'fallingPnt': np.int64(46166), 'widthPnts': np.int64(56), 'widthMs': np.float64(0.56)}, {'halfHeight': 90, 'risingPnt': np.int64(46113), 'fallingPnt': np.int64(46151), 'widthPnts': np.int64(38), 'widthMs': np.float64(0.38)}]",2.21,1.89,1.18,0.56,0.38,yes,,,,,,unknown,,,
205,stochastic-hh.sanpy,10,2,8.0,,dvdt,100.0,-40.0,0,"[10, 20, 50, 80, 90]",20260928,19:54:54,,,0.2.8.post45,ceeda3d8b38d399aaf1761b27ed8696acdeb9705,True,,205,17,0,[],,47316,0.47316,-39.558079087325254,27.12245632411313,47382,0.47382,43.37838399815307,82.93646308547832,0.6599999999999939,47661,0.47661000000000003,-69.91431990681885,47281.0,-46.31067544968879,47285,47299,0.14,-45.72109307631373,-43.56176303652671,15047.978746031342,,47360,12.104706001168445,281.37207708188737,47462,6.157379342447206,-66.55610658478767,1256.0,12.56,79.61783439490446,1244.0,12.44,0.35,"[{'halfHeight': 10, 'risingPnt': np.int64(47335), 'fallingPnt': np.int64(47545), 'widthPnts': np.int64(210), 'widthMs': np.float64(2.1)}, {'halfHeight': 20, 'risingPnt': np.int64(47344), 'fallingPnt': np.int64(47524), 'widthPnts': np.int64(180), 'widthMs': np.float64(1.8)}, {'halfHeight': 50, 'risingPnt': np.int64(47357), 'fallingPnt': np.int64(47470), 'widthPnts': np.int64(113), 'widthMs': np.float64(1.13)}, {'halfHeight': 80, 'risingPnt': np.int64(47366), 'fallingPnt': np.int64(47424), 'widthPnts': np.int64(58), 'widthMs': np.float64(0.58)}, {'halfHeight': 90, 'risingPnt': np.int64(47370), 'fallingPnt': np.int64(47408), 'widthPnts': np.int64(38), 'widthMs': np.float64(0.38)}]",2.1,1.8,1.13,0.58,0.38,yes,,,,,,unknown,,,
206,stochastic-hh.sanpy,10,2,8.0,,dvdt,100.0,-40.0,0,"[10, 20, 50, 80, 90]",20260928,19:54:54,,,0.2.8.post45,ceeda3d8b38d399aaf1761b27ed8696acdeb9705,True,,206,18,0,[],,48729,0.48729,-42.214246830064226,27.16156169113551,48802,0.48802,45.076892539461134,87.29113936952535,0.7300000000000084,49064,0.49063999999999997,-69.94461767169945,48707.0,-46.31067544968879,48709,48718,0.09,-45.999273826378136,-44.60589688866775,15185.77332623535,,48781,18.099487413452376,278.18724877326,48853,23.233102767950285,-75.89040647064154,1413.0,14.13,70.77140835102618,1426.0,14.26,0.22,"[{'halfHeight': 10, 'risingPnt': np.int64(48750), 'fallingPnt': np.int64(48963), 'widthPnts': np.int64(213), 'widthMs': np.float64(2.13)}, {'halfHeight': 20, 'risingPnt': np.int64(48760), 'fallingPnt': np.int64(48946), 'widthPnts': np.int64(186), 'widthMs': np.float64(1.86)}, {'halfHeight': 50, 'risingPnt': np.int64(48775), 'fallingPnt': np.int64(48892), 'widthPnts': np.int64(117), 'widthMs': np.float64(1.17)}, {'halfHeight': 80, 'risingPnt': np.int64(48785), 'fallingPnt': np.int64(48847), 'widthPnts': np.int64(62), 'widthMs': np.float64(0.62)}, {'halfHeight': 90, 'risingPnt': np.int64(48789), 'fallingPnt': np.int64(48828), 'widthPnts': np.int64(39), 'widthMs': np.float64(0.39)}]",2.13,1.86,1.17,0.62,0.39,yes,,,,,,unknown,,,
207,stochastic-hh.sanpy,10,2,8.0,,dvdt,100.0,-40.0,0,"[10, 20, 50, 80, 90]",20260928,19:54:54,,,0.2.8.post45,ceeda3d8b38d399aaf1761b27ed8696acdeb9705,True,,207,19,0,[],,50276,0.50276,-41.51173580959244,26.9149666998537,50345,0.50345,43.000018663994645,84.51175447358708,0.6899999999999684,50609,0.5060899999999999,-70.0345190716319,50253.0,-46.31067544968879,50255,50265,0.1,-46.01829138516574,-44.13812517846267,18616.20614382941,,50326,16.158718588406458,275.64421253801095,50413,11.582470746924269,-75.65582064751048,1547.0,15.47,64.64124111182934,1546.0,15.46,0.23,"[{'halfHeight': 10, 'risingPnt': np.int64(50295), 'fallingPnt': np.int64(50509), 'widthPnts': np.int64(214), 'widthMs': np.float64(2.14)}, {'halfHeight': 20, 'risingPnt': np.int64(50305), 'fallingPnt': np.int64(50488), 'widthPnts': np.int64(183), 'widthMs': np.float64(1.83)}, {'halfHeight': 50, 'risingPnt': np.int64(50320), 'fallingPnt': np.int64(50433), 'widthPnts': np.int64(113), 'widthMs': np.float64(1.13)}, {'halfHeight': 80, 'risingPnt': np.int64(50330), 'fallingPnt': np.int64(50386), 'widthPnts': np.int64(56), 'widthMs': np.float64(0.56)}, {'halfHeight': 90, 'risingPnt': np.int64(50334), 'fallingPnt': np.int64(50370), 'widthPnts': np.int64(36), 'widthMs': np.float64(0.36)}]",2.14,1.83,1.13,0.56,0.36,yes,,,,,,unknown,,,
208,stochastic-hh.sanpy,10,2,8.0,,dvdt,100.0,-40.0,0,"[10, 20, 50, 80, 90]",20260928,19:54:54,,,0.2.8.post45,ceeda3d8b38d399aaf1761b27ed8696acdeb9705,True,,208,20,0,[],,51680,0.5167999999999999,-42.28023370540069,25.797571107703636,51753,0.5175299999999999,42.804294174998596,85.08452788039929,0.7300000000000084,52025,0.52025,-69.98773025860119,51655.0,-46.31067544968879,51657,51667,0.1,-46.051330578267496,-44.857600291649064,11807.763196919585,,51731,13.126937494367791,264.7751126433989,51817,14.09899698636367,-66.10612890862669,1404.0,14.04,71.22507122507123,1402.0,14.02,0.25,"[{'halfHeight': 10, 'risingPnt': np.int64(51701), 'fallingPnt': np.int64(51919), 'widthPnts': np.int64(218), 'widthMs': np.float64(2.18)}, {'halfHeight': 20, 'risingPnt': np.int64(51711), 'fallingPnt': np.int64(51897), 'widthPnts': np.int64(186), 'widthMs': np.float64(1.86)}, {'halfHeight': 50, 'risingPnt': np.int64(51726), 'fallingPnt': np.int64(51843), 'widthPnts': np.int64(117), 'widthMs': np.float64(1.17)}, {'halfHeight': 80, 'risingPnt': np.int64(51736), 'fallingPnt': np.int64(51795), 'widthPnts': np.int64(59), 'widthMs': np.float64(0.59)}, {'halfHeight': 90, 'risingPnt': np.int64(51741), 'fallingPnt': np.int64(51778), 'widthPnts': np.int64(37), 'widthMs': np.float64(0.37)}]",2.18,1.86,1.17,0.59,0.37,yes,,,,,,unknown,,,
209,stochastic-hh.sanpy,10,2,8.0,,dvdt,100.0,-40.0,0,"[10, 20, 50, 80, 90]",20260928,19:54:54,,,0.2.8.post45,ceeda3d8b38d399aaf1761b27ed8696acdeb9705,True,,209,21,0,[],,53257,0.5325700000000001,-42.315974049776536,25.297040714126553,53332,0.53332,41.69748771502347,84.01346176480001,0.7499999999999174,53591,0.53591,-70.20345752822452,53234.0,-46.31067544968879,53236,53246,0.1,-45.97070807268716,-44.46914378371387,14810.481863881545,,53310,13.727402492861291,258.36366470290824,53374,25.004792536871523,-71.81192234317221,1577.0,15.77,63.41154090044388,1579.0,15.79,0.23,"[{'halfHeight': 10, 'risingPnt': np.int64(53279), 'fallingPnt': np.int64(53490), 'widthPnts': np.int64(211), 'widthMs': np.float64(2.11)}, {'halfHeight': 20, 'risingPnt': np.int64(53290), 'fallingPnt': np.int64(53472), 'widthPnts': np.int64(182), 'widthMs': np.float64(1.82)}, {'halfHeight': 50, 'risingPnt': np.int64(53305), 'fallingPnt': np.int64(53422), 'widthPnts': np.int64(117), 'widthMs': np.float64(1.17)}, {'halfHeight': 80, 'risingPnt': np.int64(53315), 'fallingPnt': np.int64(53375), 'widthPnts': np.int64(60), 'widthMs': np.float64(0.6)}, {'halfHeight': 90, 'risingPnt': np.int64(53319), 'fallingPnt': np.int64(53359), 'widthPnts': np.int64(40), 'widthMs': np.float64(0.4)}]",2.11,1.82,1.17,0.6,0.4,yes,,,,,,unknown,,,
210,stochastic-hh.sanpy,10,2,8.0,,dvdt,100.0,-40.0,0,"[10, 20, 50, 80, 90]",20260928,19:54:54,,,0.2.8.post45,ceeda3d8b38d399aaf1761b27ed8696acdeb9705,True,,210,22,0,[],,54651,0.5465099999999999,-40.81329644719944,26.19841205223721,54718,0.54718,42.594553168334535,83.40784961553398,0.6700000000000594,55001,0.55001,-69.70224449600948,54630.0,-45.20707981034929,54632,54640,0.08,-44.75290037743062,-43.32459079652376,17493.077700788734,,54700,19.489811425063888,275.21612361731445,54781,13.621325709689335,-69.24800895534094,1394.0,13.94,71.73601147776183,1396.0,13.96,0.21,"[{'halfHeight': 10, 'risingPnt': np.int64(54670), 'fallingPnt': np.int64(54888), 'widthPnts': np.int64(218), 'widthMs': np.float64(2.18)}, {'halfHeight': 20, 'risingPnt': np.int64(54679), 'fallingPnt': np.int64(54868), 'widthPnts': np.int64(189), 'widthMs': np.float64(1.89)}, {'halfHeight': 50, 'risingPnt': np.int64(54693), 'fallingPnt': np.int64(54809), 'widthPnts': np.int64(116), 'widthMs': np.float64(1.16)}, {'halfHeight': 80, 'risingPnt': np.int64(54703), 'fallingPnt': np.int64(54762), 'widthPnts': np.int64(59), 'widthMs': np.float64(0.59)}, {'halfHeight': 90, 'risingPnt': np.int64(54707), 'fallingPnt': np.int64(54743), 'widthPnts': np.int64(36), 'widthMs': np.float64(0.36)}]",2.18,1.89,1.16,0.59,0.36,yes,,,,,,unknown,,,
211,stochastic-hh.sanpy,10,2,8.0,,dvdt,100.0,-40.0,0,"[10, 20, 50, 80, 90]",20260928,19:54:54,,,0.2.8.post45,ceeda3d8b38d399aaf1761b27ed8696acdeb9705,True,,211,23,0,[],,56017,0.56017,-41.8242228434785,25.822661276258437,56090,0.5609,43.48425969246008,85.30848253593858,0.7300000000000084,56354,0.5635399999999999,-70.0251762817268,56001.0,-45.20707981034929,56003,56009,0.06,-44.793194601079065,-43.65346949526664,18880.10441904286,,56067,9.182615697743204,264.1626214143123,56140,20.096006770213666,-65.8911679473511,1366.0,13.66,73.20644216691069,1371.0,13.71,0.16,"[{'halfHeight': 10, 'risingPnt': np.int64(56038), 'fallingPnt': np.int64(56249), 'widthPnts': np.int64(211), 'widthMs': np.float64(2.11)}, {'halfHeight': 20, 'risingPnt': np.int64(56049), 'fallingPnt': np.int64(56232), 'widthPnts': np.int64(183), 'widthMs': np.float64(1.83)}, {'halfHeight': 50, 'risingPnt': np.int64(56064), 'fallingPnt': np.int64(56180), 'widthPnts': np.int64(116), 'widthMs': np.float64(1.16)}, {'halfHeight': 80, 'risingPnt': np.int64(56074), 'fallingPnt': np.int64(56130), 'widthPnts': np.int64(56), 'widthMs': np.float64(0.56)}, {'halfHeight': 90, 'risingPnt': np.int64(56079), 'fallingPnt': np.int64(56113), 'widthPnts': np.int64(34), 'widthMs': np.float64(0.34)}]",2.11,1.83,1.16,0.56,0.34,yes,,,,,,unknown,,,
212,stochastic-hh.sanpy,10,2,8.0,,dvdt,100.0,-40.0,0,"[10, 20, 50, 80, 90]",20260928,19:54:54,,,0.2.8.post45,ceeda3d8b38d399aaf1761b27ed8696acdeb9705,True,,212,24,0,[],,57435,0.57435,-42.054472282273146,29.041806520895406,57504,0.57504,45.42162746007818,87.47609974235132,0.6899999999999684,57772,0.57772,-70.09791046683998,57423.0,-45.20707981034929,57424,57429,0.05,-44.918136429456766,-43.74026071331405,23342.982156383652,,57485,18.51825633752074,291.2146985928622,57686,-42.26976901187498,-64.34318899288652,1418.0,14.18,70.52186177715092,1422.0,14.22,0.12,"[{'halfHeight': 10, 'risingPnt': np.int64(57454), 'fallingPnt': np.int64(57672), 'widthPnts': np.int64(218), 'widthMs': np.float64(2.18)}, {'halfHeight': 20, 'risingPnt': np.int64(57465), 'fallingPnt': np.int64(57654), 'widthPnts': np.int64(189), 'widthMs': np.float64(1.89)}, {'halfHeight': 50, 'risingPnt': np.int64(57479), 'fallingPnt': np.int64(57598), 'widthPnts': np.int64(119), 'widthMs': np.float64(1.19)}, {'halfHeight': 80, 'risingPnt': np.int64(57489), 'fallingPnt': np.int64(57549), 'widthPnts': np.int64(60), 'widthMs': np.float64(0.6)}, {'halfHeight': 90, 'risingPnt': np.int64(57493), 'fallingPnt': np.int64(57530), 'widthPnts': np.int64(37), 'widthMs': np.float64(0.37)}]",2.18,1.89,1.19,0.6,0.37,yes,,,,,,unknown,,,
213,stochastic-hh.sanpy,10,2,8.0,,dvdt,100.0,-40.0,0,"[10, 20, 50, 80, 90]",20260928,19:54:54,,,0.2.8.post45,ceeda3d8b38d399aaf1761b27ed8696acdeb9705,True,,213,25,0,[],,58873,0.58873,-42.555027990822474,27.98495536778729,58944,0.5894400000000001,45.73782329941887,88.29285129024134,0.7100000000000994,59210,0.5921000000000001,-70.15362045981529,58861.0,-45.20707981034929,58862,58867,0.05,-44.992007302772635,-44.01687800157684,19224.839668518915,,58923,15.501648905705675,289.6694507667387,59138,-50.89731036765331,-70.21425791065187,1438.0,14.38,69.54102920723227,1438.0,14.38,0.12,"[{'halfHeight': 10, 'risingPnt': np.int64(58893), 'fallingPnt': np.int64(59107), 'widthPnts': np.int64(214), 'widthMs': np.float64(2.14)}, {'halfHeight': 20, 'risingPnt': np.int64(58903), 'fallingPnt': np.int64(59092), 'widthPnts': np.int64(189), 'widthMs': np.float64(1.89)}, {'halfHeight': 50, 'risingPnt': np.int64(58919), 'fallingPnt': np.int64(59036), 'widthPnts': np.int64(117), 'widthMs': np.float64(1.17)}, {'halfHeight': 80, 'risingPnt': np.int64(58928), 'fallingPnt': np.int64(58989), 'widthPnts': np.int64(61), 'widthMs': np.float64(0.61)}, {'halfHeight': 90, 'risingPnt': np.int64(58932), 'fallingPnt': np.int64(58973), 'widthPnts': np.int64(41), 'widthMs': np.float64(0.41)}]",2.14,1.89,1.17,0.61,0.41,yes,,,,,,unknown,,,
214,stochastic-hh.sanpy,10,2,8.0,,dvdt,100.0,-40.0,0,"[10, 20, 50, 80, 90]",20260928,19:54:54,,,0.2.8.post45,ceeda3d8b38d399aaf1761b27ed8696acdeb9705,True,,214,26,0,[],,60334,0.60334,-41.381702127637205,26.163525791333385,60404,0.6040399999999999,41.84178438921422,83.22348651685142,0.6999999999999229,60671,0.6067100000000001,-70.0256094138867,60315.0,-45.20707981034929,60317,60325,0.08,-44.785358474425806,-43.40360168003675,16715.373371376136,,60383,13.903742157297096,264.45995846179125,60447,24.740646477557107,-68.53120969387562,1461.0,14.61,68.44626967830253,1454.0,14.54,0.19,"[{'halfHeight': 10, 'risingPnt': np.int64(60354), 'fallingPnt': np.int64(60565), 'widthPnts': np.int64(211), 'widthMs': np.float64(2.11)}, {'halfHeight': 20, 'risingPnt': np.int64(60363), 'fallingPnt': np.int64(60550), 'widthPnts': np.int64(187), 'widthMs': np.float64(1.87)}, {'halfHeight': 50, 'risingPnt': np.int64(60378), 'fallingPnt': np.int64(60495), 'widthPnts': np.int64(117), 'widthMs': np.float64(1.17)}, {'halfHeight': 80, 'risingPnt': np.int64(60388), 'fallingPnt': np.int64(60447), 'widthPnts': np.int64(59), 'widthMs': np.float64(0.59)}, {'halfHeight': 90, 'risingPnt': np.int64(60392), 'fallingPnt': np.int64(60432), 'widthPnts': np.int64(40), 'widthMs': np.float64(0.4)}]",2.11,1.87,1.17,0.59,0.4,yes,,,,,,unknown,,,
215,stochastic-hh.sanpy,10,2,8.0,,dvdt,100.0,-40.0,0,"[10, 20, 50, 80, 90]",20260928,19:54:54,,,0.2.8.post45,ceeda3d8b38d399aaf1761b27ed8696acdeb9705,True,,215,27,0,[],,61615,0.61615,-42.54908339726071,28.156716548043097,61685,0.61685,46.620466444521824,89.16954984178253,0.7000000000000339,61954,0.61954,-69.93288167401937,61604.0,-45.20707981034929,61605,61610,0.05,-44.90365347195149,-43.82239469761508,21538.683436595533,,61665,17.169410237192725,294.7530308888508,61733,25.9692411990538,-69.7601649509994,1281.0,12.81,78.06401249024199,1289.0,12.89,0.11,"[{'halfHeight': 10, 'risingPnt': np.int64(61636), 'fallingPnt': np.int64(61850), 'widthPnts': np.int64(214), 'widthMs': np.float64(2.14)}, {'halfHeight': 20, 'risingPnt': np.int64(61646), 'fallingPnt': np.int64(61830), 'widthPnts': np.int64(184), 'widthMs': np.float64(1.84)}, {'halfHeight': 50, 'risingPnt': np.int64(61660), 'fallingPnt': np.int64(61775), 'widthPnts': np.int64(115), 'widthMs': np.float64(1.15)}, {'halfHeight': 80, 'risingPnt': np.int64(61670), 'fallingPnt': np.int64(61729), 'widthPnts': np.int64(59), 'widthMs': np.float64(0.59)}, {'halfHeight': 90, 'risingPnt': np.int64(61674), 'fallingPnt': np.int64(61711), 'widthPnts': np.int64(37), 'widthMs': np.float64(0.37)}]",2.14,1.84,1.15,0.59,0.37,yes,,,,,,unknown,,,
216,stochastic-hh.sanpy,10,2,8.0,,dvdt,100.0,-40.0,0,"[10, 20, 50, 80, 90]",20260928,19:54:54,,,0.2.8.post45,ceeda3d8b38d399aaf1761b27ed8696acdeb9705,True,,216,28,0,[],,63140,0.6314,-42.19389714320686,25.76726263310191,63211,0.6321100000000001,43.23951882550452,85.43341596871139,0.7100000000000994,63475,0.63475,-70.07004769684595,63124.0,-45.20707981034929,63126,63132,0.06,-44.88761611469772,-43.90544777080685,16275.49752673365,,63192,19.359600089420827,261.75589543429334,63265,18.86290675443271,-72.05713947498322,1525.0,15.25,65.57377049180327,1520.0,15.2,0.16,"[{'halfHeight': 10, 'risingPnt': np.int64(63159), 'fallingPnt': np.int64(63374), 'widthPnts': np.int64(215), 'widthMs': np.float64(2.15)}, {'halfHeight': 20, 'risingPnt': np.int64(63169), 'fallingPnt': np.int64(63356), 'widthPnts': np.int64(187), 'widthMs': np.float64(1.87)}, {'halfHeight': 50, 'risingPnt': np.int64(63185), 'fallingPnt': np.int64(63301), 'widthPnts': np.int64(116), 'widthMs': np.float64(1.16)}, {'halfHeight': 80, 'risingPnt': np.int64(63195), 'fallingPnt': np.int64(63252), 'widthPnts': np.int64(57), 'widthMs': np.float64(0.57)}, {'halfHeight': 90, 'risingPnt': np.int64(63199), 'fallingPnt': np.int64(63235), 'widthPnts': np.int64(36), 'widthMs': np.float64(0.36)}]",2.15,1.87,1.16,0.57,0.36,yes,,,,,,unknown,,,
217,stochastic-hh.sanpy,10,2,8.0,,dvdt,100.0,-40.0,0,"[10, 20, 50, 80, 90]",20260928,19:54:54,,,0.2.8.post45,ceeda3d8b38d399aaf1761b27ed8696acdeb9705,True,,217,29,0,[],,64447,0.64447,-41.34647898856215,28.709678460627714,64512,0.64512,46.02175773394275,87.36823672250489,0.6500000000000394,64785,0.64785,-69.85717491617557,64430.0,-45.20707981034929,64432,64438,0.06,-44.810239455417,-43.57576735909115,20439.56839107593,,64492,13.860819923521172,296.89455808095715,64579,13.363322432740041,-68.29840843542863,1307.0,13.07,76.51109410864575,1306.0,13.06,0.17,"[{'halfHeight': 10, 'risingPnt': np.int64(64465), 'fallingPnt': np.int64(64677), 'widthPnts': np.int64(212), 'widthMs': np.float64(2.12)}, {'halfHeight': 20, 'risingPnt': np.int64(64475), 'fallingPnt': np.int64(64657), 'widthPnts': np.int64(182), 'widthMs': np.float64(1.82)}, {'halfHeight': 50, 'risingPnt': np.int64(64488), 'fallingPnt': np.int64(64601), 'widthPnts': np.int64(113), 'widthMs': np.float64(1.13)}, {'halfHeight': 80, 'risingPnt': np.int64(64498), 'fallingPnt': np.int64(64554), 'widthPnts': np.int64(56), 'widthMs': np.float64(0.56)}, {'halfHeight': 90, 'risingPnt': np.int64(64501), 'fallingPnt': np.int64(64537), 'widthPnts': np.int64(36), 'widthMs': np.float64(0.36)}]",2.12,1.82,1.13,0.56,0.36,yes,,,,,,unknown,,,
218,stochastic-hh.sanpy,10,2,8.0,,dvdt,100.0,-40.0,0,"[10, 20, 50, 80, 90]",20260928,19:54:54,,,0.2.8.post45,ceeda3d8b38d399aaf1761b27ed8696acdeb9705,True,,218,30,0,[],,65708,0.65708,-40.34653314608148,27.425513741601726,65775,0.65775,44.02229916315066,84.36883230923215,0.6699999999999484,66047,0.66047,-70.15716176292482,65684.0,-45.20707981034929,65686,65696,0.1,-44.81454252898094,-43.09847711871568,17091.64942189861,,65755,14.742190041902035,283.6390067029372,65832,22.09288096779201,-62.39800580427871,1261.0,12.61,79.30214115781126,1254.0,12.54,0.24,"[{'halfHeight': 10, 'risingPnt': np.int64(65727), 'fallingPnt': np.int64(65943), 'widthPnts': np.int64(216), 'widthMs': np.float64(2.16)}, {'halfHeight': 20, 'risingPnt': np.int64(65737), 'fallingPnt': np.int64(65926), 'widthPnts': np.int64(189), 'widthMs': np.float64(1.89)}, {'halfHeight': 50, 'risingPnt': np.int64(65751), 'fallingPnt': np.int64(65872), 'widthPnts': np.int64(121), 'widthMs': np.float64(1.21)}, {'halfHeight': 80, 'risingPnt': np.int64(65760), 'fallingPnt': np.int64(65823), 'widthPnts': np.int64(63), 'widthMs': np.float64(0.63)}, {'halfHeight': 90, 'risingPnt': np.int64(65764), 'fallingPnt': np.int64(65805), 'widthPnts': np.int64(41), 'widthMs': np.float64(0.41)}]",2.16,1.89,1.21,0.63,0.41,yes,,,,,,unknown,,,
219,stochastic-hh.sanpy,10,2,8.0,,dvdt,100.0,-40.0,0,"[10, 20, 50, 80, 90]",20260928,19:54:54,,,0.2.8.post45,ceeda3d8b38d399aaf1761b27ed8696acdeb9705,True,,219,31,0,[],,66993,0.6699299999999999,-41.925330017518505,26.195070261144426,67063,0.67063,44.240572856355534,86.16590287387405,0.7000000000000339,67331,0.67331,-70.04330018049774,66979.0,-45.20707981034929,66980,66986,0.06,-44.89992189487723,-43.644328906239664,20530.619326394364,,67043,14.471530269273934,278.1577247137378,67254,-45.63669858542197,-68.51764124763172,1285.0,12.85,77.82101167315174,1295.0,12.95,0.14,"[{'halfHeight': 10, 'risingPnt': np.int64(67013), 'fallingPnt': np.int64(67234), 'widthPnts': np.int64(221), 'widthMs': np.float64(2.21)}, {'halfHeight': 20, 'risingPnt': np.int64(67024), 'fallingPnt': np.int64(67216), 'widthPnts': np.int64(192), 'widthMs': np.float64(1.92)}, {'halfHeight': 50, 'risingPnt': np.int64(67038), 'fallingPnt': np.int64(67156), 'widthPnts': np.int64(118), 'widthMs': np.float64(1.18)}, {'halfHeight': 80, 'risingPnt': np.int64(67048), 'fallingPnt': np.int64(67106), 'widthPnts': np.int64(58), 'widthMs': np.float64(0.58)}, {'halfHeight': 90, 'risingPnt': np.int64(67052), 'fallingPnt': np.int64(67090), 'widthPnts': np.int64(38), 'widthMs': np.float64(0.38)}]",2.21,1.92,1.18,0.58,0.38,yes,,,,,,unknown,,,
220,stochastic-hh.sanpy,10,2,8.0,,dvdt,100.0,-40.0,0,"[10, 20, 50, 80, 90]",20260928,19:54:54,,,0.2.8.post45,ceeda3d8b38d399aaf1761b27ed8696acdeb9705,True,,220,32,0,[],,68489,0.68489,-41.93526312243323,30.31790538441028,68556,0.68556,45.884883507508256,87.82014662994149,0.6699999999999484,68844,0.68844,-69.85550477450474,68475.0,-45.20707981034929,68476,68482,0.06,-44.90997929355501,-43.712325264917055,19652.840426795585,,68536,15.61745938939197,308.0458024881853,68622,16.88380393679354,-68.61462262058892,1496.0,14.96,66.84491978609626,1496.0,14.96,0.14,"[{'halfHeight': 10, 'risingPnt': np.int64(68508), 'fallingPnt': np.int64(68734), 'widthPnts': np.int64(226), 'widthMs': np.float64(2.26)}, {'halfHeight': 20, 'risingPnt': np.int64(68518), 'fallingPnt': np.int64(68711), 'widthPnts': np.int64(193), 'widthMs': np.float64(1.93)}, {'halfHeight': 50, 'risingPnt': np.int64(68532), 'fallingPnt': np.int64(68652), 'widthPnts': np.int64(120), 'widthMs': np.float64(1.2)}, {'halfHeight': 80, 'risingPnt': np.int64(68541), 'fallingPnt': np.int64(68602), 'widthPnts': np.int64(61), 'widthMs': np.float64(0.61)}, {'halfHeight': 90, 'risingPnt': np.int64(68544), 'fallingPnt': np.int64(68585), 'widthPnts': np.int64(41), 'widthMs': np.float64(0.41)}]",2.26,1.93,1.2,0.61,0.41,yes,,,,,,unknown,,,
221,stochastic-hh.sanpy,10,2,8.0,,dvdt,100.0,-40.0,0,"[10, 20, 50, 80, 90]",20260928,19:54:54,,,0.2.8.post45,ceeda3d8b38d399aaf1761b27ed8696acdeb9705,True,,221,33,0,[],,69758,0.6975800000000001,-41.70093592982888,26.03573624521823,69829,0.69829,45.45619380488346,87.15712973471234,0.7099999999998774,70099,0.70099,-70.11255721230239,69744.0,-45.20707981034929,69745,69751,0.06,-44.81947780802595,-43.45060172351954,22752.912231280974,,69807,15.733570626117816,271.42304021753586,69882,19.848645289205532,-80.460724453373,1269.0,12.69,78.80220646178093,1269.0,12.69,0.14,"[{'halfHeight': 10, 'risingPnt': np.int64(69777), 'fallingPnt': np.int64(69991), 'widthPnts': np.int64(214), 'widthMs': np.float64(2.14)}, {'halfHeight': 20, 'risingPnt': np.int64(69787), 'fallingPnt': np.int64(69970), 'widthPnts': np.int64(183), 'widthMs': np.float64(1.83)}, {'halfHeight': 50, 'risingPnt': np.int64(69802), 'fallingPnt': np.int64(69915), 'widthPnts': np.int64(113), 'widthMs': np.float64(1.13)}, {'halfHeight': 80, 'risingPnt': np.int64(69812), 'fallingPnt': np.int64(69870), 'widthPnts': np.int64(58), 'widthMs': np.float64(0.58)}, {'halfHeight': 90, 'risingPnt': np.int64(69816), 'fallingPnt': np.int64(69855), 'widthPnts': np.int64(39), 'widthMs': np.float64(0.39)}]",2.14,1.83,1.13,0.58,0.39,yes,,,,,,unknown,,,
222,stochastic-hh.sanpy,10,2,8.0,,dvdt,100.0,-40.0,0,"[10, 20, 50, 80, 90]",20260928,19:54:54,,,0.2.8.post45,ceeda3d8b38d399aaf1761b27ed8696acdeb9705,True,,222,34,0,[],,71104,0.71104,-40.58307202759632,28.488380747114245,71171,0.7117100000000001,44.400712389732576,84.9837844173289,0.6700000000000594,71441,0.71441,-69.95366079766949,71084.0,-45.20707981034929,71086,71094,0.08,-44.69525618873451,-43.097583575045746,19515.29787440194,,71149,15.220307664352337,288.8062132356592,71234,14.398880413428087,-65.68331794134987,1346.0,13.46,74.29420505200594,1340.0,13.4,0.2,"[{'halfHeight': 10, 'risingPnt': np.int64(71122), 'fallingPnt': np.int64(71329), 'widthPnts': np.int64(207), 'widthMs': np.float64(2.07)}, {'halfHeight': 20, 'risingPnt': np.int64(71131), 'fallingPnt': np.int64(71311), 'widthPnts': np.int64(180), 'widthMs': np.float64(1.8)}, {'halfHeight': 50, 'risingPnt': np.int64(71144), 'fallingPnt': np.int64(71261), 'widthPnts': np.int64(117), 'widthMs': np.float64(1.17)}, {'halfHeight': 80, 'risingPnt': np.int64(71154), 'fallingPnt': np.int64(71212), 'widthPnts': np.int64(58), 'widthMs': np.float64(0.58)}, {'halfHeight': 90, 'risingPnt': np.int64(71158), 'fallingPnt': np.int64(71195), 'widthPnts': np.int64(37), 'widthMs': np.float64(0.37)}]",2.07,1.8,1.17,0.58,0.37,yes,,,,,,unknown,,,
223,stochastic-hh.sanpy,10,2,8.0,,dvdt,100.0,-40.0,0,"[10, 20, 50, 80, 90]",20260928,19:54:54,,,0.2.8.post45,ceeda3d8b38d399aaf1761b27ed8696acdeb9705,True,,223,35,0,[],,72456,0.72456,-41.14543817572489,27.654918663154117,72525,0.72525,45.76494616532787,86.91038434105276,0.6899999999999684,72797,0.72797,-70.06604054003635,72439.0,-45.20707981034929,72441,72447,0.06,-44.66717555475571,-43.430661937849116,20296.936199686428,,72507,22.0337058005336,281.6279080181879,72567,28.837777201273465,-71.13994950845355,1352.0,13.52,73.96449704142012,1355.0,13.55,0.17,"[{'halfHeight': 10, 'risingPnt': np.int64(72476), 'fallingPnt': np.int64(72692), 'widthPnts': np.int64(216), 'widthMs': np.float64(2.16)}, {'halfHeight': 20, 'risingPnt': np.int64(72486), 'fallingPnt': np.int64(72671), 'widthPnts': np.int64(185), 'widthMs': np.float64(1.85)}, {'halfHeight': 50, 'risingPnt': np.int64(72500), 'fallingPnt': np.int64(72618), 'widthPnts': np.int64(118), 'widthMs': np.float64(1.18)}, {'halfHeight': 80, 'risingPnt': np.int64(72510), 'fallingPnt': np.int64(72568), 'widthPnts': np.int64(58), 'widthMs': np.float64(0.58)}, {'halfHeight': 90, 'risingPnt': np.int64(72514), 'fallingPnt': np.int64(72554), 'widthPnts': np.int64(40), 'widthMs': np.float64(0.4)}]",2.16,1.85,1.18,0.58,0.4,yes,,,,,,unknown,,,
224,stochastic-hh.sanpy,10,2,8.0,,dvdt,100.0,-40.0,0,"[10, 20, 50, 80, 90]",20260928,19:54:54,,,0.2.8.post45,ceeda3d8b38d399aaf1761b27ed8696acdeb9705,True,,224,36,0,[],,73792,0.7379199999999999,-39.67559589624939,30.08812334258027,73854,0.73854,44.8983003743094,84.57389627055879,0.6200000000000649,74116,0.7411599999999999,-70.26285837403816,73770.0,-45.20707981034929,73772,73781,0.09,-44.66084930815037,-42.62296363107448,22529.46536913224,,73833,13.113644840971801,310.2707992836288,73910,19.517163913019814,-73.39165551572634,1336.0,13.36,74.85029940119762,1331.0,13.31,0.22,"[{'halfHeight': 10, 'risingPnt': np.int64(73809), 'fallingPnt': np.int64(74010), 'widthPnts': np.int64(201), 'widthMs': np.float64(2.01)}, {'halfHeight': 20, 'risingPnt': np.int64(73818), 'fallingPnt': np.int64(73992), 'widthPnts': np.int64(174), 'widthMs': np.float64(1.74)}, {'halfHeight': 50, 'risingPnt': np.int64(73830), 'fallingPnt': np.int64(73941), 'widthPnts': np.int64(111), 'widthMs': np.float64(1.11)}, {'halfHeight': 80, 'risingPnt': np.int64(73838), 'fallingPnt': np.int64(73897), 'widthPnts': np.int64(59), 'widthMs': np.float64(0.59)}, {'halfHeight': 90, 'risingPnt': np.int64(73842), 'fallingPnt': np.int64(73881), 'widthPnts': np.int64(39), 'widthMs': np.float64(0.39)}]",2.01,1.74,1.11,0.59,0.39,yes,,,,,,unknown,,,
225,stochastic-hh.sanpy,11,2,9.0,,dvdt,100.0,-40.0,0,"[10, 20, 50, 80, 90]",20260928,19:54:54,,,0.2.8.post45,ceeda3d8b38d399aaf1761b27ed8696acdeb9705,True,,225,0,0,"[{'Spike': 0, 'Seconds': np.float64(0.2515), 'Sweep': 11, 'Epoch': 2, 'Type': 'Fit EDD', 'Details': 'Early diastolic duration rate fit - Too low -55.797<=8'}]",,25154,0.25154,-41.76465195099733,33.9388285957006,25216,0.25216,50.20248383281069,91.96713578380803,0.6200000000000094,25522,0.25522,-69.83923651707426,20183.0,-61.153768817888924,20680,22669,19.89,-58.042492690228066,-59.98821777025565,-55.79699760371349,,25197,21.79382968032867,350.97611420928337,25292,19.34927132525127,-64.30177952842337,,,,,,49.71,"[{'halfHeight': 10, 'risingPnt': np.int64(25171), 'fallingPnt': np.int64(25411), 'widthPnts': np.int64(240), 'widthMs': np.float64(2.4)}, {'halfHeight': 20, 'risingPnt': np.int64(25180), 'fallingPnt': np.int64(25385), 'widthPnts': np.int64(205), 'widthMs': np.float64(2.05)}, {'halfHeight': 50, 'risingPnt': np.int64(25192), 'fallingPnt': np.int64(25324), 'widthPnts': np.int64(132), 'widthMs': np.float64(1.32)}, {'halfHeight': 80, 'risingPnt': np.int64(25200), 'fallingPnt': np.int64(25270), 'widthPnts': np.int64(70), 'widthMs': np.float64(0.7)}, {'halfHeight': 90, 'risingPnt': np.int64(25204), 'fallingPnt': np.int64(25251), 'widthPnts': np.int64(47), 'widthMs': np.float64(0.47)}]",2.4,2.05,1.32,0.7,0.47,yes,,,,,,unknown,,,
226,stochastic-hh.sanpy,11,2,9.0,,dvdt,100.0,-40.0,0,"[10, 20, 50, 80, 90]",20260928,19:54:54,,,0.2.8.post45,ceeda3d8b38d399aaf1761b27ed8696acdeb9705,True,,226,1,0,[],,26495,0.26494999999999996,-40.53972080837216,25.1987735008261,26565,0.26565,43.423701254523415,83.96342206289557,0.7000000000000339,26833,0.26832999999999996,-69.76084002563432,26448.0,-48.03545930730692,26453,26472,0.19,-47.55309644892275,-45.2083829697216,12096.510633265423,,26541,9.49337096361854,257.33562734155527,26629,13.822214954843357,-67.21568775700932,1341.0,13.41,74.57121551081282,6265.0,62.65,0.47,"[{'halfHeight': 10, 'risingPnt': np.int64(26515), 'fallingPnt': np.int64(26723), 'widthPnts': np.int64(208), 'widthMs': np.float64(2.08)}, {'halfHeight': 20, 'risingPnt': np.int64(26524), 'fallingPnt': np.int64(26704), 'widthPnts': np.int64(180), 'widthMs': np.float64(1.8)}, {'halfHeight': 50, 'risingPnt': np.int64(26538), 'fallingPnt': np.int64(26653), 'widthPnts': np.int64(115), 'widthMs': np.float64(1.15)}, {'halfHeight': 80, 'risingPnt': np.int64(26548), 'fallingPnt': np.int64(26607), 'widthPnts': np.int64(59), 'widthMs': np.float64(0.59)}, {'halfHeight': 90, 'risingPnt': np.int64(26553), 'fallingPnt': np.int64(26589), 'widthPnts': np.int64(36), 'widthMs': np.float64(0.36)}]",2.08,1.8,1.15,0.59,0.36,yes,,,,,,unknown,,,
227,stochastic-hh.sanpy,11,2,9.0,,dvdt,100.0,-40.0,0,"[10, 20, 50, 80, 90]",20260928,19:54:54,,,0.2.8.post45,ceeda3d8b38d399aaf1761b27ed8696acdeb9705,True,,227,2,0,[],,27834,0.27834,-41.22218068253249,27.42459596462541,27903,0.27903,45.90750352720331,87.1296842097358,0.6900000000000239,28174,0.28174,-69.83415502575524,27795.0,-48.03545930730692,27799,27815,0.16,-47.55903727274875,-45.398082936393294,13211.19822237229,,27885,21.028508299382864,276.38407927611917,27972,15.351462811173295,-77.37695921997215,1339.0,13.39,74.6825989544436,1347.0,13.47,0.39,"[{'halfHeight': 10, 'risingPnt': np.int64(27854), 'fallingPnt': np.int64(28070), 'widthPnts': np.int64(216), 'widthMs': np.float64(2.16)}, {'halfHeight': 20, 'risingPnt': np.int64(27864), 'fallingPnt': np.int64(28050), 'widthPnts': np.int64(186), 'widthMs': np.float64(1.86)}, {'halfHeight': 50, 'risingPnt': np.int64(27879), 'fallingPnt': np.int64(27994), 'widthPnts': np.int64(115), 'widthMs': np.float64(1.15)}, {'halfHeight': 80, 'risingPnt': np.int64(27888), 'fallingPnt': np.int64(27948), 'widthPnts': np.int64(60), 'widthMs': np.float64(0.6)}, {'halfHeight': 90, 'risingPnt': np.int64(27892), 'fallingPnt': np.int64(27929), 'widthPnts': np.int64(37), 'widthMs': np.float64(0.37)}]",2.16,1.86,1.15,0.6,0.37,yes,,,,,,unknown,,,
228,stochastic-hh.sanpy,11,2,9.0,,dvdt,100.0,-40.0,0,"[10, 20, 50, 80, 90]",20260928,19:54:54,,,0.2.8.post45,ceeda3d8b38d399aaf1761b27ed8696acdeb9705,True,,228,3,0,[],,29111,0.29111000000000004,-41.70941471051125,26.785427208267393,29182,0.29181999999999997,45.157739553671874,86.86715426418311,0.7099999999999329,29451,0.29451,-69.87640665163076,29068.0,-48.03545930730692,29072,29090,0.18,-47.59475926001514,-45.587333103624296,10754.421324596611,,29163,18.52093063402365,281.5362257289082,29371,-48.46302448293236,-66.37369027602065,1277.0,12.77,78.30853563038372,1273.0,12.73,0.43,"[{'halfHeight': 10, 'risingPnt': np.int64(29131), 'fallingPnt': np.int64(29344), 'widthPnts': np.int64(213), 'widthMs': np.float64(2.13)}, {'halfHeight': 20, 'risingPnt': np.int64(29142), 'fallingPnt': np.int64(29326), 'widthPnts': np.int64(184), 'widthMs': np.float64(1.84)}, {'halfHeight': 50, 'risingPnt': np.int64(29157), 'fallingPnt': np.int64(29271), 'widthPnts': np.int64(114), 'widthMs': np.float64(1.14)}, {'halfHeight': 80, 'risingPnt': np.int64(29167), 'fallingPnt': np.int64(29227), 'widthPnts': np.int64(60), 'widthMs': np.float64(0.6)}, {'halfHeight': 90, 'risingPnt': np.int64(29171), 'fallingPnt': np.int64(29210), 'widthPnts': np.int64(39), 'widthMs': np.float64(0.39)}]",2.13,1.84,1.14,0.6,0.39,yes,,,,,,unknown,,,
229,stochastic-hh.sanpy,11,2,9.0,,dvdt,100.0,-40.0,0,"[10, 20, 50, 80, 90]",20260928,19:54:54,,,0.2.8.post45,ceeda3d8b38d399aaf1761b27ed8696acdeb9705,True,,229,4,0,[],,30416,0.30416000000000004,-41.33976668465538,24.181107320085705,30489,0.30489,40.141881611775894,81.48164829643127,0.7299999999999529,30747,0.30747,-69.73322162054185,30391.0,-45.89794305595814,30393,30403,0.1,-45.56506256309802,-43.92181379007512,16658.193912439518,,30468,13.933937334326787,248.29297093458726,30579,-2.651008213324795,-66.91825421407962,1305.0,13.05,76.62835249042145,1323.0,13.23,0.25,"[{'halfHeight': 10, 'risingPnt': np.int64(30438), 'fallingPnt': np.int64(30643), 'widthPnts': np.int64(205), 'widthMs': np.float64(2.05)}, {'halfHeight': 20, 'risingPnt': np.int64(30448), 'fallingPnt': np.int64(30626), 'widthPnts': np.int64(178), 'widthMs': np.float64(1.78)}, {'halfHeight': 50, 'risingPnt': np.int64(30462), 'fallingPnt': np.int64(30576), 'widthPnts': np.int64(114), 'widthMs': np.float64(1.14)}, {'halfHeight': 80, 'risingPnt': np.int64(30473), 'fallingPnt': np.int64(30529), 'widthPnts': np.int64(56), 'widthMs': np.float64(0.56)}, {'halfHeight': 90, 'risingPnt': np.int64(30477), 'fallingPnt': np.int64(30513), 'widthPnts': np.int64(36), 'widthMs': np.float64(0.36)}]",2.05,1.78,1.14,0.56,0.36,yes,,,,,,unknown,,,
230,stochastic-hh.sanpy,11,2,9.0,,dvdt,100.0,-40.0,0,"[10, 20, 50, 80, 90]",20260928,19:54:54,,,0.2.8.post45,ceeda3d8b38d399aaf1761b27ed8696acdeb9705,True,,230,5,0,[],,31679,0.31679,-41.17263873585994,27.41695429552977,31748,0.31748000000000004,44.58603277038414,85.75867150624408,0.6900000000000239,32009,0.32009,-70.01267641167246,31657.0,-45.89794305595814,31659,31668,0.09,-45.41220684213742,-43.72949392399638,18638.614735648654,,31728,17.64758149603036,277.27197270715175,31847,-4.275642869479934,-68.65913833351316,1263.0,12.63,79.1765637371338,1266.0,12.66,0.22,"[{'halfHeight': 10, 'risingPnt': np.int64(31699), 'fallingPnt': np.int64(31908), 'widthPnts': np.int64(209), 'widthMs': np.float64(2.09)}, {'halfHeight': 20, 'risingPnt': np.int64(31708), 'fallingPnt': np.int64(31890), 'widthPnts': np.int64(182), 'widthMs': np.float64(1.82)}, {'halfHeight': 50, 'risingPnt': np.int64(31722), 'fallingPnt': np.int64(31836), 'widthPnts': np.int64(114), 'widthMs': np.float64(1.14)}, {'halfHeight': 80, 'risingPnt': np.int64(31732), 'fallingPnt': np.int64(31790), 'widthPnts': np.int64(58), 'widthMs': np.float64(0.58)}, {'halfHeight': 90, 'risingPnt': np.int64(31736), 'fallingPnt': np.int64(31772), 'widthPnts': np.int64(36), 'widthMs': np.float64(0.36)}]",2.09,1.82,1.14,0.58,0.36,yes,,,,,,unknown,,,
231,stochastic-hh.sanpy,11,2,9.0,,dvdt,100.0,-40.0,0,"[10, 20, 50, 80, 90]",20260928,19:54:54,,,0.2.8.post45,ceeda3d8b38d399aaf1761b27ed8696acdeb9705,True,,231,6,0,[],,33059,0.33059,-43.03522851113033,25.603432749033427,33131,0.33131,44.782961584612174,87.8181900957425,0.7199999999999984,33400,0.334,-69.98829447863046,33052.0,-44.67882046762637,33053,33056,0.03,-44.34755383537071,-43.75150647767889,19351.156054062572,,33112,17.545472352223342,270.598575472631,33208,10.234358166014498,-65.83883540422123,1380.0,13.8,72.46376811594202,1395.0,13.95,0.07,"[{'halfHeight': 10, 'risingPnt': np.int64(33081), 'fallingPnt': np.int64(33302), 'widthPnts': np.int64(221), 'widthMs': np.float64(2.21)}, {'halfHeight': 20, 'risingPnt': np.int64(33091), 'fallingPnt': np.int64(33284), 'widthPnts': np.int64(193), 'widthMs': np.float64(1.93)}, {'halfHeight': 50, 'risingPnt': np.int64(33106), 'fallingPnt': np.int64(33227), 'widthPnts': np.int64(121), 'widthMs': np.float64(1.21)}, {'halfHeight': 80, 'risingPnt': np.int64(33116), 'fallingPnt': np.int64(33178), 'widthPnts': np.int64(62), 'widthMs': np.float64(0.62)}, {'halfHeight': 90, 'risingPnt': np.int64(33120), 'fallingPnt': np.int64(33160), 'widthPnts': np.int64(40), 'widthMs': np.float64(0.4)}]",2.21,1.93,1.21,0.62,0.4,yes,,,,,,unknown,,,
232,stochastic-hh.sanpy,11,2,9.0,,dvdt,100.0,-40.0,0,"[10, 20, 50, 80, 90]",20260928,19:54:54,,,0.2.8.post45,ceeda3d8b38d399aaf1761b27ed8696acdeb9705,True,,232,7,0,[],,34441,0.34441000000000005,-41.70954100322882,27.26028346323755,34511,0.34511000000000003,43.156041416622486,84.86558241985131,0.6999999999999784,34790,0.3479,-69.61941262656661,34427.0,-44.67882046762637,34428,34434,0.06,-44.46748102711458,-43.35632945695281,18307.415332992736,,34489,13.876358104725487,283.02608882154203,34709,-49.07590792824654,-66.41227164883729,1382.0,13.82,72.3589001447178,1375.0,13.75,0.14,"[{'halfHeight': 10, 'risingPnt': np.int64(34460), 'fallingPnt': np.int64(34679), 'widthPnts': np.int64(219), 'widthMs': np.float64(2.19)}, {'halfHeight': 20, 'risingPnt': np.int64(34470), 'fallingPnt': np.int64(34660), 'widthPnts': np.int64(190), 'widthMs': np.float64(1.9)}, {'halfHeight': 50, 'risingPnt': np.int64(34485), 'fallingPnt': np.int64(34600), 'widthPnts': np.int64(115), 'widthMs': np.float64(1.15)}, {'halfHeight': 80, 'risingPnt': np.int64(34494), 'fallingPnt': np.int64(34552), 'widthPnts': np.int64(58), 'widthMs': np.float64(0.58)}, {'halfHeight': 90, 'risingPnt': np.int64(34498), 'fallingPnt': np.int64(34534), 'widthPnts': np.int64(36), 'widthMs': np.float64(0.36)}]",2.19,1.9,1.15,0.58,0.36,yes,,,,,,unknown,,,
233,stochastic-hh.sanpy,11,2,9.0,,dvdt,100.0,-40.0,0,"[10, 20, 50, 80, 90]",20260928,19:54:54,,,0.2.8.post45,ceeda3d8b38d399aaf1761b27ed8696acdeb9705,True,,233,8,0,[],,35973,0.35973,-41.621656315360426,26.226934414658725,36046,0.36046,42.07946959575194,83.70112591111237,0.7300000000000084,36304,0.36304000000000003,-69.9843234843804,35959.0,-44.67882046762637,35960,35966,0.06,-44.43457023977417,-43.29268154166624,18593.117025875166,,36026,16.91101874916489,266.9183391377753,36096,20.184119784584226,-77.52197410193318,1532.0,15.32,65.27415143603133,1532.0,15.32,0.14,"[{'halfHeight': 10, 'risingPnt': np.int64(35993), 'fallingPnt': np.int64(36201), 'widthPnts': np.int64(208), 'widthMs': np.float64(2.08)}, {'halfHeight': 20, 'risingPnt': np.int64(36004), 'fallingPnt': np.int64(36183), 'widthPnts': np.int64(179), 'widthMs': np.float64(1.79)}, {'halfHeight': 50, 'risingPnt': np.int64(36020), 'fallingPnt': np.int64(36134), 'widthPnts': np.int64(114), 'widthMs': np.float64(1.14)}, {'halfHeight': 80, 'risingPnt': np.int64(36030), 'fallingPnt': np.int64(36089), 'widthPnts': np.int64(59), 'widthMs': np.float64(0.59)}, {'halfHeight': 90, 'risingPnt': np.int64(36034), 'fallingPnt': np.int64(36073), 'widthPnts': np.int64(39), 'widthMs': np.float64(0.39)}]",2.08,1.79,1.14,0.59,0.39,yes,,,,,,unknown,,,
234,stochastic-hh.sanpy,11,2,9.0,,dvdt,100.0,-40.0,0,"[10, 20, 50, 80, 90]",20260928,19:54:54,,,0.2.8.post45,ceeda3d8b38d399aaf1761b27ed8696acdeb9705,True,,234,9,0,[],,37217,0.37217,-41.59872557621714,30.532309182196794,37283,0.37283,47.19944827776016,88.7981738539773,0.6599999999999939,37555,0.37555,-69.9109870406195,37206.0,-44.67882046762637,37207,37212,0.05,-44.27464838264795,-43.062434258109796,23674.942413749453,,37264,18.34255572049677,307.1135942502716,37364,8.624703178696754,-71.80243231883819,1244.0,12.44,80.38585209003216,1247.0,12.47,0.11,"[{'halfHeight': 10, 'risingPnt': np.int64(37237), 'fallingPnt': np.int64(37448), 'widthPnts': np.int64(211), 'widthMs': np.float64(2.11)}, {'halfHeight': 20, 'risingPnt': np.int64(37246), 'fallingPnt': np.int64(37429), 'widthPnts': np.int64(183), 'widthMs': np.float64(1.83)}, {'halfHeight': 50, 'risingPnt': np.int64(37259), 'fallingPnt': np.int64(37374), 'widthPnts': np.int64(115), 'widthMs': np.float64(1.15)}, {'halfHeight': 80, 'risingPnt': np.int64(37268), 'fallingPnt': np.int64(37326), 'widthPnts': np.int64(58), 'widthMs': np.float64(0.58)}, {'halfHeight': 90, 'risingPnt': np.int64(37272), 'fallingPnt': np.int64(37310), 'widthPnts': np.int64(38), 'widthMs': np.float64(0.38)}]",2.11,1.83,1.15,0.58,0.38,yes,,,,,,unknown,,,
235,stochastic-hh.sanpy,11,2,9.0,,dvdt,100.0,-40.0,0,"[10, 20, 50, 80, 90]",20260928,19:54:54,,,0.2.8.post45,ceeda3d8b38d399aaf1761b27ed8696acdeb9705,True,,235,10,0,[],,38593,0.38593,-41.57724401288421,28.7738481395884,38661,0.38661,45.721453356732034,87.29869736961624,0.6800000000000139,38935,0.38935000000000003,-69.8823631997261,38580.0,-44.67882046762637,38581,38586,0.05,-44.37392565831496,-43.38232273941482,19166.597106396872,,38640,17.621077060832395,289.76798210386517,38860,-49.2657002635971,-66.08274206016559,1376.0,13.76,72.67441860465117,1374.0,13.74,0.13,"[{'halfHeight': 10, 'risingPnt': np.int64(38612), 'fallingPnt': np.int64(38831), 'widthPnts': np.int64(219), 'widthMs': np.float64(2.19)}, {'halfHeight': 20, 'risingPnt': np.int64(38621), 'fallingPnt': np.int64(38813), 'widthPnts': np.int64(192), 'widthMs': np.float64(1.92)}, {'halfHeight': 50, 'risingPnt': np.int64(38635), 'fallingPnt': np.int64(38756), 'widthPnts': np.int64(121), 'widthMs': np.float64(1.21)}, {'halfHeight': 80, 'risingPnt': np.int64(38644), 'fallingPnt': np.int64(38703), 'widthPnts': np.int64(59), 'widthMs': np.float64(0.59)}, {'halfHeight': 90, 'risingPnt': np.int64(38648), 'fallingPnt': np.int64(38687), 'widthPnts': np.int64(39), 'widthMs': np.float64(0.39)}]",2.19,1.92,1.21,0.59,0.39,yes,,,,,,unknown,,,
236,stochastic-hh.sanpy,11,2,9.0,,dvdt,100.0,-40.0,0,"[10, 20, 50, 80, 90]",20260928,19:54:54,,,0.2.8.post45,ceeda3d8b38d399aaf1761b27ed8696acdeb9705,True,,236,11,0,[],,39961,0.39961,-42.35590884672787,28.681479528661207,40032,0.40032,47.458269468408986,89.81417831513686,0.7099999999999884,40305,0.40305,-69.94327969924116,39953.0,-44.67882046762637,39954,39957,0.03,-44.212524518705216,-43.44250410799574,25711.9842408534,,40010,17.11805906428574,291.81116494499344,40086,22.19851273409038,-76.48265353839469,1368.0,13.68,73.09941520467837,1373.0,13.73,0.08,"[{'halfHeight': 10, 'risingPnt': np.int64(39981), 'fallingPnt': np.int64(40194), 'widthPnts': np.int64(213), 'widthMs': np.float64(2.13)}, {'halfHeight': 20, 'risingPnt': np.int64(39991), 'fallingPnt': np.int64(40176), 'widthPnts': np.int64(185), 'widthMs': np.float64(1.85)}, {'halfHeight': 50, 'risingPnt': np.int64(40005), 'fallingPnt': np.int64(40122), 'widthPnts': np.int64(117), 'widthMs': np.float64(1.17)}, {'halfHeight': 80, 'risingPnt': np.int64(40015), 'fallingPnt': np.int64(40073), 'widthPnts': np.int64(58), 'widthMs': np.float64(0.58)}, {'halfHeight': 90, 'risingPnt': np.int64(40019), 'fallingPnt': np.int64(40057), 'widthPnts': np.int64(38), 'widthMs': np.float64(0.38)}]",2.13,1.85,1.17,0.58,0.38,yes,,,,,,unknown,,,
237,stochastic-hh.sanpy,11,2,9.0,,dvdt,100.0,-40.0,0,"[10, 20, 50, 80, 90]",20260928,19:54:54,,,0.2.8.post45,ceeda3d8b38d399aaf1761b27ed8696acdeb9705,True,,237,12,0,[],,41345,0.41345,-41.53434277765514,26.485260301454133,41417,0.41417000000000004,43.98941733141022,85.52376010906536,0.7200000000000539,41680,0.4168,-69.95056746100478,41331.0,-44.67882046762637,41332,41338,0.06,-44.40488243815623,-43.254161553938566,18738.562234237837,,41397,18.462964570354295,274.81649454129615,41605,-49.781810862277005,-68.17228479366993,1384.0,13.84,72.25433526011561,1378.0,13.78,0.14,"[{'halfHeight': 10, 'risingPnt': np.int64(41366), 'fallingPnt': np.int64(41577), 'widthPnts': np.int64(211), 'widthMs': np.float64(2.11)}, {'halfHeight': 20, 'risingPnt': np.int64(41377), 'fallingPnt': np.int64(41560), 'widthPnts': np.int64(183), 'widthMs': np.float64(1.83)}, {'halfHeight': 50, 'risingPnt': np.int64(41391), 'fallingPnt': np.int64(41507), 'widthPnts': np.int64(116), 'widthMs': np.float64(1.16)}, {'halfHeight': 80, 'risingPnt': np.int64(41401), 'fallingPnt': np.int64(41460), 'widthPnts': np.int64(59), 'widthMs': np.float64(0.59)}, {'halfHeight': 90, 'risingPnt': np.int64(41405), 'fallingPnt': np.int64(41444), 'widthPnts': np.int64(39), 'widthMs': np.float64(0.39)}]",2.11,1.83,1.16,0.59,0.39,yes,,,,,,unknown,,,
238,stochastic-hh.sanpy,11,2,9.0,,dvdt,100.0,-40.0,0,"[10, 20, 50, 80, 90]",20260928,19:54:54,,,0.2.8.post45,ceeda3d8b38d399aaf1761b27ed8696acdeb9705,True,,238,13,0,[],,42905,0.42905,-40.375693710915826,26.587267736783843,42974,0.42974,43.276501479569255,83.65219519048509,0.6900000000000239,43230,0.4323,-70.0020724737615,42886.0,-44.67882046762637,42888,42896,0.08,-44.21053072858495,-42.57570911803426,20306.14265175866,,42953,13.350713935138025,270.3963111789219,43024,21.030568113002857,-68.9244625714535,1560.0,15.6,64.1025641025641,1555.0,15.55,0.19,"[{'halfHeight': 10, 'risingPnt': np.int64(42926), 'fallingPnt': np.int64(43122), 'widthPnts': np.int64(196), 'widthMs': np.float64(1.96)}, {'halfHeight': 20, 'risingPnt': np.int64(42935), 'fallingPnt': np.int64(43106), 'widthPnts': np.int64(171), 'widthMs': np.float64(1.71)}, {'halfHeight': 50, 'risingPnt': np.int64(42949), 'fallingPnt': np.int64(43058), 'widthPnts': np.int64(109), 'widthMs': np.float64(1.09)}, {'halfHeight': 80, 'risingPnt': np.int64(42958), 'fallingPnt': np.int64(43016), 'widthPnts': np.int64(58), 'widthMs': np.float64(0.58)}, {'halfHeight': 90, 'risingPnt': np.int64(42963), 'fallingPnt': np.int64(43000), 'widthPnts': np.int64(37), 'widthMs': np.float64(0.37)}]",1.96,1.71,1.09,0.58,0.37,yes,,,,,,unknown,,,
239,stochastic-hh.sanpy,11,2,9.0,,dvdt,100.0,-40.0,0,"[10, 20, 50, 80, 90]",20260928,19:54:54,,,0.2.8.post45,ceeda3d8b38d399aaf1761b27ed8696acdeb9705,True,,239,14,0,[],,44310,0.44310000000000005,-41.46538168953868,25.704339586235157,44381,0.44381,43.15708829487121,84.62246998440989,0.7099999999999329,44647,0.44647000000000003,-70.12805616254141,44294.0,-44.67882046762637,44296,44302,0.06,-44.37416958784232,-43.243869062290045,18660.182935725887,,44361,17.200787605699748,267.3190240068522,44579,-53.61611363800342,-69.04864429757899,1405.0,14.05,71.17437722419929,1408.0,14.08,0.16,"[{'halfHeight': 10, 'risingPnt': np.int64(44330), 'fallingPnt': np.int64(44544), 'widthPnts': np.int64(214), 'widthMs': np.float64(2.14)}, {'halfHeight': 20, 'risingPnt': np.int64(44340), 'fallingPnt': np.int64(44525), 'widthPnts': np.int64(185), 'widthMs': np.float64(1.85)}, {'halfHeight': 50, 'risingPnt': np.int64(44355), 'fallingPnt': np.int64(44470), 'widthPnts': np.int64(115), 'widthMs': np.float64(1.15)}, {'halfHeight': 80, 'risingPnt': np.int64(44365), 'fallingPnt': np.int64(44420), 'widthPnts': np.int64(55), 'widthMs': np.float64(0.55)}, {'halfHeight': 90, 'risingPnt': np.int64(44369), 'fallingPnt': np.int64(44404), 'widthPnts': np.int64(35), 'widthMs': np.float64(0.35)}]",2.14,1.85,1.15,0.55,0.35,yes,,,,,,unknown,,,
240,stochastic-hh.sanpy,11,2,9.0,,dvdt,100.0,-40.0,0,"[10, 20, 50, 80, 90]",20260928,19:54:54,,,0.2.8.post45,ceeda3d8b38d399aaf1761b27ed8696acdeb9705,True,,240,15,0,[],,45840,0.4584,-41.274900114019395,27.41063434898453,45907,0.45907,41.659159723248194,82.9340598372676,0.6700000000000039,46169,0.46169,-70.05188890521741,45815.0,-45.9002377374062,45817,45827,0.1,-45.63048123572186,-44.11724674488416,14794.96974734643,,45887,12.774534417921997,278.98175967572996,45940,30.112394542195936,-70.28921476272376,1530.0,15.3,65.359477124183,1521.0,15.21,0.25,"[{'halfHeight': 10, 'risingPnt': np.int64(45859), 'fallingPnt': np.int64(46067), 'widthPnts': np.int64(208), 'widthMs': np.float64(2.08)}, {'halfHeight': 20, 'risingPnt': np.int64(45868), 'fallingPnt': np.int64(46051), 'widthPnts': np.int64(183), 'widthMs': np.float64(1.83)}, {'halfHeight': 50, 'risingPnt': np.int64(45883), 'fallingPnt': np.int64(45996), 'widthPnts': np.int64(113), 'widthMs': np.float64(1.13)}, {'halfHeight': 80, 'risingPnt': np.int64(45892), 'fallingPnt': np.int64(45949), 'widthPnts': np.int64(57), 'widthMs': np.float64(0.57)}, {'halfHeight': 90, 'risingPnt': np.int64(45896), 'fallingPnt': np.int64(45935), 'widthPnts': np.int64(39), 'widthMs': np.float64(0.39)}]",2.08,1.83,1.13,0.57,0.39,yes,,,,,,unknown,,,
241,stochastic-hh.sanpy,11,2,9.0,,dvdt,100.0,-40.0,0,"[10, 20, 50, 80, 90]",20260928,19:54:54,,,0.2.8.post45,ceeda3d8b38d399aaf1761b27ed8696acdeb9705,True,,241,16,0,[],,47304,0.47304,-42.16690298899352,28.500544511549837,47374,0.47374,45.12929347729407,87.2961964662876,0.6999999999999784,47647,0.47647,-70.02091734820203,47286.0,-45.9002377374062,47288,47295,0.07,-45.594583412759185,-44.318296305983665,18230.346036807317,,47355,19.515542865655355,291.7060564871145,47413,29.576185355926572,-65.61638360421918,1464.0,14.64,68.30601092896175,1471.0,14.71,0.18,"[{'halfHeight': 10, 'risingPnt': np.int64(47325), 'fallingPnt': np.int64(47546), 'widthPnts': np.int64(221), 'widthMs': np.float64(2.21)}, {'halfHeight': 20, 'risingPnt': np.int64(47335), 'fallingPnt': np.int64(47528), 'widthPnts': np.int64(193), 'widthMs': np.float64(1.93)}, {'halfHeight': 50, 'risingPnt': np.int64(47349), 'fallingPnt': np.int64(47468), 'widthPnts': np.int64(119), 'widthMs': np.float64(1.19)}, {'halfHeight': 80, 'risingPnt': np.int64(47358), 'fallingPnt': np.int64(47417), 'widthPnts': np.int64(59), 'widthMs': np.float64(0.59)}, {'halfHeight': 90, 'risingPnt': np.int64(47362), 'fallingPnt': np.int64(47400), 'widthPnts': np.int64(38), 'widthMs': np.float64(0.38)}]",2.21,1.93,1.19,0.59,0.38,yes,,,,,,unknown,,,
242,stochastic-hh.sanpy,11,2,9.0,,dvdt,100.0,-40.0,0,"[10, 20, 50, 80, 90]",20260928,19:54:54,,,0.2.8.post45,ceeda3d8b38d399aaf1761b27ed8696acdeb9705,True,,242,17,0,[],,48591,0.48591,-42.74439784122912,25.169503521277598,48670,0.48669999999999997,42.57737893543745,85.32177677666658,0.7899999999999574,48939,0.48939,-69.7475636638627,48575.0,-45.9002377374062,48577,48583,0.06,-45.60674026595329,-44.538508057619254,17454.456759885612,,48649,14.712271027349079,257.5618428506392,48699,30.87122401663248,-71.48984989774594,1287.0,12.87,77.7000777000777,1289.0,12.89,0.16,"[{'halfHeight': 10, 'risingPnt': np.int64(48615), 'fallingPnt': np.int64(48837), 'widthPnts': np.int64(222), 'widthMs': np.float64(2.22)}, {'halfHeight': 20, 'risingPnt': np.int64(48627), 'fallingPnt': np.int64(48818), 'widthPnts': np.int64(191), 'widthMs': np.float64(1.91)}, {'halfHeight': 50, 'risingPnt': np.int64(48643), 'fallingPnt': np.int64(48758), 'widthPnts': np.int64(115), 'widthMs': np.float64(1.15)}, {'halfHeight': 80, 'risingPnt': np.int64(48654), 'fallingPnt': np.int64(48708), 'widthPnts': np.int64(54), 'widthMs': np.float64(0.54)}, {'halfHeight': 90, 'risingPnt': np.int64(48658), 'fallingPnt': np.int64(48695), 'widthPnts': np.int64(37), 'widthMs': np.float64(0.37)}]",2.22,1.91,1.15,0.54,0.37,yes,,,,,,unknown,,,
243,stochastic-hh.sanpy,11,2,9.0,,dvdt,100.0,-40.0,0,"[10, 20, 50, 80, 90]",20260928,19:54:54,,,0.2.8.post45,ceeda3d8b38d399aaf1761b27ed8696acdeb9705,True,,243,18,0,[],,49894,0.49894,-42.04010480644671,27.536754126490763,49964,0.49964,43.801582047128655,85.84168685357537,0.6999999999999784,50232,0.50232,-69.90973235683884,49874.0,-45.9002377374062,49876,49884,0.08,-45.53847400376755,-44.294040920982724,15243.433590479655,,49945,16.483579086685147,282.03248695061774,50004,28.313480306819606,-65.07268745378387,1303.0,13.03,76.74597083653109,1299.0,12.99,0.2,"[{'halfHeight': 10, 'risingPnt': np.int64(49915), 'fallingPnt': np.int64(50132), 'widthPnts': np.int64(217), 'widthMs': np.float64(2.17)}, {'halfHeight': 20, 'risingPnt': np.int64(49925), 'fallingPnt': np.int64(50113), 'widthPnts': np.int64(188), 'widthMs': np.float64(1.88)}, {'halfHeight': 50, 'risingPnt': np.int64(49940), 'fallingPnt': np.int64(50058), 'widthPnts': np.int64(118), 'widthMs': np.float64(1.18)}, {'halfHeight': 80, 'risingPnt': np.int64(49949), 'fallingPnt': np.int64(50007), 'widthPnts': np.int64(58), 'widthMs': np.float64(0.58)}, {'halfHeight': 90, 'risingPnt': np.int64(49953), 'fallingPnt': np.int64(49992), 'widthPnts': np.int64(39), 'widthMs': np.float64(0.39)}]",2.17,1.88,1.18,0.58,0.39,yes,,,,,,unknown,,,
244,stochastic-hh.sanpy,11,2,9.0,,dvdt,100.0,-40.0,0,"[10, 20, 50, 80, 90]",20260928,19:54:54,,,0.2.8.post45,ceeda3d8b38d399aaf1761b27ed8696acdeb9705,True,,244,19,0,[],,51165,0.5116499999999999,-42.13463001232677,28.03558412263954,51235,0.51235,44.631398728294705,86.76602874062146,0.7000000000000339,51514,0.5151399999999999,-69.7651116075497,51148.0,-45.9002377374062,51150,51156,0.06,-45.548704990901264,-44.38829550198602,19023.36790103972,,51215,15.787760055023426,281.53187317620825,51277,27.118369910922343,-75.69514950714488,1271.0,12.71,78.67820613690007,1274.0,12.74,0.17,"[{'halfHeight': 10, 'risingPnt': np.int64(51185), 'fallingPnt': np.int64(51405), 'widthPnts': np.int64(220), 'widthMs': np.float64(2.2)}, {'halfHeight': 20, 'risingPnt': np.int64(51195), 'fallingPnt': np.int64(51385), 'widthPnts': np.int64(190), 'widthMs': np.float64(1.9)}, {'halfHeight': 50, 'risingPnt': np.int64(51210), 'fallingPnt': np.int64(51324), 'widthPnts': np.int64(114), 'widthMs': np.float64(1.14)}, {'halfHeight': 80, 'risingPnt': np.int64(51220), 'fallingPnt': np.int64(51277), 'widthPnts': np.int64(57), 'widthMs': np.float64(0.57)}, {'halfHeight': 90, 'risingPnt': np.int64(51224), 'fallingPnt': np.int64(51261), 'widthPnts': np.int64(37), 'widthMs': np.float64(0.37)}]",2.2,1.9,1.14,0.57,0.37,yes,,,,,,unknown,,,
245,stochastic-hh.sanpy,11,2,9.0,,dvdt,100.0,-40.0,0,"[10, 20, 50, 80, 90]",20260928,19:54:54,,,0.2.8.post45,ceeda3d8b38d399aaf1761b27ed8696acdeb9705,True,,245,20,0,[],,52561,0.52561,-41.79371353097317,27.207231756103482,52630,0.5263,44.37893033393217,86.17264386490534,0.6899999999999684,52898,0.52898,-70.00870095863674,52541.0,-45.9002377374062,52543,52551,0.08,-45.49849706834725,-44.10602329431615,17207.23814345519,,52611,16.54813630450097,282.2347310659013,52825,-52.21659763589301,-69.99917558501167,1396.0,13.96,71.63323782234957,1393.0,13.93,0.2,"[{'halfHeight': 10, 'risingPnt': np.int64(52580), 'fallingPnt': np.int64(52793), 'widthPnts': np.int64(213), 'widthMs': np.float64(2.13)}, {'halfHeight': 20, 'risingPnt': np.int64(52591), 'fallingPnt': np.int64(52774), 'widthPnts': np.int64(183), 'widthMs': np.float64(1.83)}, {'halfHeight': 50, 'risingPnt': np.int64(52606), 'fallingPnt': np.int64(52719), 'widthPnts': np.int64(113), 'widthMs': np.float64(1.13)}, {'halfHeight': 80, 'risingPnt': np.int64(52615), 'fallingPnt': np.int64(52671), 'widthPnts': np.int64(56), 'widthMs': np.float64(0.56)}, {'halfHeight': 90, 'risingPnt': np.int64(52619), 'fallingPnt': np.int64(52655), 'widthPnts': np.int64(36), 'widthMs': np.float64(0.36)}]",2.13,1.83,1.13,0.56,0.36,yes,,,,,,unknown,,,
246,stochastic-hh.sanpy,11,2,9.0,,dvdt,100.0,-40.0,0,"[10, 20, 50, 80, 90]",20260928,19:54:54,,,0.2.8.post45,ceeda3d8b38d399aaf1761b27ed8696acdeb9705,True,,246,21,0,[],,53812,0.53812,-41.9794526813513,27.271001152290502,53884,0.53884,42.960887465742246,84.94034014709354,0.7199999999999429,54142,0.54142,-69.78488284513402,53793.0,-45.9002377374062,53795,53803,0.08,-45.51620063611448,-44.1292021686149,16881.597980541577,,53864,15.984468829546604,276.9068257956791,53937,20.56768226592382,-72.90043601710218,1251.0,12.51,79.93605115907275,1252.0,12.52,0.19,"[{'halfHeight': 10, 'risingPnt': np.int64(53834), 'fallingPnt': np.int64(54042), 'widthPnts': np.int64(208), 'widthMs': np.float64(2.08)}, {'halfHeight': 20, 'risingPnt': np.int64(53844), 'fallingPnt': np.int64(54024), 'widthPnts': np.int64(180), 'widthMs': np.float64(1.8)}, {'halfHeight': 50, 'risingPnt': np.int64(53859), 'fallingPnt': np.int64(53973), 'widthPnts': np.int64(114), 'widthMs': np.float64(1.14)}, {'halfHeight': 80, 'risingPnt': np.int64(53868), 'fallingPnt': np.int64(53928), 'widthPnts': np.int64(60), 'widthMs': np.float64(0.6)}, {'halfHeight': 90, 'risingPnt': np.int64(53872), 'fallingPnt': np.int64(53909), 'widthPnts': np.int64(37), 'widthMs': np.float64(0.37)}]",2.08,1.8,1.14,0.6,0.37,yes,,,,,,unknown,,,
247,stochastic-hh.sanpy,11,2,9.0,,dvdt,100.0,-40.0,0,"[10, 20, 50, 80, 90]",20260928,19:54:54,,,0.2.8.post45,ceeda3d8b38d399aaf1761b27ed8696acdeb9705,True,,247,22,0,[],,55270,0.5527000000000001,-42.58595748809154,27.595687537998874,55344,0.55344,44.607839320956096,87.19379680904763,0.7399999999999629,55611,0.55611,-69.93748873520529,55254.0,-45.9002377374062,55256,55262,0.06,-45.52175924177234,-44.442335594017855,17712.10232393153,,55322,15.763364916949234,280.95146254020796,55401,19.100357556078222,-70.20050089879594,1458.0,14.58,68.58710562414267,1461.0,14.61,0.16,"[{'halfHeight': 10, 'risingPnt': np.int64(55291), 'fallingPnt': np.int64(55507), 'widthPnts': np.int64(216), 'widthMs': np.float64(2.16)}, {'halfHeight': 20, 'risingPnt': np.int64(55302), 'fallingPnt': np.int64(55487), 'widthPnts': np.int64(185), 'widthMs': np.float64(1.85)}, {'halfHeight': 50, 'risingPnt': np.int64(55317), 'fallingPnt': np.int64(55435), 'widthPnts': np.int64(118), 'widthMs': np.float64(1.18)}, {'halfHeight': 80, 'risingPnt': np.int64(55327), 'fallingPnt': np.int64(55387), 'widthPnts': np.int64(60), 'widthMs': np.float64(0.6)}, {'halfHeight': 90, 'risingPnt': np.int64(55331), 'fallingPnt': np.int64(55369), 'widthPnts': np.int64(38), 'widthMs': np.float64(0.38)}]",2.16,1.85,1.18,0.6,0.38,yes,,,,,,unknown,,,
248,stochastic-hh.sanpy,11,2,9.0,,dvdt,100.0,-40.0,0,"[10, 20, 50, 80, 90]",20260928,19:54:54,,,0.2.8.post45,ceeda3d8b38d399aaf1761b27ed8696acdeb9705,True,,248,23,0,[],,56690,0.5669,-41.38883922247375,27.05726883796224,56758,0.5675800000000001,44.75498511197314,86.14382433444689,0.680000000000125,57032,0.57032,-69.67230735755533,56667.0,-45.9002377374062,56669,56679,0.1,-45.53475659491113,-43.92116595347001,15777.807878765763,,56739,18.098072314959126,280.72310284069107,56834,8.554933637185945,-69.33650025106253,1420.0,14.2,70.42253521126761,1413.0,14.13,0.23,"[{'halfHeight': 10, 'risingPnt': np.int64(56709), 'fallingPnt': np.int64(56924), 'widthPnts': np.int64(215), 'widthMs': np.float64(2.15)}, {'halfHeight': 20, 'risingPnt': np.int64(56719), 'fallingPnt': np.int64(56902), 'widthPnts': np.int64(183), 'widthMs': np.float64(1.83)}, {'halfHeight': 50, 'risingPnt': np.int64(56733), 'fallingPnt': np.int64(56846), 'widthPnts': np.int64(113), 'widthMs': np.float64(1.13)}, {'halfHeight': 80, 'risingPnt': np.int64(56743), 'fallingPnt': np.int64(56799), 'widthPnts': np.int64(56), 'widthMs': np.float64(0.56)}, {'halfHeight': 90, 'risingPnt': np.int64(56747), 'fallingPnt': np.int64(56784), 'widthPnts': np.int64(37), 'widthMs': np.float64(0.37)}]",2.15,1.83,1.13,0.56,0.37,yes,,,,,,unknown,,,
249,stochastic-hh.sanpy,11,2,9.0,,dvdt,100.0,-40.0,0,"[10, 20, 50, 80, 90]",20260928,19:54:54,,,0.2.8.post45,ceeda3d8b38d399aaf1761b27ed8696acdeb9705,True,,249,24,0,[],,57982,0.57982,-41.645778784417075,26.39858603842543,58055,0.5805499999999999,43.78779535575233,85.43357414016941,0.7299999999998974,58315,0.58315,-69.96774147063914,57958.0,-45.9002377374062,57960,57970,0.1,-45.64566689509366,-44.14650215412548,14760.769840961537,,58034,14.121775910736817,276.80313662964807,58111,18.969221455610146,-70.57534485693725,1292.0,12.92,77.39938080495357,1291.0,12.91,0.24,"[{'halfHeight': 10, 'risingPnt': np.int64(58004), 'fallingPnt': np.int64(58208), 'widthPnts': np.int64(204), 'widthMs': np.float64(2.04)}, {'halfHeight': 20, 'risingPnt': np.int64(58014), 'fallingPnt': np.int64(58192), 'widthPnts': np.int64(178), 'widthMs': np.float64(1.78)}, {'halfHeight': 50, 'risingPnt': np.int64(58029), 'fallingPnt': np.int64(58142), 'widthPnts': np.int64(113), 'widthMs': np.float64(1.13)}, {'halfHeight': 80, 'risingPnt': np.int64(58039), 'fallingPnt': np.int64(58099), 'widthPnts': np.int64(60), 'widthMs': np.float64(0.6)}, {'halfHeight': 90, 'risingPnt': np.int64(58043), 'fallingPnt': np.int64(58081), 'widthPnts': np.int64(38), 'widthMs': np.float64(0.38)}]",2.04,1.78,1.13,0.6,0.38,yes,,,,,,unknown,,,
250,stochastic-hh.sanpy,11,2,9.0,,dvdt,100.0,-40.0,0,"[10, 20, 50, 80, 90]",20260928,19:54:54,,,0.2.8.post45,ceeda3d8b38d399aaf1761b27ed8696acdeb9705,True,,250,25,0,[],,59267,0.5926699999999999,-41.017102003612635,26.804759291164387,59335,0.59335,45.12429506724734,86.14139707085997,0.680000000000125,59615,0.59615,-69.78536053580049,59244.0,-45.9002377374062,59246,59256,0.1,-45.4916309212332,-43.62061451496396,18622.363151886013,,59314,11.758380069266295,277.23769762186186,59384,24.6714628546233,-66.38468610403092,1285.0,12.85,77.82101167315174,1286.0,12.86,0.23,"[{'halfHeight': 10, 'risingPnt': np.int64(59287), 'fallingPnt': np.int64(59507), 'widthPnts': np.int64(220), 'widthMs': np.float64(2.2)}, {'halfHeight': 20, 'risingPnt': np.int64(59296), 'fallingPnt': np.int64(59485), 'widthPnts': np.int64(189), 'widthMs': np.float64(1.89)}, {'halfHeight': 50, 'risingPnt': np.int64(59311), 'fallingPnt': np.int64(59425), 'widthPnts': np.int64(114), 'widthMs': np.float64(1.14)}, {'halfHeight': 80, 'risingPnt': np.int64(59320), 'fallingPnt': np.int64(59379), 'widthPnts': np.int64(59), 'widthMs': np.float64(0.59)}, {'halfHeight': 90, 'risingPnt': np.int64(59324), 'fallingPnt': np.int64(59361), 'widthPnts': np.int64(37), 'widthMs': np.float64(0.37)}]",2.2,1.89,1.14,0.59,0.37,yes,,,,,,unknown,,,
251,stochastic-hh.sanpy,11,2,9.0,,dvdt,100.0,-40.0,0,"[10, 20, 50, 80, 90]",20260928,19:54:54,,,0.2.8.post45,ceeda3d8b38d399aaf1761b27ed8696acdeb9705,True,,251,26,0,[],,60617,0.60617,-41.56369492947479,26.31658747001015,60686,0.6068600000000001,43.00610215314583,84.56979708262062,0.6900000000000794,60957,0.6095700000000001,-69.9275379875191,60594.0,-45.9002377374062,60596,60606,0.1,-45.536635644717066,-43.91578337759782,15846.654526549317,,60665,14.314774860290212,271.79258965989,60715,33.010301923233555,-66.91875627454506,1350.0,13.5,74.07407407407408,1350.0,13.5,0.23,"[{'halfHeight': 10, 'risingPnt': np.int64(60636), 'fallingPnt': np.int64(60851), 'widthPnts': np.int64(215), 'widthMs': np.float64(2.15)}, {'halfHeight': 20, 'risingPnt': np.int64(60646), 'fallingPnt': np.int64(60832), 'widthPnts': np.int64(186), 'widthMs': np.float64(1.86)}, {'halfHeight': 50, 'risingPnt': np.int64(60660), 'fallingPnt': np.int64(60777), 'widthPnts': np.int64(117), 'widthMs': np.float64(1.17)}, {'halfHeight': 80, 'risingPnt': np.int64(60670), 'fallingPnt': np.int64(60729), 'widthPnts': np.int64(59), 'widthMs': np.float64(0.59)}, {'halfHeight': 90, 'risingPnt': np.int64(60674), 'fallingPnt': np.int64(60713), 'widthPnts': np.int64(39), 'widthMs': np.float64(0.39)}]",2.15,1.86,1.17,0.59,0.39,yes,,,,,,unknown,,,
252,stochastic-hh.sanpy,11,2,9.0,,dvdt,100.0,-40.0,0,"[10, 20, 50, 80, 90]",20260928,19:54:54,,,0.2.8.post45,ceeda3d8b38d399aaf1761b27ed8696acdeb9705,True,,252,27,0,[],,62078,0.62078,-40.4249637300225,28.200713783128066,62144,0.6214400000000001,42.806306273462525,83.23127000348502,0.660000000000105,62408,0.6240800000000001,-69.9950656487025,62049.0,-45.9002377374062,62052,62063,0.11,-45.49576742507772,-43.97074723735391,13174.513961416018,,62125,16.64414667667359,284.81006345722346,62187,25.094275529990036,-67.9556797051235,1461.0,14.61,68.44626967830253,1455.0,14.55,0.29,"[{'halfHeight': 10, 'risingPnt': np.int64(62097), 'fallingPnt': np.int64(62305), 'widthPnts': np.int64(208), 'widthMs': np.float64(2.08)}, {'halfHeight': 20, 'risingPnt': np.int64(62106), 'fallingPnt': np.int64(62287), 'widthPnts': np.int64(181), 'widthMs': np.float64(1.81)}, {'halfHeight': 50, 'risingPnt': np.int64(62120), 'fallingPnt': np.int64(62229), 'widthPnts': np.int64(109), 'widthMs': np.float64(1.09)}, {'halfHeight': 80, 'risingPnt': np.int64(62129), 'fallingPnt': np.int64(62186), 'widthPnts': np.int64(57), 'widthMs': np.float64(0.57)}, {'halfHeight': 90, 'risingPnt': np.int64(62133), 'fallingPnt': np.int64(62171), 'widthPnts': np.int64(38), 'widthMs': np.float64(0.38)}]",2.08,1.81,1.09,0.57,0.38,yes,,,,,,unknown,,,
253,stochastic-hh.sanpy,11,2,9.0,,dvdt,100.0,-40.0,0,"[10, 20, 50, 80, 90]",20260928,19:54:54,,,0.2.8.post45,ceeda3d8b38d399aaf1761b27ed8696acdeb9705,True,,253,28,0,[],,63442,0.63442,-41.46731956506185,28.25080798424503,63510,0.6351,45.02036772960814,86.48768729467,0.6800000000000139,63795,0.63795,-69.9070225146326,63422.0,-45.9002377374062,63424,63432,0.08,-45.42434807008029,-43.88397737295543,18891.075550478203,,63489,13.747280695784218,286.3525300974354,63544,32.3670641268127,-65.89095885826991,1364.0,13.64,73.31378299120234,1373.0,13.73,0.2,"[{'halfHeight': 10, 'risingPnt': np.int64(63461), 'fallingPnt': np.int64(63688), 'widthPnts': np.int64(227), 'widthMs': np.float64(2.27)}, {'halfHeight': 20, 'risingPnt': np.int64(63471), 'fallingPnt': np.int64(63667), 'widthPnts': np.int64(196), 'widthMs': np.float64(1.96)}, {'halfHeight': 50, 'risingPnt': np.int64(63485), 'fallingPnt': np.int64(63602), 'widthPnts': np.int64(117), 'widthMs': np.float64(1.17)}, {'halfHeight': 80, 'risingPnt': np.int64(63495), 'fallingPnt': np.int64(63552), 'widthPnts': np.int64(57), 'widthMs': np.float64(0.57)}, {'halfHeight': 90, 'risingPnt': np.int64(63499), 'fallingPnt': np.int64(63537), 'widthPnts': np.int64(38), 'widthMs': np.float64(0.38)}]",2.27,1.96,1.17,0.57,0.38,yes,,,,,,unknown,,,
254,stochastic-hh.sanpy,11,2,9.0,,dvdt,100.0,-40.0,0,"[10, 20, 50, 80, 90]",20260928,19:54:54,,,0.2.8.post45,ceeda3d8b38d399aaf1761b27ed8696acdeb9705,True,,254,29,0,[],,64639,0.64639,-42.32185337850383,28.537464412197515,64708,0.64708,47.92637361519343,90.24822699369726,0.6899999999999684,64975,0.64975,-70.06500739492647,64623.0,-45.9002377374062,64625,64631,0.06,-45.514480806690734,-44.30759782587741,19983.170077044924,,64688,20.890208184292668,291.34426350470915,64786,11.265825001175896,-70.86662346090056,1197.0,11.97,83.54218880534668,1201.0,12.01,0.16,"[{'halfHeight': 10, 'risingPnt': np.int64(64657), 'fallingPnt': np.int64(64875), 'widthPnts': np.int64(218), 'widthMs': np.float64(2.18)}, {'halfHeight': 20, 'risingPnt': np.int64(64668), 'fallingPnt': np.int64(64856), 'widthPnts': np.int64(188), 'widthMs': np.float64(1.88)}, {'halfHeight': 50, 'risingPnt': np.int64(64682), 'fallingPnt': np.int64(64800), 'widthPnts': np.int64(118), 'widthMs': np.float64(1.18)}, {'halfHeight': 80, 'risingPnt': np.int64(64692), 'fallingPnt': np.int64(64753), 'widthPnts': np.int64(61), 'widthMs': np.float64(0.61)}, {'halfHeight': 90, 'risingPnt': np.int64(64696), 'fallingPnt': np.int64(64736), 'widthPnts': np.int64(40), 'widthMs': np.float64(0.4)}]",2.18,1.88,1.18,0.61,0.4,yes,,,,,,unknown,,,
255,stochastic-hh.sanpy,11,2,9.0,,dvdt,100.0,-40.0,0,"[10, 20, 50, 80, 90]",20260928,19:54:54,,,0.2.8.post45,ceeda3d8b38d399aaf1761b27ed8696acdeb9705,True,,255,30,0,[],,66034,0.66034,-42.83360850480881,28.02152677494251,66104,0.66104,44.83210996786184,87.66571847267065,0.6999999999999229,66372,0.66372,-69.85635677032099,66021.0,-45.9002377374062,66022,66027,0.05,-45.59183450132457,-44.563036522549474,20249.637430284332,,66085,15.159879028333004,297.4911954702029,66198,1.1976255923178527,-65.83016909646453,1395.0,13.95,71.68458781362008,1398.0,13.98,0.13,"[{'halfHeight': 10, 'risingPnt': np.int64(66055), 'fallingPnt': np.int64(66271), 'widthPnts': np.int64(216), 'widthMs': np.float64(2.16)}, {'halfHeight': 20, 'risingPnt': np.int64(66066), 'fallingPnt': np.int64(66253), 'widthPnts': np.int64(187), 'widthMs': np.float64(1.87)}, {'halfHeight': 50, 'risingPnt': np.int64(66080), 'fallingPnt': np.int64(66199), 'widthPnts': np.int64(119), 'widthMs': np.float64(1.19)}, {'halfHeight': 80, 'risingPnt': np.int64(66090), 'fallingPnt': np.int64(66149), 'widthPnts': np.int64(59), 'widthMs': np.float64(0.59)}, {'halfHeight': 90, 'risingPnt': np.int64(66094), 'fallingPnt': np.int64(66133), 'widthPnts': np.int64(39), 'widthMs': np.float64(0.39)}]",2.16,1.87,1.19,0.59,0.39,yes,,,,,,unknown,,,
256,stochastic-hh.sanpy,11,2,9.0,,dvdt,100.0,-40.0,0,"[10, 20, 50, 80, 90]",20260928,19:54:54,,,0.2.8.post45,ceeda3d8b38d399aaf1761b27ed8696acdeb9705,True,,256,31,0,[],,67304,0.67304,-42.30177824085469,27.384394164252278,67375,0.67375,45.75282120751169,88.05459944836637,0.7099999999999884,67645,0.67645,-69.9708537527584,67288.0,-45.9002377374062,67290,67296,0.06,-45.47695257298114,-44.278672010651015,19588.53878770711,,67355,18.609548321882006,283.38881574979797,67427,23.36589646924639,-71.39303061830505,1270.0,12.7,78.74015748031496,1267.0,12.67,0.16,"[{'halfHeight': 10, 'risingPnt': np.int64(67324), 'fallingPnt': np.int64(67541), 'widthPnts': np.int64(217), 'widthMs': np.float64(2.17)}, {'halfHeight': 20, 'risingPnt': np.int64(67335), 'fallingPnt': np.int64(67519), 'widthPnts': np.int64(184), 'widthMs': np.float64(1.84)}, {'halfHeight': 50, 'risingPnt': np.int64(67349), 'fallingPnt': np.int64(67468), 'widthPnts': np.int64(119), 'widthMs': np.float64(1.19)}, {'halfHeight': 80, 'risingPnt': np.int64(67359), 'fallingPnt': np.int64(67418), 'widthPnts': np.int64(59), 'widthMs': np.float64(0.59)}, {'halfHeight': 90, 'risingPnt': np.int64(67363), 'fallingPnt': np.int64(67402), 'widthPnts': np.int64(39), 'widthMs': np.float64(0.39)}]",2.17,1.84,1.19,0.59,0.39,yes,,,,,,unknown,,,
257,stochastic-hh.sanpy,11,2,9.0,,dvdt,100.0,-40.0,0,"[10, 20, 50, 80, 90]",20260928,19:54:54,,,0.2.8.post45,ceeda3d8b38d399aaf1761b27ed8696acdeb9705,True,,257,32,0,[],,68596,0.68596,-41.765608220379704,28.588756711101116,68663,0.68663,44.56363110032993,86.32923932070963,0.6699999999999484,68933,0.68933,-69.98628312654976,68575.0,-45.9002377374062,68577,68585,0.08,-45.59589561363765,-44.257752270822955,16423.792682822786,,68644,17.884928375844346,289.1477397601427,68728,16.14858387318981,-70.53910648721723,1292.0,12.92,77.39938080495357,1287.0,12.87,0.21,"[{'halfHeight': 10, 'risingPnt': np.int64(68615), 'fallingPnt': np.int64(68826), 'widthPnts': np.int64(211), 'widthMs': np.float64(2.11)}, {'halfHeight': 20, 'risingPnt': np.int64(68624), 'fallingPnt': np.int64(68807), 'widthPnts': np.int64(183), 'widthMs': np.float64(1.83)}, {'halfHeight': 50, 'risingPnt': np.int64(68639), 'fallingPnt': np.int64(68755), 'widthPnts': np.int64(116), 'widthMs': np.float64(1.16)}, {'halfHeight': 80, 'risingPnt': np.int64(68648), 'fallingPnt': np.int64(68708), 'widthPnts': np.int64(60), 'widthMs': np.float64(0.6)}, {'halfHeight': 90, 'risingPnt': np.int64(68652), 'fallingPnt': np.int64(68691), 'widthPnts': np.int64(39), 'widthMs': np.float64(0.39)}]",2.11,1.83,1.16,0.6,0.39,yes,,,,,,unknown,,,
258,stochastic-hh.sanpy,11,2,9.0,,dvdt,100.0,-40.0,0,"[10, 20, 50, 80, 90]",20260928,19:54:54,,,0.2.8.post45,ceeda3d8b38d399aaf1761b27ed8696acdeb9705,True,,258,33,0,[],,69905,0.69905,-42.77009080959685,26.084013694220936,69980,0.6998,43.90603430536165,86.6761251149585,0.7500000000000284,70261,0.7026100000000001,-69.9426591667341,69897.0,-44.58989278028094,69898,69901,0.03,-44.35154525991248,-43.73702015208304,19952.018540576562,,69958,14.508710338215888,260.97350741613224,70022,27.30633724627086,-65.84627569987695,1309.0,13.09,76.39419404125287,1322.0,13.22,0.08,"[{'halfHeight': 10, 'risingPnt': np.int64(69927), 'fallingPnt': np.int64(70155), 'widthPnts': np.int64(228), 'widthMs': np.float64(2.28)}, {'halfHeight': 20, 'risingPnt': np.int64(69938), 'fallingPnt': np.int64(70134), 'widthPnts': np.int64(196), 'widthMs': np.float64(1.96)}, {'halfHeight': 50, 'risingPnt': np.int64(69953), 'fallingPnt': np.int64(70073), 'widthPnts': np.int64(120), 'widthMs': np.float64(1.2)}, {'halfHeight': 80, 'risingPnt': np.int64(69963), 'fallingPnt': np.int64(70024), 'widthPnts': np.int64(61), 'widthMs': np.float64(0.61)}, {'halfHeight': 90, 'risingPnt': np.int64(69967), 'fallingPnt': np.int64(70009), 'widthPnts': np.int64(42), 'widthMs': np.float64(0.42)}]",2.28,1.96,1.2,0.61,0.42,yes,,,,,,unknown,,,
259,stochastic-hh.sanpy,11,2,9.0,,dvdt,100.0,-40.0,0,"[10, 20, 50, 80, 90]",20260928,19:54:54,,,0.2.8.post45,ceeda3d8b38d399aaf1761b27ed8696acdeb9705,True,,259,34,0,[],,71221,0.71221,-42.64478160492315,26.589470101659508,71294,0.71294,44.217865549683395,86.86264715460655,0.7300000000000084,71567,0.7156699999999999,-69.83488240252116,71213.0,-44.58989278028094,71214,71217,0.03,-44.34145932785733,-43.64229748724367,23073.374078718618,,71273,13.671763151500572,278.88068012125984,71492,-49.09269970917439,-65.49610495066476,1316.0,13.16,75.98784194528875,1316.0,13.16,0.08,"[{'halfHeight': 10, 'risingPnt': np.int64(71242), 'fallingPnt': np.int64(71466), 'widthPnts': np.int64(224), 'widthMs': np.float64(2.24)}, {'halfHeight': 20, 'risingPnt': np.int64(71253), 'fallingPnt': np.int64(71445), 'widthPnts': np.int64(192), 'widthMs': np.float64(1.92)}, {'halfHeight': 50, 'risingPnt': np.int64(71269), 'fallingPnt': np.int64(71390), 'widthPnts': np.int64(121), 'widthMs': np.float64(1.21)}, {'halfHeight': 80, 'risingPnt': np.int64(71278), 'fallingPnt': np.int64(71338), 'widthPnts': np.int64(60), 'widthMs': np.float64(0.6)}, {'halfHeight': 90, 'risingPnt': np.int64(71282), 'fallingPnt': np.int64(71321), 'widthPnts': np.int64(39), 'widthMs': np.float64(0.39)}]",2.24,1.92,1.21,0.6,0.39,yes,,,,,,unknown,,,
260,stochastic-hh.sanpy,11,2,9.0,,dvdt,100.0,-40.0,0,"[10, 20, 50, 80, 90]",20260928,19:54:54,,,0.2.8.post45,ceeda3d8b38d399aaf1761b27ed8696acdeb9705,True,,260,35,0,[],,72506,0.7250599999999999,-42.54436012767906,29.331729176821007,72575,0.72575,45.67876428729671,88.22312441497577,0.6900000000000794,72844,0.7284400000000001,-69.98565548423974,72498.0,-44.58989278028094,72499,72502,0.03,-44.31495628116976,-43.62401755240115,22452.852458961013,,72554,15.188743145183995,301.38260900004104,72613,28.932809788492865,-79.18571950797907,1285.0,12.85,77.82101167315174,1285.0,12.85,0.08,"[{'halfHeight': 10, 'risingPnt': np.int64(72525), 'fallingPnt': np.int64(72741), 'widthPnts': np.int64(216), 'widthMs': np.float64(2.16)}, {'halfHeight': 20, 'risingPnt': np.int64(72535), 'fallingPnt': np.int64(72721), 'widthPnts': np.int64(186), 'widthMs': np.float64(1.86)}, {'halfHeight': 50, 'risingPnt': np.int64(72550), 'fallingPnt': np.int64(72665), 'widthPnts': np.int64(115), 'widthMs': np.float64(1.15)}, {'halfHeight': 80, 'risingPnt': np.int64(72559), 'fallingPnt': np.int64(72615), 'widthPnts': np.int64(56), 'widthMs': np.float64(0.56)}, {'halfHeight': 90, 'risingPnt': np.int64(72563), 'fallingPnt': np.int64(72600), 'widthPnts': np.int64(37), 'widthMs': np.float64(0.37)}]",2.16,1.86,1.15,0.56,0.37,yes,,,,,,unknown,,,
261,stochastic-hh.sanpy,11,2,9.0,,dvdt,100.0,-40.0,0,"[10, 20, 50, 80, 90]",20260928,19:54:54,,,0.2.8.post45,ceeda3d8b38d399aaf1761b27ed8696acdeb9705,True,,261,36,0,[],,73848,0.73848,-41.45874951486529,26.8678528832762,73914,0.73914,43.67394771521172,85.13269723007701,0.6599999999999939,74178,0.74178,-70.08115847991847,73834.0,-44.58989278028094,73835,73841,0.06,-44.303965959590066,-43.152958891955606,18872.566065933635,,73896,18.298094623813473,279.1983069082498,74008,0.6171230424846839,-70.1112206741731,1342.0,13.42,74.51564828614009,1336.0,13.36,0.14,"[{'halfHeight': 10, 'risingPnt': np.int64(73867), 'fallingPnt': np.int64(74078), 'widthPnts': np.int64(211), 'widthMs': np.float64(2.11)}, {'halfHeight': 20, 'risingPnt': np.int64(73876), 'fallingPnt': np.int64(74060), 'widthPnts': np.int64(184), 'widthMs': np.float64(1.84)}, {'halfHeight': 50, 'risingPnt': np.int64(73890), 'fallingPnt': np.int64(74008), 'widthPnts': np.int64(118), 'widthMs': np.float64(1.18)}, {'halfHeight': 80, 'risingPnt': np.int64(73900), 'fallingPnt': np.int64(73959), 'widthPnts': np.int64(59), 'widthMs': np.float64(0.59)}, {'halfHeight': 90, 'risingPnt': np.int64(73903), 'fallingPnt': np.int64(73943), 'widthPnts': np.int64(40), 'widthMs': np.float64(0.4)}]",2.11,1.84,1.18,0.59,0.4,yes,,,,,,unknown,,,
262,stochastic-hh.sanpy,11,3,0.0,,dvdt,100.0,-40.0,0,"[10, 20, 50, 80, 90]",20260928,19:54:54,,,0.2.8.post45,ceeda3d8b38d399aaf1761b27ed8696acdeb9705,True,,262,37,0,[],,90671,0.90671,-40.9385203077777,30.944616154273657,90733,0.9073300000000001,48.907347674277325,89.84586798205503,0.6200000000000649,91026,0.91026,-71.02332998705292,90655.0,-44.86315177628458,90657,90663,0.06,-44.366461243764526,-43.066383539363855,21154.693110103133,,90714,18.4672832133051,326.4094699592071,90932,-44.44038292591027,-64.85549831532943,16823.0,168.23,5.944243000653867,16821.0,168.21,0.16,"[{'halfHeight': 10, 'risingPnt': np.int64(90688), 'fallingPnt': np.int64(90909), 'widthPnts': np.int64(221), 'widthMs': np.float64(2.21)}, {'halfHeight': 20, 'risingPnt': np.int64(90697), 'fallingPnt': np.int64(90887), 'widthPnts': np.int64(190), 'widthMs': np.float64(1.9)}, {'halfHeight': 50, 'risingPnt': np.int64(90710), 'fallingPnt': np.int64(90832), 'widthPnts': np.int64(122), 'widthMs': np.float64(1.22)}, {'halfHeight': 80, 'risingPnt': np.int64(90718), 'fallingPnt': np.int64(90778), 'widthPnts': np.int64(60), 'widthMs': np.float64(0.6)}, {'halfHeight': 90, 'risingPnt': np.int64(90722), 'fallingPnt': np.int64(90761), 'widthPnts': np.int64(39), 'widthMs': np.float64(0.39)}]",2.21,1.9,1.22,0.6,0.39,yes,,,,,,unknown,,,
263,stochastic-hh.sanpy,12,1,0.0,,dvdt,100.0,-40.0,0,"[10, 20, 50, 80, 90]",20260928,19:54:54,,,0.2.8.post45,ceeda3d8b38d399aaf1761b27ed8696acdeb9705,True,,263,0,0,"[{'Spike': 0, 'Seconds': np.float64(0.1524), 'Sweep': 12, 'Epoch': 1, 'Type': 'Pre spike min under-run (mdp)', 'Details': 'Went past startPnt 0 searching for pre-spike min'}]",,15238,0.15238,-42.169587816824645,33.092521587946514,15301,0.15300999999999998,50.271542567569846,92.44113038439448,0.6299999999999917,15605,0.15605000000000002,-71.09241434291383,14594.0,-60.96783781874474,14658,14916,2.58,-60.598299437664615,-57.49139247773403,1284.5570230127591,,15281,14.645975287049044,332.69460324022776,15362,25.718696046158485,-68.94099267465353,,,,,,6.44,"[{'halfHeight': 10, 'risingPnt': np.int64(15256), 'fallingPnt': np.int64(15487), 'widthPnts': np.int64(231), 'widthMs': np.float64(2.31)}, {'halfHeight': 20, 'risingPnt': np.int64(15265), 'fallingPnt': np.int64(15468), 'widthPnts': np.int64(203), 'widthMs': np.float64(2.03)}, {'halfHeight': 50, 'risingPnt': np.int64(15278), 'fallingPnt': np.int64(15403), 'widthPnts': np.int64(125), 'widthMs': np.float64(1.25)}, {'halfHeight': 80, 'risingPnt': np.int64(15287), 'fallingPnt': np.int64(15352), 'widthPnts': np.int64(65), 'widthMs': np.float64(0.65)}, {'halfHeight': 90, 'risingPnt': np.int64(15290), 'fallingPnt': np.int64(15334), 'widthPnts': np.int64(44), 'widthMs': np.float64(0.44)}]",2.31,2.03,1.25,0.65,0.44,yes,,,,,,unknown,,,
264,stochastic-hh.sanpy,12,2,10.0,,dvdt,100.0,-40.0,0,"[10, 20, 50, 80, 90]",20260928,19:54:54,,,0.2.8.post45,ceeda3d8b38d399aaf1761b27ed8696acdeb9705,True,,264,1,0,[],,25135,0.25135,-41.650510039642285,36.228095519471424,25195,0.25195,51.42254079831039,93.07305083795268,0.5999999999999894,25485,0.25485,-69.98286740363304,25095.0,-50.029855370310855,25099,25115,0.16,-49.33797766745959,-46.769666106323584,16034.19210060943,,25177,21.21491791090016,366.29504999380396,25256,27.464356770999537,-61.65764647064709,9897.0,98.97,10.10407194099222,10501.0,105.01,0.4,"[{'halfHeight': 10, 'risingPnt': np.int64(25152), 'fallingPnt': np.int64(25381), 'widthPnts': np.int64(229), 'widthMs': np.float64(2.29)}, {'halfHeight': 20, 'risingPnt': np.int64(25160), 'fallingPnt': np.int64(25361), 'widthPnts': np.int64(201), 'widthMs': np.float64(2.01)}, {'halfHeight': 50, 'risingPnt': np.int64(25173), 'fallingPnt': np.int64(25303), 'widthPnts': np.int64(130), 'widthMs': np.float64(1.3)}, {'halfHeight': 80, 'risingPnt': np.int64(25181), 'fallingPnt': np.int64(25247), 'widthPnts': np.int64(66), 'widthMs': np.float64(0.66)}, {'halfHeight': 90, 'risingPnt': np.int64(25184), 'fallingPnt': np.int64(25226), 'widthPnts': np.int64(42), 'widthMs': np.float64(0.42)}]",2.29,2.01,1.3,0.66,0.42,yes,,,,,,unknown,,,
265,stochastic-hh.sanpy,12,2,10.0,,dvdt,100.0,-40.0,0,"[10, 20, 50, 80, 90]",20260928,19:54:54,,,0.2.8.post45,ceeda3d8b38d399aaf1761b27ed8696acdeb9705,True,,265,2,0,[],,26408,0.26408,-41.576385804001916,26.81324291787152,26476,0.26476,44.57169745818369,86.14808326218561,0.6800000000000139,26749,0.26749,-69.74608546117646,26344.0,-50.029855370310855,26350,26376,0.26,-49.585201288671215,-47.31183325469323,8781.870738106045,,26456,16.719530247263005,276.9706512094024,26529,22.13863511252304,-75.59425376480245,1273.0,12.73,78.55459544383346,1249.0,12.49,0.64,"[{'halfHeight': 10, 'risingPnt': np.int64(26428), 'fallingPnt': np.int64(26641), 'widthPnts': np.int64(213), 'widthMs': np.float64(2.13)}, {'halfHeight': 20, 'risingPnt': np.int64(26437), 'fallingPnt': np.int64(26621), 'widthPnts': np.int64(184), 'widthMs': np.float64(1.84)}, {'halfHeight': 50, 'risingPnt': np.int64(26451), 'fallingPnt': np.int64(26571), 'widthPnts': np.int64(120), 'widthMs': np.float64(1.2)}, {'halfHeight': 80, 'risingPnt': np.int64(26460), 'fallingPnt': np.int64(26522), 'widthPnts': np.int64(62), 'widthMs': np.float64(0.62)}, {'halfHeight': 90, 'risingPnt': np.int64(26464), 'fallingPnt': np.int64(26502), 'widthPnts': np.int64(38), 'widthMs': np.float64(0.38)}]",2.13,1.84,1.2,0.62,0.38,yes,,,,,,unknown,,,
266,stochastic-hh.sanpy,12,2,10.0,,dvdt,100.0,-40.0,0,"[10, 20, 50, 80, 90]",20260928,19:54:54,,,0.2.8.post45,ceeda3d8b38d399aaf1761b27ed8696acdeb9705,True,,266,3,0,[],,27832,0.27832,-41.278529239168684,27.873921047717225,27903,0.27903,44.51421432714726,85.79274356631595,0.7099999999999884,28173,0.28173000000000004,-69.94073055296872,27764.0,-50.029855370310855,27771,27798,0.27,-49.676177465028545,-47.32611764842481,8602.506866969981,,27882,17.768465635094014,279.9872972391856,28095,-48.00235493963648,-66.84720887356205,1424.0,14.24,70.2247191011236,1420.0,14.2,0.68,"[{'halfHeight': 10, 'risingPnt': np.int64(27852), 'fallingPnt': np.int64(28068), 'widthPnts': np.int64(216), 'widthMs': np.float64(2.16)}, {'halfHeight': 20, 'risingPnt': np.int64(27862), 'fallingPnt': np.int64(28050), 'widthPnts': np.int64(188), 'widthMs': np.float64(1.88)}, {'halfHeight': 50, 'risingPnt': np.int64(27876), 'fallingPnt': np.int64(27994), 'widthPnts': np.int64(118), 'widthMs': np.float64(1.18)}, {'halfHeight': 80, 'risingPnt': np.int64(27886), 'fallingPnt': np.int64(27944), 'widthPnts': np.int64(58), 'widthMs': np.float64(0.58)}, {'halfHeight': 90, 'risingPnt': np.int64(27890), 'fallingPnt': np.int64(27927), 'widthPnts': np.int64(37), 'widthMs': np.float64(0.37)}]",2.16,1.88,1.18,0.58,0.37,yes,,,,,,unknown,,,
267,stochastic-hh.sanpy,12,2,10.0,,dvdt,100.0,-40.0,0,"[10, 20, 50, 80, 90]",20260928,19:54:54,,,0.2.8.post45,ceeda3d8b38d399aaf1761b27ed8696acdeb9705,True,,267,4,0,[],,29394,0.29394,-41.02620070015189,26.877107911004966,29463,0.29463,43.994690734699375,85.02089143485126,0.6900000000000239,29723,0.29723,-69.98216938205334,29323.0,-50.029855370310855,29330,29359,0.29,-49.63014077875912,-47.539238768457054,6935.780807127747,,29444,17.690702340916584,279.6393767930065,29552,1.1660663103081343,-67.2688239446421,1562.0,15.62,64.02048655569783,1559.0,15.59,0.71,"[{'halfHeight': 10, 'risingPnt': np.int64(29414), 'fallingPnt': np.int64(29623), 'widthPnts': np.int64(209), 'widthMs': np.float64(2.09)}, {'halfHeight': 20, 'risingPnt': np.int64(29424), 'fallingPnt': np.int64(29604), 'widthPnts': np.int64(180), 'widthMs': np.float64(1.8)}, {'halfHeight': 50, 'risingPnt': np.int64(29438), 'fallingPnt': np.int64(29552), 'widthPnts': np.int64(114), 'widthMs': np.float64(1.14)}, {'halfHeight': 80, 'risingPnt': np.int64(29448), 'fallingPnt': np.int64(29505), 'widthPnts': np.int64(57), 'widthMs': np.float64(0.57)}, {'halfHeight': 90, 'risingPnt': np.int64(29452), 'fallingPnt': np.int64(29491), 'widthPnts': np.int64(39), 'widthMs': np.float64(0.39)}]",2.09,1.8,1.14,0.57,0.39,yes,,,,,,unknown,,,
268,stochastic-hh.sanpy,12,2,10.0,,dvdt,100.0,-40.0,0,"[10, 20, 50, 80, 90]",20260928,19:54:54,,,0.2.8.post45,ceeda3d8b38d399aaf1761b27ed8696acdeb9705,True,,268,5,0,[],,30624,0.30624,-41.488520974000885,26.289406621199046,30694,0.30694,44.48511353801054,85.97363451201142,0.6999999999999784,30966,0.30966000000000005,-69.8094340360313,30561.0,-50.029855370310855,30567,30593,0.26,-49.50042081364165,-46.90417882809976,9734.429562711754,,30673,15.080113114129961,275.89107732906473,30858,-29.14433436415266,-64.69296487349318,1230.0,12.3,81.30081300813008,1238.0,12.38,0.63,"[{'halfHeight': 10, 'risingPnt': np.int64(30644), 'fallingPnt': np.int64(30865), 'widthPnts': np.int64(221), 'widthMs': np.float64(2.21)}, {'halfHeight': 20, 'risingPnt': np.int64(30655), 'fallingPnt': np.int64(30849), 'widthPnts': np.int64(194), 'widthMs': np.float64(1.94)}, {'halfHeight': 50, 'risingPnt': np.int64(30668), 'fallingPnt': np.int64(30789), 'widthPnts': np.int64(121), 'widthMs': np.float64(1.21)}, {'halfHeight': 80, 'risingPnt': np.int64(30678), 'fallingPnt': np.int64(30738), 'widthPnts': np.int64(60), 'widthMs': np.float64(0.6)}, {'halfHeight': 90, 'risingPnt': np.int64(30682), 'fallingPnt': np.int64(30719), 'widthPnts': np.int64(37), 'widthMs': np.float64(0.37)}]",2.21,1.94,1.21,0.6,0.37,yes,,,,,,unknown,,,
269,stochastic-hh.sanpy,12,2,10.0,,dvdt,100.0,-40.0,0,"[10, 20, 50, 80, 90]",20260928,19:54:54,,,0.2.8.post45,ceeda3d8b38d399aaf1761b27ed8696acdeb9705,True,,269,6,0,[],,31879,0.31879,-41.145954409320986,28.327048091231728,31949,0.31949,43.32652337565505,84.47247778497604,0.6999999999999784,32218,0.32218,-69.69814972923454,31813.0,-50.029855370310855,31820,31846,0.26,-49.44330194318256,-46.77341218590869,10350.391143317236,,31927,15.091360523357555,283.3425421028511,32028,4.452213974070238,-72.19212356482102,1255.0,12.55,79.6812749003984,1252.0,12.52,0.66,"[{'halfHeight': 10, 'risingPnt': np.int64(31897), 'fallingPnt': np.int64(32110), 'widthPnts': np.int64(213), 'widthMs': np.float64(2.13)}, {'halfHeight': 20, 'risingPnt': np.int64(31908), 'fallingPnt': np.int64(32089), 'widthPnts': np.int64(181), 'widthMs': np.float64(1.81)}, {'halfHeight': 50, 'risingPnt': np.int64(31922), 'fallingPnt': np.int64(32034), 'widthPnts': np.int64(112), 'widthMs': np.float64(1.12)}, {'halfHeight': 80, 'risingPnt': np.int64(31932), 'fallingPnt': np.int64(31990), 'widthPnts': np.int64(58), 'widthMs': np.float64(0.58)}, {'halfHeight': 90, 'risingPnt': np.int64(31936), 'fallingPnt': np.int64(31973), 'widthPnts': np.int64(37), 'widthMs': np.float64(0.37)}]",2.13,1.81,1.12,0.58,0.37,yes,,,,,,unknown,,,
270,stochastic-hh.sanpy,12,2,10.0,,dvdt,100.0,-40.0,0,"[10, 20, 50, 80, 90]",20260928,19:54:54,,,0.2.8.post45,ceeda3d8b38d399aaf1761b27ed8696acdeb9705,True,,270,7,0,[],,33124,0.33124000000000003,-41.58355502299761,28.94450742739342,33191,0.33191000000000004,46.113552962954316,87.69710798595193,0.6700000000000039,33472,0.33472,-69.74798529747164,33065.0,-50.029855370310855,33071,33095,0.24,-49.56513644708362,-47.058462947653766,10167.26275152263,,33170,15.074878499968117,292.9141270563699,33247,22.57230776100756,-66.9240041090942,1245.0,12.45,80.32128514056225,1252.0,12.52,0.59,"[{'halfHeight': 10, 'risingPnt': np.int64(33143), 'fallingPnt': np.int64(33361), 'widthPnts': np.int64(218), 'widthMs': np.float64(2.18)}, {'halfHeight': 20, 'risingPnt': np.int64(33152), 'fallingPnt': np.int64(33340), 'widthPnts': np.int64(188), 'widthMs': np.float64(1.88)}, {'halfHeight': 50, 'risingPnt': np.int64(33166), 'fallingPnt': np.int64(33284), 'widthPnts': np.int64(118), 'widthMs': np.float64(1.18)}, {'halfHeight': 80, 'risingPnt': np.int64(33175), 'fallingPnt': np.int64(33236), 'widthPnts': np.int64(61), 'widthMs': np.float64(0.61)}, {'halfHeight': 90, 'risingPnt': np.int64(33179), 'fallingPnt': np.int64(33218), 'widthPnts': np.int64(39), 'widthMs': np.float64(0.39)}]",2.18,1.88,1.18,0.61,0.39,yes,,,,,,unknown,,,
271,stochastic-hh.sanpy,12,2,10.0,,dvdt,100.0,-40.0,0,"[10, 20, 50, 80, 90]",20260928,19:54:54,,,0.2.8.post45,ceeda3d8b38d399aaf1761b27ed8696acdeb9705,True,,271,8,0,[],,34400,0.344,-41.547742677786694,25.820011829077345,34470,0.3447,43.6571858969563,85.204928574743,0.7000000000000339,34733,0.34732999999999997,-69.67724650102585,34321.0,-50.029855370310855,34329,34361,0.32,-49.709024801078236,-47.44336713316274,6949.721042472032,,34451,16.77699056928097,267.2041877788712,34549,6.915841338193236,-66.21861296216225,1276.0,12.76,78.36990595611285,1256.0,12.56,0.79,"[{'halfHeight': 10, 'risingPnt': np.int64(34420), 'fallingPnt': np.int64(34628), 'widthPnts': np.int64(208), 'widthMs': np.float64(2.08)}, {'halfHeight': 20, 'risingPnt': np.int64(34430), 'fallingPnt': np.int64(34609), 'widthPnts': np.int64(179), 'widthMs': np.float64(1.79)}, {'halfHeight': 50, 'risingPnt': np.int64(34445), 'fallingPnt': np.int64(34559), 'widthPnts': np.int64(114), 'widthMs': np.float64(1.14)}, {'halfHeight': 80, 'risingPnt': np.int64(34455), 'fallingPnt': np.int64(34515), 'widthPnts': np.int64(60), 'widthMs': np.float64(0.6)}, {'halfHeight': 90, 'risingPnt': np.int64(34459), 'fallingPnt': np.int64(34500), 'widthPnts': np.int64(41), 'widthMs': np.float64(0.41)}]",2.08,1.79,1.14,0.6,0.41,yes,,,,,,unknown,,,
272,stochastic-hh.sanpy,12,2,10.0,,dvdt,100.0,-40.0,0,"[10, 20, 50, 80, 90]",20260928,19:54:54,,,0.2.8.post45,ceeda3d8b38d399aaf1761b27ed8696acdeb9705,True,,272,9,0,[],,35820,0.35819999999999996,-40.313977327598955,23.33870129543583,35893,0.35893,39.79227547699784,80.10625280459679,0.7300000000000639,36149,0.36149000000000003,-69.7826183297363,35724.0,-50.029855370310855,35734,35772,0.38,-49.659881398222744,-47.11566191878461,6544.416622187633,,35869,12.891619579865361,252.10333368755173,36085,-54.68269697609455,-68.66489412387027,1420.0,14.2,70.42253521126761,1403.0,14.03,0.96,"[{'halfHeight': 10, 'risingPnt': np.int64(35839), 'fallingPnt': np.int64(36047), 'widthPnts': np.int64(208), 'widthMs': np.float64(2.08)}, {'halfHeight': 20, 'risingPnt': np.int64(35849), 'fallingPnt': np.int64(36029), 'widthPnts': np.int64(180), 'widthMs': np.float64(1.8)}, {'halfHeight': 50, 'risingPnt': np.int64(35864), 'fallingPnt': np.int64(35980), 'widthPnts': np.int64(116), 'widthMs': np.float64(1.16)}, {'halfHeight': 80, 'risingPnt': np.int64(35874), 'fallingPnt': np.int64(35937), 'widthPnts': np.int64(63), 'widthMs': np.float64(0.63)}, {'halfHeight': 90, 'risingPnt': np.int64(35878), 'fallingPnt': np.int64(35919), 'widthPnts': np.int64(41), 'widthMs': np.float64(0.41)}]",2.08,1.8,1.16,0.63,0.41,yes,,,,,,unknown,,,
273,stochastic-hh.sanpy,12,2,10.0,,dvdt,100.0,-40.0,0,"[10, 20, 50, 80, 90]",20260928,19:54:54,,,0.2.8.post45,ceeda3d8b38d399aaf1761b27ed8696acdeb9705,True,,273,10,0,[],,37054,0.37054000000000004,-41.84024002746418,26.296642448148138,37123,0.37123,43.546622086144936,85.38686211360911,0.6899999999999684,37396,0.37395999999999996,-69.64676415727682,36996.0,-50.029855370310855,37002,37025,0.23,-49.54345407053777,-47.113570841854596,10331.21887556265,,37103,14.991288506946791,269.58361557417334,37155,31.550649780676924,-65.5843941122915,1234.0,12.34,81.03727714748784,1272.0,12.72,0.58,"[{'halfHeight': 10, 'risingPnt': np.int64(37074), 'fallingPnt': np.int64(37291), 'widthPnts': np.int64(217), 'widthMs': np.float64(2.17)}, {'halfHeight': 20, 'risingPnt': np.int64(37084), 'fallingPnt': np.int64(37273), 'widthPnts': np.int64(189), 'widthMs': np.float64(1.89)}, {'halfHeight': 50, 'risingPnt': np.int64(37098), 'fallingPnt': np.int64(37217), 'widthPnts': np.int64(119), 'widthMs': np.float64(1.19)}, {'halfHeight': 80, 'risingPnt': np.int64(37108), 'fallingPnt': np.int64(37164), 'widthPnts': np.int64(56), 'widthMs': np.float64(0.56)}, {'halfHeight': 90, 'risingPnt': np.int64(37112), 'fallingPnt': np.int64(37149), 'widthPnts': np.int64(37), 'widthMs': np.float64(0.37)}]",2.17,1.89,1.19,0.56,0.37,yes,,,,,,unknown,,,
274,stochastic-hh.sanpy,12,2,10.0,,dvdt,100.0,-40.0,0,"[10, 20, 50, 80, 90]",20260928,19:54:54,,,0.2.8.post45,ceeda3d8b38d399aaf1761b27ed8696acdeb9705,True,,274,11,0,[],,38436,0.38436000000000003,-42.24349519842213,24.494368390137453,38513,0.38513,40.7765076094617,83.02000280788383,0.7699999999999374,38776,0.38776,-69.75340075776938,38356.0,-50.029855370310855,38364,38396,0.32,-49.73390756124014,-47.84794829427001,5855.865617221888,,38491,11.994389201576102,247.73143894348487,38573,11.321956689532977,-67.53580474536706,1382.0,13.82,72.3589001447178,1360.0,13.6,0.8,"[{'halfHeight': 10, 'risingPnt': np.int64(38459), 'fallingPnt': np.int64(38673), 'widthPnts': np.int64(214), 'widthMs': np.float64(2.14)}, {'halfHeight': 20, 'risingPnt': np.int64(38470), 'fallingPnt': np.int64(38657), 'widthPnts': np.int64(187), 'widthMs': np.float64(1.87)}, {'halfHeight': 50, 'risingPnt': np.int64(38486), 'fallingPnt': np.int64(38596), 'widthPnts': np.int64(110), 'widthMs': np.float64(1.1)}, {'halfHeight': 80, 'risingPnt': np.int64(38497), 'fallingPnt': np.int64(38551), 'widthPnts': np.int64(54), 'widthMs': np.float64(0.54)}, {'halfHeight': 90, 'risingPnt': np.int64(38500), 'fallingPnt': np.int64(38536), 'widthPnts': np.int64(36), 'widthMs': np.float64(0.36)}]",2.14,1.87,1.1,0.54,0.36,yes,,,,,,unknown,,,
275,stochastic-hh.sanpy,12,2,10.0,,dvdt,100.0,-40.0,0,"[10, 20, 50, 80, 90]",20260928,19:54:54,,,0.2.8.post45,ceeda3d8b38d399aaf1761b27ed8696acdeb9705,True,,275,12,0,[],,40193,0.40193,-42.11362145885028,22.01370489515003,40272,0.40272,37.42748196126218,79.54110342011246,0.7900000000000129,40527,0.40526999999999996,-69.6270754297278,40069.0,-50.029855370310855,40081,40131,0.5,-49.892344001906956,-48.30267102002242,3304.029983497998,,40249,11.234991272461809,223.4711170084029,40318,18.60242486798893,-70.60026257658699,1757.0,17.57,56.91519635742744,1713.0,17.13,1.24,"[{'halfHeight': 10, 'risingPnt': np.int64(40215), 'fallingPnt': np.int64(40428), 'widthPnts': np.int64(213), 'widthMs': np.float64(2.13)}, {'halfHeight': 20, 'risingPnt': np.int64(40226), 'fallingPnt': np.int64(40410), 'widthPnts': np.int64(184), 'widthMs': np.float64(1.84)}, {'halfHeight': 50, 'risingPnt': np.int64(40243), 'fallingPnt': np.int64(40356), 'widthPnts': np.int64(113), 'widthMs': np.float64(1.13)}, {'halfHeight': 80, 'risingPnt': np.int64(40254), 'fallingPnt': np.int64(40314), 'widthPnts': np.int64(60), 'widthMs': np.float64(0.6)}, {'halfHeight': 90, 'risingPnt': np.int64(40259), 'fallingPnt': np.int64(40295), 'widthPnts': np.int64(36), 'widthMs': np.float64(0.36)}]",2.13,1.84,1.13,0.6,0.36,yes,,,,,,unknown,,,
276,stochastic-hh.sanpy,12,2,10.0,,dvdt,100.0,-40.0,0,"[10, 20, 50, 80, 90]",20260928,19:54:54,,,0.2.8.post45,ceeda3d8b38d399aaf1761b27ed8696acdeb9705,True,,276,13,0,[],,41470,0.4147,-42.363984368579096,24.86941125469275,41543,0.41543,42.869189789376975,85.23317415795607,0.7300000000000084,41807,0.41807,-69.3898119661657,41455.0,-45.40183373608705,41457,41463,0.06,-45.0561355995737,-43.929030230500445,18362.305763315544,,41523,18.990212786789257,262.0272920618286,41596,17.89610849387912,-63.73346352040452,1277.0,12.77,78.30853563038372,1386.0,13.86,0.15,"[{'halfHeight': 10, 'risingPnt': np.int64(41490), 'fallingPnt': np.int64(41697), 'widthPnts': np.int64(207), 'widthMs': np.float64(2.07)}, {'halfHeight': 20, 'risingPnt': np.int64(41501), 'fallingPnt': np.int64(41680), 'widthPnts': np.int64(179), 'widthMs': np.float64(1.79)}, {'halfHeight': 50, 'risingPnt': np.int64(41516), 'fallingPnt': np.int64(41628), 'widthPnts': np.int64(112), 'widthMs': np.float64(1.12)}, {'halfHeight': 80, 'risingPnt': np.int64(41526), 'fallingPnt': np.int64(41583), 'widthPnts': np.int64(57), 'widthMs': np.float64(0.57)}, {'halfHeight': 90, 'risingPnt': np.int64(41530), 'fallingPnt': np.int64(41567), 'widthPnts': np.int64(37), 'widthMs': np.float64(0.37)}]",2.07,1.79,1.12,0.57,0.37,yes,,,,,,unknown,,,
277,stochastic-hh.sanpy,12,2,10.0,,dvdt,100.0,-40.0,0,"[10, 20, 50, 80, 90]",20260928,19:54:54,,,0.2.8.post45,ceeda3d8b38d399aaf1761b27ed8696acdeb9705,True,,277,14,0,[],,42809,0.42808999999999997,-41.90803348739501,27.103123035076887,42883,0.42883,43.151054408891596,85.0590878962866,0.7400000000000184,43155,0.43155,-69.76798240674125,42793.0,-45.40183373608705,42795,42801,0.06,-44.941966719471026,-43.866431219968725,17617.685749854656,,42862,15.819184874270844,271.1141662568324,42925,24.147795960428198,-69.38290113934441,1339.0,13.39,74.6825989544436,1338.0,13.38,0.16,"[{'halfHeight': 10, 'risingPnt': np.int64(42830), 'fallingPnt': np.int64(43052), 'widthPnts': np.int64(222), 'widthMs': np.float64(2.22)}, {'halfHeight': 20, 'risingPnt': np.int64(42841), 'fallingPnt': np.int64(43032), 'widthPnts': np.int64(191), 'widthMs': np.float64(1.91)}, {'halfHeight': 50, 'risingPnt': np.int64(42857), 'fallingPnt': np.int64(42971), 'widthPnts': np.int64(114), 'widthMs': np.float64(1.14)}, {'halfHeight': 80, 'risingPnt': np.int64(42866), 'fallingPnt': np.int64(42923), 'widthPnts': np.int64(57), 'widthMs': np.float64(0.57)}, {'halfHeight': 90, 'risingPnt': np.int64(42871), 'fallingPnt': np.int64(42907), 'widthPnts': np.int64(36), 'widthMs': np.float64(0.36)}]",2.22,1.91,1.14,0.57,0.36,yes,,,,,,unknown,,,
278,stochastic-hh.sanpy,12,2,10.0,,dvdt,100.0,-40.0,0,"[10, 20, 50, 80, 90]",20260928,19:54:54,,,0.2.8.post45,ceeda3d8b38d399aaf1761b27ed8696acdeb9705,True,,278,15,0,[],,44022,0.44022,-42.03652301540257,28.272899090604263,44092,0.44092000000000003,44.637153899338124,86.6736769147407,0.7000000000000339,44353,0.44353,-69.87405439390706,44007.0,-45.40183373608705,44009,44015,0.06,-44.975755913524324,-43.8288389629551,18659.205552061656,,44072,16.225563125079255,285.4307153343136,44143,19.431290555212392,-80.42338982522429,1213.0,12.13,82.44023083264634,1214.0,12.14,0.15,"[{'halfHeight': 10, 'risingPnt': np.int64(44043), 'fallingPnt': np.int64(44248), 'widthPnts': np.int64(205), 'widthMs': np.float64(2.05)}, {'halfHeight': 20, 'risingPnt': np.int64(44052), 'fallingPnt': np.int64(44230), 'widthPnts': np.int64(178), 'widthMs': np.float64(1.78)}, {'halfHeight': 50, 'risingPnt': np.int64(44067), 'fallingPnt': np.int64(44181), 'widthPnts': np.int64(114), 'widthMs': np.float64(1.14)}, {'halfHeight': 80, 'risingPnt': np.int64(44076), 'fallingPnt': np.int64(44130), 'widthPnts': np.int64(54), 'widthMs': np.float64(0.54)}, {'halfHeight': 90, 'risingPnt': np.int64(44080), 'fallingPnt': np.int64(44116), 'widthPnts': np.int64(36), 'widthMs': np.float64(0.36)}]",2.05,1.78,1.14,0.54,0.36,yes,,,,,,unknown,,,
279,stochastic-hh.sanpy,12,2,10.0,,dvdt,100.0,-40.0,0,"[10, 20, 50, 80, 90]",20260928,19:54:54,,,0.2.8.post45,ceeda3d8b38d399aaf1761b27ed8696acdeb9705,True,,279,16,0,[],,45356,0.45356,-41.217159174621465,25.048921072269575,45426,0.45426,43.995894034237715,85.21305320885918,0.6999999999999784,45692,0.45692,-69.75399516471477,45335.0,-45.40183373608705,45337,45345,0.08,-44.99813341677626,-43.660048336052895,16542.762183793468,,45408,21.095417371849816,263.09795328244337,45476,23.497047908936576,-70.11486349883481,1334.0,13.34,74.96251874062969,1328.0,13.28,0.21,"[{'halfHeight': 10, 'risingPnt': np.int64(45376), 'fallingPnt': np.int64(45588), 'widthPnts': np.int64(212), 'widthMs': np.float64(2.12)}, {'halfHeight': 20, 'risingPnt': np.int64(45386), 'fallingPnt': np.int64(45572), 'widthPnts': np.int64(186), 'widthMs': np.float64(1.86)}, {'halfHeight': 50, 'risingPnt': np.int64(45401), 'fallingPnt': np.int64(45518), 'widthPnts': np.int64(117), 'widthMs': np.float64(1.17)}, {'halfHeight': 80, 'risingPnt': np.int64(45411), 'fallingPnt': np.int64(45471), 'widthPnts': np.int64(60), 'widthMs': np.float64(0.6)}, {'halfHeight': 90, 'risingPnt': np.int64(45415), 'fallingPnt': np.int64(45453), 'widthPnts': np.int64(38), 'widthMs': np.float64(0.38)}]",2.12,1.86,1.17,0.6,0.38,yes,,,,,,unknown,,,
280,stochastic-hh.sanpy,12,2,10.0,,dvdt,100.0,-40.0,0,"[10, 20, 50, 80, 90]",20260928,19:54:54,,,0.2.8.post45,ceeda3d8b38d399aaf1761b27ed8696acdeb9705,True,,280,17,0,[],,46624,0.46624,-41.12582704237364,27.08092114991431,46693,0.46693,43.6949282089438,84.82075525131745,0.6900000000000239,46962,0.46962,-69.72439143787165,46603.0,-45.40183373608705,46605,46613,0.08,-45.0012774857288,-43.6147499083206,17287.457741766553,,46672,17.485767426914965,274.83890105515275,46789,-3.920229536587703,-64.87587146599493,1268.0,12.68,78.86435331230284,1268.0,12.68,0.21,"[{'halfHeight': 10, 'risingPnt': np.int64(46643), 'fallingPnt': np.int64(46852), 'widthPnts': np.int64(209), 'widthMs': np.float64(2.09)}, {'halfHeight': 20, 'risingPnt': np.int64(46652), 'fallingPnt': np.int64(46832), 'widthPnts': np.int64(180), 'widthMs': np.float64(1.8)}, {'halfHeight': 50, 'risingPnt': np.int64(46666), 'fallingPnt': np.int64(46780), 'widthPnts': np.int64(114), 'widthMs': np.float64(1.14)}, {'halfHeight': 80, 'risingPnt': np.int64(46676), 'fallingPnt': np.int64(46731), 'widthPnts': np.int64(55), 'widthMs': np.float64(0.55)}, {'halfHeight': 90, 'risingPnt': np.int64(46680), 'fallingPnt': np.int64(46716), 'widthPnts': np.int64(36), 'widthMs': np.float64(0.36)}]",2.09,1.8,1.14,0.55,0.36,yes,,,,,,unknown,,,
281,stochastic-hh.sanpy,12,2,10.0,,dvdt,100.0,-40.0,0,"[10, 20, 50, 80, 90]",20260928,19:54:54,,,0.2.8.post45,ceeda3d8b38d399aaf1761b27ed8696acdeb9705,True,,281,18,0,[],,47870,0.4787,-41.0472511845279,28.377184528457683,47938,0.47938,44.704414090698286,85.75166527522619,0.6799999999999584,48200,0.482,-69.83698637054226,47850.0,-45.40183373608705,47852,47860,0.08,-44.979246276996754,-43.45682296081606,18840.692432600234,,47917,15.289530700751827,285.9426346004291,48136,-55.1861645108659,-68.16729080605086,1246.0,12.46,80.25682182985554,1247.0,12.47,0.2,"[{'halfHeight': 10, 'risingPnt': np.int64(47889), 'fallingPnt': np.int64(48096), 'widthPnts': np.int64(207), 'widthMs': np.float64(2.07)}, {'halfHeight': 20, 'risingPnt': np.int64(47899), 'fallingPnt': np.int64(48079), 'widthPnts': np.int64(180), 'widthMs': np.float64(1.8)}, {'halfHeight': 50, 'risingPnt': np.int64(47913), 'fallingPnt': np.int64(48027), 'widthPnts': np.int64(114), 'widthMs': np.float64(1.14)}, {'halfHeight': 80, 'risingPnt': np.int64(47922), 'fallingPnt': np.int64(47979), 'widthPnts': np.int64(57), 'widthMs': np.float64(0.57)}, {'halfHeight': 90, 'risingPnt': np.int64(47926), 'fallingPnt': np.int64(47962), 'widthPnts': np.int64(36), 'widthMs': np.float64(0.36)}]",2.07,1.8,1.14,0.57,0.36,yes,,,,,,unknown,,,
282,stochastic-hh.sanpy,12,2,10.0,,dvdt,100.0,-40.0,0,"[10, 20, 50, 80, 90]",20260928,19:54:54,,,0.2.8.post45,ceeda3d8b38d399aaf1761b27ed8696acdeb9705,True,,282,19,0,[],,49208,0.49207999999999996,-41.39425464641245,25.37895890498836,49280,0.4928,41.49746674166062,82.89172138807307,0.7200000000000539,49554,0.49554000000000004,-69.54601650623077,49188.0,-45.40183373608705,49190,49198,0.08,-45.061505946307236,-43.631213586821495,17588.991252423595,,49259,12.547674288208558,261.66764649369696,49324,22.328935056675057,-66.41718258114436,1338.0,13.38,74.73841554559043,1338.0,13.38,0.2,"[{'halfHeight': 10, 'risingPnt': np.int64(49229), 'fallingPnt': np.int64(49443), 'widthPnts': np.int64(214), 'widthMs': np.float64(2.14)}, {'halfHeight': 20, 'risingPnt': np.int64(49240), 'fallingPnt': np.int64(49423), 'widthPnts': np.int64(183), 'widthMs': np.float64(1.83)}, {'halfHeight': 50, 'risingPnt': np.int64(49255), 'fallingPnt': np.int64(49370), 'widthPnts': np.int64(115), 'widthMs': np.float64(1.15)}, {'halfHeight': 80, 'risingPnt': np.int64(49264), 'fallingPnt': np.int64(49320), 'widthPnts': np.int64(56), 'widthMs': np.float64(0.56)}, {'halfHeight': 90, 'risingPnt': np.int64(49268), 'fallingPnt': np.int64(49305), 'widthPnts': np.int64(37), 'widthMs': np.float64(0.37)}]",2.14,1.83,1.15,0.56,0.37,yes,,,,,,unknown,,,
283,stochastic-hh.sanpy,12,2,10.0,,dvdt,100.0,-40.0,0,"[10, 20, 50, 80, 90]",20260928,19:54:54,,,0.2.8.post45,ceeda3d8b38d399aaf1761b27ed8696acdeb9705,True,,283,20,0,[],,50420,0.5042,-42.03041530469027,26.42822359828586,50492,0.50492,42.931525974692555,84.96194127938283,0.7200000000000539,50766,0.50766,-69.76621195757916,50404.0,-45.40183373608705,50406,50412,0.06,-44.99701798295878,-43.9376073888569,17084.234092727864,,50473,18.35135492763222,268.2606572424433,50533,26.39215777432324,-64.96563824480383,1212.0,12.12,82.50825082508251,1216.0,12.16,0.16,"[{'halfHeight': 10, 'risingPnt': np.int64(50442), 'fallingPnt': np.int64(50662), 'widthPnts': np.int64(220), 'widthMs': np.float64(2.2)}, {'halfHeight': 20, 'risingPnt': np.int64(50452), 'fallingPnt': np.int64(50642), 'widthPnts': np.int64(190), 'widthMs': np.float64(1.9)}, {'halfHeight': 50, 'risingPnt': np.int64(50466), 'fallingPnt': np.int64(50585), 'widthPnts': np.int64(119), 'widthMs': np.float64(1.19)}, {'halfHeight': 80, 'risingPnt': np.int64(50476), 'fallingPnt': np.int64(50534), 'widthPnts': np.int64(58), 'widthMs': np.float64(0.58)}, {'halfHeight': 90, 'risingPnt': np.int64(50481), 'fallingPnt': np.int64(50519), 'widthPnts': np.int64(38), 'widthMs': np.float64(0.38)}]",2.2,1.9,1.19,0.58,0.38,yes,,,,,,unknown,,,
284,stochastic-hh.sanpy,12,2,10.0,,dvdt,100.0,-40.0,0,"[10, 20, 50, 80, 90]",20260928,19:54:54,,,0.2.8.post45,ceeda3d8b38d399aaf1761b27ed8696acdeb9705,True,,284,21,0,[],,51859,0.51859,-42.02236652526237,24.43676106944779,51936,0.51936,41.46673817814656,83.48910470340893,0.7700000000000484,52202,0.5220199999999999,-69.84256600904581,51847.0,-44.373996568513846,51848,51853,0.05,-44.1700246622797,-43.339866296466525,16164.85665513481,,51914,13.123073569540232,251.4287011637029,52135,-54.284906904864236,-67.83924207684052,1439.0,14.39,69.49270326615705,1443.0,14.43,0.12,"[{'halfHeight': 10, 'risingPnt': np.int64(51882), 'fallingPnt': np.int64(52096), 'widthPnts': np.int64(214), 'widthMs': np.float64(2.14)}, {'halfHeight': 20, 'risingPnt': np.int64(51893), 'fallingPnt': np.int64(52078), 'widthPnts': np.int64(185), 'widthMs': np.float64(1.85)}, {'halfHeight': 50, 'risingPnt': np.int64(51909), 'fallingPnt': np.int64(52022), 'widthPnts': np.int64(113), 'widthMs': np.float64(1.13)}, {'halfHeight': 80, 'risingPnt': np.int64(51919), 'fallingPnt': np.int64(51978), 'widthPnts': np.int64(59), 'widthMs': np.float64(0.59)}, {'halfHeight': 90, 'risingPnt': np.int64(51923), 'fallingPnt': np.int64(51962), 'widthPnts': np.int64(39), 'widthMs': np.float64(0.39)}]",2.14,1.85,1.13,0.59,0.39,yes,,,,,,unknown,,,
285,stochastic-hh.sanpy,12,2,10.0,,dvdt,100.0,-40.0,0,"[10, 20, 50, 80, 90]",20260928,19:54:54,,,0.2.8.post45,ceeda3d8b38d399aaf1761b27ed8696acdeb9705,True,,285,22,0,[],,53191,0.53191,-41.81793590082515,28.03554569380183,53259,0.53259,45.6566635199452,87.47459942077035,0.6800000000000139,53539,0.53539,-69.78723030332678,53180.0,-44.373996568513846,53181,53186,0.05,-44.116920168142705,-43.079946609643294,20267.842142818492,,53238,15.661668582173126,293.4187855741244,53362,-0.6622548818750545,-62.25349988809883,1332.0,13.32,75.07507507507508,1333.0,13.33,0.11,"[{'halfHeight': 10, 'risingPnt': np.int64(53210), 'fallingPnt': np.int64(53435), 'widthPnts': np.int64(225), 'widthMs': np.float64(2.25)}, {'halfHeight': 20, 'risingPnt': np.int64(53219), 'fallingPnt': np.int64(53412), 'widthPnts': np.int64(193), 'widthMs': np.float64(1.93)}, {'halfHeight': 50, 'risingPnt': np.int64(53234), 'fallingPnt': np.int64(53358), 'widthPnts': np.int64(124), 'widthMs': np.float64(1.24)}, {'halfHeight': 80, 'risingPnt': np.int64(53243), 'fallingPnt': np.int64(53300), 'widthPnts': np.int64(57), 'widthMs': np.float64(0.57)}, {'halfHeight': 90, 'risingPnt': np.int64(53247), 'fallingPnt': np.int64(53283), 'widthPnts': np.int64(36), 'widthMs': np.float64(0.36)}]",2.25,1.93,1.24,0.57,0.36,yes,,,,,,unknown,,,
286,stochastic-hh.sanpy,12,2,10.0,,dvdt,100.0,-40.0,0,"[10, 20, 50, 80, 90]",20260928,19:54:54,,,0.2.8.post45,ceeda3d8b38d399aaf1761b27ed8696acdeb9705,True,,286,23,0,[],,54510,0.5451,-40.82032921967602,26.304469519738895,54580,0.5458,43.32466925047648,84.1449984701525,0.6999999999999229,54857,0.54857,-69.72644095468432,54495.0,-44.373996568513846,54497,54503,0.06,-43.83007983265287,-42.56666470619926,20829.901169720706,,54556,8.97995636040726,275.214316177134,54652,9.787634107798414,-68.13233034616596,1319.0,13.19,75.8150113722517,1315.0,13.15,0.15,"[{'halfHeight': 10, 'risingPnt': np.int64(54530), 'fallingPnt': np.int64(54746), 'widthPnts': np.int64(216), 'widthMs': np.float64(2.16)}, {'halfHeight': 20, 'risingPnt': np.int64(54539), 'fallingPnt': np.int64(54730), 'widthPnts': np.int64(191), 'widthMs': np.float64(1.91)}, {'halfHeight': 50, 'risingPnt': np.int64(54554), 'fallingPnt': np.int64(54670), 'widthPnts': np.int64(116), 'widthMs': np.float64(1.16)}, {'halfHeight': 80, 'risingPnt': np.int64(54563), 'fallingPnt': np.int64(54622), 'widthPnts': np.int64(59), 'widthMs': np.float64(0.59)}, {'halfHeight': 90, 'risingPnt': np.int64(54567), 'fallingPnt': np.int64(54607), 'widthPnts': np.int64(40), 'widthMs': np.float64(0.4)}]",2.16,1.91,1.16,0.59,0.4,yes,,,,,,unknown,,,
287,stochastic-hh.sanpy,12,2,10.0,,dvdt,100.0,-40.0,0,"[10, 20, 50, 80, 90]",20260928,19:54:54,,,0.2.8.post45,ceeda3d8b38d399aaf1761b27ed8696acdeb9705,True,,287,24,0,[],,55740,0.5574,-42.39899174522766,26.13268766246271,55813,0.55813,44.93996436846505,87.33895611369272,0.7300000000000084,56086,0.56086,-69.61588914657139,55726.0,-45.30604659737681,55727,55733,0.06,-45.07803074074416,-43.979038292602496,18227.9001468469,,55793,18.624181836999647,266.09444492985233,55877,14.401904970661782,-74.56316778451412,1230.0,12.3,81.30081300813008,1231.0,12.31,0.14,"[{'halfHeight': 10, 'risingPnt': np.int64(55761), 'fallingPnt': np.int64(55980), 'widthPnts': np.int64(219), 'widthMs': np.float64(2.19)}, {'halfHeight': 20, 'risingPnt': np.int64(55771), 'fallingPnt': np.int64(55961), 'widthPnts': np.int64(190), 'widthMs': np.float64(1.9)}, {'halfHeight': 50, 'risingPnt': np.int64(55787), 'fallingPnt': np.int64(55900), 'widthPnts': np.int64(113), 'widthMs': np.float64(1.13)}, {'halfHeight': 80, 'risingPnt': np.int64(55797), 'fallingPnt': np.int64(55854), 'widthPnts': np.int64(57), 'widthMs': np.float64(0.57)}, {'halfHeight': 90, 'risingPnt': np.int64(55801), 'fallingPnt': np.int64(55839), 'widthPnts': np.int64(38), 'widthMs': np.float64(0.38)}]",2.19,1.9,1.13,0.57,0.38,yes,,,,,,unknown,,,
288,stochastic-hh.sanpy,12,2,10.0,,dvdt,100.0,-40.0,0,"[10, 20, 50, 80, 90]",20260928,19:54:54,,,0.2.8.post45,ceeda3d8b38d399aaf1761b27ed8696acdeb9705,True,,288,25,0,[],,57239,0.57239,-41.347172095702156,27.497382088381944,57309,0.57309,43.42704063539713,84.77421273109928,0.7000000000000339,57583,0.5758300000000001,-69.76012931139714,57220.0,-45.30604659737681,57222,57230,0.08,-44.92061551369013,-43.48930809567446,17761.143202301646,,57290,16.952134283419962,276.5915823121214,57375,12.676198880797926,-69.6407345166085,1499.0,14.99,66.711140760507,1494.0,14.94,0.19,"[{'halfHeight': 10, 'risingPnt': np.int64(57259), 'fallingPnt': np.int64(57475), 'widthPnts': np.int64(216), 'widthMs': np.float64(2.16)}, {'halfHeight': 20, 'risingPnt': np.int64(57270), 'fallingPnt': np.int64(57456), 'widthPnts': np.int64(186), 'widthMs': np.float64(1.86)}, {'halfHeight': 50, 'risingPnt': np.int64(57284), 'fallingPnt': np.int64(57400), 'widthPnts': np.int64(116), 'widthMs': np.float64(1.16)}, {'halfHeight': 80, 'risingPnt': np.int64(57294), 'fallingPnt': np.int64(57352), 'widthPnts': np.int64(58), 'widthMs': np.float64(0.58)}, {'halfHeight': 90, 'risingPnt': np.int64(57298), 'fallingPnt': np.int64(57336), 'widthPnts': np.int64(38), 'widthMs': np.float64(0.38)}]",2.16,1.86,1.16,0.58,0.38,yes,,,,,,unknown,,,
289,stochastic-hh.sanpy,12,2,10.0,,dvdt,100.0,-40.0,0,"[10, 20, 50, 80, 90]",20260928,19:54:54,,,0.2.8.post45,ceeda3d8b38d399aaf1761b27ed8696acdeb9705,True,,289,26,0,[],,58641,0.58641,-40.97348776989079,27.512995402357454,58710,0.5871000000000001,44.40902971563836,85.38251748552915,0.6900000000000794,58993,0.58993,-69.65381670780125,58622.0,-45.30604659737681,58624,58632,0.08,-44.84125628502124,-43.20938396618077,20332.4238590884,,58689,16.042438395802684,276.8220616730211,58776,13.876997950517977,-70.60382454056517,1402.0,14.02,71.32667617689016,1402.0,14.02,0.19,"[{'halfHeight': 10, 'risingPnt': np.int64(58660), 'fallingPnt': np.int64(58879), 'widthPnts': np.int64(219), 'widthMs': np.float64(2.19)}, {'halfHeight': 20, 'risingPnt': np.int64(58670), 'fallingPnt': np.int64(58860), 'widthPnts': np.int64(190), 'widthMs': np.float64(1.9)}, {'halfHeight': 50, 'risingPnt': np.int64(58684), 'fallingPnt': np.int64(58800), 'widthPnts': np.int64(116), 'widthMs': np.float64(1.16)}, {'halfHeight': 80, 'risingPnt': np.int64(58694), 'fallingPnt': np.int64(58753), 'widthPnts': np.int64(59), 'widthMs': np.float64(0.59)}, {'halfHeight': 90, 'risingPnt': np.int64(58697), 'fallingPnt': np.int64(58737), 'widthPnts': np.int64(40), 'widthMs': np.float64(0.4)}]",2.19,1.9,1.16,0.59,0.4,yes,,,,,,unknown,,,
290,stochastic-hh.sanpy,12,2,10.0,,dvdt,100.0,-40.0,0,"[10, 20, 50, 80, 90]",20260928,19:54:54,,,0.2.8.post45,ceeda3d8b38d399aaf1761b27ed8696acdeb9705,True,,290,27,0,[],,60036,0.60036,-42.224770176516834,25.809993923049046,60109,0.60109,42.68983976830708,84.91460994482392,0.7300000000000084,60385,0.60385,-69.74259436477615,60021.0,-45.30604659737681,60023,60029,0.06,-44.92035116038754,-43.86304677498255,17148.41985427464,,60088,13.62303496677665,263.46544851736485,60308,-50.21561667867343,-63.61033089670115,1395.0,13.95,71.68458781362008,1399.0,13.99,0.15,"[{'halfHeight': 10, 'risingPnt': np.int64(60057), 'fallingPnt': np.int64(60279), 'widthPnts': np.int64(222), 'widthMs': np.float64(2.22)}, {'halfHeight': 20, 'risingPnt': np.int64(60068), 'fallingPnt': np.int64(60256), 'widthPnts': np.int64(188), 'widthMs': np.float64(1.88)}, {'halfHeight': 50, 'risingPnt': np.int64(60083), 'fallingPnt': np.int64(60202), 'widthPnts': np.int64(119), 'widthMs': np.float64(1.19)}, {'halfHeight': 80, 'risingPnt': np.int64(60093), 'fallingPnt': np.int64(60151), 'widthPnts': np.int64(58), 'widthMs': np.float64(0.58)}, {'halfHeight': 90, 'risingPnt': np.int64(60098), 'fallingPnt': np.int64(60134), 'widthPnts': np.int64(36), 'widthMs': np.float64(0.36)}]",2.22,1.88,1.19,0.58,0.36,yes,,,,,,unknown,,,
291,stochastic-hh.sanpy,12,2,10.0,,dvdt,100.0,-40.0,0,"[10, 20, 50, 80, 90]",20260928,19:54:54,,,0.2.8.post45,ceeda3d8b38d399aaf1761b27ed8696acdeb9705,True,,291,28,0,[],,61332,0.6133200000000001,-41.31032966107107,26.13044926192299,61400,0.614,42.4379930349169,83.74832269598798,0.6799999999999029,61664,0.61664,-69.98593702393165,61312.0,-45.30604659737681,61314,61322,0.08,-45.01369566188692,-43.572718401397324,17739.52328446719,,61379,10.763312463339673,266.92267162509756,61599,-53.706650994620055,-67.03914422288163,1296.0,12.96,77.1604938271605,1291.0,12.91,0.2,"[{'halfHeight': 10, 'risingPnt': np.int64(61351), 'fallingPnt': np.int64(61563), 'widthPnts': np.int64(212), 'widthMs': np.float64(2.12)}, {'halfHeight': 20, 'risingPnt': np.int64(61361), 'fallingPnt': np.int64(61546), 'widthPnts': np.int64(185), 'widthMs': np.float64(1.85)}, {'halfHeight': 50, 'risingPnt': np.int64(61375), 'fallingPnt': np.int64(61489), 'widthPnts': np.int64(114), 'widthMs': np.float64(1.14)}, {'halfHeight': 80, 'risingPnt': np.int64(61385), 'fallingPnt': np.int64(61441), 'widthPnts': np.int64(56), 'widthMs': np.float64(0.56)}, {'halfHeight': 90, 'risingPnt': np.int64(61389), 'fallingPnt': np.int64(61424), 'widthPnts': np.int64(35), 'widthMs': np.float64(0.35)}]",2.12,1.85,1.14,0.56,0.35,yes,,,,,,unknown,,,
292,stochastic-hh.sanpy,12,2,10.0,,dvdt,100.0,-40.0,0,"[10, 20, 50, 80, 90]",20260928,19:54:54,,,0.2.8.post45,ceeda3d8b38d399aaf1761b27ed8696acdeb9705,True,,292,29,0,[],,62625,0.62625,-40.08833255849604,24.57109228391217,62693,0.62693,41.36968081736056,81.45801337585661,0.6800000000000139,62970,0.6297,-69.36567274820524,62597.0,-45.216183153625636,62600,62611,0.11,-44.787827001454794,-43.07401126121889,15467.605191622122,,62675,17.653925260343282,253.24024601857445,62781,-0.4966290289254288,-70.69861899589758,1293.0,12.93,77.33952049497293,1285.0,12.85,0.28,"[{'halfHeight': 10, 'risingPnt': np.int64(62645), 'fallingPnt': np.int64(62861), 'widthPnts': np.int64(216), 'widthMs': np.float64(2.16)}, {'halfHeight': 20, 'risingPnt': np.int64(62654), 'fallingPnt': np.int64(62839), 'widthPnts': np.int64(185), 'widthMs': np.float64(1.85)}, {'halfHeight': 50, 'risingPnt': np.int64(62668), 'fallingPnt': np.int64(62780), 'widthPnts': np.int64(112), 'widthMs': np.float64(1.12)}, {'halfHeight': 80, 'risingPnt': np.int64(62678), 'fallingPnt': np.int64(62735), 'widthPnts': np.int64(57), 'widthMs': np.float64(0.57)}, {'halfHeight': 90, 'risingPnt': np.int64(62682), 'fallingPnt': np.int64(62720), 'widthPnts': np.int64(38), 'widthMs': np.float64(0.38)}]",2.16,1.85,1.12,0.57,0.38,yes,,,,,,unknown,,,
293,stochastic-hh.sanpy,12,2,10.0,,dvdt,100.0,-40.0,0,"[10, 20, 50, 80, 90]",20260928,19:54:54,,,0.2.8.post45,ceeda3d8b38d399aaf1761b27ed8696acdeb9705,True,,293,30,0,[],,63973,0.63973,-41.71074849863051,26.683107801364482,64048,0.64048,42.73230426681434,84.44305276544485,0.7500000000000284,64323,0.64323,-69.61811936680105,63956.0,-45.216183153625636,63958,63964,0.06,-44.885419024289476,-43.77419525186128,18563.454537510883,,64026,15.298158791254494,272.8541834190484,64111,14.756292265073794,-59.82306836830584,1348.0,13.48,74.1839762611276,1359.0,13.59,0.17,"[{'halfHeight': 10, 'risingPnt': np.int64(63994), 'fallingPnt': np.int64(64216), 'widthPnts': np.int64(222), 'widthMs': np.float64(2.22)}, {'halfHeight': 20, 'risingPnt': np.int64(64005), 'fallingPnt': np.int64(64196), 'widthPnts': np.int64(191), 'widthMs': np.float64(1.91)}, {'halfHeight': 50, 'risingPnt': np.int64(64021), 'fallingPnt': np.int64(64141), 'widthPnts': np.int64(120), 'widthMs': np.float64(1.2)}, {'halfHeight': 80, 'risingPnt': np.int64(64030), 'fallingPnt': np.int64(64089), 'widthPnts': np.int64(59), 'widthMs': np.float64(0.59)}, {'halfHeight': 90, 'risingPnt': np.int64(64035), 'fallingPnt': np.int64(64072), 'widthPnts': np.int64(37), 'widthMs': np.float64(0.37)}]",2.22,1.91,1.2,0.59,0.37,yes,,,,,,unknown,,,
294,stochastic-hh.sanpy,12,2,10.0,,dvdt,100.0,-40.0,0,"[10, 20, 50, 80, 90]",20260928,19:54:54,,,0.2.8.post45,ceeda3d8b38d399aaf1761b27ed8696acdeb9705,True,,294,31,0,[],,65354,0.65354,-42.5859447091414,26.37333679990205,65427,0.65427,43.459986067415734,86.04593077655713,0.7300000000000084,65696,0.65696,-69.78855420721402,65343.0,-45.216183153625636,65344,65349,0.05,-44.87253019117249,-43.85084714323373,19760.41221051157,,65405,13.807799818833685,277.0990192320688,65494,13.863072255451797,-68.58373182342538,1381.0,13.81,72.4112961622013,1387.0,13.87,0.11,"[{'halfHeight': 10, 'risingPnt': np.int64(65375), 'fallingPnt': np.int64(65594), 'widthPnts': np.int64(219), 'widthMs': np.float64(2.19)}, {'halfHeight': 20, 'risingPnt': np.int64(65385), 'fallingPnt': np.int64(65576), 'widthPnts': np.int64(191), 'widthMs': np.float64(1.91)}, {'halfHeight': 50, 'risingPnt': np.int64(65400), 'fallingPnt': np.int64(65520), 'widthPnts': np.int64(120), 'widthMs': np.float64(1.2)}, {'halfHeight': 80, 'risingPnt': np.int64(65410), 'fallingPnt': np.int64(65470), 'widthPnts': np.int64(60), 'widthMs': np.float64(0.6)}, {'halfHeight': 90, 'risingPnt': np.int64(65415), 'fallingPnt': np.int64(65453), 'widthPnts': np.int64(38), 'widthMs': np.float64(0.38)}]",2.19,1.91,1.2,0.6,0.38,yes,,,,,,unknown,,,
295,stochastic-hh.sanpy,12,2,10.0,,dvdt,100.0,-40.0,0,"[10, 20, 50, 80, 90]",20260928,19:54:54,,,0.2.8.post45,ceeda3d8b38d399aaf1761b27ed8696acdeb9705,True,,295,32,0,[],,66658,0.6665800000000001,-42.51477909266787,27.38723607376202,66729,0.6672899999999999,43.440799008264015,85.95557810093189,0.7099999999998774,66987,0.66987,-69.88369798791923,66645.0,-45.216183153625636,66646,66651,0.05,-45.0020927381928,-44.11577591696058,17512.22151172254,,66710,18.616937964704857,277.6444599037635,66777,21.96635776674376,-72.76341561933741,1304.0,13.04,76.68711656441718,1302.0,13.02,0.13,"[{'halfHeight': 10, 'risingPnt': np.int64(66678), 'fallingPnt': np.int64(66890), 'widthPnts': np.int64(212), 'widthMs': np.float64(2.12)}, {'halfHeight': 20, 'risingPnt': np.int64(66689), 'fallingPnt': np.int64(66872), 'widthPnts': np.int64(183), 'widthMs': np.float64(1.83)}, {'halfHeight': 50, 'risingPnt': np.int64(66703), 'fallingPnt': np.int64(66818), 'widthPnts': np.int64(115), 'widthMs': np.float64(1.15)}, {'halfHeight': 80, 'risingPnt': np.int64(66713), 'fallingPnt': np.int64(66771), 'widthPnts': np.int64(58), 'widthMs': np.float64(0.58)}, {'halfHeight': 90, 'risingPnt': np.int64(66717), 'fallingPnt': np.int64(66757), 'widthPnts': np.int64(40), 'widthMs': np.float64(0.4)}]",2.12,1.83,1.15,0.58,0.4,yes,,,,,,unknown,,,
296,stochastic-hh.sanpy,12,2,10.0,,dvdt,100.0,-40.0,0,"[10, 20, 50, 80, 90]",20260928,19:54:54,,,0.2.8.post45,ceeda3d8b38d399aaf1761b27ed8696acdeb9705,True,,296,33,0,[],,68047,0.68047,-41.292218936438196,26.79188636343871,68117,0.6811699999999999,43.721008302930436,85.01322723936863,0.6999999999999229,68393,0.6839299999999999,-69.61364819212163,68029.0,-45.216183153625636,68031,68038,0.07,-44.77307276844664,-43.457441558895916,18565.806331006104,,68099,20.424463805307578,273.4185487632521,68152,31.517666230407308,-67.44379788295782,1389.0,13.89,71.99424046076314,1384.0,13.84,0.18,"[{'halfHeight': 10, 'risingPnt': np.int64(68068), 'fallingPnt': np.int64(68282), 'widthPnts': np.int64(214), 'widthMs': np.float64(2.14)}, {'halfHeight': 20, 'risingPnt': np.int64(68078), 'fallingPnt': np.int64(68264), 'widthPnts': np.int64(186), 'widthMs': np.float64(1.86)}, {'halfHeight': 50, 'risingPnt': np.int64(68092), 'fallingPnt': np.int64(68209), 'widthPnts': np.int64(117), 'widthMs': np.float64(1.17)}, {'halfHeight': 80, 'risingPnt': np.int64(68102), 'fallingPnt': np.int64(68162), 'widthPnts': np.int64(60), 'widthMs': np.float64(0.6)}, {'halfHeight': 90, 'risingPnt': np.int64(68106), 'fallingPnt': np.int64(68146), 'widthPnts': np.int64(40), 'widthMs': np.float64(0.4)}]",2.14,1.86,1.17,0.6,0.4,yes,,,,,,unknown,,,
297,stochastic-hh.sanpy,12,2,10.0,,dvdt,100.0,-40.0,0,"[10, 20, 50, 80, 90]",20260928,19:54:54,,,0.2.8.post45,ceeda3d8b38d399aaf1761b27ed8696acdeb9705,True,,297,34,0,[],,69244,0.69244,-42.62178629240568,26.21642857965803,69319,0.6931900000000001,43.211803433746574,85.83358972615225,0.7500000000000284,69588,0.6958799999999999,-69.8068848862556,69233.0,-45.216183153625636,69234,69239,0.05,-44.96139388256407,-43.89466180204973,20812.753256403706,,69295,11.752313297560162,265.72338343476713,69375,17.991835803122566,-69.9011065939317,1197.0,11.97,83.54218880534668,1204.0,12.04,0.11,"[{'halfHeight': 10, 'risingPnt': np.int64(69266), 'fallingPnt': np.int64(69484), 'widthPnts': np.int64(218), 'widthMs': np.float64(2.18)}, {'halfHeight': 20, 'risingPnt': np.int64(69276), 'fallingPnt': np.int64(69465), 'widthPnts': np.int64(189), 'widthMs': np.float64(1.89)}, {'halfHeight': 50, 'risingPnt': np.int64(69291), 'fallingPnt': np.int64(69410), 'widthPnts': np.int64(119), 'widthMs': np.float64(1.19)}, {'halfHeight': 80, 'risingPnt': np.int64(69301), 'fallingPnt': np.int64(69362), 'widthPnts': np.int64(61), 'widthMs': np.float64(0.61)}, {'halfHeight': 90, 'risingPnt': np.int64(69305), 'fallingPnt': np.int64(69347), 'widthPnts': np.int64(42), 'widthMs': np.float64(0.42)}]",2.18,1.89,1.19,0.61,0.42,yes,,,,,,unknown,,,
298,stochastic-hh.sanpy,12,2,10.0,,dvdt,100.0,-40.0,0,"[10, 20, 50, 80, 90]",20260928,19:54:54,,,0.2.8.post45,ceeda3d8b38d399aaf1761b27ed8696acdeb9705,True,,298,35,0,[],,70693,0.70693,-41.740635578712876,26.771216259118486,70766,0.70766,42.36299093576123,84.10362651447412,0.7300000000000084,71033,0.71033,-69.9125830787128,70677.0,-45.216183153625636,70679,70685,0.06,-44.8297822058401,-43.66440583020395,19029.749360379927,,70744,14.923651873348675,271.441750862858,70962,-50.559862426642454,-63.85031500029192,1449.0,14.49,69.01311249137336,1444.0,14.44,0.16,"[{'halfHeight': 10, 'risingPnt': np.int64(70713), 'fallingPnt': np.int64(70934), 'widthPnts': np.int64(221), 'widthMs': np.float64(2.21)}, {'halfHeight': 20, 'risingPnt': np.int64(70724), 'fallingPnt': np.int64(70914), 'widthPnts': np.int64(190), 'widthMs': np.float64(1.9)}, {'halfHeight': 50, 'risingPnt': np.int64(70739), 'fallingPnt': np.int64(70856), 'widthPnts': np.int64(117), 'widthMs': np.float64(1.17)}, {'halfHeight': 80, 'risingPnt': np.int64(70749), 'fallingPnt': np.int64(70806), 'widthPnts': np.int64(57), 'widthMs': np.float64(0.57)}, {'halfHeight': 90, 'risingPnt': np.int64(70753), 'fallingPnt': np.int64(70789), 'widthPnts': np.int64(36), 'widthMs': np.float64(0.36)}]",2.21,1.9,1.17,0.57,0.36,yes,,,,,,unknown,,,
299,stochastic-hh.sanpy,12,2,10.0,,dvdt,100.0,-40.0,0,"[10, 20, 50, 80, 90]",20260928,19:54:54,,,0.2.8.post45,ceeda3d8b38d399aaf1761b27ed8696acdeb9705,True,,299,36,0,[],,72051,0.72051,-41.187081376196616,26.6828629667588,72122,0.72122,42.057974393771126,83.24505576996773,0.7099999999999884,72389,0.72389,-69.6141534582095,72030.0,-45.216183153625636,72032,72040,0.08,-44.827316211126124,-43.529279615441034,16154.180569429025,,72100,14.815128931333717,267.8106243409834,72240,-14.544193210674694,-67.70862098296129,1358.0,13.58,73.63770250368188,1353.0,13.53,0.21,"[{'halfHeight': 10, 'risingPnt': np.int64(72070), 'fallingPnt': np.int64(72278), 'widthPnts': np.int64(208), 'widthMs': np.float64(2.08)}, {'halfHeight': 20, 'risingPnt': np.int64(72080), 'fallingPnt': np.int64(72259), 'widthPnts': np.int64(179), 'widthMs': np.float64(1.79)}, {'halfHeight': 50, 'risingPnt': np.int64(72095), 'fallingPnt': np.int64(72211), 'widthPnts': np.int64(116), 'widthMs': np.float64(1.16)}, {'halfHeight': 80, 'risingPnt': np.int64(72105), 'fallingPnt': np.int64(72164), 'widthPnts': np.int64(59), 'widthMs': np.float64(0.59)}, {'halfHeight': 90, 'risingPnt': np.int64(72109), 'fallingPnt': np.int64(72149), 'widthPnts': np.int64(40), 'widthMs': np.float64(0.4)}]",2.08,1.79,1.16,0.59,0.4,yes,,,,,,unknown,,,
300,stochastic-hh.sanpy,12,2,10.0,,dvdt,100.0,-40.0,0,"[10, 20, 50, 80, 90]",20260928,19:54:54,,,0.2.8.post45,ceeda3d8b38d399aaf1761b27ed8696acdeb9705,True,,300,37,0,[],,73388,0.73388,-41.29947073994719,28.401022077977935,73455,0.7345499999999999,45.08232811482331,86.3817988547705,0.6699999999999484,73722,0.73722,-70.00137083981123,73370.0,-45.216183153625636,73372,73379,0.07,-44.77542771319587,-43.46097411623682,18637.53394367516,,73436,16.561599125637198,290.19631691408284,73653,-51.58093048958229,-68.04852372291343,1337.0,13.37,74.79431563201197,1340.0,13.4,0.18,"[{'halfHeight': 10, 'risingPnt': np.int64(73406), 'fallingPnt': np.int64(73619), 'widthPnts': np.int64(213), 'widthMs': np.float64(2.13)}, {'halfHeight': 20, 'risingPnt': np.int64(73417), 'fallingPnt': np.int64(73602), 'widthPnts': np.int64(185), 'widthMs': np.float64(1.85)}, {'halfHeight': 50, 'risingPnt': np.int64(73431), 'fallingPnt': np.int64(73549), 'widthPnts': np.int64(118), 'widthMs': np.float64(1.18)}, {'halfHeight': 80, 'risingPnt': np.int64(73440), 'fallingPnt': np.int64(73496), 'widthPnts': np.int64(56), 'widthMs': np.float64(0.56)}, {'halfHeight': 90, 'risingPnt': np.int64(73444), 'fallingPnt': np.int64(73481), 'widthPnts': np.int64(37), 'widthMs': np.float64(0.37)}]",2.13,1.85,1.18,0.56,0.37,yes,,,,,,unknown,,,
301,stochastic-hh.sanpy,12,2,10.0,,dvdt,100.0,-40.0,0,"[10, 20, 50, 80, 90]",20260928,19:54:54,,,0.2.8.post45,ceeda3d8b38d399aaf1761b27ed8696acdeb9705,True,,301,38,0,[],,74676,0.74676,-42.10823836281368,29.46672607077641,74744,0.7474400000000001,45.00822353465771,87.1164618974714,0.680000000000125,75037,0.75037,-71.03567227359166,74664.0,-45.04430040001154,74665,74670,0.05,-44.709840076002,-43.67840415293947,20063.035775746324,,74725,17.977842832189634,298.70801416716455,74811,15.643217480800924,-68.82318341464298,1288.0,12.88,77.63975155279502,1294.0,12.94,0.12,"[{'halfHeight': 10, 'risingPnt': np.int64(74695), 'fallingPnt': np.int64(74913), 'widthPnts': np.int64(218), 'widthMs': np.float64(2.18)}, {'halfHeight': 20, 'risingPnt': np.int64(74705), 'fallingPnt': np.int64(74894), 'widthPnts': np.int64(189), 'widthMs': np.float64(1.89)}, {'halfHeight': 50, 'risingPnt': np.int64(74719), 'fallingPnt': np.int64(74837), 'widthPnts': np.int64(118), 'widthMs': np.float64(1.18)}, {'halfHeight': 80, 'risingPnt': np.int64(74729), 'fallingPnt': np.int64(74789), 'widthPnts': np.int64(60), 'widthMs': np.float64(0.6)}, {'halfHeight': 90, 'risingPnt': np.int64(74732), 'fallingPnt': np.int64(74771), 'widthPnts': np.int64(39), 'widthMs': np.float64(0.39)}]",2.18,1.89,1.18,0.6,0.39,yes,,,,,,unknown,,,
302,stochastic-hh.sanpy,12,3,0.0,,dvdt,100.0,-40.0,0,"[10, 20, 50, 80, 90]",20260928,19:54:54,,,0.2.8.post45,ceeda3d8b38d399aaf1761b27ed8696acdeb9705,True,,302,39,0,[],,87001,0.87001,-39.877376364087795,33.042434874479085,87061,0.87061,49.14109788144056,89.01847424552835,0.6000000000000449,87358,0.87358,-71.09567761610586,86919.0,-51.154419689826994,86927,86960,0.33,-50.74199972292637,-48.09210311896183,7916.271128945813,,87042,19.666979175607906,335.7524338576976,87132,17.645591170126718,-66.10584085384772,12325.0,123.25,8.113590263691684,12255.0,122.55,0.82,"[{'halfHeight': 10, 'risingPnt': np.int64(87017), 'fallingPnt': np.int64(87238), 'widthPnts': np.int64(221), 'widthMs': np.float64(2.21)}, {'halfHeight': 20, 'risingPnt': np.int64(87025), 'fallingPnt': np.int64(87218), 'widthPnts': np.int64(193), 'widthMs': np.float64(1.93)}, {'halfHeight': 50, 'risingPnt': np.int64(87038), 'fallingPnt': np.int64(87159), 'widthPnts': np.int64(121), 'widthMs': np.float64(1.21)}, {'halfHeight': 80, 'risingPnt': np.int64(87046), 'fallingPnt': np.int64(87107), 'widthPnts': np.int64(61), 'widthMs': np.float64(0.61)}, {'halfHeight': 90, 'risingPnt': np.int64(87050), 'fallingPnt': np.int64(87089), 'widthPnts': np.int64(39), 'widthMs': np.float64(0.39)}]",2.21,1.93,1.21,0.61,0.39,yes,,,,,,unknown,,,
303,stochastic-hh.sanpy,13,1,0.0,,dvdt,100.0,-40.0,0,"[10, 20, 50, 80, 90]",20260928,19:54:54,,,0.2.8.post45,ceeda3d8b38d399aaf1761b27ed8696acdeb9705,True,,303,0,0,"[{'Spike': 0, 'Seconds': np.float64(0.1165), 'Sweep': 13, 'Epoch': 1, 'Type': 'Pre spike min under-run (mdp)', 'Details': 'Went past startPnt 0 searching for pre-spike min'}]",,11652,0.11652,-42.70088292502492,32.490928737798185,11717,0.11717,49.06546869655546,91.76635162158038,0.6499999999999978,12009,0.12009,-71.07036860288397,10584.0,-60.66895575087428,10691,11118,4.27,-60.486797625372645,-58.22923937406725,545.5452656916312,,11700,20.73687744331893,330.8205483403631,11766,31.01095992818014,-62.23256258605938,,,,,,10.68,"[{'halfHeight': 10, 'risingPnt': np.int64(11672), 'fallingPnt': np.int64(11900), 'widthPnts': np.int64(228), 'widthMs': np.float64(2.28)}, {'halfHeight': 20, 'risingPnt': np.int64(11682), 'fallingPnt': np.int64(11878), 'widthPnts': np.int64(196), 'widthMs': np.float64(1.96)}, {'halfHeight': 50, 'risingPnt': np.int64(11695), 'fallingPnt': np.int64(11821), 'widthPnts': np.int64(126), 'widthMs': np.float64(1.26)}, {'halfHeight': 80, 'risingPnt': np.int64(11704), 'fallingPnt': np.int64(11767), 'widthPnts': np.int64(63), 'widthMs': np.float64(0.63)}, {'halfHeight': 90, 'risingPnt': np.int64(11707), 'fallingPnt': np.int64(11749), 'widthPnts': np.int64(42), 'widthMs': np.float64(0.42)}]",2.28,1.96,1.26,0.63,0.42,yes,,,,,,unknown,,,
304,stochastic-hh.sanpy,13,1,0.0,,dvdt,100.0,-40.0,0,"[10, 20, 50, 80, 90]",20260928,19:54:54,,,0.2.8.post45,ceeda3d8b38d399aaf1761b27ed8696acdeb9705,True,,304,1,0,"[{'Spike': 1, 'Seconds': np.float64(0.2185), 'Sweep': 13, 'Epoch': 1, 'Type': 'Pre spike min under-run (mdp)', 'Details': 'Went past startPnt 0 searching for pre-spike min'}]",,21852,0.21852000000000002,-41.90851625192231,31.18032389728245,21919,0.21919,50.283182063897065,92.19169831581937,0.6699999999999762,22211,0.22211,-71.0873490252381,21819.0,-48.46652334875169,21822,21835,0.13,-48.00688143697469,-46.15753708658928,13712.354081831589,,21899,21.129021118303157,323.6697346271229,21993,16.04211289919925,-72.81059570516241,10200.0,102.0,9.803921568627452,11235.0,112.35,0.33,"[{'halfHeight': 10, 'risingPnt': np.int64(21871), 'fallingPnt': np.int64(22095), 'widthPnts': np.int64(224), 'widthMs': np.float64(2.24)}, {'halfHeight': 20, 'risingPnt': np.int64(21881), 'fallingPnt': np.int64(22074), 'widthPnts': np.int64(193), 'widthMs': np.float64(1.93)}, {'halfHeight': 50, 'risingPnt': np.int64(21894), 'fallingPnt': np.int64(22014), 'widthPnts': np.int64(120), 'widthMs': np.float64(1.2)}, {'halfHeight': 80, 'risingPnt': np.int64(21903), 'fallingPnt': np.int64(21967), 'widthPnts': np.int64(64), 'widthMs': np.float64(0.64)}, {'halfHeight': 90, 'risingPnt': np.int64(21906), 'fallingPnt': np.int64(21948), 'widthPnts': np.int64(42), 'widthMs': np.float64(0.42)}]",2.24,1.93,1.2,0.64,0.42,yes,,,,,,unknown,,,
305,stochastic-hh.sanpy,13,2,11.0,,dvdt,100.0,-40.0,0,"[10, 20, 50, 80, 90]",20260928,19:54:54,,,0.2.8.post45,ceeda3d8b38d399aaf1761b27ed8696acdeb9705,True,,305,2,0,[],,25144,0.25144,-42.138917633758766,33.20083898557952,25208,0.25208,50.68522285391435,92.8241404876731,0.6400000000000294,25489,0.25489,-69.69361675158746,25111.0,-49.31715793683487,25114,25127,0.13,-48.84258837666473,-46.566878613102205,17367.41875269953,,25189,18.141085288087716,335.79280232254575,25313,5.5562778809713285,-63.02171749880816,3292.0,32.92,30.376670716889425,3292.0,32.92,0.33,"[{'halfHeight': 10, 'risingPnt': np.int64(25163), 'fallingPnt': np.int64(25390), 'widthPnts': np.int64(227), 'widthMs': np.float64(2.27)}, {'halfHeight': 20, 'risingPnt': np.int64(25172), 'fallingPnt': np.int64(25370), 'widthPnts': np.int64(198), 'widthMs': np.float64(1.98)}, {'halfHeight': 50, 'risingPnt': np.int64(25185), 'fallingPnt': np.int64(25316), 'widthPnts': np.int64(131), 'widthMs': np.float64(1.31)}, {'halfHeight': 80, 'risingPnt': np.int64(25194), 'fallingPnt': np.int64(25262), 'widthPnts': np.int64(68), 'widthMs': np.float64(0.68)}, {'halfHeight': 90, 'risingPnt': np.int64(25197), 'fallingPnt': np.int64(25244), 'widthPnts': np.int64(47), 'widthMs': np.float64(0.47)}]",2.27,1.98,1.31,0.68,0.47,yes,,,,,,unknown,,,
306,stochastic-hh.sanpy,13,2,11.0,,dvdt,100.0,-40.0,0,"[10, 20, 50, 80, 90]",20260928,19:54:54,,,0.2.8.post45,ceeda3d8b38d399aaf1761b27ed8696acdeb9705,True,,306,3,0,[],,26420,0.2642,-41.3332064790037,28.651267879152815,26488,0.26488,44.40234721026707,85.73555368927077,0.6800000000000139,26761,0.26761,-69.67508560311687,26372.0,-49.31715793683487,26377,26396,0.19,-48.80324922757295,-46.38239944340703,12530.71420461622,,26468,16.662361423957044,287.86298940419056,26526,29.81898439216636,-65.96162824571269,1276.0,12.76,78.36990595611285,1261.0,12.61,0.48,"[{'halfHeight': 10, 'risingPnt': np.int64(26439), 'fallingPnt': np.int64(26654), 'widthPnts': np.int64(215), 'widthMs': np.float64(2.15)}, {'halfHeight': 20, 'risingPnt': np.int64(26449), 'fallingPnt': np.int64(26635), 'widthPnts': np.int64(186), 'widthMs': np.float64(1.86)}, {'halfHeight': 50, 'risingPnt': np.int64(26463), 'fallingPnt': np.int64(26581), 'widthPnts': np.int64(118), 'widthMs': np.float64(1.18)}, {'halfHeight': 80, 'risingPnt': np.int64(26472), 'fallingPnt': np.int64(26531), 'widthPnts': np.int64(59), 'widthMs': np.float64(0.59)}, {'halfHeight': 90, 'risingPnt': np.int64(26476), 'fallingPnt': np.int64(26515), 'widthPnts': np.int64(39), 'widthMs': np.float64(0.39)}]",2.15,1.86,1.18,0.59,0.39,yes,,,,,,unknown,,,
307,stochastic-hh.sanpy,13,2,11.0,,dvdt,100.0,-40.0,0,"[10, 20, 50, 80, 90]",20260928,19:54:54,,,0.2.8.post45,ceeda3d8b38d399aaf1761b27ed8696acdeb9705,True,,307,4,0,[],,27807,0.27807,-41.505463512507205,24.750649649678756,27880,0.2788,41.51412266335047,83.01958617585768,0.7300000000000084,28154,0.28154,-69.57098714794577,27747.0,-49.31715793683487,27753,27777,0.24,-48.95257359724053,-46.709737748414405,9197.983305730617,,27859,18.16529747743388,258.65235808181757,28076,-48.103313803967175,-63.05964636486561,1387.0,13.87,72.09805335255949,1375.0,13.75,0.6,"[{'halfHeight': 10, 'risingPnt': np.int64(27827), 'fallingPnt': np.int64(28047), 'widthPnts': np.int64(220), 'widthMs': np.float64(2.2)}, {'halfHeight': 20, 'risingPnt': np.int64(27837), 'fallingPnt': np.int64(28026), 'widthPnts': np.int64(189), 'widthMs': np.float64(1.89)}, {'halfHeight': 50, 'risingPnt': np.int64(27852), 'fallingPnt': np.int64(27970), 'widthPnts': np.int64(118), 'widthMs': np.float64(1.18)}, {'halfHeight': 80, 'risingPnt': np.int64(27862), 'fallingPnt': np.int64(27920), 'widthPnts': np.int64(58), 'widthMs': np.float64(0.58)}, {'halfHeight': 90, 'risingPnt': np.int64(27866), 'fallingPnt': np.int64(27903), 'widthPnts': np.int64(37), 'widthMs': np.float64(0.37)}]",2.2,1.89,1.18,0.58,0.37,yes,,,,,,unknown,,,
308,stochastic-hh.sanpy,13,2,11.0,,dvdt,100.0,-40.0,0,"[10, 20, 50, 80, 90]",20260928,19:54:54,,,0.2.8.post45,ceeda3d8b38d399aaf1761b27ed8696acdeb9705,True,,308,5,0,[],,29037,0.29037,-41.14774035460128,25.608120956840313,29110,0.2911,41.61913244013333,82.76687279473461,0.7300000000000084,29368,0.29368,-69.90829850198607,28976.0,-49.31715793683487,28982,29006,0.24,-48.783027536086344,-46.3729051588167,9928.386966421285,,29089,16.090785320592214,263.0013902958127,29134,32.01495135859049,-67.1419568362868,1230.0,12.3,81.30081300813008,1229.0,12.29,0.61,"[{'halfHeight': 10, 'risingPnt': np.int64(29057), 'fallingPnt': np.int64(29268), 'widthPnts': np.int64(211), 'widthMs': np.float64(2.11)}, {'halfHeight': 20, 'risingPnt': np.int64(29068), 'fallingPnt': np.int64(29249), 'widthPnts': np.int64(181), 'widthMs': np.float64(1.81)}, {'halfHeight': 50, 'risingPnt': np.int64(29083), 'fallingPnt': np.int64(29196), 'widthPnts': np.int64(113), 'widthMs': np.float64(1.13)}, {'halfHeight': 80, 'risingPnt': np.int64(29093), 'fallingPnt': np.int64(29146), 'widthPnts': np.int64(53), 'widthMs': np.float64(0.53)}, {'halfHeight': 90, 'risingPnt': np.int64(29097), 'fallingPnt': np.int64(29133), 'widthPnts': np.int64(36), 'widthMs': np.float64(0.36)}]",2.11,1.81,1.13,0.53,0.36,yes,,,,,,unknown,,,
309,stochastic-hh.sanpy,13,2,11.0,,dvdt,100.0,-40.0,0,"[10, 20, 50, 80, 90]",20260928,19:54:54,,,0.2.8.post45,ceeda3d8b38d399aaf1761b27ed8696acdeb9705,True,,309,6,0,[],,30349,0.30349,-42.36793565957067,26.07245514228283,30420,0.30419999999999997,44.03903502077429,86.40697068034495,0.7099999999999884,30686,0.30686,-69.65440843135877,30297.0,-49.31715793683487,30302,30323,0.21,-48.8540257018115,-47.11036804108114,8066.228889724273,,30400,15.535841880820916,269.8611216842067,30619,-52.90126021658827,-65.74800620458285,1312.0,13.12,76.21951219512195,1321.0,13.21,0.52,"[{'halfHeight': 10, 'risingPnt': np.int64(30369), 'fallingPnt': np.int64(30584), 'widthPnts': np.int64(215), 'widthMs': np.float64(2.15)}, {'halfHeight': 20, 'risingPnt': np.int64(30379), 'fallingPnt': np.int64(30564), 'widthPnts': np.int64(185), 'widthMs': np.float64(1.85)}, {'halfHeight': 50, 'risingPnt': np.int64(30395), 'fallingPnt': np.int64(30510), 'widthPnts': np.int64(115), 'widthMs': np.float64(1.15)}, {'halfHeight': 80, 'risingPnt': np.int64(30405), 'fallingPnt': np.int64(30465), 'widthPnts': np.int64(60), 'widthMs': np.float64(0.6)}, {'halfHeight': 90, 'risingPnt': np.int64(30409), 'fallingPnt': np.int64(30449), 'widthPnts': np.int64(40), 'widthMs': np.float64(0.4)}]",2.15,1.85,1.15,0.6,0.4,yes,,,,,,unknown,,,
310,stochastic-hh.sanpy,13,2,11.0,,dvdt,100.0,-40.0,0,"[10, 20, 50, 80, 90]",20260928,19:54:54,,,0.2.8.post45,ceeda3d8b38d399aaf1761b27ed8696acdeb9705,True,,310,7,0,[],,31660,0.31660000000000005,-42.759192401271804,24.48342746337077,31737,0.31737,41.268227343605034,84.02741974487684,0.7699999999999374,32005,0.32005,-69.51564150720851,31597.0,-49.31715793683487,31603,31629,0.26,-48.92008259528044,-46.992817990068154,7387.116921470538,,31718,16.26344399049118,255.27598421720577,31808,8.38122469593457,-71.93540809671724,1311.0,13.11,76.27765064836002,1300.0,13.0,0.63,"[{'halfHeight': 10, 'risingPnt': np.int64(31682), 'fallingPnt': np.int64(31902), 'widthPnts': np.int64(220), 'widthMs': np.float64(2.2)}, {'halfHeight': 20, 'risingPnt': np.int64(31695), 'fallingPnt': np.int64(31880), 'widthPnts': np.int64(185), 'widthMs': np.float64(1.85)}, {'halfHeight': 50, 'risingPnt': np.int64(31711), 'fallingPnt': np.int64(31826), 'widthPnts': np.int64(115), 'widthMs': np.float64(1.15)}, {'halfHeight': 80, 'risingPnt': np.int64(31722), 'fallingPnt': np.int64(31781), 'widthPnts': np.int64(59), 'widthMs': np.float64(0.59)}, {'halfHeight': 90, 'risingPnt': np.int64(31726), 'fallingPnt': np.int64(31764), 'widthPnts': np.int64(38), 'widthMs': np.float64(0.38)}]",2.2,1.85,1.15,0.59,0.38,yes,,,,,,unknown,,,
311,stochastic-hh.sanpy,13,2,11.0,,dvdt,100.0,-40.0,0,"[10, 20, 50, 80, 90]",20260928,19:54:54,,,0.2.8.post45,ceeda3d8b38d399aaf1761b27ed8696acdeb9705,True,,311,8,0,[],,32843,0.32843,-42.279529726658744,26.97327759305073,32917,0.32917,43.99302630085916,86.27255602751791,0.7400000000000184,33184,0.33183999999999997,-69.72222614511647,32796.0,-49.31715793683487,32801,32820,0.19,-48.88741762889876,-46.72989913025308,11101.542368703325,,32895,10.96973096627868,270.8125253141334,32971,20.432023929804263,-70.9729238913144,1183.0,11.83,84.53085376162299,1199.0,11.99,0.47,"[{'halfHeight': 10, 'risingPnt': np.int64(32865), 'fallingPnt': np.int64(33082), 'widthPnts': np.int64(217), 'widthMs': np.float64(2.17)}, {'halfHeight': 20, 'risingPnt': np.int64(32876), 'fallingPnt': np.int64(33064), 'widthPnts': np.int64(188), 'widthMs': np.float64(1.88)}, {'halfHeight': 50, 'risingPnt': np.int64(32891), 'fallingPnt': np.int64(33006), 'widthPnts': np.int64(115), 'widthMs': np.float64(1.15)}, {'halfHeight': 80, 'risingPnt': np.int64(32901), 'fallingPnt': np.int64(32961), 'widthPnts': np.int64(60), 'widthMs': np.float64(0.6)}, {'halfHeight': 90, 'risingPnt': np.int64(32905), 'fallingPnt': np.int64(32944), 'widthPnts': np.int64(39), 'widthMs': np.float64(0.39)}]",2.17,1.88,1.15,0.6,0.39,yes,,,,,,unknown,,,
312,stochastic-hh.sanpy,13,2,11.0,,dvdt,100.0,-40.0,0,"[10, 20, 50, 80, 90]",20260928,19:54:54,,,0.2.8.post45,ceeda3d8b38d399aaf1761b27ed8696acdeb9705,True,,312,9,0,[],,34111,0.34111,-41.25092630619761,25.878515192268747,34181,0.34181,43.63424163410878,84.88516794030639,0.6999999999999784,34454,0.34454,-69.636710981082,34055.0,-49.31715793683487,34061,34083,0.22,-48.70628312027776,-46.57177999632146,9662.034671547932,,34162,18.37892810119249,269.17496812182725,34375,-46.7261463407301,-62.35035027315365,1268.0,12.68,78.86435331230284,1259.0,12.59,0.56,"[{'halfHeight': 10, 'risingPnt': np.int64(34131), 'fallingPnt': np.int64(34350), 'widthPnts': np.int64(219), 'widthMs': np.float64(2.19)}, {'halfHeight': 20, 'risingPnt': np.int64(34141), 'fallingPnt': np.int64(34333), 'widthPnts': np.int64(192), 'widthMs': np.float64(1.92)}, {'halfHeight': 50, 'risingPnt': np.int64(34156), 'fallingPnt': np.int64(34279), 'widthPnts': np.int64(123), 'widthMs': np.float64(1.23)}, {'halfHeight': 80, 'risingPnt': np.int64(34166), 'fallingPnt': np.int64(34225), 'widthPnts': np.int64(59), 'widthMs': np.float64(0.59)}, {'halfHeight': 90, 'risingPnt': np.int64(34170), 'fallingPnt': np.int64(34208), 'widthPnts': np.int64(38), 'widthMs': np.float64(0.38)}]",2.19,1.92,1.23,0.59,0.38,yes,,,,,,unknown,,,
313,stochastic-hh.sanpy,13,2,11.0,,dvdt,100.0,-40.0,0,"[10, 20, 50, 80, 90]",20260928,19:54:54,,,0.2.8.post45,ceeda3d8b38d399aaf1761b27ed8696acdeb9705,True,,313,10,0,[],,35480,0.3548,-41.04129100636304,23.014232117845573,35555,0.35555000000000003,37.87759881524112,78.91888982160415,0.7500000000000284,35814,0.35814,-69.70119951256383,35389.0,-49.31715793683487,35398,35435,0.37,-49.010103547296794,-47.09387267547487,5365.923495998328,,35534,10.511259530776497,233.48318504729463,35626,5.059619996367019,-69.7040414617542,1369.0,13.69,73.04601899196494,1334.0,13.34,0.91,"[{'halfHeight': 10, 'risingPnt': np.int64(35503), 'fallingPnt': np.int64(35708), 'widthPnts': np.int64(205), 'widthMs': np.float64(2.05)}, {'halfHeight': 20, 'risingPnt': np.int64(35513), 'fallingPnt': np.int64(35694), 'widthPnts': np.int64(181), 'widthMs': np.float64(1.81)}, {'halfHeight': 50, 'risingPnt': np.int64(35529), 'fallingPnt': np.int64(35640), 'widthPnts': np.int64(111), 'widthMs': np.float64(1.11)}, {'halfHeight': 80, 'risingPnt': np.int64(35540), 'fallingPnt': np.int64(35598), 'widthPnts': np.int64(58), 'widthMs': np.float64(0.58)}, {'halfHeight': 90, 'risingPnt': np.int64(35544), 'fallingPnt': np.int64(35579), 'widthPnts': np.int64(35), 'widthMs': np.float64(0.35)}]",2.05,1.81,1.11,0.58,0.35,yes,,,,,,unknown,,,
314,stochastic-hh.sanpy,13,2,11.0,,dvdt,100.0,-40.0,0,"[10, 20, 50, 80, 90]",20260928,19:54:54,,,0.2.8.post45,ceeda3d8b38d399aaf1761b27ed8696acdeb9705,True,,314,11,0,[],,36858,0.36857999999999996,-41.69915974203582,24.92557630356236,36931,0.36931,40.78385831119103,82.48301805322686,0.7300000000000639,37191,0.37191,-69.64295166387653,36801.0,-49.31715793683487,36807,36829,0.22,-48.832307369513664,-46.7839597983274,8958.203224430561,,36910,15.159851345866864,254.14099577028003,36976,20.103364723151643,-73.10021995748156,1378.0,13.78,72.5689404934688,1412.0,14.12,0.57,"[{'halfHeight': 10, 'risingPnt': np.int64(36878), 'fallingPnt': np.int64(37089), 'widthPnts': np.int64(211), 'widthMs': np.float64(2.11)}, {'halfHeight': 20, 'risingPnt': np.int64(36889), 'fallingPnt': np.int64(37070), 'widthPnts': np.int64(181), 'widthMs': np.float64(1.81)}, {'halfHeight': 50, 'risingPnt': np.int64(36904), 'fallingPnt': np.int64(37013), 'widthPnts': np.int64(109), 'widthMs': np.float64(1.09)}, {'halfHeight': 80, 'risingPnt': np.int64(36914), 'fallingPnt': np.int64(36970), 'widthPnts': np.int64(56), 'widthMs': np.float64(0.56)}, {'halfHeight': 90, 'risingPnt': np.int64(36918), 'fallingPnt': np.int64(36955), 'widthPnts': np.int64(37), 'widthMs': np.float64(0.37)}]",2.11,1.81,1.09,0.56,0.37,yes,,,,,,unknown,,,
315,stochastic-hh.sanpy,13,2,11.0,,dvdt,100.0,-40.0,0,"[10, 20, 50, 80, 90]",20260928,19:54:54,,,0.2.8.post45,ceeda3d8b38d399aaf1761b27ed8696acdeb9705,True,,315,12,0,[],,38136,0.38136000000000003,-40.81881733050692,26.248817821845698,38205,0.38205,42.60611663724716,83.42493396775407,0.6899999999999684,38473,0.38473,-69.52725165800082,38069.0,-49.31715793683487,38076,38103,0.27,-48.803172323756,-46.47979095467947,8378.40438155278,,38185,16.583677258467322,265.5480434595871,38249,23.82512101178115,-66.38517733653492,1278.0,12.78,78.24726134585289,1268.0,12.68,0.67,"[{'halfHeight': 10, 'risingPnt': np.int64(38155), 'fallingPnt': np.int64(38366), 'widthPnts': np.int64(211), 'widthMs': np.float64(2.11)}, {'halfHeight': 20, 'risingPnt': np.int64(38165), 'fallingPnt': np.int64(38347), 'widthPnts': np.int64(182), 'widthMs': np.float64(1.82)}, {'halfHeight': 50, 'risingPnt': np.int64(38179), 'fallingPnt': np.int64(38292), 'widthPnts': np.int64(113), 'widthMs': np.float64(1.13)}, {'halfHeight': 80, 'risingPnt': np.int64(38189), 'fallingPnt': np.int64(38246), 'widthPnts': np.int64(57), 'widthMs': np.float64(0.57)}, {'halfHeight': 90, 'risingPnt': np.int64(38193), 'fallingPnt': np.int64(38229), 'widthPnts': np.int64(36), 'widthMs': np.float64(0.36)}]",2.11,1.82,1.13,0.57,0.36,yes,,,,,,unknown,,,
316,stochastic-hh.sanpy,13,2,11.0,,dvdt,100.0,-40.0,0,"[10, 20, 50, 80, 90]",20260928,19:54:54,,,0.2.8.post45,ceeda3d8b38d399aaf1761b27ed8696acdeb9705,True,,316,13,0,[],,39326,0.39326,-41.11544511246759,24.317504788354206,39401,0.39400999999999997,40.62939594032496,81.74484105279255,0.7499999999999729,39675,0.39675,-69.68516623169359,39261.0,-49.31715793683487,39267,39293,0.26,-48.85237141648613,-46.674627293942926,8289.940606957472,,39377,12.043108986012994,243.99121134258306,39441,22.215920797709046,-65.820286283263,1190.0,11.9,84.03361344537815,1192.0,11.92,0.65,"[{'halfHeight': 10, 'risingPnt': np.int64(39347), 'fallingPnt': np.int64(39564), 'widthPnts': np.int64(217), 'widthMs': np.float64(2.17)}, {'halfHeight': 20, 'risingPnt': np.int64(39357), 'fallingPnt': np.int64(39543), 'widthPnts': np.int64(186), 'widthMs': np.float64(1.86)}, {'halfHeight': 50, 'risingPnt': np.int64(39372), 'fallingPnt': np.int64(39486), 'widthPnts': np.int64(114), 'widthMs': np.float64(1.14)}, {'halfHeight': 80, 'risingPnt': np.int64(39383), 'fallingPnt': np.int64(39438), 'widthPnts': np.int64(55), 'widthMs': np.float64(0.55)}, {'halfHeight': 90, 'risingPnt': np.int64(39387), 'fallingPnt': np.int64(39423), 'widthPnts': np.int64(36), 'widthMs': np.float64(0.36)}]",2.17,1.86,1.14,0.55,0.36,yes,,,,,,unknown,,,
317,stochastic-hh.sanpy,13,2,11.0,,dvdt,100.0,-40.0,0,"[10, 20, 50, 80, 90]",20260928,19:54:54,,,0.2.8.post45,ceeda3d8b38d399aaf1761b27ed8696acdeb9705,True,,317,14,0,[],,40691,0.40691000000000005,-40.00649451999957,26.953657824501338,40760,0.4076,42.14306282085751,82.14955734085709,0.6899999999999684,41013,0.41013,-69.65698443869593,40618.0,-49.31715793683487,40625,40654,0.29,-48.92035793302489,-46.467377946382804,8467.395563564824,,40738,12.719191687298265,271.3290308514177,40812,17.557267377817684,-70.29017369762398,1365.0,13.65,73.26007326007326,1357.0,13.57,0.73,"[{'halfHeight': 10, 'risingPnt': np.int64(40711), 'fallingPnt': np.int64(40905), 'widthPnts': np.int64(194), 'widthMs': np.float64(1.94)}, {'halfHeight': 20, 'risingPnt': np.int64(40720), 'fallingPnt': np.int64(40890), 'widthPnts': np.int64(170), 'widthMs': np.float64(1.7)}, {'halfHeight': 50, 'risingPnt': np.int64(40734), 'fallingPnt': np.int64(40843), 'widthPnts': np.int64(109), 'widthMs': np.float64(1.09)}, {'halfHeight': 80, 'risingPnt': np.int64(40743), 'fallingPnt': np.int64(40799), 'widthPnts': np.int64(56), 'widthMs': np.float64(0.56)}, {'halfHeight': 90, 'risingPnt': np.int64(40747), 'fallingPnt': np.int64(40785), 'widthPnts': np.int64(38), 'widthMs': np.float64(0.38)}]",1.94,1.7,1.09,0.56,0.38,yes,,,,,,unknown,,,
318,stochastic-hh.sanpy,13,2,11.0,,dvdt,100.0,-40.0,0,"[10, 20, 50, 80, 90]",20260928,19:54:54,,,0.2.8.post45,ceeda3d8b38d399aaf1761b27ed8696acdeb9705,True,,318,15,0,[],,41956,0.41956,-41.842772847207485,26.263660082656553,42027,0.42027,42.719887035745025,84.56265988295252,0.7099999999999884,42303,0.42302999999999996,-69.5547974422898,41903.0,-49.31715793683487,41908,41929,0.21,-48.915499729173796,-46.7358860902977,10595.611884564838,,42005,11.476682788879197,265.30560662452325,42057,31.76389250170017,-58.48242601962691,1265.0,12.65,79.05138339920948,1285.0,12.85,0.53,"[{'halfHeight': 10, 'risingPnt': np.int64(41977), 'fallingPnt': np.int64(42204), 'widthPnts': np.int64(227), 'widthMs': np.float64(2.27)}, {'halfHeight': 20, 'risingPnt': np.int64(41987), 'fallingPnt': np.int64(42183), 'widthPnts': np.int64(196), 'widthMs': np.float64(1.96)}, {'halfHeight': 50, 'risingPnt': np.int64(42001), 'fallingPnt': np.int64(42122), 'widthPnts': np.int64(121), 'widthMs': np.float64(1.21)}, {'halfHeight': 80, 'risingPnt': np.int64(42011), 'fallingPnt': np.int64(42069), 'widthPnts': np.int64(58), 'widthMs': np.float64(0.58)}, {'halfHeight': 90, 'risingPnt': np.int64(42015), 'fallingPnt': np.int64(42053), 'widthPnts': np.int64(38), 'widthMs': np.float64(0.38)}]",2.27,1.96,1.21,0.58,0.38,yes,,,,,,unknown,,,
319,stochastic-hh.sanpy,13,2,11.0,,dvdt,100.0,-40.0,0,"[10, 20, 50, 80, 90]",20260928,19:54:54,,,0.2.8.post45,ceeda3d8b38d399aaf1761b27ed8696acdeb9705,True,,319,16,0,[],,43238,0.43238,-42.01578822001274,26.144907713733147,43311,0.43311,41.679159985120414,83.69494820513316,0.7300000000000084,43587,0.43587,-69.526882649331,43182.0,-49.31715793683487,43188,43210,0.22,-48.68607682832356,-46.70153851672951,9035.821874868561,,43292,17.485791915082054,264.84102621677437,43370,13.787802981873202,-62.96119916734497,1282.0,12.82,78.003120124805,1279.0,12.79,0.56,"[{'halfHeight': 10, 'risingPnt': np.int64(43259), 'fallingPnt': np.int64(43476), 'widthPnts': np.int64(217), 'widthMs': np.float64(2.17)}, {'halfHeight': 20, 'risingPnt': np.int64(43270), 'fallingPnt': np.int64(43455), 'widthPnts': np.int64(185), 'widthMs': np.float64(1.85)}, {'halfHeight': 50, 'risingPnt': np.int64(43285), 'fallingPnt': np.int64(43398), 'widthPnts': np.int64(113), 'widthMs': np.float64(1.13)}, {'halfHeight': 80, 'risingPnt': np.int64(43295), 'fallingPnt': np.int64(43350), 'widthPnts': np.int64(55), 'widthMs': np.float64(0.55)}, {'halfHeight': 90, 'risingPnt': np.int64(43299), 'fallingPnt': np.int64(43335), 'widthPnts': np.int64(36), 'widthMs': np.float64(0.36)}]",2.17,1.85,1.13,0.55,0.36,yes,,,,,,unknown,,,
320,stochastic-hh.sanpy,13,2,11.0,,dvdt,100.0,-40.0,0,"[10, 20, 50, 80, 90]",20260928,19:54:54,,,0.2.8.post45,ceeda3d8b38d399aaf1761b27ed8696acdeb9705,True,,320,17,0,[],,44540,0.44539999999999996,-40.48139430088897,27.68984025500465,44606,0.44606,43.056809732313816,83.53820403320279,0.6600000000000494,44882,0.44882,-69.49601335685598,44477.0,-49.31715793683487,44483,44509,0.26,-49.061137100728196,-46.61930493043453,9405.069655254327,,44588,18.77700296605552,288.88441632930204,44666,16.976349145857444,-66.33112820872829,1302.0,13.02,76.80491551459293,1295.0,12.95,0.63,"[{'halfHeight': 10, 'risingPnt': np.int64(44558), 'fallingPnt': np.int64(44774), 'widthPnts': np.int64(216), 'widthMs': np.float64(2.16)}, {'halfHeight': 20, 'risingPnt': np.int64(44568), 'fallingPnt': np.int64(44755), 'widthPnts': np.int64(187), 'widthMs': np.float64(1.87)}, {'halfHeight': 50, 'risingPnt': np.int64(44582), 'fallingPnt': np.int64(44698), 'widthPnts': np.int64(116), 'widthMs': np.float64(1.16)}, {'halfHeight': 80, 'risingPnt': np.int64(44591), 'fallingPnt': np.int64(44650), 'widthPnts': np.int64(59), 'widthMs': np.float64(0.59)}, {'halfHeight': 90, 'risingPnt': np.int64(44595), 'fallingPnt': np.int64(44633), 'widthPnts': np.int64(38), 'widthMs': np.float64(0.38)}]",2.16,1.87,1.16,0.59,0.38,yes,,,,,,unknown,,,
321,stochastic-hh.sanpy,13,2,11.0,,dvdt,100.0,-40.0,0,"[10, 20, 50, 80, 90]",20260928,19:54:54,,,0.2.8.post45,ceeda3d8b38d399aaf1761b27ed8696acdeb9705,True,,321,18,0,[],,45859,0.45859,-41.883462913488955,26.44014246571208,45930,0.4593,41.92502202535936,83.80848493884832,0.7099999999999884,46200,0.462,-69.54180724780558,45804.0,-49.31715793683487,45810,45832,0.22,-48.781246011703686,-46.725511207552174,9138.840663479838,,45910,15.067390184186785,268.2072842083485,46016,0.9213142636719864,-64.16941084934,1319.0,13.19,75.8150113722517,1327.0,13.27,0.55,"[{'halfHeight': 10, 'risingPnt': np.int64(45880), 'fallingPnt': np.int64(46093), 'widthPnts': np.int64(213), 'widthMs': np.float64(2.13)}, {'halfHeight': 20, 'risingPnt': np.int64(45889), 'fallingPnt': np.int64(46072), 'widthPnts': np.int64(183), 'widthMs': np.float64(1.83)}, {'halfHeight': 50, 'risingPnt': np.int64(45904), 'fallingPnt': np.int64(46018), 'widthPnts': np.int64(114), 'widthMs': np.float64(1.14)}, {'halfHeight': 80, 'risingPnt': np.int64(45914), 'fallingPnt': np.int64(45972), 'widthPnts': np.int64(58), 'widthMs': np.float64(0.58)}, {'halfHeight': 90, 'risingPnt': np.int64(45918), 'fallingPnt': np.int64(45956), 'widthPnts': np.int64(38), 'widthMs': np.float64(0.38)}]",2.13,1.83,1.14,0.58,0.38,yes,,,,,,unknown,,,
322,stochastic-hh.sanpy,13,2,11.0,,dvdt,100.0,-40.0,0,"[10, 20, 50, 80, 90]",20260928,19:54:54,,,0.2.8.post45,ceeda3d8b38d399aaf1761b27ed8696acdeb9705,True,,322,19,0,[],,47625,0.47625,-41.3718074928109,24.872914047186743,47700,0.477,40.98294695869544,82.35475445150635,0.7499999999999729,47950,0.4795,-69.49893428749618,47606.0,-45.07372959382829,47608,47616,0.08,-44.639515443064354,-43.296205538876485,16612.447272972007,,47678,12.420402993030974,252.04993282953296,47793,-4.76804795369386,-66.96723373065967,1766.0,17.66,56.62514156285391,1802.0,18.02,0.19,"[{'halfHeight': 10, 'risingPnt': np.int64(47648), 'fallingPnt': np.int64(47850), 'widthPnts': np.int64(202), 'widthMs': np.float64(2.02)}, {'halfHeight': 20, 'risingPnt': np.int64(47658), 'fallingPnt': np.int64(47831), 'widthPnts': np.int64(173), 'widthMs': np.float64(1.73)}, {'halfHeight': 50, 'risingPnt': np.int64(47673), 'fallingPnt': np.int64(47786), 'widthPnts': np.int64(113), 'widthMs': np.float64(1.13)}, {'halfHeight': 80, 'risingPnt': np.int64(47684), 'fallingPnt': np.int64(47741), 'widthPnts': np.int64(57), 'widthMs': np.float64(0.57)}, {'halfHeight': 90, 'risingPnt': np.int64(47688), 'fallingPnt': np.int64(47723), 'widthPnts': np.int64(35), 'widthMs': np.float64(0.35)}]",2.02,1.73,1.13,0.57,0.35,yes,,,,,,unknown,,,
323,stochastic-hh.sanpy,13,2,11.0,,dvdt,100.0,-40.0,0,"[10, 20, 50, 80, 90]",20260928,19:54:54,,,0.2.8.post45,ceeda3d8b38d399aaf1761b27ed8696acdeb9705,True,,323,20,0,[],,48918,0.48918,-41.235827653013175,27.26346072628531,48989,0.48989,41.666654085077035,82.90248173809022,0.7099999999999884,49254,0.49254000000000003,-69.5250411098665,48900.0,-45.07372959382829,48902,48909,0.07,-44.69903290256644,-43.33691556622907,19388.763147335718,,48968,12.783920516118874,276.1483703949397,49180,-48.77125998064967,-66.96434140770704,1293.0,12.93,77.33952049497293,1294.0,12.94,0.18,"[{'halfHeight': 10, 'risingPnt': np.int64(48937), 'fallingPnt': np.int64(49152), 'widthPnts': np.int64(215), 'widthMs': np.float64(2.15)}, {'halfHeight': 20, 'risingPnt': np.int64(48948), 'fallingPnt': np.int64(49130), 'widthPnts': np.int64(182), 'widthMs': np.float64(1.82)}, {'halfHeight': 50, 'risingPnt': np.int64(48964), 'fallingPnt': np.int64(49077), 'widthPnts': np.int64(113), 'widthMs': np.float64(1.13)}, {'halfHeight': 80, 'risingPnt': np.int64(48973), 'fallingPnt': np.int64(49030), 'widthPnts': np.int64(57), 'widthMs': np.float64(0.57)}, {'halfHeight': 90, 'risingPnt': np.int64(48977), 'fallingPnt': np.int64(49014), 'widthPnts': np.int64(37), 'widthMs': np.float64(0.37)}]",2.15,1.82,1.13,0.57,0.37,yes,,,,,,unknown,,,
324,stochastic-hh.sanpy,13,2,11.0,,dvdt,100.0,-40.0,0,"[10, 20, 50, 80, 90]",20260928,19:54:54,,,0.2.8.post45,ceeda3d8b38d399aaf1761b27ed8696acdeb9705,True,,324,21,0,[],,50211,0.5021100000000001,-40.672172206524024,24.202164657670988,50286,0.50286,41.845148755525656,82.51732096204968,0.7499999999999174,50558,0.50558,-69.52471517132706,50191.0,-45.07372959382829,50193,50201,0.08,-44.65684513084728,-43.01391631923061,20465.014910299888,,50261,11.879567613484369,246.57009377130242,50330,23.769539713381665,-68.5171060354265,1293.0,12.93,77.33952049497293,1291.0,12.91,0.2,"[{'halfHeight': 10, 'risingPnt': np.int64(50231), 'fallingPnt': np.int64(50452), 'widthPnts': np.int64(221), 'widthMs': np.float64(2.21)}, {'halfHeight': 20, 'risingPnt': np.int64(50241), 'fallingPnt': np.int64(50433), 'widthPnts': np.int64(192), 'widthMs': np.float64(1.92)}, {'halfHeight': 50, 'risingPnt': np.int64(50257), 'fallingPnt': np.int64(50380), 'widthPnts': np.int64(123), 'widthMs': np.float64(1.23)}, {'halfHeight': 80, 'risingPnt': np.int64(50267), 'fallingPnt': np.int64(50328), 'widthPnts': np.int64(61), 'widthMs': np.float64(0.61)}, {'halfHeight': 90, 'risingPnt': np.int64(50272), 'fallingPnt': np.int64(50311), 'widthPnts': np.int64(39), 'widthMs': np.float64(0.39)}]",2.21,1.92,1.23,0.61,0.39,yes,,,,,,unknown,,,
325,stochastic-hh.sanpy,13,2,11.0,,dvdt,100.0,-40.0,0,"[10, 20, 50, 80, 90]",20260928,19:54:54,,,0.2.8.post45,ceeda3d8b38d399aaf1761b27ed8696acdeb9705,True,,325,22,0,[],,51480,0.5147999999999999,-41.097277008921395,27.779754780828213,51549,0.51549,44.48160129486122,85.57887830378262,0.6900000000000794,51810,0.5181,-69.56479909432625,51461.0,-45.07372959382829,51463,51471,0.08,-44.693653956334465,-43.19860303480832,18541.22883209565,,51528,13.727778049684835,280.5631181278241,51632,4.85108258113097,-66.82996074511483,1269.0,12.69,78.80220646178093,1270.0,12.7,0.19,"[{'halfHeight': 10, 'risingPnt': np.int64(51499), 'fallingPnt': np.int64(51706), 'widthPnts': np.int64(207), 'widthMs': np.float64(2.07)}, {'halfHeight': 20, 'risingPnt': np.int64(51510), 'fallingPnt': np.int64(51689), 'widthPnts': np.int64(179), 'widthMs': np.float64(1.79)}, {'halfHeight': 50, 'risingPnt': np.int64(51524), 'fallingPnt': np.int64(51638), 'widthPnts': np.int64(114), 'widthMs': np.float64(1.14)}, {'halfHeight': 80, 'risingPnt': np.int64(51533), 'fallingPnt': np.int64(51590), 'widthPnts': np.int64(57), 'widthMs': np.float64(0.57)}, {'halfHeight': 90, 'risingPnt': np.int64(51537), 'fallingPnt': np.int64(51574), 'widthPnts': np.int64(37), 'widthMs': np.float64(0.37)}]",2.07,1.79,1.14,0.57,0.37,yes,,,,,,unknown,,,
326,stochastic-hh.sanpy,13,2,11.0,,dvdt,100.0,-40.0,0,"[10, 20, 50, 80, 90]",20260928,19:54:54,,,0.2.8.post45,ceeda3d8b38d399aaf1761b27ed8696acdeb9705,True,,326,23,0,[],,52693,0.5269299999999999,-42.04144978734244,23.74787385545794,52772,0.5277200000000001,41.01326417484208,83.05471396218451,0.7900000000001794,53032,0.53032,-69.68872845644911,52677.0,-45.07372959382829,52679,52685,0.06,-44.7287686181087,-43.74408869981291,16077.267901928351,,52751,17.702100117694453,237.99773397540704,52866,-5.992465814717726,-65.39781078688436,1213.0,12.13,82.44023083264634,1216.0,12.16,0.16,"[{'halfHeight': 10, 'risingPnt': np.int64(52716), 'fallingPnt': np.int64(52927), 'widthPnts': np.int64(211), 'widthMs': np.float64(2.11)}, {'halfHeight': 20, 'risingPnt': np.int64(52728), 'fallingPnt': np.int64(52906), 'widthPnts': np.int64(178), 'widthMs': np.float64(1.78)}, {'halfHeight': 50, 'risingPnt': np.int64(52744), 'fallingPnt': np.int64(52857), 'widthPnts': np.int64(113), 'widthMs': np.float64(1.13)}, {'halfHeight': 80, 'risingPnt': np.int64(52754), 'fallingPnt': np.int64(52812), 'widthPnts': np.int64(58), 'widthMs': np.float64(0.58)}, {'halfHeight': 90, 'risingPnt': np.int64(52758), 'fallingPnt': np.int64(52796), 'widthPnts': np.int64(38), 'widthMs': np.float64(0.38)}]",2.11,1.78,1.13,0.58,0.38,yes,,,,,,unknown,,,
327,stochastic-hh.sanpy,13,2,11.0,,dvdt,100.0,-40.0,0,"[10, 20, 50, 80, 90]",20260928,19:54:54,,,0.2.8.post45,ceeda3d8b38d399aaf1761b27ed8696acdeb9705,True,,327,24,0,[],,53952,0.53952,-41.447498960414876,25.88478067426839,54026,0.54026,41.47789117410987,82.92539013452475,0.7399999999999629,54283,0.54283,-69.49218349656496,53937.0,-45.07372959382829,53939,53945,0.06,-44.61588678172191,-43.258796300946294,22167.625908524802,,54004,17.30220068303593,261.8390828190402,54072,19.49814317978609,-69.56117148593052,1259.0,12.59,79.42811755361397,1260.0,12.6,0.15,"[{'halfHeight': 10, 'risingPnt': np.int64(53973), 'fallingPnt': np.int64(54176), 'widthPnts': np.int64(203), 'widthMs': np.float64(2.03)}, {'halfHeight': 20, 'risingPnt': np.int64(53982), 'fallingPnt': np.int64(54158), 'widthPnts': np.int64(176), 'widthMs': np.float64(1.76)}, {'halfHeight': 50, 'risingPnt': np.int64(53998), 'fallingPnt': np.int64(54108), 'widthPnts': np.int64(110), 'widthMs': np.float64(1.1)}, {'halfHeight': 80, 'risingPnt': np.int64(54007), 'fallingPnt': np.int64(54063), 'widthPnts': np.int64(56), 'widthMs': np.float64(0.56)}, {'halfHeight': 90, 'risingPnt': np.int64(54012), 'fallingPnt': np.int64(54049), 'widthPnts': np.int64(37), 'widthMs': np.float64(0.37)}]",2.03,1.76,1.1,0.56,0.37,yes,,,,,,unknown,,,
328,stochastic-hh.sanpy,13,2,11.0,,dvdt,100.0,-40.0,0,"[10, 20, 50, 80, 90]",20260928,19:54:54,,,0.2.8.post45,ceeda3d8b38d399aaf1761b27ed8696acdeb9705,True,,328,25,0,[],,55093,0.5509299999999999,-42.39329809618451,26.714573399365914,55167,0.55167,43.94071706287874,86.33401515906326,0.7400000000000739,55426,0.55426,-69.64209431198847,55079.0,-45.39790161747333,55080,55086,0.06,-45.14770364159217,-44.05100596791324,17983.811788001418,,55143,9.220073524961787,269.4732373235234,55211,24.549375990064544,-70.54148161367033,1141.0,11.41,87.64241893076249,1142.0,11.42,0.14,"[{'halfHeight': 10, 'risingPnt': np.int64(55114), 'fallingPnt': np.int64(55329), 'widthPnts': np.int64(215), 'widthMs': np.float64(2.15)}, {'halfHeight': 20, 'risingPnt': np.int64(55125), 'fallingPnt': np.int64(55311), 'widthPnts': np.int64(186), 'widthMs': np.float64(1.86)}, {'halfHeight': 50, 'risingPnt': np.int64(55140), 'fallingPnt': np.int64(55256), 'widthPnts': np.int64(116), 'widthMs': np.float64(1.16)}, {'halfHeight': 80, 'risingPnt': np.int64(55150), 'fallingPnt': np.int64(55208), 'widthPnts': np.int64(58), 'widthMs': np.float64(0.58)}, {'halfHeight': 90, 'risingPnt': np.int64(55154), 'fallingPnt': np.int64(55191), 'widthPnts': np.int64(37), 'widthMs': np.float64(0.37)}]",2.15,1.86,1.16,0.58,0.37,yes,,,,,,unknown,,,
329,stochastic-hh.sanpy,13,2,11.0,,dvdt,100.0,-40.0,0,"[10, 20, 50, 80, 90]",20260928,19:54:54,,,0.2.8.post45,ceeda3d8b38d399aaf1761b27ed8696acdeb9705,True,,329,26,0,[],,56428,0.56428,-42.236164505565114,26.274513833744255,56501,0.56501,43.08972710135951,85.32589160692461,0.7300000000000084,56768,0.56768,-69.56711519672331,56413.0,-45.39790161747333,56415,56421,0.06,-44.9978187287375,-43.89590770037463,18040.424747016074,,56481,17.356955676021336,269.0725050923018,56556,19.505748434641077,-67.21045853921764,1335.0,13.35,74.90636704119851,1334.0,13.34,0.15,"[{'halfHeight': 10, 'risingPnt': np.int64(56449), 'fallingPnt': np.int64(56662), 'widthPnts': np.int64(213), 'widthMs': np.float64(2.13)}, {'halfHeight': 20, 'risingPnt': np.int64(56460), 'fallingPnt': np.int64(56642), 'widthPnts': np.int64(182), 'widthMs': np.float64(1.82)}, {'halfHeight': 50, 'risingPnt': np.int64(56475), 'fallingPnt': np.int64(56591), 'widthPnts': np.int64(116), 'widthMs': np.float64(1.16)}, {'halfHeight': 80, 'risingPnt': np.int64(56485), 'fallingPnt': np.int64(56545), 'widthPnts': np.int64(60), 'widthMs': np.float64(0.6)}, {'halfHeight': 90, 'risingPnt': np.int64(56489), 'fallingPnt': np.int64(56527), 'widthPnts': np.int64(38), 'widthMs': np.float64(0.38)}]",2.13,1.82,1.16,0.6,0.38,yes,,,,,,unknown,,,
330,stochastic-hh.sanpy,13,2,11.0,,dvdt,100.0,-40.0,0,"[10, 20, 50, 80, 90]",20260928,19:54:54,,,0.2.8.post45,ceeda3d8b38d399aaf1761b27ed8696acdeb9705,True,,330,27,0,[],,57775,0.57775,-42.26272907559631,25.069971668927483,57849,0.5784900000000001,42.74875425357775,85.01148332917407,0.7400000000000739,58117,0.58117,-69.4395808423688,57759.0,-45.39790161747333,57761,57767,0.06,-45.05538735966667,-43.988192569528906,17479.57141554463,,57824,7.857845086498913,253.31378952628162,57898,21.792485856723818,-69.78806023065633,1347.0,13.47,74.23904974016332,1346.0,13.46,0.16,"[{'halfHeight': 10, 'risingPnt': np.int64(57796), 'fallingPnt': np.int64(58010), 'widthPnts': np.int64(214), 'widthMs': np.float64(2.14)}, {'halfHeight': 20, 'risingPnt': np.int64(57806), 'fallingPnt': np.int64(57990), 'widthPnts': np.int64(184), 'widthMs': np.float64(1.84)}, {'halfHeight': 50, 'risingPnt': np.int64(57821), 'fallingPnt': np.int64(57938), 'widthPnts': np.int64(117), 'widthMs': np.float64(1.17)}, {'halfHeight': 80, 'risingPnt': np.int64(57832), 'fallingPnt': np.int64(57892), 'widthPnts': np.int64(60), 'widthMs': np.float64(0.6)}, {'halfHeight': 90, 'risingPnt': np.int64(57836), 'fallingPnt': np.int64(57874), 'widthPnts': np.int64(38), 'widthMs': np.float64(0.38)}]",2.14,1.84,1.17,0.6,0.38,yes,,,,,,unknown,,,
331,stochastic-hh.sanpy,13,2,11.0,,dvdt,100.0,-40.0,0,"[10, 20, 50, 80, 90]",20260928,19:54:54,,,0.2.8.post45,ceeda3d8b38d399aaf1761b27ed8696acdeb9705,True,,331,28,0,[],,59069,0.59069,-42.10914308380304,26.264815322526918,59141,0.59141,43.91097308581537,86.0201161696184,0.7199999999999429,59402,0.59402,-69.73603177963648,59053.0,-45.69096636935415,59055,59061,0.06,-45.19715602344651,-44.01121611124327,19671.48271595652,,59122,20.184836021365722,263.06368549078576,59180,26.316921168268898,-72.56633256190906,1294.0,12.94,77.27975270479135,1294.0,12.94,0.16,"[{'halfHeight': 10, 'risingPnt': np.int64(59089), 'fallingPnt': np.int64(59298), 'widthPnts': np.int64(209), 'widthMs': np.float64(2.09)}, {'halfHeight': 20, 'risingPnt': np.int64(59100), 'fallingPnt': np.int64(59281), 'widthPnts': np.int64(181), 'widthMs': np.float64(1.81)}, {'halfHeight': 50, 'risingPnt': np.int64(59115), 'fallingPnt': np.int64(59224), 'widthPnts': np.int64(109), 'widthMs': np.float64(1.09)}, {'halfHeight': 80, 'risingPnt': np.int64(59125), 'fallingPnt': np.int64(59180), 'widthPnts': np.int64(55), 'widthMs': np.float64(0.55)}, {'halfHeight': 90, 'risingPnt': np.int64(59129), 'fallingPnt': np.int64(59166), 'widthPnts': np.int64(37), 'widthMs': np.float64(0.37)}]",2.09,1.81,1.09,0.55,0.37,yes,,,,,,unknown,,,
332,stochastic-hh.sanpy,13,2,11.0,,dvdt,100.0,-40.0,0,"[10, 20, 50, 80, 90]",20260928,19:54:54,,,0.2.8.post45,ceeda3d8b38d399aaf1761b27ed8696acdeb9705,True,,332,29,0,[],,60286,0.6028600000000001,-42.31141145586175,27.517689977514355,60359,0.6035900000000001,44.34054444576031,86.65195590162206,0.7300000000000084,60629,0.60629,-69.67201096969254,60271.0,-45.56337995352921,60273,60279,0.06,-45.14638833087722,-44.012994977561576,18426.807904786416,,60338,15.786543219932112,286.7046708371584,60554,-47.43981340504655,-64.4022296384899,1217.0,12.17,82.16926869350863,1218.0,12.18,0.15,"[{'halfHeight': 10, 'risingPnt': np.int64(60307), 'fallingPnt': np.int64(60529), 'widthPnts': np.int64(222), 'widthMs': np.float64(2.22)}, {'halfHeight': 20, 'risingPnt': np.int64(60318), 'fallingPnt': np.int64(60509), 'widthPnts': np.int64(191), 'widthMs': np.float64(1.91)}, {'halfHeight': 50, 'risingPnt': np.int64(60333), 'fallingPnt': np.int64(60458), 'widthPnts': np.int64(125), 'widthMs': np.float64(1.25)}, {'halfHeight': 80, 'risingPnt': np.int64(60342), 'fallingPnt': np.int64(60406), 'widthPnts': np.int64(64), 'widthMs': np.float64(0.64)}, {'halfHeight': 90, 'risingPnt': np.int64(60347), 'fallingPnt': np.int64(60387), 'widthPnts': np.int64(40), 'widthMs': np.float64(0.4)}]",2.22,1.91,1.25,0.64,0.4,yes,,,,,,unknown,,,
333,stochastic-hh.sanpy,13,2,11.0,,dvdt,100.0,-40.0,0,"[10, 20, 50, 80, 90]",20260928,19:54:54,,,0.2.8.post45,ceeda3d8b38d399aaf1761b27ed8696acdeb9705,True,,333,30,0,[],,61424,0.61424,-41.61049883202375,25.101083815517523,61495,0.61495,43.16467782797432,84.77517665999807,0.7099999999999884,61754,0.61754,-69.49078964608901,61403.0,-45.56337995352921,61405,61413,0.08,-45.25098905562995,-43.987145228166014,15611.369188315197,,61475,13.613593229032393,257.7639942847449,61588,-1.349735549863453,-71.75956821797362,1138.0,11.38,87.87346221441123,1132.0,11.32,0.21,"[{'halfHeight': 10, 'risingPnt': np.int64(61444), 'fallingPnt': np.int64(61651), 'widthPnts': np.int64(207), 'widthMs': np.float64(2.07)}, {'halfHeight': 20, 'risingPnt': np.int64(61455), 'fallingPnt': np.int64(61632), 'widthPnts': np.int64(177), 'widthMs': np.float64(1.77)}, {'halfHeight': 50, 'risingPnt': np.int64(61470), 'fallingPnt': np.int64(61585), 'widthPnts': np.int64(115), 'widthMs': np.float64(1.15)}, {'halfHeight': 80, 'risingPnt': np.int64(61480), 'fallingPnt': np.int64(61538), 'widthPnts': np.int64(58), 'widthMs': np.float64(0.58)}, {'halfHeight': 90, 'risingPnt': np.int64(61484), 'fallingPnt': np.int64(61523), 'widthPnts': np.int64(39), 'widthMs': np.float64(0.39)}]",2.07,1.77,1.15,0.58,0.39,yes,,,,,,unknown,,,
334,stochastic-hh.sanpy,13,2,11.0,,dvdt,100.0,-40.0,0,"[10, 20, 50, 80, 90]",20260928,19:54:54,,,0.2.8.post45,ceeda3d8b38d399aaf1761b27ed8696acdeb9705,True,,334,31,0,[],,62581,0.62581,-41.10061525867072,25.96515578495952,62650,0.6265,43.46280207184391,84.56341733051462,0.6899999999999684,62923,0.6292300000000001,-69.5142267493699,62559.0,-45.56337995352921,62561,62570,0.09,-45.22389757659168,-43.55652821092007,18373.599127789643,,62632,20.407157485440656,262.9625326390742,62681,30.33865268312176,-72.32172977286031,1157.0,11.57,86.4304235090752,1156.0,11.56,0.22,"[{'halfHeight': 10, 'risingPnt': np.int64(62601), 'fallingPnt': np.int64(62818), 'widthPnts': np.int64(217), 'widthMs': np.float64(2.17)}, {'halfHeight': 20, 'risingPnt': np.int64(62611), 'fallingPnt': np.int64(62799), 'widthPnts': np.int64(188), 'widthMs': np.float64(1.88)}, {'halfHeight': 50, 'risingPnt': np.int64(62625), 'fallingPnt': np.int64(62744), 'widthPnts': np.int64(119), 'widthMs': np.float64(1.19)}, {'halfHeight': 80, 'risingPnt': np.int64(62635), 'fallingPnt': np.int64(62689), 'widthPnts': np.int64(54), 'widthMs': np.float64(0.54)}, {'halfHeight': 90, 'risingPnt': np.int64(62639), 'fallingPnt': np.int64(62674), 'widthPnts': np.int64(35), 'widthMs': np.float64(0.35)}]",2.17,1.88,1.19,0.54,0.35,yes,,,,,,unknown,,,
335,stochastic-hh.sanpy,13,2,11.0,,dvdt,100.0,-40.0,0,"[10, 20, 50, 80, 90]",20260928,19:54:54,,,0.2.8.post45,ceeda3d8b38d399aaf1761b27ed8696acdeb9705,True,,335,32,0,[],,63898,0.63898,-42.23105490917018,25.651136756006494,63970,0.6397,42.85293896978828,85.08399387895847,0.7200000000000539,64238,0.64238,-69.50048837787689,63880.0,-45.56337995352921,63882,63889,0.07,-45.25829765913244,-44.144897469510376,15555.796843529508,,63948,11.760498312331434,263.64909758591324,64048,7.911720398412726,-70.66826012015729,1317.0,13.17,75.93014426727412,1321.0,13.21,0.18,"[{'halfHeight': 10, 'risingPnt': np.int64(63918), 'fallingPnt': np.int64(64136), 'widthPnts': np.int64(218), 'widthMs': np.float64(2.18)}, {'halfHeight': 20, 'risingPnt': np.int64(63929), 'fallingPnt': np.int64(64117), 'widthPnts': np.int64(188), 'widthMs': np.float64(1.88)}, {'halfHeight': 50, 'risingPnt': np.int64(63944), 'fallingPnt': np.int64(64063), 'widthPnts': np.int64(119), 'widthMs': np.float64(1.19)}, {'halfHeight': 80, 'risingPnt': np.int64(63954), 'fallingPnt': np.int64(64015), 'widthPnts': np.int64(61), 'widthMs': np.float64(0.61)}, {'halfHeight': 90, 'risingPnt': np.int64(63958), 'fallingPnt': np.int64(63997), 'widthPnts': np.int64(39), 'widthMs': np.float64(0.39)}]",2.18,1.88,1.19,0.61,0.39,yes,,,,,,unknown,,,
336,stochastic-hh.sanpy,13,2,11.0,,dvdt,100.0,-40.0,0,"[10, 20, 50, 80, 90]",20260928,19:54:54,,,0.2.8.post45,ceeda3d8b38d399aaf1761b27ed8696acdeb9705,True,,336,33,0,[],,65150,0.6515,-41.08772128945357,26.60773276494957,65222,0.65222,43.44292951467878,84.53065080413235,0.7200000000000539,65495,0.65495,-69.4024531365721,65129.0,-45.56337995352921,65131,65139,0.08,-45.14133422220728,-43.6634857919857,18142.96201108813,,65201,15.809433539759988,269.07681966750755,65286,10.147913273763184,-73.62587453430673,1252.0,12.52,79.87220447284345,1249.0,12.49,0.21,"[{'halfHeight': 10, 'risingPnt': np.int64(65171), 'fallingPnt': np.int64(65382), 'widthPnts': np.int64(211), 'widthMs': np.float64(2.11)}, {'halfHeight': 20, 'risingPnt': np.int64(65181), 'fallingPnt': np.int64(65360), 'widthPnts': np.int64(179), 'widthMs': np.float64(1.79)}, {'halfHeight': 50, 'risingPnt': np.int64(65196), 'fallingPnt': np.int64(65302), 'widthPnts': np.int64(106), 'widthMs': np.float64(1.06)}, {'halfHeight': 80, 'risingPnt': np.int64(65206), 'fallingPnt': np.int64(65259), 'widthPnts': np.int64(53), 'widthMs': np.float64(0.53)}, {'halfHeight': 90, 'risingPnt': np.int64(65209), 'fallingPnt': np.int64(65245), 'widthPnts': np.int64(36), 'widthMs': np.float64(0.36)}]",2.11,1.79,1.06,0.53,0.36,yes,,,,,,unknown,,,
337,stochastic-hh.sanpy,13,2,11.0,,dvdt,100.0,-40.0,0,"[10, 20, 50, 80, 90]",20260928,19:54:54,,,0.2.8.post45,ceeda3d8b38d399aaf1761b27ed8696acdeb9705,True,,337,34,0,[],,66370,0.6637000000000001,-42.060657892594435,27.24499028549517,66443,0.66443,44.590241131638095,86.65089902423253,0.7299999999998974,66709,0.6670900000000001,-69.61242569838332,66355.0,-45.56337995352921,66357,66363,0.06,-45.12023084593841,-43.876166443846515,20088.023334049965,,66423,17.60999512424692,280.1082102907795,66493,21.808786399862694,-66.33802874772213,1220.0,12.2,81.9672131147541,1226.0,12.26,0.15,"[{'halfHeight': 10, 'risingPnt': np.int64(66392), 'fallingPnt': np.int64(66607), 'widthPnts': np.int64(215), 'widthMs': np.float64(2.15)}, {'halfHeight': 20, 'risingPnt': np.int64(66403), 'fallingPnt': np.int64(66589), 'widthPnts': np.int64(186), 'widthMs': np.float64(1.86)}, {'halfHeight': 50, 'risingPnt': np.int64(66417), 'fallingPnt': np.int64(66534), 'widthPnts': np.int64(117), 'widthMs': np.float64(1.17)}, {'halfHeight': 80, 'risingPnt': np.int64(66427), 'fallingPnt': np.int64(66485), 'widthPnts': np.int64(58), 'widthMs': np.float64(0.58)}, {'halfHeight': 90, 'risingPnt': np.int64(66431), 'fallingPnt': np.int64(66469), 'widthPnts': np.int64(38), 'widthMs': np.float64(0.38)}]",2.15,1.86,1.17,0.58,0.38,yes,,,,,,unknown,,,
338,stochastic-hh.sanpy,13,2,11.0,,dvdt,100.0,-40.0,0,"[10, 20, 50, 80, 90]",20260928,19:54:54,,,0.2.8.post45,ceeda3d8b38d399aaf1761b27ed8696acdeb9705,True,,338,35,0,[],,67646,0.6764600000000001,-41.32057240182858,27.755612852057588,67715,0.67715,43.66638909759413,84.9869614994227,0.6899999999999684,67983,0.67983,-69.464271179852,67627.0,-45.56337995352921,67629,67637,0.08,-45.16720472686498,-43.55885771312132,19923.384469461733,,67695,16.701629173235535,281.8972061586957,67797,4.85070205257276,-71.55267914439338,1276.0,12.76,78.36990595611285,1272.0,12.72,0.19,"[{'halfHeight': 10, 'risingPnt': np.int64(67666), 'fallingPnt': np.int64(67877), 'widthPnts': np.int64(211), 'widthMs': np.float64(2.11)}, {'halfHeight': 20, 'risingPnt': np.int64(67675), 'fallingPnt': np.int64(67856), 'widthPnts': np.int64(181), 'widthMs': np.float64(1.81)}, {'halfHeight': 50, 'risingPnt': np.int64(67690), 'fallingPnt': np.int64(67803), 'widthPnts': np.int64(113), 'widthMs': np.float64(1.13)}, {'halfHeight': 80, 'risingPnt': np.int64(67699), 'fallingPnt': np.int64(67757), 'widthPnts': np.int64(58), 'widthMs': np.float64(0.58)}, {'halfHeight': 90, 'risingPnt': np.int64(67703), 'fallingPnt': np.int64(67739), 'widthPnts': np.int64(36), 'widthMs': np.float64(0.36)}]",2.11,1.81,1.13,0.58,0.36,yes,,,,,,unknown,,,
339,stochastic-hh.sanpy,13,2,11.0,,dvdt,100.0,-40.0,0,"[10, 20, 50, 80, 90]",20260928,19:54:54,,,0.2.8.post45,ceeda3d8b38d399aaf1761b27ed8696acdeb9705,True,,339,36,0,[],,69085,0.6908500000000001,-41.4229729748848,24.120350564804248,69159,0.69159,41.12970373388047,82.55267670876526,0.7399999999999629,69433,0.69433,-69.4962490845526,69060.0,-45.56337995352921,69062,69072,0.1,-45.29275615242658,-44.011459475260935,12421.033126606508,,69138,14.90698925346928,241.355703546142,69207,19.063290906020697,-67.97362373830696,1439.0,14.39,69.49270326615705,1433.0,14.33,0.25,"[{'halfHeight': 10, 'risingPnt': np.int64(69106), 'fallingPnt': np.int64(69321), 'widthPnts': np.int64(215), 'widthMs': np.float64(2.15)}, {'halfHeight': 20, 'risingPnt': np.int64(69117), 'fallingPnt': np.int64(69302), 'widthPnts': np.int64(185), 'widthMs': np.float64(1.85)}, {'halfHeight': 50, 'risingPnt': np.int64(69132), 'fallingPnt': np.int64(69247), 'widthPnts': np.int64(115), 'widthMs': np.float64(1.15)}, {'halfHeight': 80, 'risingPnt': np.int64(69143), 'fallingPnt': np.int64(69197), 'widthPnts': np.int64(54), 'widthMs': np.float64(0.54)}, {'halfHeight': 90, 'risingPnt': np.int64(69147), 'fallingPnt': np.int64(69183), 'widthPnts': np.int64(36), 'widthMs': np.float64(0.36)}]",2.15,1.85,1.15,0.54,0.36,yes,,,,,,unknown,,,
340,stochastic-hh.sanpy,13,2,11.0,,dvdt,100.0,-40.0,0,"[10, 20, 50, 80, 90]",20260928,19:54:54,,,0.2.8.post45,ceeda3d8b38d399aaf1761b27ed8696acdeb9705,True,,340,37,0,[],,70468,0.70468,-42.06625711491901,24.894490342480626,70539,0.70539,42.22402445388311,84.29028156880213,0.7099999999999884,70800,0.708,-69.58657827867188,70448.0,-45.56337995352921,70450,70458,0.08,-45.271756893950524,-44.06248564415676,14934.028321702484,,70520,17.899735484556924,255.9072397635625,70734,-52.5596697781399,-64.52280359457664,1383.0,13.83,72.30657989877079,1388.0,13.88,0.2,"[{'halfHeight': 10, 'risingPnt': np.int64(70489), 'fallingPnt': np.int64(70701), 'widthPnts': np.int64(212), 'widthMs': np.float64(2.12)}, {'halfHeight': 20, 'risingPnt': np.int64(70498), 'fallingPnt': np.int64(70683), 'widthPnts': np.int64(185), 'widthMs': np.float64(1.85)}, {'halfHeight': 50, 'risingPnt': np.int64(70513), 'fallingPnt': np.int64(70629), 'widthPnts': np.int64(116), 'widthMs': np.float64(1.16)}, {'halfHeight': 80, 'risingPnt': np.int64(70523), 'fallingPnt': np.int64(70582), 'widthPnts': np.int64(59), 'widthMs': np.float64(0.59)}, {'halfHeight': 90, 'risingPnt': np.int64(70528), 'fallingPnt': np.int64(70565), 'widthPnts': np.int64(37), 'widthMs': np.float64(0.37)}]",2.12,1.85,1.16,0.59,0.37,yes,,,,,,unknown,,,
341,stochastic-hh.sanpy,13,2,11.0,,dvdt,100.0,-40.0,0,"[10, 20, 50, 80, 90]",20260928,19:54:54,,,0.2.8.post45,ceeda3d8b38d399aaf1761b27ed8696acdeb9705,True,,341,38,0,[],,71752,0.7175199999999999,-42.049220981067194,25.140964480219356,71824,0.71824,43.47033372931271,85.51955471037991,0.7200000000000539,72105,0.72105,-69.51296756847302,71735.0,-45.56337995352921,71737,71743,0.06,-45.12738876481349,-44.080154346881436,17346.45297719426,,71806,20.470140637408175,261.26549977424315,71867,25.608594666244144,-67.0081408012643,1284.0,12.84,77.8816199376947,1287.0,12.87,0.17,"[{'halfHeight': 10, 'risingPnt': np.int64(71772), 'fallingPnt': np.int64(71990), 'widthPnts': np.int64(218), 'widthMs': np.float64(2.18)}, {'halfHeight': 20, 'risingPnt': np.int64(71783), 'fallingPnt': np.int64(71971), 'widthPnts': np.int64(188), 'widthMs': np.float64(1.88)}, {'halfHeight': 50, 'risingPnt': np.int64(71799), 'fallingPnt': np.int64(71917), 'widthPnts': np.int64(118), 'widthMs': np.float64(1.18)}, {'halfHeight': 80, 'risingPnt': np.int64(71809), 'fallingPnt': np.int64(71866), 'widthPnts': np.int64(57), 'widthMs': np.float64(0.57)}, {'halfHeight': 90, 'risingPnt': np.int64(71813), 'fallingPnt': np.int64(71851), 'widthPnts': np.int64(38), 'widthMs': np.float64(0.38)}]",2.18,1.88,1.18,0.57,0.38,yes,,,,,,unknown,,,
342,stochastic-hh.sanpy,13,2,11.0,,dvdt,100.0,-40.0,0,"[10, 20, 50, 80, 90]",20260928,19:54:54,,,0.2.8.post45,ceeda3d8b38d399aaf1761b27ed8696acdeb9705,True,,342,39,0,[],,72958,0.72958,-41.78248899780337,25.777076716212598,73032,0.7303200000000001,41.30993323193688,83.09242222974025,0.7400000000000739,73299,0.73299,-69.296831838486,72939.0,-45.56337995352921,72941,72949,0.08,-45.20391151441199,-43.74674350505073,18142.92922008628,,73010,14.752222665382888,260.6799247212935,73092,14.445477190818552,-63.958495617647046,1206.0,12.06,82.91873963515754,1204.0,12.04,0.19,"[{'halfHeight': 10, 'risingPnt': np.int64(72979), 'fallingPnt': np.int64(73192), 'widthPnts': np.int64(213), 'widthMs': np.float64(2.13)}, {'halfHeight': 20, 'risingPnt': np.int64(72989), 'fallingPnt': np.int64(73171), 'widthPnts': np.int64(182), 'widthMs': np.float64(1.82)}, {'halfHeight': 50, 'risingPnt': np.int64(73004), 'fallingPnt': np.int64(73120), 'widthPnts': np.int64(116), 'widthMs': np.float64(1.16)}, {'halfHeight': 80, 'risingPnt': np.int64(73014), 'fallingPnt': np.int64(73073), 'widthPnts': np.int64(59), 'widthMs': np.float64(0.59)}, {'halfHeight': 90, 'risingPnt': np.int64(73019), 'fallingPnt': np.int64(73055), 'widthPnts': np.int64(36), 'widthMs': np.float64(0.36)}]",2.13,1.82,1.16,0.59,0.36,yes,,,,,,unknown,,,
343,stochastic-hh.sanpy,13,2,11.0,,dvdt,100.0,-40.0,0,"[10, 20, 50, 80, 90]",20260928,19:54:54,,,0.2.8.post45,ceeda3d8b38d399aaf1761b27ed8696acdeb9705,True,,343,40,0,[],,74223,0.7422300000000001,-41.995087470056745,28.186309025573518,74290,0.7429,44.705301214203786,86.70038868426053,0.6699999999999484,74550,0.7455,-69.85625704703182,74207.0,-45.56337995352921,74209,74215,0.06,-45.12825653666666,-43.92687114279262,20042.327545625307,,74270,14.731367922364628,285.1797929975459,74357,12.88119301799044,-70.34783797146974,1265.0,12.65,79.05138339920948,1268.0,12.68,0.16,"[{'halfHeight': 10, 'risingPnt': np.int64(74241), 'fallingPnt': np.int64(74450), 'widthPnts': np.int64(209), 'widthMs': np.float64(2.09)}, {'halfHeight': 20, 'risingPnt': np.int64(74251), 'fallingPnt': np.int64(74431), 'widthPnts': np.int64(180), 'widthMs': np.float64(1.8)}, {'halfHeight': 50, 'risingPnt': np.int64(74266), 'fallingPnt': np.int64(74379), 'widthPnts': np.int64(113), 'widthMs': np.float64(1.13)}, {'halfHeight': 80, 'risingPnt': np.int64(74275), 'fallingPnt': np.int64(74333), 'widthPnts': np.int64(58), 'widthMs': np.float64(0.58)}, {'halfHeight': 90, 'risingPnt': np.int64(74279), 'fallingPnt': np.int64(74316), 'widthPnts': np.int64(37), 'widthMs': np.float64(0.37)}]",2.09,1.8,1.13,0.58,0.37,yes,,,,,,unknown,,,
344,stochastic-hh.sanpy,13,3,0.0,,dvdt,100.0,-40.0,0,"[10, 20, 50, 80, 90]",20260928,19:54:54,,,0.2.8.post45,ceeda3d8b38d399aaf1761b27ed8696acdeb9705,True,,344,41,0,[],,91446,0.91446,-40.61566440863554,31.38251572242585,91506,0.91506,47.53162142721606,88.14728583585159,0.5999999999999339,91799,0.91799,-71.02439716113518,91431.0,-44.28730029627432,91433,91439,0.06,-43.803089323379595,-42.50715408953422,21350.340952362174,,91488,18.498978690455882,328.973863408499,91556,28.51636834899458,-60.62064860671068,17223.0,172.23,5.80618939789816,17224.0,172.24,0.15,"[{'halfHeight': 10, 'risingPnt': np.int64(91462), 'fallingPnt': np.int64(91682), 'widthPnts': np.int64(220), 'widthMs': np.float64(2.2)}, {'halfHeight': 20, 'risingPnt': np.int64(91471), 'fallingPnt': np.int64(91662), 'widthPnts': np.int64(191), 'widthMs': np.float64(1.91)}, {'halfHeight': 50, 'risingPnt': np.int64(91484), 'fallingPnt': np.int64(91606), 'widthPnts': np.int64(122), 'widthMs': np.float64(1.22)}, {'halfHeight': 80, 'risingPnt': np.int64(91492), 'fallingPnt': np.int64(91554), 'widthPnts': np.int64(62), 'widthMs': np.float64(0.62)}, {'halfHeight': 90, 'risingPnt': np.int64(91496), 'fallingPnt': np.int64(91534), 'widthPnts': np.int64(38), 'widthMs': np.float64(0.38)}]",2.2,1.91,1.22,0.62,0.38,yes,,,,,,unknown,,,
345,stochastic-hh.sanpy,13,3,0.0,,dvdt,100.0,-40.0,0,"[10, 20, 50, 80, 90]",20260928,19:54:54,,,0.2.8.post45,ceeda3d8b38d399aaf1761b27ed8696acdeb9705,True,,345,42,0,[],,96233,0.96233,-40.37135684311603,32.07985694372113,96296,0.96296,48.69797374310988,89.0693305862259,0.6300000000000194,96593,0.96593,-71.11039472244445,96186.0,-49.04431781661323,96191,96210,0.19,-48.61914523343747,-46.16569189610344,12535.241578136247,,96276,19.906154845920298,333.84568353257504,96356,23.667267335751642,-64.38960227396387,4787.0,47.87,20.889910173386255,4755.0,47.55,0.47,"[{'halfHeight': 10, 'risingPnt': np.int64(96251), 'fallingPnt': np.int64(96480), 'widthPnts': np.int64(229), 'widthMs': np.float64(2.29)}, {'halfHeight': 20, 'risingPnt': np.int64(96259), 'fallingPnt': np.int64(96460), 'widthPnts': np.int64(201), 'widthMs': np.float64(2.01)}, {'halfHeight': 50, 'risingPnt': np.int64(96272), 'fallingPnt': np.int64(96397), 'widthPnts': np.int64(125), 'widthMs': np.float64(1.25)}, {'halfHeight': 80, 'risingPnt': np.int64(96280), 'fallingPnt': np.int64(96343), 'widthPnts': np.int64(63), 'widthMs': np.float64(0.63)}, {'halfHeight': 90, 'risingPnt': np.int64(96283), 'fallingPnt': np.int64(96326), 'widthPnts': np.int64(43), 'widthMs': np.float64(0.43)}]",2.29,2.01,1.25,0.63,0.43,yes,,,,,,unknown,,,
346,stochastic-hh.sanpy,14,1,0.0,,dvdt,100.0,-40.0,0,"[10, 20, 50, 80, 90]",20260928,19:54:54,,,0.2.8.post45,ceeda3d8b38d399aaf1761b27ed8696acdeb9705,True,,346,0,0,"[{'Spike': 0, 'Seconds': np.float64(0.011), 'Sweep': 14, 'Epoch': 1, 'Type': 'Pre spike min under-run (mdp)', 'Details': 'Went past startPnt 0 searching for pre-spike min'}, {'Spike': 0, 'Seconds': np.float64(0.011), 'Sweep': 14, 'Epoch': 1, 'Type': 'Pre spike min (mdp)', 'Details': 'Did not find preMinVal: nan'}]",,1104,0.01104,-41.597328426107275,33.357982994866084,1167,0.01167,49.08084322850166,90.67817165460893,0.6300000000000003,1460,0.0146,-71.05691637984512,,,110,552,4.42,-59.41623518861471,-57.60317037653056,346.09244750027324,,1147,19.64342016616616,338.5006705278971,1231,21.54886218982731,-72.8097954844283,,,,,,11.04,"[{'halfHeight': 10, 'risingPnt': np.int64(1121), 'fallingPnt': np.int64(1346), 'widthPnts': np.int64(225), 'widthMs': np.float64(2.25)}, {'halfHeight': 20, 'risingPnt': np.int64(1129), 'fallingPnt': np.int64(1328), 'widthPnts': np.int64(199), 'widthMs': np.float64(1.99)}, {'halfHeight': 50, 'risingPnt': np.int64(1143), 'fallingPnt': np.int64(1265), 'widthPnts': np.int64(122), 'widthMs': np.float64(1.22)}, {'halfHeight': 80, 'risingPnt': np.int64(1151), 'fallingPnt': np.int64(1213), 'widthPnts': np.int64(62), 'widthMs': np.float64(0.62)}, {'halfHeight': 90, 'risingPnt': np.int64(1154), 'fallingPnt': np.int64(1197), 'widthPnts': np.int64(43), 'widthMs': np.float64(0.43)}]",2.25,1.99,1.22,0.62,0.43,yes,,,,,,unknown,,,
347,stochastic-hh.sanpy,14,2,12.0,,dvdt,100.0,-40.0,0,"[10, 20, 50, 80, 90]",20260928,19:54:54,,,0.2.8.post45,ceeda3d8b38d399aaf1761b27ed8696acdeb9705,True,,347,1,0,[],,25110,0.2511,-41.48096451509408,36.21718931585824,25169,0.25169,50.94627303001873,92.4272375451128,0.5900000000000349,25464,0.25464,-69.73089523621766,25077.0,-48.941380864712684,25080,25093,0.13,-48.44326635965497,-46.01739584279258,18561.03126852978,,25151,20.129488450029264,369.7571248554099,25252,15.15706945725822,-59.455204805123486,24006.0,240.06,4.165625260351579,,,0.33,"[{'halfHeight': 10, 'risingPnt': np.int64(25126), 'fallingPnt': np.int64(25357), 'widthPnts': np.int64(231), 'widthMs': np.float64(2.31)}, {'halfHeight': 20, 'risingPnt': np.int64(25135), 'fallingPnt': np.int64(25331), 'widthPnts': np.int64(196), 'widthMs': np.float64(1.96)}, {'halfHeight': 50, 'risingPnt': np.int64(25147), 'fallingPnt': np.int64(25273), 'widthPnts': np.int64(126), 'widthMs': np.float64(1.26)}, {'halfHeight': 80, 'risingPnt': np.int64(25155), 'fallingPnt': np.int64(25219), 'widthPnts': np.int64(64), 'widthMs': np.float64(0.64)}, {'halfHeight': 90, 'risingPnt': np.int64(25158), 'fallingPnt': np.int64(25200), 'widthPnts': np.int64(42), 'widthMs': np.float64(0.42)}]",2.31,1.96,1.26,0.64,0.42,yes,,,,,,unknown,,,
348,stochastic-hh.sanpy,14,2,12.0,,dvdt,100.0,-40.0,0,"[10, 20, 50, 80, 90]",20260928,19:54:54,,,0.2.8.post45,ceeda3d8b38d399aaf1761b27ed8696acdeb9705,True,,348,2,0,[],,26380,0.26380000000000003,-41.95039870014681,25.235094200636638,26455,0.26455,40.558147847226444,82.50854654737326,0.7499999999999729,26713,0.26713,-69.50961659292534,26320.0,-48.941380864712684,26326,26350,0.24,-48.427414919921866,-46.67002776223347,7134.569174977784,,26432,11.201956317775428,258.1552992032809,26506,18.77414587282573,-68.55874293751943,1270.0,12.7,78.74015748031496,1243.0,12.43,0.6,"[{'halfHeight': 10, 'risingPnt': np.int64(26401), 'fallingPnt': np.int64(26609), 'widthPnts': np.int64(208), 'widthMs': np.float64(2.08)}, {'halfHeight': 20, 'risingPnt': np.int64(26412), 'fallingPnt': np.int64(26592), 'widthPnts': np.int64(180), 'widthMs': np.float64(1.8)}, {'halfHeight': 50, 'risingPnt': np.int64(26427), 'fallingPnt': np.int64(26542), 'widthPnts': np.int64(115), 'widthMs': np.float64(1.15)}, {'halfHeight': 80, 'risingPnt': np.int64(26438), 'fallingPnt': np.int64(26498), 'widthPnts': np.int64(60), 'widthMs': np.float64(0.6)}, {'halfHeight': 90, 'risingPnt': np.int64(26442), 'fallingPnt': np.int64(26481), 'widthPnts': np.int64(39), 'widthMs': np.float64(0.39)}]",2.08,1.8,1.15,0.6,0.39,yes,,,,,,unknown,,,
349,stochastic-hh.sanpy,14,2,12.0,,dvdt,100.0,-40.0,0,"[10, 20, 50, 80, 90]",20260928,19:54:54,,,0.2.8.post45,ceeda3d8b38d399aaf1761b27ed8696acdeb9705,True,,349,3,0,[],,27646,0.27646,-41.39343641144802,25.89167512670943,27720,0.2772,43.268577344432494,84.66201375588051,0.7400000000000184,27982,0.27982,-69.41737207554638,27618.0,-46.524944747198056,27621,27632,0.11,-46.129945874714274,-44.53131048347721,14100.35744613385,,27699,18.44633420108699,261.94774059478436,27761,23.61140478209579,-74.9734967280973,1266.0,12.66,78.98894154818326,1298.0,12.98,0.28,"[{'halfHeight': 10, 'risingPnt': np.int64(27667), 'fallingPnt': np.int64(27878), 'widthPnts': np.int64(211), 'widthMs': np.float64(2.11)}, {'halfHeight': 20, 'risingPnt': np.int64(27678), 'fallingPnt': np.int64(27859), 'widthPnts': np.int64(181), 'widthMs': np.float64(1.81)}, {'halfHeight': 50, 'risingPnt': np.int64(27692), 'fallingPnt': np.int64(27803), 'widthPnts': np.int64(111), 'widthMs': np.float64(1.11)}, {'halfHeight': 80, 'risingPnt': np.int64(27702), 'fallingPnt': np.int64(27758), 'widthPnts': np.int64(56), 'widthMs': np.float64(0.56)}, {'halfHeight': 90, 'risingPnt': np.int64(27707), 'fallingPnt': np.int64(27742), 'widthPnts': np.int64(35), 'widthMs': np.float64(0.35)}]",2.11,1.81,1.11,0.56,0.35,yes,,,,,,unknown,,,
350,stochastic-hh.sanpy,14,2,12.0,,dvdt,100.0,-40.0,0,"[10, 20, 50, 80, 90]",20260928,19:54:54,,,0.2.8.post45,ceeda3d8b38d399aaf1761b27ed8696acdeb9705,True,,350,4,0,[],,28891,0.28891,-41.16966205872514,27.576855864551014,28959,0.28958999999999996,44.024737873383756,85.1943999321089,0.6799999999999584,29224,0.29224,-69.41953965357709,28864.0,-46.524944747198056,28867,28878,0.11,-46.08983590297477,-44.22835851255705,16522.39916605065,,28938,16.75671509328324,283.97599516732316,28993,31.508449703596952,-70.03964098608054,1245.0,12.45,80.32128514056225,1246.0,12.46,0.27,"[{'halfHeight': 10, 'risingPnt': np.int64(28909), 'fallingPnt': np.int64(29117), 'widthPnts': np.int64(208), 'widthMs': np.float64(2.08)}, {'halfHeight': 20, 'risingPnt': np.int64(28919), 'fallingPnt': np.int64(29101), 'widthPnts': np.int64(182), 'widthMs': np.float64(1.82)}, {'halfHeight': 50, 'risingPnt': np.int64(28933), 'fallingPnt': np.int64(29047), 'widthPnts': np.int64(114), 'widthMs': np.float64(1.14)}, {'halfHeight': 80, 'risingPnt': np.int64(28942), 'fallingPnt': np.int64(29001), 'widthPnts': np.int64(59), 'widthMs': np.float64(0.59)}, {'halfHeight': 90, 'risingPnt': np.int64(28946), 'fallingPnt': np.int64(28987), 'widthPnts': np.int64(41), 'widthMs': np.float64(0.41)}]",2.08,1.82,1.14,0.59,0.41,yes,,,,,,unknown,,,
351,stochastic-hh.sanpy,14,2,12.0,,dvdt,100.0,-40.0,0,"[10, 20, 50, 80, 90]",20260928,19:54:54,,,0.2.8.post45,ceeda3d8b38d399aaf1761b27ed8696acdeb9705,True,,351,5,0,[],,30091,0.30091,-42.19818130871094,23.360937020987294,30172,0.30172000000000004,39.323917298322385,81.52209860703333,0.8100000000000329,30433,0.30433,-69.47970209843542,30062.0,-46.524944747198056,30065,30076,0.11,-46.18718389280224,-44.84936876392465,11927.111302788493,,30149,12.599291554972321,240.75876914783413,30370,-55.31372433023567,-64.0960118900663,1200.0,12.0,83.33333333333333,1198.0,11.98,0.29,"[{'halfHeight': 10, 'risingPnt': np.int64(30115), 'fallingPnt': np.int64(30331), 'widthPnts': np.int64(216), 'widthMs': np.float64(2.16)}, {'halfHeight': 20, 'risingPnt': np.int64(30126), 'fallingPnt': np.int64(30313), 'widthPnts': np.int64(187), 'widthMs': np.float64(1.87)}, {'halfHeight': 50, 'risingPnt': np.int64(30143), 'fallingPnt': np.int64(30258), 'widthPnts': np.int64(115), 'widthMs': np.float64(1.15)}, {'halfHeight': 80, 'risingPnt': np.int64(30154), 'fallingPnt': np.int64(30211), 'widthPnts': np.int64(57), 'widthMs': np.float64(0.57)}, {'halfHeight': 90, 'risingPnt': np.int64(30158), 'fallingPnt': np.int64(30196), 'widthPnts': np.int64(38), 'widthMs': np.float64(0.38)}]",2.16,1.87,1.15,0.57,0.38,yes,,,,,,unknown,,,
352,stochastic-hh.sanpy,14,2,12.0,,dvdt,100.0,-40.0,0,"[10, 20, 50, 80, 90]",20260928,19:54:54,,,0.2.8.post45,ceeda3d8b38d399aaf1761b27ed8696acdeb9705,True,,352,6,0,[],,31398,0.31398000000000004,-41.36229357323258,26.804082718365763,31471,0.31471,42.31748399595903,83.6797775691916,0.7299999999999529,31733,0.31733,-69.63346546390531,31368.0,-46.524944747198056,31371,31383,0.12,-46.08864718963209,-44.353258139775434,14213.039243965299,,31449,10.800949475685195,268.2114525567543,31670,-54.3974241749485,-66.32302993211717,1307.0,13.07,76.51109410864575,1306.0,13.06,0.3,"[{'halfHeight': 10, 'risingPnt': np.int64(31419), 'fallingPnt': np.int64(31632), 'widthPnts': np.int64(213), 'widthMs': np.float64(2.13)}, {'halfHeight': 20, 'risingPnt': np.int64(31430), 'fallingPnt': np.int64(31612), 'widthPnts': np.int64(182), 'widthMs': np.float64(1.82)}, {'halfHeight': 50, 'risingPnt': np.int64(31445), 'fallingPnt': np.int64(31558), 'widthPnts': np.int64(113), 'widthMs': np.float64(1.13)}, {'halfHeight': 80, 'risingPnt': np.int64(31455), 'fallingPnt': np.int64(31509), 'widthPnts': np.int64(54), 'widthMs': np.float64(0.54)}, {'halfHeight': 90, 'risingPnt': np.int64(31459), 'fallingPnt': np.int64(31493), 'widthPnts': np.int64(34), 'widthMs': np.float64(0.34)}]",2.13,1.82,1.13,0.54,0.34,yes,,,,,,unknown,,,
353,stochastic-hh.sanpy,14,2,12.0,,dvdt,100.0,-40.0,0,"[10, 20, 50, 80, 90]",20260928,19:54:54,,,0.2.8.post45,ceeda3d8b38d399aaf1761b27ed8696acdeb9705,True,,353,7,0,[],,32526,0.32526,-41.82569662230771,23.923652941781533,32602,0.32602,41.015934795815454,82.84163141812317,0.7599999999999829,32861,0.32861,-69.54757462727363,32499.0,-46.524944747198056,32502,32513,0.11,-46.087627614485996,-44.37424171879023,15563.076854765908,,32579,9.904948955886823,246.0808988553981,32676,5.686190501965482,-67.10080052885252,1128.0,11.28,88.65248226950355,1131.0,11.31,0.27,"[{'halfHeight': 10, 'risingPnt': np.int64(32547), 'fallingPnt': np.int64(32760), 'widthPnts': np.int64(213), 'widthMs': np.float64(2.13)}, {'halfHeight': 20, 'risingPnt': np.int64(32559), 'fallingPnt': np.int64(32741), 'widthPnts': np.int64(182), 'widthMs': np.float64(1.82)}, {'halfHeight': 50, 'risingPnt': np.int64(32575), 'fallingPnt': np.int64(32688), 'widthPnts': np.int64(113), 'widthMs': np.float64(1.13)}, {'halfHeight': 80, 'risingPnt': np.int64(32586), 'fallingPnt': np.int64(32640), 'widthPnts': np.int64(54), 'widthMs': np.float64(0.54)}, {'halfHeight': 90, 'risingPnt': np.int64(32590), 'fallingPnt': np.int64(32625), 'widthPnts': np.int64(35), 'widthMs': np.float64(0.35)}]",2.13,1.82,1.13,0.54,0.35,yes,,,,,,unknown,,,
354,stochastic-hh.sanpy,14,2,12.0,,dvdt,100.0,-40.0,0,"[10, 20, 50, 80, 90]",20260928,19:54:54,,,0.2.8.post45,ceeda3d8b38d399aaf1761b27ed8696acdeb9705,True,,354,8,0,[],,33697,0.33697000000000005,-42.192586311121985,26.32048943724487,33771,0.33770999999999995,43.6093286768277,85.80191498794969,0.7399999999999074,34036,0.34036,-69.48390402233028,33676.0,-46.524944747198056,33678,33686,0.08,-46.15579921482456,-44.77304919994099,17007.10257126542,,33751,16.699407449823823,268.5073216324598,33966,-51.55079562599955,-63.98852720752256,1171.0,11.71,85.39709649871904,1177.0,11.77,0.21,"[{'halfHeight': 10, 'risingPnt': np.int64(33719), 'fallingPnt': np.int64(33934), 'widthPnts': np.int64(215), 'widthMs': np.float64(2.15)}, {'halfHeight': 20, 'risingPnt': np.int64(33729), 'fallingPnt': np.int64(33916), 'widthPnts': np.int64(187), 'widthMs': np.float64(1.87)}, {'halfHeight': 50, 'risingPnt': np.int64(33745), 'fallingPnt': np.int64(33861), 'widthPnts': np.int64(116), 'widthMs': np.float64(1.16)}, {'halfHeight': 80, 'risingPnt': np.int64(33755), 'fallingPnt': np.int64(33814), 'widthPnts': np.int64(59), 'widthMs': np.float64(0.59)}, {'halfHeight': 90, 'risingPnt': np.int64(33759), 'fallingPnt': np.int64(33796), 'widthPnts': np.int64(37), 'widthMs': np.float64(0.37)}]",2.15,1.87,1.16,0.59,0.37,yes,,,,,,unknown,,,
355,stochastic-hh.sanpy,14,2,12.0,,dvdt,100.0,-40.0,0,"[10, 20, 50, 80, 90]",20260928,19:54:54,,,0.2.8.post45,ceeda3d8b38d399aaf1761b27ed8696acdeb9705,True,,355,9,0,[],,34886,0.34886,-40.73092850792239,25.930702092353464,34955,0.34955,41.88443172526214,82.61536023318453,0.6900000000000239,35209,0.35208999999999996,-69.68041633471073,34854.0,-46.524944747198056,34857,34870,0.13,-46.095191650987424,-44.034817424111985,15880.30669707268,,34933,8.928461775371169,263.54980330855324,35145,-51.889483436314,-71.55815163564786,1189.0,11.89,84.10428931875525,1178.0,11.78,0.32,"[{'halfHeight': 10, 'risingPnt': np.int64(34905), 'fallingPnt': np.int64(35111), 'widthPnts': np.int64(206), 'widthMs': np.float64(2.06)}, {'halfHeight': 20, 'risingPnt': np.int64(34915), 'fallingPnt': np.int64(35095), 'widthPnts': np.int64(180), 'widthMs': np.float64(1.8)}, {'halfHeight': 50, 'risingPnt': np.int64(34930), 'fallingPnt': np.int64(35044), 'widthPnts': np.int64(114), 'widthMs': np.float64(1.14)}, {'halfHeight': 80, 'risingPnt': np.int64(34940), 'fallingPnt': np.int64(34998), 'widthPnts': np.int64(58), 'widthMs': np.float64(0.58)}, {'halfHeight': 90, 'risingPnt': np.int64(34944), 'fallingPnt': np.int64(34984), 'widthPnts': np.int64(40), 'widthMs': np.float64(0.4)}]",2.06,1.8,1.14,0.58,0.4,yes,,,,,,unknown,,,
356,stochastic-hh.sanpy,14,2,12.0,,dvdt,100.0,-40.0,0,"[10, 20, 50, 80, 90]",20260928,19:54:54,,,0.2.8.post45,ceeda3d8b38d399aaf1761b27ed8696acdeb9705,True,,356,10,0,[],,36137,0.36137,-41.59063087751436,25.703381210884512,36211,0.36211,41.94350765542781,83.53413853294217,0.7399999999999629,36479,0.36479,-69.67860411333018,36107.0,-46.524944747198056,36110,36122,0.12,-46.11763934957611,-44.5141393421599,12706.215451952132,,36190,11.874200668229278,258.2926556696889,36296,2.4978063022527883,-68.6007682143573,1251.0,12.51,79.93605115907275,1253.0,12.53,0.3,"[{'halfHeight': 10, 'risingPnt': np.int64(36158), 'fallingPnt': np.int64(36375), 'widthPnts': np.int64(217), 'widthMs': np.float64(2.17)}, {'halfHeight': 20, 'risingPnt': np.int64(36170), 'fallingPnt': np.int64(36354), 'widthPnts': np.int64(184), 'widthMs': np.float64(1.84)}, {'halfHeight': 50, 'risingPnt': np.int64(36186), 'fallingPnt': np.int64(36300), 'widthPnts': np.int64(114), 'widthMs': np.float64(1.14)}, {'halfHeight': 80, 'risingPnt': np.int64(36196), 'fallingPnt': np.int64(36253), 'widthPnts': np.int64(57), 'widthMs': np.float64(0.57)}, {'halfHeight': 90, 'risingPnt': np.int64(36200), 'fallingPnt': np.int64(36239), 'widthPnts': np.int64(39), 'widthMs': np.float64(0.39)}]",2.17,1.84,1.14,0.57,0.39,yes,,,,,,unknown,,,
357,stochastic-hh.sanpy,14,2,12.0,,dvdt,100.0,-40.0,0,"[10, 20, 50, 80, 90]",20260928,19:54:54,,,0.2.8.post45,ceeda3d8b38d399aaf1761b27ed8696acdeb9705,True,,357,11,0,[],,37549,0.37549,-41.883608864465444,24.892289355326113,37624,0.37624,39.75171055705567,81.6353194215211,0.7500000000000284,37877,0.37877,-69.69067158925255,37523.0,-46.524944747198056,37526,37536,0.1,-46.007682737873,-44.550376749102426,14251.352107869301,,37603,13.43312405731333,249.30855541124245,37684,13.154727795761564,-72.2991530581477,1412.0,14.12,70.8215297450425,1416.0,14.16,0.26,"[{'halfHeight': 10, 'risingPnt': np.int64(37571), 'fallingPnt': np.int64(37780), 'widthPnts': np.int64(209), 'widthMs': np.float64(2.09)}, {'halfHeight': 20, 'risingPnt': np.int64(37581), 'fallingPnt': np.int64(37758), 'widthPnts': np.int64(177), 'widthMs': np.float64(1.77)}, {'halfHeight': 50, 'risingPnt': np.int64(37597), 'fallingPnt': np.int64(37708), 'widthPnts': np.int64(111), 'widthMs': np.float64(1.11)}, {'halfHeight': 80, 'risingPnt': np.int64(37608), 'fallingPnt': np.int64(37665), 'widthPnts': np.int64(57), 'widthMs': np.float64(0.57)}, {'halfHeight': 90, 'risingPnt': np.int64(37612), 'fallingPnt': np.int64(37650), 'widthPnts': np.int64(38), 'widthMs': np.float64(0.38)}]",2.09,1.77,1.11,0.57,0.38,yes,,,,,,unknown,,,
358,stochastic-hh.sanpy,14,2,12.0,,dvdt,100.0,-40.0,0,"[10, 20, 50, 80, 90]",20260928,19:54:54,,,0.2.8.post45,ceeda3d8b38d399aaf1761b27ed8696acdeb9705,True,,358,12,0,[],,38708,0.38708,-41.532681147310406,27.13839418574708,38781,0.38781,44.44211928599928,85.9748004333097,0.7300000000000084,39059,0.39059,-69.33601407261311,38681.0,-46.524944747198056,38684,38695,0.11,-46.093150142558,-44.34957370870421,15700.232590483485,,38761,20.194671095576016,276.0817562254143,38890,-7.171188284186204,-65.5189934330002,1159.0,11.59,86.28127696289906,1158.0,11.58,0.27,"[{'halfHeight': 10, 'risingPnt': np.int64(38729), 'fallingPnt': np.int64(38949), 'widthPnts': np.int64(220), 'widthMs': np.float64(2.2)}, {'halfHeight': 20, 'risingPnt': np.int64(38739), 'fallingPnt': np.int64(38928), 'widthPnts': np.int64(189), 'widthMs': np.float64(1.89)}, {'halfHeight': 50, 'risingPnt': np.int64(38755), 'fallingPnt': np.int64(38874), 'widthPnts': np.int64(119), 'widthMs': np.float64(1.19)}, {'halfHeight': 80, 'risingPnt': np.int64(38764), 'fallingPnt': np.int64(38821), 'widthPnts': np.int64(57), 'widthMs': np.float64(0.57)}, {'halfHeight': 90, 'risingPnt': np.int64(38768), 'fallingPnt': np.int64(38805), 'widthPnts': np.int64(37), 'widthMs': np.float64(0.37)}]",2.2,1.89,1.19,0.57,0.37,yes,,,,,,unknown,,,
359,stochastic-hh.sanpy,14,2,12.0,,dvdt,100.0,-40.0,0,"[10, 20, 50, 80, 90]",20260928,19:54:54,,,0.2.8.post45,ceeda3d8b38d399aaf1761b27ed8696acdeb9705,True,,359,13,0,[],,39913,0.39913,-41.17073138486272,26.811808683627415,39980,0.3998,44.038397954205166,85.20912933906789,0.6700000000000039,40251,0.40251,-69.31494968486751,39886.0,-46.524944747198056,39889,39900,0.11,-45.97638297877547,-44.06755011680404,17278.499601167357,,39962,18.11633359635724,269.7177951509617,40166,-42.865235942453616,-62.94295295538615,1205.0,12.05,82.98755186721992,1205.0,12.05,0.27,"[{'halfHeight': 10, 'risingPnt': np.int64(39932), 'fallingPnt': np.int64(40149), 'widthPnts': np.int64(217), 'widthMs': np.float64(2.17)}, {'halfHeight': 20, 'risingPnt': np.int64(39941), 'fallingPnt': np.int64(40130), 'widthPnts': np.int64(189), 'widthMs': np.float64(1.89)}, {'halfHeight': 50, 'risingPnt': np.int64(39956), 'fallingPnt': np.int64(40075), 'widthPnts': np.int64(119), 'widthMs': np.float64(1.19)}, {'halfHeight': 80, 'risingPnt': np.int64(39966), 'fallingPnt': np.int64(40025), 'widthPnts': np.int64(59), 'widthMs': np.float64(0.59)}, {'halfHeight': 90, 'risingPnt': np.int64(39970), 'fallingPnt': np.int64(40007), 'widthPnts': np.int64(37), 'widthMs': np.float64(0.37)}]",2.17,1.89,1.19,0.59,0.37,yes,,,,,,unknown,,,
360,stochastic-hh.sanpy,14,2,12.0,,dvdt,100.0,-40.0,0,"[10, 20, 50, 80, 90]",20260928,19:54:54,,,0.2.8.post45,ceeda3d8b38d399aaf1761b27ed8696acdeb9705,True,,360,14,0,[],,41177,0.41176999999999997,-41.97998354695865,24.31878584333143,41248,0.41248,39.906283942510136,81.88626748946879,0.7100000000000439,41512,0.41512,-69.51712198939718,41152.0,-46.524944747198056,41154,41164,0.1,-46.19620284612293,-44.67899912718171,14881.374367295835,,41228,15.648575483752758,250.1821597204418,41445,-53.30675911510501,-64.07768103638888,1264.0,12.64,79.1139240506329,1266.0,12.66,0.25,"[{'halfHeight': 10, 'risingPnt': np.int64(41197), 'fallingPnt': np.int64(41411), 'widthPnts': np.int64(214), 'widthMs': np.float64(2.14)}, {'halfHeight': 20, 'risingPnt': np.int64(41206), 'fallingPnt': np.int64(41393), 'widthPnts': np.int64(187), 'widthMs': np.float64(1.87)}, {'halfHeight': 50, 'risingPnt': np.int64(41221), 'fallingPnt': np.int64(41339), 'widthPnts': np.int64(118), 'widthMs': np.float64(1.18)}, {'halfHeight': 80, 'risingPnt': np.int64(41232), 'fallingPnt': np.int64(41292), 'widthPnts': np.int64(60), 'widthMs': np.float64(0.6)}, {'halfHeight': 90, 'risingPnt': np.int64(41236), 'fallingPnt': np.int64(41273), 'widthPnts': np.int64(37), 'widthMs': np.float64(0.37)}]",2.14,1.87,1.18,0.6,0.37,yes,,,,,,unknown,,,
361,stochastic-hh.sanpy,14,2,12.0,,dvdt,100.0,-40.0,0,"[10, 20, 50, 80, 90]",20260928,19:54:54,,,0.2.8.post45,ceeda3d8b38d399aaf1761b27ed8696acdeb9705,True,,361,15,0,[],,42380,0.4238,-42.013540993684074,24.872574513226937,42453,0.42452999999999996,42.886885927678264,84.90042692136234,0.7299999999999529,42736,0.42736,-69.26838173365331,42354.0,-46.524944747198056,42357,42367,0.1,-46.06958871881815,-44.579862621080835,14822.433123818668,,42431,13.484729893072338,260.2217456203263,42518,13.771378371571112,-62.069147673301174,1203.0,12.03,83.1255195344971,1202.0,12.02,0.26,"[{'halfHeight': 10, 'risingPnt': np.int64(42401), 'fallingPnt': np.int64(42631), 'widthPnts': np.int64(230), 'widthMs': np.float64(2.3)}, {'halfHeight': 20, 'risingPnt': np.int64(42411), 'fallingPnt': np.int64(42610), 'widthPnts': np.int64(199), 'widthMs': np.float64(1.99)}, {'halfHeight': 50, 'risingPnt': np.int64(42426), 'fallingPnt': np.int64(42551), 'widthPnts': np.int64(125), 'widthMs': np.float64(1.25)}, {'halfHeight': 80, 'risingPnt': np.int64(42436), 'fallingPnt': np.int64(42495), 'widthPnts': np.int64(59), 'widthMs': np.float64(0.59)}, {'halfHeight': 90, 'risingPnt': np.int64(42440), 'fallingPnt': np.int64(42478), 'widthPnts': np.int64(38), 'widthMs': np.float64(0.38)}]",2.3,1.99,1.25,0.59,0.38,yes,,,,,,unknown,,,
362,stochastic-hh.sanpy,14,2,12.0,,dvdt,100.0,-40.0,0,"[10, 20, 50, 80, 90]",20260928,19:54:54,,,0.2.8.post45,ceeda3d8b38d399aaf1761b27ed8696acdeb9705,True,,362,16,0,[],,43762,0.43762,-41.28555729550031,26.563795646551487,43833,0.43833,42.43240532102278,83.7179626165231,0.7099999999999884,44119,0.44118999999999997,-69.4213969576678,43733.0,-46.524944747198056,43736,43747,0.11,-46.170277281675304,-44.57708560828827,14182.631208961388,,43811,14.808935047469676,277.28987142203323,43903,11.542060522859039,-64.81347980649348,1382.0,13.82,72.3589001447178,1379.0,13.79,0.29,"[{'halfHeight': 10, 'risingPnt': np.int64(43781), 'fallingPnt': np.int64(44003), 'widthPnts': np.int64(222), 'widthMs': np.float64(2.22)}, {'halfHeight': 20, 'risingPnt': np.int64(43791), 'fallingPnt': np.int64(43984), 'widthPnts': np.int64(193), 'widthMs': np.float64(1.93)}, {'halfHeight': 50, 'risingPnt': np.int64(43806), 'fallingPnt': np.int64(43926), 'widthPnts': np.int64(120), 'widthMs': np.float64(1.2)}, {'halfHeight': 80, 'risingPnt': np.int64(43816), 'fallingPnt': np.int64(43877), 'widthPnts': np.int64(61), 'widthMs': np.float64(0.61)}, {'halfHeight': 90, 'risingPnt': np.int64(43820), 'fallingPnt': np.int64(43860), 'widthPnts': np.int64(40), 'widthMs': np.float64(0.4)}]",2.22,1.93,1.2,0.61,0.4,yes,,,,,,unknown,,,
363,stochastic-hh.sanpy,14,2,12.0,,dvdt,100.0,-40.0,0,"[10, 20, 50, 80, 90]",20260928,19:54:54,,,0.2.8.post45,ceeda3d8b38d399aaf1761b27ed8696acdeb9705,True,,363,17,0,[],,45073,0.45073,-41.493147141807746,24.323594610372417,45145,0.45144999999999996,40.24879036942614,81.74193751123389,0.7199999999999429,45405,0.45405,-69.49733711501588,45043.0,-46.524944747198056,45046,45058,0.12,-46.19888566652707,-44.5093774419026,13716.126990739962,,45124,8.992551610623213,243.94433723085007,45334,-51.20810413972101,-67.8765646992797,1311.0,13.11,76.27765064836002,1310.0,13.1,0.3,"[{'halfHeight': 10, 'risingPnt': np.int64(45094), 'fallingPnt': np.int64(45303), 'widthPnts': np.int64(209), 'widthMs': np.float64(2.09)}, {'halfHeight': 20, 'risingPnt': np.int64(45105), 'fallingPnt': np.int64(45284), 'widthPnts': np.int64(179), 'widthMs': np.float64(1.79)}, {'halfHeight': 50, 'risingPnt': np.int64(45120), 'fallingPnt': np.int64(45232), 'widthPnts': np.int64(112), 'widthMs': np.float64(1.12)}, {'halfHeight': 80, 'risingPnt': np.int64(45131), 'fallingPnt': np.int64(45189), 'widthPnts': np.int64(58), 'widthMs': np.float64(0.58)}, {'halfHeight': 90, 'risingPnt': np.int64(45135), 'fallingPnt': np.int64(45174), 'widthPnts': np.int64(39), 'widthMs': np.float64(0.39)}]",2.09,1.79,1.12,0.58,0.39,yes,,,,,,unknown,,,
364,stochastic-hh.sanpy,14,2,12.0,,dvdt,100.0,-40.0,0,"[10, 20, 50, 80, 90]",20260928,19:54:54,,,0.2.8.post45,ceeda3d8b38d399aaf1761b27ed8696acdeb9705,True,,364,18,0,[],,46383,0.46382999999999996,-41.20798202743054,24.784183023247035,46456,0.46456000000000003,40.27972327781059,81.48770530524112,0.7300000000000639,46720,0.4672,-69.50291941211036,46352.0,-46.524944747198056,46355,46368,0.13,-46.221750067765726,-44.48011594453963,13254.278725208349,,46436,14.868977363594,254.43317060771574,46523,9.225212273023311,-66.37241372955239,1310.0,13.1,76.33587786259542,1309.0,13.09,0.31,"[{'halfHeight': 10, 'risingPnt': np.int64(46404), 'fallingPnt': np.int64(46612), 'widthPnts': np.int64(208), 'widthMs': np.float64(2.08)}, {'halfHeight': 20, 'risingPnt': np.int64(46414), 'fallingPnt': np.int64(46595), 'widthPnts': np.int64(181), 'widthMs': np.float64(1.81)}, {'halfHeight': 50, 'risingPnt': np.int64(46430), 'fallingPnt': np.int64(46541), 'widthPnts': np.int64(111), 'widthMs': np.float64(1.11)}, {'halfHeight': 80, 'risingPnt': np.int64(46440), 'fallingPnt': np.int64(46496), 'widthPnts': np.int64(56), 'widthMs': np.float64(0.56)}, {'halfHeight': 90, 'risingPnt': np.int64(46444), 'fallingPnt': np.int64(46481), 'widthPnts': np.int64(37), 'widthMs': np.float64(0.37)}]",2.08,1.81,1.11,0.56,0.37,yes,,,,,,unknown,,,
365,stochastic-hh.sanpy,14,2,12.0,,dvdt,100.0,-40.0,0,"[10, 20, 50, 80, 90]",20260928,19:54:54,,,0.2.8.post45,ceeda3d8b38d399aaf1761b27ed8696acdeb9705,True,,365,19,0,[],,47617,0.47617000000000004,-42.525140846728114,25.017425312916654,47693,0.47693,42.50561569909171,85.03075654581983,0.7599999999999829,47950,0.4795,-69.65477174358675,47592.0,-46.524944747198056,47594,47604,0.1,-46.246142163732785,-45.02106906443134,12062.196081071208,,47673,17.228140271057622,260.83349524909926,47887,-53.18094247988165,-68.4483619955485,1234.0,12.34,81.03727714748784,1240.0,12.4,0.25,"[{'halfHeight': 10, 'risingPnt': np.int64(47639), 'fallingPnt': np.int64(47854), 'widthPnts': np.int64(215), 'widthMs': np.float64(2.15)}, {'halfHeight': 20, 'risingPnt': np.int64(47651), 'fallingPnt': np.int64(47834), 'widthPnts': np.int64(183), 'widthMs': np.float64(1.83)}, {'halfHeight': 50, 'risingPnt': np.int64(47666), 'fallingPnt': np.int64(47783), 'widthPnts': np.int64(117), 'widthMs': np.float64(1.17)}, {'halfHeight': 80, 'risingPnt': np.int64(47677), 'fallingPnt': np.int64(47733), 'widthPnts': np.int64(56), 'widthMs': np.float64(0.56)}, {'halfHeight': 90, 'risingPnt': np.int64(47681), 'fallingPnt': np.int64(47718), 'widthPnts': np.int64(37), 'widthMs': np.float64(0.37)}]",2.15,1.83,1.17,0.56,0.37,yes,,,,,,unknown,,,
366,stochastic-hh.sanpy,14,2,12.0,,dvdt,100.0,-40.0,0,"[10, 20, 50, 80, 90]",20260928,19:54:54,,,0.2.8.post45,ceeda3d8b38d399aaf1761b27ed8696acdeb9705,True,,366,20,0,[],,48827,0.48827,-41.68172055076771,26.842893107322507,48898,0.48898,42.57481762769528,84.25653817846299,0.7100000000000439,49167,0.49167,-69.49737616187127,48801.0,-46.524944747198056,48804,48814,0.1,-45.9640772021057,-44.44481971554828,15192.442792951313,,48878,14.844989293284716,273.3877334103464,48949,21.76241765416756,-67.68766385787663,1210.0,12.1,82.64462809917356,1209.0,12.09,0.26,"[{'halfHeight': 10, 'risingPnt': np.int64(48848), 'fallingPnt': np.int64(49062), 'widthPnts': np.int64(214), 'widthMs': np.float64(2.14)}, {'halfHeight': 20, 'risingPnt': np.int64(48858), 'fallingPnt': np.int64(49043), 'widthPnts': np.int64(185), 'widthMs': np.float64(1.85)}, {'halfHeight': 50, 'risingPnt': np.int64(48873), 'fallingPnt': np.int64(48987), 'widthPnts': np.int64(114), 'widthMs': np.float64(1.14)}, {'halfHeight': 80, 'risingPnt': np.int64(48883), 'fallingPnt': np.int64(48943), 'widthPnts': np.int64(60), 'widthMs': np.float64(0.6)}, {'halfHeight': 90, 'risingPnt': np.int64(48887), 'fallingPnt': np.int64(48925), 'widthPnts': np.int64(38), 'widthMs': np.float64(0.38)}]",2.14,1.85,1.14,0.6,0.38,yes,,,,,,unknown,,,
367,stochastic-hh.sanpy,14,2,12.0,,dvdt,100.0,-40.0,0,"[10, 20, 50, 80, 90]",20260928,19:54:54,,,0.2.8.post45,ceeda3d8b38d399aaf1761b27ed8696acdeb9705,True,,367,21,0,[],,50166,0.50166,-40.99981993850615,25.100366913060583,50237,0.50237,41.28796794604004,82.28778788454619,0.7099999999999884,50493,0.50493,-69.86043714416981,50128.0,-46.524944747198056,50132,50147,0.15,-46.113532541315,-44.49502102566959,10550.962497371904,,50216,13.096194753515801,257.4926638657251,50341,-8.279192013888416,-67.17638376311483,1339.0,13.39,74.6825989544436,1327.0,13.27,0.38,"[{'halfHeight': 10, 'risingPnt': np.int64(50186), 'fallingPnt': np.int64(50392), 'widthPnts': np.int64(206), 'widthMs': np.float64(2.06)}, {'halfHeight': 20, 'risingPnt': np.int64(50196), 'fallingPnt': np.int64(50375), 'widthPnts': np.int64(179), 'widthMs': np.float64(1.79)}, {'halfHeight': 50, 'risingPnt': np.int64(50211), 'fallingPnt': np.int64(50327), 'widthPnts': np.int64(116), 'widthMs': np.float64(1.16)}, {'halfHeight': 80, 'risingPnt': np.int64(50221), 'fallingPnt': np.int64(50277), 'widthPnts': np.int64(56), 'widthMs': np.float64(0.56)}, {'halfHeight': 90, 'risingPnt': np.int64(50225), 'fallingPnt': np.int64(50262), 'widthPnts': np.int64(37), 'widthMs': np.float64(0.37)}]",2.06,1.79,1.16,0.56,0.37,yes,,,,,,unknown,,,
368,stochastic-hh.sanpy,14,2,12.0,,dvdt,100.0,-40.0,0,"[10, 20, 50, 80, 90]",20260928,19:54:54,,,0.2.8.post45,ceeda3d8b38d399aaf1761b27ed8696acdeb9705,True,,368,22,0,[],,51359,0.51359,-41.43094020902936,28.167365463818378,51430,0.5143,45.35049416269492,86.78143437172429,0.7099999999999884,51696,0.5169600000000001,-69.52791698926765,51345.0,-44.41101294848478,51346,51352,0.06,-44.15561834591739,-43.10531187679814,17181.811722114533,,51408,14.153709966378551,285.9533780064555,51492,15.291913683438983,-68.37415129210999,1193.0,11.93,83.82229673093043,1217.0,12.17,0.14,"[{'halfHeight': 10, 'risingPnt': np.int64(51379), 'fallingPnt': np.int64(51588), 'widthPnts': np.int64(209), 'widthMs': np.float64(2.09)}, {'halfHeight': 20, 'risingPnt': np.int64(51389), 'fallingPnt': np.int64(51568), 'widthPnts': np.int64(179), 'widthMs': np.float64(1.79)}, {'halfHeight': 50, 'risingPnt': np.int64(51404), 'fallingPnt': np.int64(51517), 'widthPnts': np.int64(113), 'widthMs': np.float64(1.13)}, {'halfHeight': 80, 'risingPnt': np.int64(51414), 'fallingPnt': np.int64(51470), 'widthPnts': np.int64(56), 'widthMs': np.float64(0.56)}, {'halfHeight': 90, 'risingPnt': np.int64(51418), 'fallingPnt': np.int64(51453), 'widthPnts': np.int64(35), 'widthMs': np.float64(0.35)}]",2.09,1.79,1.13,0.56,0.35,yes,,,,,,unknown,,,
369,stochastic-hh.sanpy,14,2,12.0,,dvdt,100.0,-40.0,0,"[10, 20, 50, 80, 90]",20260928,19:54:54,,,0.2.8.post45,ceeda3d8b38d399aaf1761b27ed8696acdeb9705,True,,369,23,0,[],,52626,0.52626,-41.63286019342686,25.951826012005107,52698,0.52698,42.36959804335788,84.00245823678475,0.7200000000000539,52956,0.5295599999999999,-69.5125274845365,52615.0,-44.41101294848478,52616,52621,0.05,-44.041309627154604,-42.896059977638345,22708.6053717498,,52677,15.650639663505798,261.293715895142,52897,-55.5352624969541,-67.92339117072187,1267.0,12.67,78.92659826361484,1270.0,12.7,0.11,"[{'halfHeight': 10, 'risingPnt': np.int64(52646), 'fallingPnt': np.int64(52858), 'widthPnts': np.int64(212), 'widthMs': np.float64(2.12)}, {'halfHeight': 20, 'risingPnt': np.int64(52656), 'fallingPnt': np.int64(52842), 'widthPnts': np.int64(186), 'widthMs': np.float64(1.86)}, {'halfHeight': 50, 'risingPnt': np.int64(52671), 'fallingPnt': np.int64(52790), 'widthPnts': np.int64(119), 'widthMs': np.float64(1.19)}, {'halfHeight': 80, 'risingPnt': np.int64(52681), 'fallingPnt': np.int64(52741), 'widthPnts': np.int64(60), 'widthMs': np.float64(0.6)}, {'halfHeight': 90, 'risingPnt': np.int64(52685), 'fallingPnt': np.int64(52727), 'widthPnts': np.int64(42), 'widthMs': np.float64(0.42)}]",2.12,1.86,1.19,0.6,0.42,yes,,,,,,unknown,,,
370,stochastic-hh.sanpy,14,2,12.0,,dvdt,100.0,-40.0,0,"[10, 20, 50, 80, 90]",20260928,19:54:54,,,0.2.8.post45,ceeda3d8b38d399aaf1761b27ed8696acdeb9705,True,,370,24,0,[],,53813,0.53813,-41.544623193139664,25.958507583310663,53886,0.53886,42.33811079225747,83.88273398539712,0.7300000000000084,54154,0.5415399999999999,-69.45203973008013,53800.0,-44.41101294848478,53801,53806,0.05,-44.106255621100544,-43.150813839775225,18737.33642065541,,53865,13.453434702434357,260.425717568157,53921,28.119710413206676,-69.69360706529149,1187.0,11.87,84.24599831508004,1185.0,11.85,0.13,"[{'halfHeight': 10, 'risingPnt': np.int64(53835), 'fallingPnt': np.int64(54045), 'widthPnts': np.int64(210), 'widthMs': np.float64(2.1)}, {'halfHeight': 20, 'risingPnt': np.int64(53845), 'fallingPnt': np.int64(54026), 'widthPnts': np.int64(181), 'widthMs': np.float64(1.81)}, {'halfHeight': 50, 'risingPnt': np.int64(53860), 'fallingPnt': np.int64(53974), 'widthPnts': np.int64(114), 'widthMs': np.float64(1.14)}, {'halfHeight': 80, 'risingPnt': np.int64(53870), 'fallingPnt': np.int64(53925), 'widthPnts': np.int64(55), 'widthMs': np.float64(0.55)}, {'halfHeight': 90, 'risingPnt': np.int64(53874), 'fallingPnt': np.int64(53912), 'widthPnts': np.int64(38), 'widthMs': np.float64(0.38)}]",2.1,1.81,1.14,0.55,0.38,yes,,,,,,unknown,,,
371,stochastic-hh.sanpy,14,2,12.0,,dvdt,100.0,-40.0,0,"[10, 20, 50, 80, 90]",20260928,19:54:54,,,0.2.8.post45,ceeda3d8b38d399aaf1761b27ed8696acdeb9705,True,,371,25,0,[],,55051,0.5505099999999999,-41.446263621392276,27.750189826264844,55120,0.5512,44.1517038020159,85.59796742340818,0.6900000000000794,55375,0.55375,-69.55134970413403,55039.0,-44.41101294848478,55040,55045,0.05,-44.10655396865315,-42.997680405563926,21772.663543078597,,55102,18.70430898177518,279.0553875159094,55285,-39.10039567573163,-65.24784540403932,1238.0,12.38,80.77544426494346,1239.0,12.39,0.12,"[{'halfHeight': 10, 'risingPnt': np.int64(55071), 'fallingPnt': np.int64(55274), 'widthPnts': np.int64(203), 'widthMs': np.float64(2.03)}, {'halfHeight': 20, 'risingPnt': np.int64(55081), 'fallingPnt': np.int64(55258), 'widthPnts': np.int64(177), 'widthMs': np.float64(1.77)}, {'halfHeight': 50, 'risingPnt': np.int64(55096), 'fallingPnt': np.int64(55210), 'widthPnts': np.int64(114), 'widthMs': np.float64(1.14)}, {'halfHeight': 80, 'risingPnt': np.int64(55105), 'fallingPnt': np.int64(55164), 'widthPnts': np.int64(59), 'widthMs': np.float64(0.59)}, {'halfHeight': 90, 'risingPnt': np.int64(55109), 'fallingPnt': np.int64(55146), 'widthPnts': np.int64(37), 'widthMs': np.float64(0.37)}]",2.03,1.77,1.14,0.59,0.37,yes,,,,,,unknown,,,
372,stochastic-hh.sanpy,14,2,12.0,,dvdt,100.0,-40.0,0,"[10, 20, 50, 80, 90]",20260928,19:54:54,,,0.2.8.post45,ceeda3d8b38d399aaf1761b27ed8696acdeb9705,True,,372,26,0,[],,56192,0.56192,-41.858279912824834,26.463205411286093,56264,0.56264,40.82880040050155,82.68708031332639,0.7200000000000539,56530,0.5652999999999999,-69.45436784735134,56181.0,-44.41101294848478,56182,56187,0.05,-44.14644815263276,-43.099642944961076,20462.556415556704,,56243,15.054873932524307,265.4432429041907,56462,-54.38370736739804,-64.25070884838757,1141.0,11.41,87.64241893076249,1142.0,11.42,0.11,"[{'halfHeight': 10, 'risingPnt': np.int64(56212), 'fallingPnt': np.int64(56424), 'widthPnts': np.int64(212), 'widthMs': np.float64(2.12)}, {'halfHeight': 20, 'risingPnt': np.int64(56223), 'fallingPnt': np.int64(56407), 'widthPnts': np.int64(184), 'widthMs': np.float64(1.84)}, {'halfHeight': 50, 'risingPnt': np.int64(56237), 'fallingPnt': np.int64(56353), 'widthPnts': np.int64(116), 'widthMs': np.float64(1.16)}, {'halfHeight': 80, 'risingPnt': np.int64(56247), 'fallingPnt': np.int64(56304), 'widthPnts': np.int64(57), 'widthMs': np.float64(0.57)}, {'halfHeight': 90, 'risingPnt': np.int64(56251), 'fallingPnt': np.int64(56289), 'widthPnts': np.int64(38), 'widthMs': np.float64(0.38)}]",2.12,1.84,1.16,0.57,0.38,yes,,,,,,unknown,,,
373,stochastic-hh.sanpy,14,2,12.0,,dvdt,100.0,-40.0,0,"[10, 20, 50, 80, 90]",20260928,19:54:54,,,0.2.8.post45,ceeda3d8b38d399aaf1761b27ed8696acdeb9705,True,,373,27,0,[],,57440,0.5744,-42.344782183855244,25.29367174996593,57515,0.5751499999999999,42.931755937541325,85.27653812139657,0.7499999999999174,57791,0.5779099999999999,-69.54151139594993,57431.0,-44.41101294848478,57432,57435,0.03,-44.12908433219702,-43.51298378686407,20261.723101334417,,57491,10.48977517744459,261.9601689320597,57564,19.641729757941174,-66.70604642341242,1248.0,12.48,80.12820512820512,1250.0,12.5,0.09,"[{'halfHeight': 10, 'risingPnt': np.int64(57461), 'fallingPnt': np.int64(57686), 'widthPnts': np.int64(225), 'widthMs': np.float64(2.25)}, {'halfHeight': 20, 'risingPnt': np.int64(57472), 'fallingPnt': np.int64(57667), 'widthPnts': np.int64(195), 'widthMs': np.float64(1.95)}, {'halfHeight': 50, 'risingPnt': np.int64(57487), 'fallingPnt': np.int64(57603), 'widthPnts': np.int64(116), 'widthMs': np.float64(1.16)}, {'halfHeight': 80, 'risingPnt': np.int64(57498), 'fallingPnt': np.int64(57554), 'widthPnts': np.int64(56), 'widthMs': np.float64(0.56)}, {'halfHeight': 90, 'risingPnt': np.int64(57502), 'fallingPnt': np.int64(57539), 'widthPnts': np.int64(37), 'widthMs': np.float64(0.37)}]",2.25,1.95,1.16,0.56,0.37,yes,,,,,,unknown,,,
374,stochastic-hh.sanpy,14,2,12.0,,dvdt,100.0,-40.0,0,"[10, 20, 50, 80, 90]",20260928,19:54:54,,,0.2.8.post45,ceeda3d8b38d399aaf1761b27ed8696acdeb9705,True,,374,28,0,[],,58763,0.58763,-42.470704588220656,25.64929629904917,58840,0.5883999999999999,42.71004906164034,85.180753649861,0.7699999999999374,59107,0.5910700000000001,-69.58832485532146,58754.0,-44.41101294848478,58755,58758,0.03,-44.23448191756089,-43.64793775403559,19017.643766290093,,58818,15.524824562625112,256.86921299105717,58887,22.378918581236643,-69.1633356623372,1323.0,13.23,75.58578987150416,1323.0,13.23,0.09,"[{'halfHeight': 10, 'risingPnt': np.int64(58785), 'fallingPnt': np.int64(58999), 'widthPnts': np.int64(214), 'widthMs': np.float64(2.14)}, {'halfHeight': 20, 'risingPnt': np.int64(58796), 'fallingPnt': np.int64(58981), 'widthPnts': np.int64(185), 'widthMs': np.float64(1.85)}, {'halfHeight': 50, 'risingPnt': np.int64(58812), 'fallingPnt': np.int64(58931), 'widthPnts': np.int64(119), 'widthMs': np.float64(1.19)}, {'halfHeight': 80, 'risingPnt': np.int64(58823), 'fallingPnt': np.int64(58882), 'widthPnts': np.int64(59), 'widthMs': np.float64(0.59)}, {'halfHeight': 90, 'risingPnt': np.int64(58827), 'fallingPnt': np.int64(58866), 'widthPnts': np.int64(39), 'widthMs': np.float64(0.39)}]",2.14,1.85,1.19,0.59,0.39,yes,,,,,,unknown,,,
375,stochastic-hh.sanpy,14,2,12.0,,dvdt,100.0,-40.0,0,"[10, 20, 50, 80, 90]",20260928,19:54:54,,,0.2.8.post45,ceeda3d8b38d399aaf1761b27ed8696acdeb9705,True,,375,29,0,[],,60012,0.60012,-40.632447305829466,26.173326387625444,60083,0.6008300000000001,42.98426253159304,83.6167098374225,0.7100000000000994,60362,0.60362,-69.4249521786145,59994.0,-44.41101294848478,59996,60003,0.07,-43.949495384622786,-42.61819175959682,18638.058722983667,,60061,13.608977060606442,263.8610237914,60172,0.29358072676679,-63.84599977881463,1249.0,12.49,80.0640512409928,1240.0,12.4,0.18,"[{'halfHeight': 10, 'risingPnt': np.int64(60032), 'fallingPnt': np.int64(60241), 'widthPnts': np.int64(209), 'widthMs': np.float64(2.09)}, {'halfHeight': 20, 'risingPnt': np.int64(60041), 'fallingPnt': np.int64(60223), 'widthPnts': np.int64(182), 'widthMs': np.float64(1.82)}, {'halfHeight': 50, 'risingPnt': np.int64(60057), 'fallingPnt': np.int64(60171), 'widthPnts': np.int64(114), 'widthMs': np.float64(1.14)}, {'halfHeight': 80, 'risingPnt': np.int64(60066), 'fallingPnt': np.int64(60124), 'widthPnts': np.int64(58), 'widthMs': np.float64(0.58)}, {'halfHeight': 90, 'risingPnt': np.int64(60070), 'fallingPnt': np.int64(60107), 'widthPnts': np.int64(37), 'widthMs': np.float64(0.37)}]",2.09,1.82,1.14,0.58,0.37,yes,,,,,,unknown,,,
376,stochastic-hh.sanpy,14,2,12.0,,dvdt,100.0,-40.0,0,"[10, 20, 50, 80, 90]",20260928,19:54:54,,,0.2.8.post45,ceeda3d8b38d399aaf1761b27ed8696acdeb9705,True,,376,30,0,[],,61221,0.61221,-41.91522419890527,24.143887054125678,61297,0.61297,42.54889617995008,84.46412037885534,0.7599999999999829,61556,0.61556,-69.57153619741369,61211.0,-44.41101294848478,61212,61216,0.04,-44.03274029379827,-43.09709942143465,23029.024894981707,,61277,15.93613592463797,246.31322558160426,61362,9.82958716703123,-70.02077829850363,1209.0,12.09,82.71298593879239,1217.0,12.17,0.1,"[{'halfHeight': 10, 'risingPnt': np.int64(61242), 'fallingPnt': np.int64(61455), 'widthPnts': np.int64(213), 'widthMs': np.float64(2.13)}, {'halfHeight': 20, 'risingPnt': np.int64(61254), 'fallingPnt': np.int64(61438), 'widthPnts': np.int64(184), 'widthMs': np.float64(1.84)}, {'halfHeight': 50, 'risingPnt': np.int64(61271), 'fallingPnt': np.int64(61381), 'widthPnts': np.int64(110), 'widthMs': np.float64(1.1)}, {'halfHeight': 80, 'risingPnt': np.int64(61281), 'fallingPnt': np.int64(61336), 'widthPnts': np.int64(55), 'widthMs': np.float64(0.55)}, {'halfHeight': 90, 'risingPnt': np.int64(61286), 'fallingPnt': np.int64(61320), 'widthPnts': np.int64(34), 'widthMs': np.float64(0.34)}]",2.13,1.84,1.1,0.55,0.34,yes,,,,,,unknown,,,
377,stochastic-hh.sanpy,14,2,12.0,,dvdt,100.0,-40.0,0,"[10, 20, 50, 80, 90]",20260928,19:54:54,,,0.2.8.post45,ceeda3d8b38d399aaf1761b27ed8696acdeb9705,True,,377,31,0,[],,62399,0.62399,-41.916336284206395,24.534073302288004,62473,0.62473,41.290977582791,83.2073138669974,0.7399999999999629,62727,0.62727,-69.67014955481739,62388.0,-44.41101294848478,62389,62394,0.05,-44.19835139856843,-43.121710868583435,21268.347142256753,,62454,17.089135864458786,254.2553796696585,62656,-49.94464005812249,-70.92024094472194,1178.0,11.78,84.88964346349746,1177.0,11.77,0.11,"[{'halfHeight': 10, 'risingPnt': np.int64(62421), 'fallingPnt': np.int64(62630), 'widthPnts': np.int64(209), 'widthMs': np.float64(2.09)}, {'halfHeight': 20, 'risingPnt': np.int64(62431), 'fallingPnt': np.int64(62613), 'widthPnts': np.int64(182), 'widthMs': np.float64(1.82)}, {'halfHeight': 50, 'risingPnt': np.int64(62447), 'fallingPnt': np.int64(62563), 'widthPnts': np.int64(116), 'widthMs': np.float64(1.16)}, {'halfHeight': 80, 'risingPnt': np.int64(62458), 'fallingPnt': np.int64(62513), 'widthPnts': np.int64(55), 'widthMs': np.float64(0.55)}, {'halfHeight': 90, 'risingPnt': np.int64(62462), 'fallingPnt': np.int64(62498), 'widthPnts': np.int64(36), 'widthMs': np.float64(0.36)}]",2.09,1.82,1.16,0.55,0.36,yes,,,,,,unknown,,,
378,stochastic-hh.sanpy,14,2,12.0,,dvdt,100.0,-40.0,0,"[10, 20, 50, 80, 90]",20260928,19:54:54,,,0.2.8.post45,ceeda3d8b38d399aaf1761b27ed8696acdeb9705,True,,378,32,0,[],,63659,0.63659,-40.86452760767655,25.641060116898572,63729,0.6372899999999999,40.97055738861462,81.83508499629117,0.6999999999999229,63985,0.63985,-69.52214530791916,63640.0,-44.41101294848478,63642,63650,0.08,-44.0687953617976,-42.7961047553202,15675.951666917015,,63709,14.613007777517879,260.40794546869864,63786,13.520439648251594,-69.41191012885511,1260.0,12.6,79.36507936507937,1252.0,12.52,0.19,"[{'halfHeight': 10, 'risingPnt': np.int64(63679), 'fallingPnt': np.int64(63881), 'widthPnts': np.int64(202), 'widthMs': np.float64(2.02)}, {'halfHeight': 20, 'risingPnt': np.int64(63689), 'fallingPnt': np.int64(63862), 'widthPnts': np.int64(173), 'widthMs': np.float64(1.73)}, {'halfHeight': 50, 'risingPnt': np.int64(63703), 'fallingPnt': np.int64(63812), 'widthPnts': np.int64(109), 'widthMs': np.float64(1.09)}, {'halfHeight': 80, 'risingPnt': np.int64(63713), 'fallingPnt': np.int64(63768), 'widthPnts': np.int64(55), 'widthMs': np.float64(0.55)}, {'halfHeight': 90, 'risingPnt': np.int64(63718), 'fallingPnt': np.int64(63752), 'widthPnts': np.int64(34), 'widthMs': np.float64(0.34)}]",2.02,1.73,1.09,0.55,0.34,yes,,,,,,unknown,,,
379,stochastic-hh.sanpy,14,2,12.0,,dvdt,100.0,-40.0,0,"[10, 20, 50, 80, 90]",20260928,19:54:54,,,0.2.8.post45,ceeda3d8b38d399aaf1761b27ed8696acdeb9705,True,,379,33,0,[],,64861,0.64861,-41.43640902892886,25.51895768960641,64934,0.64934,41.47044441571626,82.90685344464512,0.7300000000000084,65203,0.65203,-69.51794453395786,64848.0,-44.41101294848478,64849,64854,0.05,-44.08700044808294,-43.07195620583961,20286.41628298393,,64914,15.032196399182952,256.4791854636206,65130,-49.41700050340003,-59.42580705700776,1202.0,12.02,83.19467554076539,1208.0,12.08,0.13,"[{'halfHeight': 10, 'risingPnt': np.int64(64883), 'fallingPnt': np.int64(65098), 'widthPnts': np.int64(215), 'widthMs': np.float64(2.15)}, {'halfHeight': 20, 'risingPnt': np.int64(64893), 'fallingPnt': np.int64(65080), 'widthPnts': np.int64(187), 'widthMs': np.float64(1.87)}, {'halfHeight': 50, 'risingPnt': np.int64(64908), 'fallingPnt': np.int64(65024), 'widthPnts': np.int64(116), 'widthMs': np.float64(1.16)}, {'halfHeight': 80, 'risingPnt': np.int64(64918), 'fallingPnt': np.int64(64975), 'widthPnts': np.int64(57), 'widthMs': np.float64(0.57)}, {'halfHeight': 90, 'risingPnt': np.int64(64923), 'fallingPnt': np.int64(64958), 'widthPnts': np.int64(35), 'widthMs': np.float64(0.35)}]",2.15,1.87,1.16,0.57,0.35,yes,,,,,,unknown,,,
380,stochastic-hh.sanpy,14,2,12.0,,dvdt,100.0,-40.0,0,"[10, 20, 50, 80, 90]",20260928,19:54:54,,,0.2.8.post45,ceeda3d8b38d399aaf1761b27ed8696acdeb9705,True,,380,34,0,[],,66156,0.6615599999999999,-41.69527282525724,26.984858597526152,66229,0.6622899999999999,43.86258053875961,85.55785336401685,0.7300000000000084,66494,0.6649400000000001,-69.61549832728551,66144.0,-44.41101294848478,66145,66150,0.05,-44.14224501970376,-43.171378974571454,18873.775272459687,,66206,13.971158028209409,273.7019814202602,66303,9.05382847127943,-71.89733101640272,1295.0,12.95,77.22007722007721,1296.0,12.96,0.12,"[{'halfHeight': 10, 'risingPnt': np.int64(66177), 'fallingPnt': np.int64(66390), 'widthPnts': np.int64(213), 'widthMs': np.float64(2.13)}, {'halfHeight': 20, 'risingPnt': np.int64(66187), 'fallingPnt': np.int64(66370), 'widthPnts': np.int64(183), 'widthMs': np.float64(1.83)}, {'halfHeight': 50, 'risingPnt': np.int64(66202), 'fallingPnt': np.int64(66318), 'widthPnts': np.int64(116), 'widthMs': np.float64(1.16)}, {'halfHeight': 80, 'risingPnt': np.int64(66211), 'fallingPnt': np.int64(66271), 'widthPnts': np.int64(60), 'widthMs': np.float64(0.6)}, {'halfHeight': 90, 'risingPnt': np.int64(66215), 'fallingPnt': np.int64(66252), 'widthPnts': np.int64(37), 'widthMs': np.float64(0.37)}]",2.13,1.83,1.16,0.6,0.37,yes,,,,,,unknown,,,
381,stochastic-hh.sanpy,14,2,12.0,,dvdt,100.0,-40.0,0,"[10, 20, 50, 80, 90]",20260928,19:54:54,,,0.2.8.post45,ceeda3d8b38d399aaf1761b27ed8696acdeb9705,True,,381,35,0,[],,67527,0.67527,-41.23759950887341,26.15612681005514,67598,0.67598,42.67230118709482,83.90990069596822,0.7099999999999884,67882,0.6788200000000001,-69.36050728824495,67513.0,-44.41101294848478,67514,67520,0.06,-44.19195911896801,-42.93419496373313,20866.67769392593,,67580,20.05249575768329,263.033189364025,67639,26.075234687019208,-64.13405250104834,1371.0,13.71,72.93946024799416,1369.0,13.69,0.14,"[{'halfHeight': 10, 'risingPnt': np.int64(67547), 'fallingPnt': np.int64(67774), 'widthPnts': np.int64(227), 'widthMs': np.float64(2.27)}, {'halfHeight': 20, 'risingPnt': np.int64(67558), 'fallingPnt': np.int64(67750), 'widthPnts': np.int64(192), 'widthMs': np.float64(1.92)}, {'halfHeight': 50, 'risingPnt': np.int64(67573), 'fallingPnt': np.int64(67690), 'widthPnts': np.int64(117), 'widthMs': np.float64(1.17)}, {'halfHeight': 80, 'risingPnt': np.int64(67583), 'fallingPnt': np.int64(67640), 'widthPnts': np.int64(57), 'widthMs': np.float64(0.57)}, {'halfHeight': 90, 'risingPnt': np.int64(67587), 'fallingPnt': np.int64(67623), 'widthPnts': np.int64(36), 'widthMs': np.float64(0.36)}]",2.27,1.92,1.17,0.57,0.36,yes,,,,,,unknown,,,
382,stochastic-hh.sanpy,14,2,12.0,,dvdt,100.0,-40.0,0,"[10, 20, 50, 80, 90]",20260928,19:54:54,,,0.2.8.post45,ceeda3d8b38d399aaf1761b27ed8696acdeb9705,True,,382,36,0,[],,68866,0.6886599999999999,-40.076561051256846,25.192858573904886,68935,0.68935,40.41438150232805,80.49094255358489,0.6900000000000794,69194,0.69194,-69.48568886882809,68844.0,-44.41101294848478,68846,68855,0.09,-44.000707051624936,-42.47577084233037,16805.260839331793,,68914,13.90515801435685,255.39869633494195,68973,22.672422010456653,-73.80182496686183,1339.0,13.39,74.6825989544436,1331.0,13.31,0.22,"[{'halfHeight': 10, 'risingPnt': np.int64(68885), 'fallingPnt': np.int64(69086), 'widthPnts': np.int64(201), 'widthMs': np.float64(2.01)}, {'halfHeight': 20, 'risingPnt': np.int64(68894), 'fallingPnt': np.int64(69069), 'widthPnts': np.int64(175), 'widthMs': np.float64(1.75)}, {'halfHeight': 50, 'risingPnt': np.int64(68909), 'fallingPnt': np.int64(69012), 'widthPnts': np.int64(103), 'widthMs': np.float64(1.03)}, {'halfHeight': 80, 'risingPnt': np.int64(68919), 'fallingPnt': np.int64(68971), 'widthPnts': np.int64(52), 'widthMs': np.float64(0.52)}, {'halfHeight': 90, 'risingPnt': np.int64(68923), 'fallingPnt': np.int64(68956), 'widthPnts': np.int64(33), 'widthMs': np.float64(0.33)}]",2.01,1.75,1.03,0.52,0.33,yes,,,,,,unknown,,,
383,stochastic-hh.sanpy,14,2,12.0,,dvdt,100.0,-40.0,0,"[10, 20, 50, 80, 90]",20260928,19:54:54,,,0.2.8.post45,ceeda3d8b38d399aaf1761b27ed8696acdeb9705,True,,383,37,0,[],,70084,0.70084,-42.49206632730863,25.12140006469941,70158,0.7015800000000001,43.12104683089096,85.61311315819958,0.7400000000000739,70427,0.70427,-69.37054344738188,70075.0,-44.41101294848478,70076,70079,0.03,-44.18468989261332,-43.60270576011652,19479.665993097515,,70134,9.46056809955932,260.6975937120263,70226,10.100745077781948,-72.9303870707446,1218.0,12.18,82.10180623973727,1231.0,12.31,0.09,"[{'halfHeight': 10, 'risingPnt': np.int64(70105), 'fallingPnt': np.int64(70322), 'widthPnts': np.int64(217), 'widthMs': np.float64(2.17)}, {'halfHeight': 20, 'risingPnt': np.int64(70116), 'fallingPnt': np.int64(70300), 'widthPnts': np.int64(184), 'widthMs': np.float64(1.84)}, {'halfHeight': 50, 'risingPnt': np.int64(70131), 'fallingPnt': np.int64(70245), 'widthPnts': np.int64(114), 'widthMs': np.float64(1.14)}, {'halfHeight': 80, 'risingPnt': np.int64(70141), 'fallingPnt': np.int64(70200), 'widthPnts': np.int64(59), 'widthMs': np.float64(0.59)}, {'halfHeight': 90, 'risingPnt': np.int64(70145), 'fallingPnt': np.int64(70184), 'widthPnts': np.int64(39), 'widthMs': np.float64(0.39)}]",2.17,1.84,1.14,0.59,0.39,yes,,,,,,unknown,,,
384,stochastic-hh.sanpy,14,2,12.0,,dvdt,100.0,-40.0,0,"[10, 20, 50, 80, 90]",20260928,19:54:54,,,0.2.8.post45,ceeda3d8b38d399aaf1761b27ed8696acdeb9705,True,,384,38,0,[],,71338,0.71338,-41.78805006502919,24.987200572417883,71411,0.71411,41.661788670762654,83.44983873579184,0.7300000000000084,71680,0.7168,-69.30172794271589,71326.0,-44.41101294848478,71327,71332,0.05,-44.170348105027465,-43.218778479893416,18781.24646593198,,71391,15.28085603517376,255.9384612629311,71439,30.236457013208852,-63.478891594334286,1254.0,12.54,79.74481658692186,1251.0,12.51,0.12,"[{'halfHeight': 10, 'risingPnt': np.int64(71359), 'fallingPnt': np.int64(71575), 'widthPnts': np.int64(216), 'widthMs': np.float64(2.16)}, {'halfHeight': 20, 'risingPnt': np.int64(71370), 'fallingPnt': np.int64(71557), 'widthPnts': np.int64(187), 'widthMs': np.float64(1.87)}, {'halfHeight': 50, 'risingPnt': np.int64(71385), 'fallingPnt': np.int64(71505), 'widthPnts': np.int64(120), 'widthMs': np.float64(1.2)}, {'halfHeight': 80, 'risingPnt': np.int64(71395), 'fallingPnt': np.int64(71449), 'widthPnts': np.int64(54), 'widthMs': np.float64(0.54)}, {'halfHeight': 90, 'risingPnt': np.int64(71399), 'fallingPnt': np.int64(71434), 'widthPnts': np.int64(35), 'widthMs': np.float64(0.35)}]",2.16,1.87,1.2,0.54,0.35,yes,,,,,,unknown,,,
385,stochastic-hh.sanpy,14,2,12.0,,dvdt,100.0,-40.0,0,"[10, 20, 50, 80, 90]",20260928,19:54:54,,,0.2.8.post45,ceeda3d8b38d399aaf1761b27ed8696acdeb9705,True,,385,39,0,[],,72548,0.72548,-42.051792403526,23.309580766538176,72625,0.72625,40.741247064563375,82.79303946808938,0.7699999999999374,72892,0.72892,-69.26810738720631,72535.0,-44.41101294848478,72536,72541,0.05,-44.25213894644383,-43.434928808486255,16183.223712638783,,72602,11.585496141229072,241.3213003709247,72689,13.380748239409503,-70.14675619268267,1210.0,12.1,82.64462809917356,1209.0,12.09,0.13,"[{'halfHeight': 10, 'risingPnt': np.int64(72570), 'fallingPnt': np.int64(72792), 'widthPnts': np.int64(222), 'widthMs': np.float64(2.22)}, {'halfHeight': 20, 'risingPnt': np.int64(72582), 'fallingPnt': np.int64(72773), 'widthPnts': np.int64(191), 'widthMs': np.float64(1.91)}, {'halfHeight': 50, 'risingPnt': np.int64(72597), 'fallingPnt': np.int64(72716), 'widthPnts': np.int64(119), 'widthMs': np.float64(1.19)}, {'halfHeight': 80, 'risingPnt': np.int64(72608), 'fallingPnt': np.int64(72670), 'widthPnts': np.int64(62), 'widthMs': np.float64(0.62)}, {'halfHeight': 90, 'risingPnt': np.int64(72612), 'fallingPnt': np.int64(72652), 'widthPnts': np.int64(40), 'widthMs': np.float64(0.4)}]",2.22,1.91,1.19,0.62,0.4,yes,,,,,,unknown,,,
386,stochastic-hh.sanpy,14,2,12.0,,dvdt,100.0,-40.0,0,"[10, 20, 50, 80, 90]",20260928,19:54:54,,,0.2.8.post45,ceeda3d8b38d399aaf1761b27ed8696acdeb9705,True,,386,40,0,[],,73752,0.73752,-41.49854807212476,25.95634438916624,73826,0.73826,44.129236537393865,85.62778460951863,0.7400000000000739,74079,0.74079,-69.49528613362715,73738.0,-44.41101294848478,73739,73745,0.06,-44.21241253558688,-43.11307890939593,18293.067492653714,,73807,20.112127661156432,263.0188570613511,74018,-55.2373440329204,-65.8766033688205,1204.0,12.04,83.05647840531563,1203.0,12.03,0.14,"[{'halfHeight': 10, 'risingPnt': np.int64(73773), 'fallingPnt': np.int64(73981), 'widthPnts': np.int64(208), 'widthMs': np.float64(2.08)}, {'halfHeight': 20, 'risingPnt': np.int64(73785), 'fallingPnt': np.int64(73963), 'widthPnts': np.int64(178), 'widthMs': np.float64(1.78)}, {'halfHeight': 50, 'risingPnt': np.int64(73800), 'fallingPnt': np.int64(73915), 'widthPnts': np.int64(115), 'widthMs': np.float64(1.15)}, {'halfHeight': 80, 'risingPnt': np.int64(73810), 'fallingPnt': np.int64(73864), 'widthPnts': np.int64(54), 'widthMs': np.float64(0.54)}, {'halfHeight': 90, 'risingPnt': np.int64(73814), 'fallingPnt': np.int64(73849), 'widthPnts': np.int64(35), 'widthMs': np.float64(0.35)}]",2.08,1.78,1.15,0.54,0.35,yes,,,,,,unknown,,,
387,stochastic-hh.sanpy,14,2,12.0,,dvdt,100.0,-40.0,0,"[10, 20, 50, 80, 90]",20260928,19:54:54,,,0.2.8.post45,ceeda3d8b38d399aaf1761b27ed8696acdeb9705,True,,387,41,0,[],,74901,0.74901,-42.304341750129346,24.70812793789275,74972,0.74972,41.53383207290815,83.8381738230375,0.7100000000000994,75239,0.75239,-71.04815142397537,74892.0,-44.41101294848478,74893,74896,0.03,-44.11566054442548,-43.49090497273252,20247.70763710114,,74953,15.484022062708922,253.1313941629512,75166,-55.698704781663075,-67.08299647039527,1149.0,11.49,87.03220191470844,1154.0,11.54,0.09,"[{'halfHeight': 10, 'risingPnt': np.int64(74921), 'fallingPnt': np.int64(75128), 'widthPnts': np.int64(207), 'widthMs': np.float64(2.07)}, {'halfHeight': 20, 'risingPnt': np.int64(74931), 'fallingPnt': np.int64(75109), 'widthPnts': np.int64(178), 'widthMs': np.float64(1.78)}, {'halfHeight': 50, 'risingPnt': np.int64(74947), 'fallingPnt': np.int64(75061), 'widthPnts': np.int64(114), 'widthMs': np.float64(1.14)}, {'halfHeight': 80, 'risingPnt': np.int64(74957), 'fallingPnt': np.int64(75014), 'widthPnts': np.int64(57), 'widthMs': np.float64(0.57)}, {'halfHeight': 90, 'risingPnt': np.int64(74961), 'fallingPnt': np.int64(74998), 'widthPnts': np.int64(37), 'widthMs': np.float64(0.37)}]",2.07,1.78,1.14,0.57,0.37,yes,,,,,,unknown,,,
