include=yes;animal_id=;species=;region=;cell_type=;age=;sex=unknown;genotype=;condition=;experiment=;note=;
,file,sweep,epoch,epochLevel,dacCommand,detectionType,dvdtThreshold,mvThreshold,medianFilter,halfHeights,analysisDate,analysisTime,modDate,modTime,sanpy_version,sanpy_git_commit,sanpy_git_dirty,condition,spikeNumber,sweepSpikeNumber,userType,errors,spike_condition,thresholdPnt,thresholdSec,thresholdVal,thresholdVal_dvdt,peakPnt,peakSec,peakVal,peakHeight,timeToPeak_ms,fastAhpPnt,fastAhpSec,fastAhpValue,preMinPnt,preMinVal,preLinearFitPnt0,preLinearFitPnt1,earlyDiastolicDuration_ms,preLinearFitVal0,preLinearFitVal1,earlyDiastolicDurationRate,lateDiastolicDuration,preSpike_dvdt_max_pnt,preSpike_dvdt_max_val,preSpike_dvdt_max_val2,postSpike_dvdt_min_pnt,postSpike_dvdt_min_val,postSpike_dvdt_min_val2,isi_pnts,isi_ms,spikeFreq_hz,cycleLength_pnts,cycleLength_ms,diastolicDuration_ms,widths,widths_10,widths_20,widths_50,widths_80,widths_90,include,animal_id,species,region,cell_type,age,sex,genotype,experiment,note
0,tentusscher-treatment.sanpy,0,2,2.0,,dvdt,100.0,-20.0,0,"[10, 20, 50, 80, 90]",20260928,19:55:17,,,0.2.8.post45,ceeda3d8b38d399aaf1761b27ed8696acdeb9705,True,,0,0,0,"[{'Spike': 0, 'Seconds': np.float64(1.0009), 'Sweep': 0, 'Epoch': 2, 'Type': 'Fit EDD', 'Details': 'Early diastolic duration rate fit - preMinPnt == spikePnt'}]",,10009,1.0009,-63.08018088117162,24.702929035701594,10020,1.002,35.397467104466145,98.47764798563776,1.100000000000101,10097,1.0097,16.341809837464595,10009,-60.16212547598297,10009,10009,0.0,-63.08018088117162,-63.08018088117162,,,10016,5.914043241964013,252.0671066480669,10027,31.287933888288457,-7.411480908999291,,,,,,0.0,"[{'halfHeight': 10, 'risingPnt': np.int64(10013), 'fallingPnt': np.int64(12916), 'widthPnts': np.int64(2903), 'widthMs': np.float64(290.3)}, {'halfHeight': 20, 'risingPnt': np.int64(10014), 'fallingPnt': np.int64(12866), 'widthPnts': np.int64(2852), 'widthMs': np.float64(285.2)}, {'halfHeight': 50, 'risingPnt': np.int64(10016), 'fallingPnt': np.int64(12627), 'widthPnts': np.int64(2611), 'widthMs': np.float64(261.1)}, {'halfHeight': 80, 'risingPnt': np.int64(10017), 'fallingPnt': np.int64(11703), 'widthPnts': np.int64(1686), 'widthMs': np.float64(168.6)}, {'halfHeight': 90, 'risingPnt': np.int64(10017), 'fallingPnt': np.int64(10037), 'widthPnts': np.int64(20), 'widthMs': np.float64(2.0)}]",290.3,285.2,261.1,168.6,2.0,yes,,,,,,unknown,,,
1,tentusscher-treatment.sanpy,0,2,2.0,,dvdt,100.0,-20.0,0,"[10, 20, 50, 80, 90]",20260928,19:55:17,,,0.2.8.post45,ceeda3d8b38d399aaf1761b27ed8696acdeb9705,True,,1,1,0,"[{'Spike': 1, 'Seconds': np.float64(1.5001), 'Sweep': 0, 'Epoch': 2, 'Type': 'Fast AHP was detected at end of fast AHP window', 'Details': 'Consider increasing the fast AHP window with fastAhpWindow_ms'}, {'Spike': 1, 'Seconds': np.float64(1.5001), 'Sweep': 0, 'Epoch': 2, 'Type': 'Fit EDD', 'Details': 'Early diastolic duration rate fit - preMinPnt == spikePnt'}]",,15001,1.5001,-82.77350491819706,19.0739077400534,15020,1.502,32.554917383217045,115.32842230141411,1.9000000000000128,15099,1.5099,12.689002812152367,15001,-60.5182556936743,15001,15001,0.0,-82.77350491819706,-82.77350491819706,,,15016,1.2580922948857232,234.47211162063584,15028,28.040820341819614,-7.43732798713134,4992.0,499.2,2.003205128205128,4992.0,499.2,0.0,"[{'halfHeight': 10, 'risingPnt': np.int64(15006), 'fallingPnt': np.int64(17684), 'widthPnts': np.int64(2678), 'widthMs': np.float64(267.8)}, {'halfHeight': 20, 'risingPnt': np.int64(15011), 'fallingPnt': np.int64(17632), 'widthPnts': np.int64(2621), 'widthMs': np.float64(262.1)}, {'halfHeight': 50, 'risingPnt': np.int64(15015), 'fallingPnt': np.int64(17422), 'widthPnts': np.int64(2407), 'widthMs': np.float64(240.7)}, {'halfHeight': 80, 'risingPnt': np.int64(15017), 'fallingPnt': np.int64(16688), 'widthPnts': np.int64(1671), 'widthMs': np.float64(167.1)}, {'halfHeight': 90, 'risingPnt': np.int64(15017), 'fallingPnt': np.int64(15041), 'widthPnts': np.int64(24), 'widthMs': np.float64(2.4)}]",267.8,262.1,240.7,167.1,2.4,yes,,,,,,unknown,,,
2,tentusscher-treatment.sanpy,0,2,2.0,,dvdt,100.0,-20.0,0,"[10, 20, 50, 80, 90]",20260928,19:55:17,,,0.2.8.post45,ceeda3d8b38d399aaf1761b27ed8696acdeb9705,True,,2,2,0,"[{'Spike': 2, 'Seconds': np.float64(2.0001), 'Sweep': 0, 'Epoch': 2, 'Type': 'Fast AHP was detected at end of fast AHP window', 'Details': 'Consider increasing the fast AHP window with fastAhpWindow_ms'}, {'Spike': 2, 'Seconds': np.float64(2.0001), 'Sweep': 0, 'Epoch': 2, 'Type': 'Fit EDD', 'Details': 'Early diastolic duration rate fit - preMinPnt == spikePnt'}]",,20001,2.0000999999999998,-82.81632459040999,19.07245094291651,20020,2.002,33.33111553698236,116.14744012739234,1.9000000000000128,20099,2.0099,13.109896979125962,20001,-60.34792408855085,20001,20001,0.0,-82.81632459040999,-82.81632459040999,,,20016,3.1178124260601656,239.69341465257205,20027,29.30673709662426,-7.6152593830264,5000.0,500.0,2.0,5000.0,500.0,0.0,"[{'halfHeight': 10, 'risingPnt': np.int64(20006), 'fallingPnt': np.int64(22755), 'widthPnts': np.int64(2749), 'widthMs': np.float64(274.9)}, {'halfHeight': 20, 'risingPnt': np.int64(20011), 'fallingPnt': np.int64(22704), 'widthPnts': np.int64(2693), 'widthMs': np.float64(269.3)}, {'halfHeight': 50, 'risingPnt': np.int64(20015), 'fallingPnt': np.int64(22490), 'widthPnts': np.int64(2475), 'widthMs': np.float64(247.5)}, {'halfHeight': 80, 'risingPnt': np.int64(20017), 'fallingPnt': np.int64(21735), 'widthPnts': np.int64(1718), 'widthMs': np.float64(171.8)}, {'halfHeight': 90, 'risingPnt': np.int64(20017), 'fallingPnt': np.int64(20040), 'widthPnts': np.int64(23), 'widthMs': np.float64(2.3)}]",274.9,269.3,247.5,171.8,2.3,yes,,,,,,unknown,,,
3,tentusscher-treatment.sanpy,0,2,2.0,,dvdt,100.0,-20.0,0,"[10, 20, 50, 80, 90]",20260928,19:55:17,,,0.2.8.post45,ceeda3d8b38d399aaf1761b27ed8696acdeb9705,True,,3,3,0,"[{'Spike': 3, 'Seconds': np.float64(2.5001), 'Sweep': 0, 'Epoch': 2, 'Type': 'Fast AHP was detected at end of fast AHP window', 'Details': 'Consider increasing the fast AHP window with fastAhpWindow_ms'}, {'Spike': 3, 'Seconds': np.float64(2.5001), 'Sweep': 0, 'Epoch': 2, 'Type': 'Fit EDD', 'Details': 'Early diastolic duration rate fit - preMinPnt == spikePnt'}]",,25001,2.5000999999999998,-82.78043286761125,19.072775095021225,25020,2.502,33.114739633371876,115.89517250098314,1.9000000000000128,25099,2.5099,12.890191234531995,25001,-60.35806785928935,25001,25001,0.0,-82.78043286761125,-82.78043286761125,,,25016,2.857984336356727,238.32457346977117,25027,29.157744615313224,-7.547729837581909,5000.0,500.0,2.0,5000.0,500.0,0.0,"[{'halfHeight': 10, 'risingPnt': np.int64(25006), 'fallingPnt': np.int64(27750), 'widthPnts': np.int64(2744), 'widthMs': np.float64(274.4)}, {'halfHeight': 20, 'risingPnt': np.int64(25011), 'fallingPnt': np.int64(27698), 'widthPnts': np.int64(2687), 'widthMs': np.float64(268.7)}, {'halfHeight': 50, 'risingPnt': np.int64(25015), 'fallingPnt': np.int64(27483), 'widthPnts': np.int64(2468), 'widthMs': np.float64(246.8)}, {'halfHeight': 80, 'risingPnt': np.int64(25017), 'fallingPnt': np.int64(26733), 'widthPnts': np.int64(1716), 'widthMs': np.float64(171.6)}, {'halfHeight': 90, 'risingPnt': np.int64(25017), 'fallingPnt': np.int64(25040), 'widthPnts': np.int64(23), 'widthMs': np.float64(2.3)}]",274.4,268.7,246.8,171.6,2.3,yes,,,,,,unknown,,,
4,tentusscher-treatment.sanpy,0,2,2.0,,dvdt,100.0,-20.0,0,"[10, 20, 50, 80, 90]",20260928,19:55:17,,,0.2.8.post45,ceeda3d8b38d399aaf1761b27ed8696acdeb9705,True,,4,4,0,"[{'Spike': 4, 'Seconds': np.float64(3.0001), 'Sweep': 0, 'Epoch': 2, 'Type': 'Fast AHP was detected at end of fast AHP window', 'Details': 'Consider increasing the fast AHP window with fastAhpWindow_ms'}, {'Spike': 4, 'Seconds': np.float64(3.0001), 'Sweep': 0, 'Epoch': 2, 'Type': 'Fit EDD', 'Details': 'Early diastolic duration rate fit - preMinPnt == spikePnt'}]",,30001,3.0000999999999998,-82.75893161018678,19.070593416383094,30020,3.002,33.06945492633585,115.82838653652263,1.9000000000000128,30099,3.0099,12.822670351236034,30001,-60.34600865804247,30001,30001,0.0,-82.75893161018678,-82.75893161018678,,,30016,2.8404417490970895,237.9681965357525,30027,29.138985237583302,-7.515659054203424,5000.0,500.0,2.0,5000.0,500.0,0.0,"[{'halfHeight': 10, 'risingPnt': np.int64(30006), 'fallingPnt': np.int64(32758), 'widthPnts': np.int64(2752), 'widthMs': np.float64(275.2)}, {'halfHeight': 20, 'risingPnt': np.int64(30011), 'fallingPnt': np.int64(32706), 'widthPnts': np.int64(2695), 'widthMs': np.float64(269.5)}, {'halfHeight': 50, 'risingPnt': np.int64(30015), 'fallingPnt': np.int64(32491), 'widthPnts': np.int64(2476), 'widthMs': np.float64(247.6)}, {'halfHeight': 80, 'risingPnt': np.int64(30017), 'fallingPnt': np.int64(31740), 'widthPnts': np.int64(1723), 'widthMs': np.float64(172.3)}, {'halfHeight': 90, 'risingPnt': np.int64(30017), 'fallingPnt': np.int64(30040), 'widthPnts': np.int64(23), 'widthMs': np.float64(2.3)}]",275.2,269.5,247.6,172.3,2.3,yes,,,,,,unknown,,,
5,tentusscher-treatment.sanpy,0,2,2.0,,dvdt,100.0,-20.0,0,"[10, 20, 50, 80, 90]",20260928,19:55:17,,,0.2.8.post45,ceeda3d8b38d399aaf1761b27ed8696acdeb9705,True,,5,5,0,"[{'Spike': 5, 'Seconds': np.float64(3.5001), 'Sweep': 0, 'Epoch': 2, 'Type': 'Fast AHP was detected at end of fast AHP window', 'Details': 'Consider increasing the fast AHP window with fastAhpWindow_ms'}, {'Spike': 5, 'Seconds': np.float64(3.5001), 'Sweep': 0, 'Epoch': 2, 'Type': 'Fit EDD', 'Details': 'Early diastolic duration rate fit - preMinPnt == spikePnt'}]",,35001,3.5000999999999998,-82.73577039667157,19.076523057863493,35020,3.502,33.00274541388777,115.73851581055933,1.9000000000000128,35099,3.5099,12.73419246662372,35001,-60.32551026581123,35001,35001,0.0,-82.73577039667157,-82.73577039667157,,,35016,2.9639686308746356,237.55807934402668,35027,29.097143604410455,-7.4841071052907235,5000.0,500.0,2.0,5000.0,500.0,0.0,"[{'halfHeight': 10, 'risingPnt': np.int64(35006), 'fallingPnt': np.int64(37763), 'widthPnts': np.int64(2757), 'widthMs': np.float64(275.7)}, {'halfHeight': 20, 'risingPnt': np.int64(35011), 'fallingPnt': np.int64(37711), 'widthPnts': np.int64(2700), 'widthMs': np.float64(270.0)}, {'halfHeight': 50, 'risingPnt': np.int64(35015), 'fallingPnt': np.int64(37494), 'widthPnts': np.int64(2479), 'widthMs': np.float64(247.9)}, {'halfHeight': 80, 'risingPnt': np.int64(35017), 'fallingPnt': np.int64(36746), 'widthPnts': np.int64(1729), 'widthMs': np.float64(172.9)}, {'halfHeight': 90, 'risingPnt': np.int64(35017), 'fallingPnt': np.int64(35040), 'widthPnts': np.int64(23), 'widthMs': np.float64(2.3)}]",275.7,270.0,247.9,172.9,2.3,yes,,,,,,unknown,,,
6,tentusscher-treatment.sanpy,0,2,2.0,,dvdt,100.0,-20.0,0,"[10, 20, 50, 80, 90]",20260928,19:55:17,,,0.2.8.post45,ceeda3d8b38d399aaf1761b27ed8696acdeb9705,True,,6,6,0,"[{'Spike': 6, 'Seconds': np.float64(4.0001), 'Sweep': 0, 'Epoch': 2, 'Type': 'Fast AHP was detected at end of fast AHP window', 'Details': 'Consider increasing the fast AHP window with fastAhpWindow_ms'}, {'Spike': 6, 'Seconds': np.float64(4.0001), 'Sweep': 0, 'Epoch': 2, 'Type': 'Fit EDD', 'Details': 'Early diastolic duration rate fit - preMinPnt == spikePnt'}]",,40001,4.0001,-82.71533008351514,19.075610204902816,40020,4.002,32.931865542108426,115.64719562562357,1.9000000000000128,40099,4.0099,12.664086188117489,40001,-60.33728124759149,40001,40001,0.0,-82.71533008351514,-82.71533008351514,,,40016,2.657152335154665,236.9309677401647,40028,28.324725265109475,-7.447033650776243,5000.0,500.0,2.0,5000.0,500.0,0.0,"[{'halfHeight': 10, 'risingPnt': np.int64(40006), 'fallingPnt': np.int64(42768), 'widthPnts': np.int64(2762), 'widthMs': np.float64(276.2)}, {'halfHeight': 20, 'risingPnt': np.int64(40011), 'fallingPnt': np.int64(42716), 'widthPnts': np.int64(2705), 'widthMs': np.float64(270.5)}, {'halfHeight': 50, 'risingPnt': np.int64(40015), 'fallingPnt': np.int64(42499), 'widthPnts': np.int64(2484), 'widthMs': np.float64(248.4)}, {'halfHeight': 80, 'risingPnt': np.int64(40017), 'fallingPnt': np.int64(41751), 'widthPnts': np.int64(1734), 'widthMs': np.float64(173.4)}, {'halfHeight': 90, 'risingPnt': np.int64(40017), 'fallingPnt': np.int64(40041), 'widthPnts': np.int64(24), 'widthMs': np.float64(2.4)}]",276.2,270.5,248.4,173.4,2.4,yes,,,,,,unknown,,,
7,tentusscher-treatment.sanpy,0,2,2.0,,dvdt,100.0,-20.0,0,"[10, 20, 50, 80, 90]",20260928,19:55:17,,,0.2.8.post45,ceeda3d8b38d399aaf1761b27ed8696acdeb9705,True,,7,7,0,"[{'Spike': 7, 'Seconds': np.float64(4.5001), 'Sweep': 0, 'Epoch': 2, 'Type': 'Fast AHP was detected at end of fast AHP window', 'Details': 'Consider increasing the fast AHP window with fastAhpWindow_ms'}, {'Spike': 7, 'Seconds': np.float64(4.5001), 'Sweep': 0, 'Epoch': 2, 'Type': 'Fit EDD', 'Details': 'Early diastolic duration rate fit - preMinPnt == spikePnt'}]",,45001,4.500100000000001,-82.6963441266189,19.077498893068135,45020,4.502,32.88148475485199,115.57782888147088,1.8999999999991246,45099,4.5099,12.598861394652014,45001,-60.29845314034316,45001,45001,0.0,-82.6963441266189,-82.6963441266189,,,45016,3.0546208544026543,236.7617156650246,45028,28.284982415603515,-7.423306969024513,5000.0,500.0,2.0,5000.0,500.0,0.0,"[{'halfHeight': 10, 'risingPnt': np.int64(45006), 'fallingPnt': np.int64(47773), 'widthPnts': np.int64(2767), 'widthMs': np.float64(276.7)}, {'halfHeight': 20, 'risingPnt': np.int64(45011), 'fallingPnt': np.int64(47720), 'widthPnts': np.int64(2709), 'widthMs': np.float64(270.9)}, {'halfHeight': 50, 'risingPnt': np.int64(45015), 'fallingPnt': np.int64(47502), 'widthPnts': np.int64(2487), 'widthMs': np.float64(248.7)}, {'halfHeight': 80, 'risingPnt': np.int64(45017), 'fallingPnt': np.int64(46756), 'widthPnts': np.int64(1739), 'widthMs': np.float64(173.9)}, {'halfHeight': 90, 'risingPnt': np.int64(45017), 'fallingPnt': np.int64(45041), 'widthPnts': np.int64(24), 'widthMs': np.float64(2.4)}]",276.7,270.9,248.7,173.9,2.4,yes,,,,,,unknown,,,
8,tentusscher-treatment.sanpy,0,2,2.0,,dvdt,100.0,-20.0,0,"[10, 20, 50, 80, 90]",20260928,19:55:17,,,0.2.8.post45,ceeda3d8b38d399aaf1761b27ed8696acdeb9705,True,,8,8,0,"[{'Spike': 8, 'Seconds': np.float64(5.0001), 'Sweep': 0, 'Epoch': 2, 'Type': 'Fast AHP was detected at end of fast AHP window', 'Details': 'Consider increasing the fast AHP window with fastAhpWindow_ms'}, {'Spike': 8, 'Seconds': np.float64(5.0001), 'Sweep': 0, 'Epoch': 2, 'Type': 'Fit EDD', 'Details': 'Early diastolic duration rate fit - preMinPnt == spikePnt'}]",,50001,5.000100000000001,-82.67842289771875,19.083562866207863,50020,5.002,32.82815785915416,115.5065807568729,1.8999999999991246,50099,5.0099,12.543307101151573,50001,-60.295625409148094,50001,50001,0.0,-82.67842289771875,-82.67842289771875,,,50016,2.976017923148707,236.395216002771,50028,28.259259973040585,-7.397497310632821,5000.0,500.0,2.0,5000.0,500.0,0.0,"[{'halfHeight': 10, 'risingPnt': np.int64(50006), 'fallingPnt': np.int64(52777), 'widthPnts': np.int64(2771), 'widthMs': np.float64(277.1)}, {'halfHeight': 20, 'risingPnt': np.int64(50011), 'fallingPnt': np.int64(52724), 'widthPnts': np.int64(2713), 'widthMs': np.float64(271.3)}, {'halfHeight': 50, 'risingPnt': np.int64(50015), 'fallingPnt': np.int64(52506), 'widthPnts': np.int64(2491), 'widthMs': np.float64(249.1)}, {'halfHeight': 80, 'risingPnt': np.int64(50017), 'fallingPnt': np.int64(51760), 'widthPnts': np.int64(1743), 'widthMs': np.float64(174.3)}, {'halfHeight': 90, 'risingPnt': np.int64(50017), 'fallingPnt': np.int64(50041), 'widthPnts': np.int64(24), 'widthMs': np.float64(2.4)}]",277.1,271.3,249.1,174.3,2.4,yes,,,,,,unknown,,,
9,tentusscher-treatment.sanpy,0,2,2.0,,dvdt,100.0,-20.0,0,"[10, 20, 50, 80, 90]",20260928,19:55:17,,,0.2.8.post45,ceeda3d8b38d399aaf1761b27ed8696acdeb9705,True,,9,9,0,"[{'Spike': 9, 'Seconds': np.float64(5.5001), 'Sweep': 0, 'Epoch': 2, 'Type': 'Fast AHP was detected at end of fast AHP window', 'Details': 'Consider increasing the fast AHP window with fastAhpWindow_ms'}, {'Spike': 9, 'Seconds': np.float64(5.5001), 'Sweep': 0, 'Epoch': 2, 'Type': 'Fit EDD', 'Details': 'Early diastolic duration rate fit - preMinPnt == spikePnt'}]",,55001,5.500100000000001,-82.66377122832725,19.077055614422584,55020,5.502,32.77020613117648,115.43397735950373,1.8999999999991246,55099,5.5099,12.490536772489042,55001,-60.30720770466392,55001,55001,0.0,-82.66377122832725,-82.66377122832725,,,55016,2.7099483929903583,235.90311760142936,55028,28.239404086991684,-7.36959481999321,5000.0,500.0,2.0,5000.0,500.0,0.0,"[{'halfHeight': 10, 'risingPnt': np.int64(55006), 'fallingPnt': np.int64(57781), 'widthPnts': np.int64(2775), 'widthMs': np.float64(277.5)}, {'halfHeight': 20, 'risingPnt': np.int64(55011), 'fallingPnt': np.int64(57727), 'widthPnts': np.int64(2716), 'widthMs': np.float64(271.6)}, {'halfHeight': 50, 'risingPnt': np.int64(55015), 'fallingPnt': np.int64(57509), 'widthPnts': np.int64(2494), 'widthMs': np.float64(249.4)}, {'halfHeight': 80, 'risingPnt': np.int64(55017), 'fallingPnt': np.int64(56764), 'widthPnts': np.int64(1747), 'widthMs': np.float64(174.7)}, {'halfHeight': 90, 'risingPnt': np.int64(55017), 'fallingPnt': np.int64(55041), 'widthPnts': np.int64(24), 'widthMs': np.float64(2.4)}]",277.5,271.6,249.4,174.7,2.4,yes,,,,,,unknown,,,
10,tentusscher-treatment.sanpy,0,2,2.0,,dvdt,100.0,-20.0,0,"[10, 20, 50, 80, 90]",20260928,19:55:17,,,0.2.8.post45,ceeda3d8b38d399aaf1761b27ed8696acdeb9705,True,,10,10,0,"[{'Spike': 10, 'Seconds': np.float64(6.0001), 'Sweep': 0, 'Epoch': 2, 'Type': 'Fast AHP was detected at end of fast AHP window', 'Details': 'Consider increasing the fast AHP window with fastAhpWindow_ms'}, {'Spike': 10, 'Seconds': np.float64(6.0001), 'Sweep': 0, 'Epoch': 2, 'Type': 'Fit EDD', 'Details': 'Early diastolic duration rate fit - preMinPnt == spikePnt'}]",,60001,6.000100000000001,-82.64992977596152,19.07738461499693,60020,6.002,32.71943332323161,115.36936309919314,1.8999999999991246,60099,6.0099,12.447704796612467,60001,-60.28175210380287,60001,60001,0.0,-82.64992977596152,-82.64992977596152,,,60016,2.9877403132100855,235.68213274183483,60028,28.204074752633197,-7.344091495765168,5000.0,500.0,2.0,5000.0,500.0,0.0,"[{'halfHeight': 10, 'risingPnt': np.int64(60006), 'fallingPnt': np.int64(62784), 'widthPnts': np.int64(2778), 'widthMs': np.float64(277.8)}, {'halfHeight': 20, 'risingPnt': np.int64(60011), 'fallingPnt': np.int64(62730), 'widthPnts': np.int64(2719), 'widthMs': np.float64(271.9)}, {'halfHeight': 50, 'risingPnt': np.int64(60015), 'fallingPnt': np.int64(62511), 'widthPnts': np.int64(2496), 'widthMs': np.float64(249.6)}, {'halfHeight': 80, 'risingPnt': np.int64(60017), 'fallingPnt': np.int64(61768), 'widthPnts': np.int64(1751), 'widthMs': np.float64(175.1)}, {'halfHeight': 90, 'risingPnt': np.int64(60017), 'fallingPnt': np.int64(60041), 'widthPnts': np.int64(24), 'widthMs': np.float64(2.4)}]",277.8,271.9,249.6,175.1,2.4,yes,,,,,,unknown,,,
11,tentusscher-treatment.sanpy,0,2,2.0,,dvdt,100.0,-20.0,0,"[10, 20, 50, 80, 90]",20260928,19:55:17,,,0.2.8.post45,ceeda3d8b38d399aaf1761b27ed8696acdeb9705,True,,11,11,0,"[{'Spike': 11, 'Seconds': np.float64(6.5001), 'Sweep': 0, 'Epoch': 2, 'Type': 'Fast AHP was detected at end of fast AHP window', 'Details': 'Consider increasing the fast AHP window with fastAhpWindow_ms'}, {'Spike': 11, 'Seconds': np.float64(6.5001), 'Sweep': 0, 'Epoch': 2, 'Type': 'Fit EDD', 'Details': 'Early diastolic duration rate fit - preMinPnt == spikePnt'}]",,65001,6.500100000000001,-82.63716014927611,19.078245521248075,65020,6.502,32.6809092196594,115.31806936893551,1.8999999999991246,65099,6.5099,12.407989278778006,65001,-60.34312613032986,65001,65001,0.0,-82.63716014927611,-82.63716014927611,,,65016,1.9923161530573008,235.2128752499378,65028,28.21975744368964,-7.331538339953624,5000.0,500.0,2.0,5000.0,500.0,0.0,"[{'halfHeight': 10, 'risingPnt': np.int64(65006), 'fallingPnt': np.int64(67788), 'widthPnts': np.int64(2782), 'widthMs': np.float64(278.2)}, {'halfHeight': 20, 'risingPnt': np.int64(65011), 'fallingPnt': np.int64(67734), 'widthPnts': np.int64(2723), 'widthMs': np.float64(272.3)}, {'halfHeight': 50, 'risingPnt': np.int64(65015), 'fallingPnt': np.int64(67514), 'widthPnts': np.int64(2499), 'widthMs': np.float64(249.9)}, {'halfHeight': 80, 'risingPnt': np.int64(65017), 'fallingPnt': np.int64(66771), 'widthPnts': np.int64(1754), 'widthMs': np.float64(175.4)}, {'halfHeight': 90, 'risingPnt': np.int64(65017), 'fallingPnt': np.int64(65041), 'widthPnts': np.int64(24), 'widthMs': np.float64(2.4)}]",278.2,272.3,249.9,175.4,2.4,yes,,,,,,unknown,,,
12,tentusscher-treatment.sanpy,0,2,2.0,,dvdt,100.0,-20.0,0,"[10, 20, 50, 80, 90]",20260928,19:55:17,,,0.2.8.post45,ceeda3d8b38d399aaf1761b27ed8696acdeb9705,True,,12,12,0,"[{'Spike': 12, 'Seconds': np.float64(7.0001), 'Sweep': 0, 'Epoch': 2, 'Type': 'Fast AHP was detected at end of fast AHP window', 'Details': 'Consider increasing the fast AHP window with fastAhpWindow_ms'}, {'Spike': 12, 'Seconds': np.float64(7.0001), 'Sweep': 0, 'Epoch': 2, 'Type': 'Fit EDD', 'Details': 'Early diastolic duration rate fit - preMinPnt == spikePnt'}]",,70001,7.000100000000001,-82.62536502918475,19.079591528790885,70020,7.002,32.62025966361205,115.24562469279681,1.8999999999991246,70099,7.0099,12.371992635505322,70001,-60.283156458786195,70001,70001,0.0,-82.62536502918475,-82.62536502918475,,,70016,2.810715022317444,235.00491812509014,70028,28.157838526123463,-7.295040084469253,5000.0,500.0,2.0,5000.0,500.0,0.0,"[{'halfHeight': 10, 'risingPnt': np.int64(70006), 'fallingPnt': np.int64(72790), 'widthPnts': np.int64(2784), 'widthMs': np.float64(278.4)}, {'halfHeight': 20, 'risingPnt': np.int64(70011), 'fallingPnt': np.int64(72736), 'widthPnts': np.int64(2725), 'widthMs': np.float64(272.5)}, {'halfHeight': 50, 'risingPnt': np.int64(70015), 'fallingPnt': np.int64(72516), 'widthPnts': np.int64(2501), 'widthMs': np.float64(250.1)}, {'halfHeight': 80, 'risingPnt': np.int64(70017), 'fallingPnt': np.int64(71774), 'widthPnts': np.int64(1757), 'widthMs': np.float64(175.7)}, {'halfHeight': 90, 'risingPnt': np.int64(70017), 'fallingPnt': np.int64(70041), 'widthPnts': np.int64(24), 'widthMs': np.float64(2.4)}]",278.4,272.5,250.1,175.7,2.4,yes,,,,,,unknown,,,
13,tentusscher-treatment.sanpy,0,2,2.0,,dvdt,100.0,-20.0,0,"[10, 20, 50, 80, 90]",20260928,19:55:17,,,0.2.8.post45,ceeda3d8b38d399aaf1761b27ed8696acdeb9705,True,,13,13,0,"[{'Spike': 13, 'Seconds': np.float64(7.5001), 'Sweep': 0, 'Epoch': 2, 'Type': 'Fast AHP was detected at end of fast AHP window', 'Details': 'Consider increasing the fast AHP window with fastAhpWindow_ms'}, {'Spike': 13, 'Seconds': np.float64(7.5001), 'Sweep': 0, 'Epoch': 2, 'Type': 'Fit EDD', 'Details': 'Early diastolic duration rate fit - preMinPnt == spikePnt'}]",,75001,7.500100000000001,-82.61545240649993,19.078191375828034,75020,7.502,32.60414995414843,115.21960236064837,1.8999999999991246,75099,7.5099,12.339504611242178,75001,-60.26591558425549,75001,75001,0.0,-82.61545240649993,-82.61545240649993,,,75016,2.974025705130281,234.7986289489499,75028,28.14593943328963,-7.2858144855588405,5000.0,500.0,2.0,5000.0,500.0,0.0,"[{'halfHeight': 10, 'risingPnt': np.int64(75006), 'fallingPnt': np.int64(77792), 'widthPnts': np.int64(2786), 'widthMs': np.float64(278.6)}, {'halfHeight': 20, 'risingPnt': np.int64(75011), 'fallingPnt': np.int64(77738), 'widthPnts': np.int64(2727), 'widthMs': np.float64(272.7)}, {'halfHeight': 50, 'risingPnt': np.int64(75015), 'fallingPnt': np.int64(77518), 'widthPnts': np.int64(2503), 'widthMs': np.float64(250.3)}, {'halfHeight': 80, 'risingPnt': np.int64(75017), 'fallingPnt': np.int64(76776), 'widthPnts': np.int64(1759), 'widthMs': np.float64(175.9)}, {'halfHeight': 90, 'risingPnt': np.int64(75017), 'fallingPnt': np.int64(75041), 'widthPnts': np.int64(24), 'widthMs': np.float64(2.4)}]",278.6,272.7,250.3,175.9,2.4,yes,,,,,,unknown,,,
14,tentusscher-treatment.sanpy,0,2,2.0,,dvdt,100.0,-20.0,0,"[10, 20, 50, 80, 90]",20260928,19:55:17,,,0.2.8.post45,ceeda3d8b38d399aaf1761b27ed8696acdeb9705,True,,14,14,0,"[{'Spike': 14, 'Seconds': np.float64(8.0001), 'Sweep': 0, 'Epoch': 2, 'Type': 'Fast AHP was detected at end of fast AHP window', 'Details': 'Consider increasing the fast AHP window with fastAhpWindow_ms'}, {'Spike': 14, 'Seconds': np.float64(8.0001), 'Sweep': 0, 'Epoch': 2, 'Type': 'Fit EDD', 'Details': 'Early diastolic duration rate fit - preMinPnt == spikePnt'}]",,80001,8.0001,-82.6061052463721,19.079899636105253,80020,8.002,32.561314914199514,115.16742016057161,1.900000000000901,80099,8.0099,12.315548861590804,80001,-60.25781532633956,80001,80001,0.0,-82.6061052463721,-82.6061052463721,,,80016,3.035349189283201,234.64089185864324,80028,28.12171270342484,-7.260034949078323,5000.0,500.0,2.0,5000.0,500.0,0.0,"[{'halfHeight': 10, 'risingPnt': np.int64(80006), 'fallingPnt': np.int64(82794), 'widthPnts': np.int64(2788), 'widthMs': np.float64(278.8)}, {'halfHeight': 20, 'risingPnt': np.int64(80011), 'fallingPnt': np.int64(82740), 'widthPnts': np.int64(2729), 'widthMs': np.float64(272.9)}, {'halfHeight': 50, 'risingPnt': np.int64(80015), 'fallingPnt': np.int64(82519), 'widthPnts': np.int64(2504), 'widthMs': np.float64(250.4)}, {'halfHeight': 80, 'risingPnt': np.int64(80017), 'fallingPnt': np.int64(81779), 'widthPnts': np.int64(1762), 'widthMs': np.float64(176.2)}, {'halfHeight': 90, 'risingPnt': np.int64(80017), 'fallingPnt': np.int64(80041), 'widthPnts': np.int64(24), 'widthMs': np.float64(2.4)}]",278.8,272.9,250.4,176.2,2.4,yes,,,,,,unknown,,,
15,tentusscher-treatment.sanpy,0,2,2.0,,dvdt,100.0,-20.0,0,"[10, 20, 50, 80, 90]",20260928,19:55:17,,,0.2.8.post45,ceeda3d8b38d399aaf1761b27ed8696acdeb9705,True,,15,15,0,"[{'Spike': 15, 'Seconds': np.float64(8.5001), 'Sweep': 0, 'Epoch': 2, 'Type': 'Fast AHP was detected at end of fast AHP window', 'Details': 'Consider increasing the fast AHP window with fastAhpWindow_ms'}, {'Spike': 15, 'Seconds': np.float64(8.5001), 'Sweep': 0, 'Epoch': 2, 'Type': 'Fit EDD', 'Details': 'Early diastolic duration rate fit - preMinPnt == spikePnt'}]",,85001,8.5001,-82.5981842111632,19.078541755462556,85020,8.502,32.53499256121698,115.13317677238018,1.900000000000901,85099,8.5099,12.292335897909314,85001,-60.25958554320048,85001,85001,0.0,-82.5981842111632,-82.5981842111632,,,85016,2.966294430355231,234.36519500366398,85028,28.09802700561846,-7.245498938759811,5000.0,500.0,2.0,5000.0,500.0,0.0,"[{'halfHeight': 10, 'risingPnt': np.int64(85006), 'fallingPnt': np.int64(87795), 'widthPnts': np.int64(2789), 'widthMs': np.float64(278.9)}, {'halfHeight': 20, 'risingPnt': np.int64(85011), 'fallingPnt': np.int64(87741), 'widthPnts': np.int64(2730), 'widthMs': np.float64(273.0)}, {'halfHeight': 50, 'risingPnt': np.int64(85015), 'fallingPnt': np.int64(87520), 'widthPnts': np.int64(2505), 'widthMs': np.float64(250.5)}, {'halfHeight': 80, 'risingPnt': np.int64(85017), 'fallingPnt': np.int64(86780), 'widthPnts': np.int64(1763), 'widthMs': np.float64(176.3)}, {'halfHeight': 90, 'risingPnt': np.int64(85017), 'fallingPnt': np.int64(85041), 'widthPnts': np.int64(24), 'widthMs': np.float64(2.4)}]",278.9,273.0,250.5,176.3,2.4,yes,,,,,,unknown,,,
16,tentusscher-treatment.sanpy,1,2,2.0,,dvdt,100.0,-20.0,0,"[10, 20, 50, 80, 90]",20260928,19:55:17,,,0.2.8.post45,ceeda3d8b38d399aaf1761b27ed8696acdeb9705,True,,16,0,0,"[{'Spike': 0, 'Seconds': np.float64(1.0009), 'Sweep': 1, 'Epoch': 2, 'Type': 'Fit EDD', 'Details': 'Early diastolic duration rate fit - preMinPnt == spikePnt'}]",,10009,1.0009,-63.08016187656496,24.702961380797216,10020,1.002,35.39989523167714,98.48005710824211,1.100000000000101,10096,1.0096,16.39587707512857,10009,-60.161639911602805,10009,10009,0.0,-63.08016187656496,-63.08016187656496,,,10016,5.914344511168987,252.06707289875948,10027,31.30665574599543,-7.385971380770682,,,,,,0.0,"[{'halfHeight': 10, 'risingPnt': np.int64(10013), 'fallingPnt': np.int64(12950), 'widthPnts': np.int64(2937), 'widthMs': np.float64(293.7)}, {'halfHeight': 20, 'risingPnt': np.int64(10014), 'fallingPnt': np.int64(12899), 'widthPnts': np.int64(2885), 'widthMs': np.float64(288.5)}, {'halfHeight': 50, 'risingPnt': np.int64(10016), 'fallingPnt': np.int64(12652), 'widthPnts': np.int64(2636), 'widthMs': np.float64(263.6)}, {'halfHeight': 80, 'risingPnt': np.int64(10017), 'fallingPnt': np.int64(11717), 'widthPnts': np.int64(1700), 'widthMs': np.float64(170.0)}, {'halfHeight': 90, 'risingPnt': np.int64(10017), 'fallingPnt': np.int64(10037), 'widthPnts': np.int64(20), 'widthMs': np.float64(2.0)}]",293.7,288.5,263.6,170.0,2.0,yes,,,,,,unknown,,,
17,tentusscher-treatment.sanpy,1,2,2.0,,dvdt,100.0,-20.0,0,"[10, 20, 50, 80, 90]",20260928,19:55:17,,,0.2.8.post45,ceeda3d8b38d399aaf1761b27ed8696acdeb9705,True,,17,1,0,"[{'Spike': 1, 'Seconds': np.float64(1.5001), 'Sweep': 1, 'Epoch': 2, 'Type': 'Fast AHP was detected at end of fast AHP window', 'Details': 'Consider increasing the fast AHP window with fastAhpWindow_ms'}, {'Spike': 1, 'Seconds': np.float64(1.5001), 'Sweep': 1, 'Epoch': 2, 'Type': 'Fit EDD', 'Details': 'Early diastolic duration rate fit - preMinPnt == spikePnt'}]",,15001,1.5001,-82.76773536694026,19.073145666554563,15020,1.502,32.395782195682955,115.16351756262321,1.9000000000000128,15099,1.5099,12.65441176506724,15001,-60.5559731058278,15001,15001,0.0,-82.76773536694026,-82.76773536694026,,,15016,0.8662669916386706,233.4483376202607,15028,27.964244528201416,-7.362998412246703,4992.0,499.2,2.003205128205128,4992.0,499.2,0.0,"[{'halfHeight': 10, 'risingPnt': np.int64(15006), 'fallingPnt': np.int64(17715), 'widthPnts': np.int64(2709), 'widthMs': np.float64(270.9)}, {'halfHeight': 20, 'risingPnt': np.int64(15011), 'fallingPnt': np.int64(17662), 'widthPnts': np.int64(2651), 'widthMs': np.float64(265.1)}, {'halfHeight': 50, 'risingPnt': np.int64(15015), 'fallingPnt': np.int64(17444), 'widthPnts': np.int64(2429), 'widthMs': np.float64(242.9)}, {'halfHeight': 80, 'risingPnt': np.int64(15017), 'fallingPnt': np.int64(16703), 'widthPnts': np.int64(1686), 'widthMs': np.float64(168.6)}, {'halfHeight': 90, 'risingPnt': np.int64(15018), 'fallingPnt': np.int64(15041), 'widthPnts': np.int64(23), 'widthMs': np.float64(2.3)}]",270.9,265.1,242.9,168.6,2.3,yes,,,,,,unknown,,,
18,tentusscher-treatment.sanpy,1,2,2.0,,dvdt,100.0,-20.0,0,"[10, 20, 50, 80, 90]",20260928,19:55:17,,,0.2.8.post45,ceeda3d8b38d399aaf1761b27ed8696acdeb9705,True,,18,2,0,"[{'Spike': 2, 'Seconds': np.float64(2.0001), 'Sweep': 1, 'Epoch': 2, 'Type': 'Fast AHP was detected at end of fast AHP window', 'Details': 'Consider increasing the fast AHP window with fastAhpWindow_ms'}, {'Spike': 2, 'Seconds': np.float64(2.0001), 'Sweep': 1, 'Epoch': 2, 'Type': 'Fit EDD', 'Details': 'Early diastolic duration rate fit - preMinPnt == spikePnt'}]",,20001,2.0000999999999998,-82.81327486549105,19.068250798779342,20020,2.002,33.261582278416235,116.07485714390728,1.9000000000000128,20099,2.0099,13.102868698374822,20001,-60.375013329355596,20001,20001,0.0,-82.81327486549105,-82.81327486549105,,,20016,2.7837012311049216,239.18537317900783,20027,29.27864508491743,-7.574282096642823,5000.0,500.0,2.0,5000.0,500.0,0.0,"[{'halfHeight': 10, 'risingPnt': np.int64(20006), 'fallingPnt': np.int64(22790), 'widthPnts': np.int64(2784), 'widthMs': np.float64(278.4)}, {'halfHeight': 20, 'risingPnt': np.int64(20011), 'fallingPnt': np.int64(22737), 'widthPnts': np.int64(2726), 'widthMs': np.float64(272.6)}, {'halfHeight': 50, 'risingPnt': np.int64(20015), 'fallingPnt': np.int64(22516), 'widthPnts': np.int64(2501), 'widthMs': np.float64(250.1)}, {'halfHeight': 80, 'risingPnt': np.int64(20017), 'fallingPnt': np.int64(21750), 'widthPnts': np.int64(1733), 'widthMs': np.float64(173.3)}, {'halfHeight': 90, 'risingPnt': np.int64(20017), 'fallingPnt': np.int64(20040), 'widthPnts': np.int64(23), 'widthMs': np.float64(2.3)}]",278.4,272.6,250.1,173.3,2.3,yes,,,,,,unknown,,,
19,tentusscher-treatment.sanpy,1,2,2.0,,dvdt,100.0,-20.0,0,"[10, 20, 50, 80, 90]",20260928,19:55:17,,,0.2.8.post45,ceeda3d8b38d399aaf1761b27ed8696acdeb9705,True,,19,3,0,"[{'Spike': 3, 'Seconds': np.float64(2.5001), 'Sweep': 1, 'Epoch': 2, 'Type': 'Fast AHP was detected at end of fast AHP window', 'Details': 'Consider increasing the fast AHP window with fastAhpWindow_ms'}, {'Spike': 3, 'Seconds': np.float64(2.5001), 'Sweep': 1, 'Epoch': 2, 'Type': 'Fit EDD', 'Details': 'Early diastolic duration rate fit - preMinPnt == spikePnt'}]",,25001,2.5000999999999998,-82.77522604585643,19.07375362030512,25020,2.502,33.04661007430353,115.82183612015996,1.9000000000000128,25099,2.5099,12.874067196408253,25001,-60.390428157395334,25001,25001,0.0,-82.77522604585643,-82.77522604585643,,,25016,2.4369702138798326,237.71518720456302,25027,29.13541526773841,-7.515034024940479,5000.0,500.0,2.0,5000.0,500.0,0.0,"[{'halfHeight': 10, 'risingPnt': np.int64(25006), 'fallingPnt': np.int64(27784), 'widthPnts': np.int64(2778), 'widthMs': np.float64(277.8)}, {'halfHeight': 20, 'risingPnt': np.int64(25011), 'fallingPnt': np.int64(27730), 'widthPnts': np.int64(2719), 'widthMs': np.float64(271.9)}, {'halfHeight': 50, 'risingPnt': np.int64(25015), 'fallingPnt': np.int64(27509), 'widthPnts': np.int64(2494), 'widthMs': np.float64(249.4)}, {'halfHeight': 80, 'risingPnt': np.int64(25017), 'fallingPnt': np.int64(26747), 'widthPnts': np.int64(1730), 'widthMs': np.float64(173.0)}, {'halfHeight': 90, 'risingPnt': np.int64(25017), 'fallingPnt': np.int64(25040), 'widthPnts': np.int64(23), 'widthMs': np.float64(2.3)}]",277.8,271.9,249.4,173.0,2.3,yes,,,,,,unknown,,,
20,tentusscher-treatment.sanpy,1,2,2.0,,dvdt,100.0,-20.0,0,"[10, 20, 50, 80, 90]",20260928,19:55:17,,,0.2.8.post45,ceeda3d8b38d399aaf1761b27ed8696acdeb9705,True,,20,4,0,"[{'Spike': 4, 'Seconds': np.float64(3.0001), 'Sweep': 1, 'Epoch': 2, 'Type': 'Fast AHP was detected at end of fast AHP window', 'Details': 'Consider increasing the fast AHP window with fastAhpWindow_ms'}, {'Spike': 4, 'Seconds': np.float64(3.0001), 'Sweep': 1, 'Epoch': 2, 'Type': 'Fit EDD', 'Details': 'Early diastolic duration rate fit - preMinPnt == spikePnt'}]",,30001,3.0000999999999998,-82.75270315700857,19.074553506286755,30020,3.002,32.999334936555776,115.75203809356435,1.9000000000000128,30099,3.0099,12.802085130565153,30001,-60.37867905735252,30001,30001,0.0,-82.75270315700857,-82.75270315700857,,,30016,2.39460527846355,237.34995354545046,30028,28.369058454900273,-7.482023616046564,5000.0,500.0,2.0,5000.0,500.0,0.0,"[{'halfHeight': 10, 'risingPnt': np.int64(30006), 'fallingPnt': np.int64(32793), 'widthPnts': np.int64(2787), 'widthMs': np.float64(278.7)}, {'halfHeight': 20, 'risingPnt': np.int64(30011), 'fallingPnt': np.int64(32739), 'widthPnts': np.int64(2728), 'widthMs': np.float64(272.8)}, {'halfHeight': 50, 'risingPnt': np.int64(30015), 'fallingPnt': np.int64(32517), 'widthPnts': np.int64(2502), 'widthMs': np.float64(250.2)}, {'halfHeight': 80, 'risingPnt': np.int64(30017), 'fallingPnt': np.int64(31755), 'widthPnts': np.int64(1738), 'widthMs': np.float64(173.8)}, {'halfHeight': 90, 'risingPnt': np.int64(30017), 'fallingPnt': np.int64(30040), 'widthPnts': np.int64(23), 'widthMs': np.float64(2.3)}]",278.7,272.8,250.2,173.8,2.3,yes,,,,,,unknown,,,
21,tentusscher-treatment.sanpy,1,2,2.0,,dvdt,100.0,-20.0,0,"[10, 20, 50, 80, 90]",20260928,19:55:17,,,0.2.8.post45,ceeda3d8b38d399aaf1761b27ed8696acdeb9705,True,,21,5,0,"[{'Spike': 5, 'Seconds': np.float64(3.5001), 'Sweep': 1, 'Epoch': 2, 'Type': 'Fast AHP was detected at end of fast AHP window', 'Details': 'Consider increasing the fast AHP window with fastAhpWindow_ms'}, {'Spike': 5, 'Seconds': np.float64(3.5001), 'Sweep': 1, 'Epoch': 2, 'Type': 'Fit EDD', 'Details': 'Early diastolic duration rate fit - preMinPnt == spikePnt'}]",,35001,3.5000999999999998,-82.72896846441985,19.07530767496629,35020,3.502,32.90345611948049,115.63242458390033,1.9000000000000128,35099,3.5099,12.711307859832731,35001,-60.367309965521606,35001,35001,0.0,-82.72896846441985,-82.72896846441985,,,35016,2.4200941499569284,236.72283503818244,35028,28.318830089265774,-7.436993337352471,5000.0,500.0,2.0,5000.0,500.0,0.0,"[{'halfHeight': 10, 'risingPnt': np.int64(35006), 'fallingPnt': np.int64(37798), 'widthPnts': np.int64(2792), 'widthMs': np.float64(279.2)}, {'halfHeight': 20, 'risingPnt': np.int64(35011), 'fallingPnt': np.int64(37744), 'widthPnts': np.int64(2733), 'widthMs': np.float64(273.3)}, {'halfHeight': 50, 'risingPnt': np.int64(35015), 'fallingPnt': np.int64(37521), 'widthPnts': np.int64(2506), 'widthMs': np.float64(250.6)}, {'halfHeight': 80, 'risingPnt': np.int64(35017), 'fallingPnt': np.int64(36761), 'widthPnts': np.int64(1744), 'widthMs': np.float64(174.4)}, {'halfHeight': 90, 'risingPnt': np.int64(35017), 'fallingPnt': np.int64(35041), 'widthPnts': np.int64(24), 'widthMs': np.float64(2.4)}]",279.2,273.3,250.6,174.4,2.4,yes,,,,,,unknown,,,
22,tentusscher-treatment.sanpy,1,2,2.0,,dvdt,100.0,-20.0,0,"[10, 20, 50, 80, 90]",20260928,19:55:17,,,0.2.8.post45,ceeda3d8b38d399aaf1761b27ed8696acdeb9705,True,,22,6,0,"[{'Spike': 6, 'Seconds': np.float64(4.0001), 'Sweep': 1, 'Epoch': 2, 'Type': 'Fast AHP was detected at end of fast AHP window', 'Details': 'Consider increasing the fast AHP window with fastAhpWindow_ms'}, {'Spike': 6, 'Seconds': np.float64(4.0001), 'Sweep': 1, 'Epoch': 2, 'Type': 'Fit EDD', 'Details': 'Early diastolic duration rate fit - preMinPnt == spikePnt'}]",,40001,4.0001,-82.70780139603966,19.075771496709518,40020,4.002,32.84779331427459,115.55559471031424,1.9000000000000128,40099,4.0099,12.63582629068714,40001,-60.35090672657211,40001,40001,0.0,-82.70780139603966,-82.70780139603966,,,40016,2.483599909940336,236.38783564315514,40028,28.28753570904721,-7.4106886766748055,5000.0,500.0,2.0,5000.0,500.0,0.0,"[{'halfHeight': 10, 'risingPnt': np.int64(40006), 'fallingPnt': np.int64(42804), 'widthPnts': np.int64(2798), 'widthMs': np.float64(279.8)}, {'halfHeight': 20, 'risingPnt': np.int64(40011), 'fallingPnt': np.int64(42749), 'widthPnts': np.int64(2738), 'widthMs': np.float64(273.8)}, {'halfHeight': 50, 'risingPnt': np.int64(40015), 'fallingPnt': np.int64(42525), 'widthPnts': np.int64(2510), 'widthMs': np.float64(251.0)}, {'halfHeight': 80, 'risingPnt': np.int64(40017), 'fallingPnt': np.int64(41766), 'widthPnts': np.int64(1749), 'widthMs': np.float64(174.9)}, {'halfHeight': 90, 'risingPnt': np.int64(40017), 'fallingPnt': np.int64(40041), 'widthPnts': np.int64(24), 'widthMs': np.float64(2.4)}]",279.8,273.8,251.0,174.9,2.4,yes,,,,,,unknown,,,
23,tentusscher-treatment.sanpy,1,2,2.0,,dvdt,100.0,-20.0,0,"[10, 20, 50, 80, 90]",20260928,19:55:17,,,0.2.8.post45,ceeda3d8b38d399aaf1761b27ed8696acdeb9705,True,,23,7,0,"[{'Spike': 7, 'Seconds': np.float64(4.5001), 'Sweep': 1, 'Epoch': 2, 'Type': 'Fast AHP was detected at end of fast AHP window', 'Details': 'Consider increasing the fast AHP window with fastAhpWindow_ms'}, {'Spike': 7, 'Seconds': np.float64(4.5001), 'Sweep': 1, 'Epoch': 2, 'Type': 'Fit EDD', 'Details': 'Early diastolic duration rate fit - preMinPnt == spikePnt'}]",,45001,4.500100000000001,-82.68834019274439,19.077240402536933,45020,4.502,32.787095640061345,115.47543583280574,1.8999999999991246,45099,4.5099,12.57149367807263,45001,-60.321776393691586,45001,45001,0.0,-82.68834019274439,-82.68834019274439,,,45016,2.7648925154089707,236.1249470512579,45028,28.24291532425813,-7.378585690609263,5000.0,500.0,2.0,5000.0,500.0,0.0,"[{'halfHeight': 10, 'risingPnt': np.int64(45006), 'fallingPnt': np.int64(47809), 'widthPnts': np.int64(2803), 'widthMs': np.float64(280.3)}, {'halfHeight': 20, 'risingPnt': np.int64(45011), 'fallingPnt': np.int64(47754), 'widthPnts': np.int64(2743), 'widthMs': np.float64(274.3)}, {'halfHeight': 50, 'risingPnt': np.int64(45015), 'fallingPnt': np.int64(47529), 'widthPnts': np.int64(2514), 'widthMs': np.float64(251.4)}, {'halfHeight': 80, 'risingPnt': np.int64(45017), 'fallingPnt': np.int64(46771), 'widthPnts': np.int64(1754), 'widthMs': np.float64(175.4)}, {'halfHeight': 90, 'risingPnt': np.int64(45017), 'fallingPnt': np.int64(45041), 'widthPnts': np.int64(24), 'widthMs': np.float64(2.4)}]",280.3,274.3,251.4,175.4,2.4,yes,,,,,,unknown,,,
24,tentusscher-treatment.sanpy,1,2,2.0,,dvdt,100.0,-20.0,0,"[10, 20, 50, 80, 90]",20260928,19:55:17,,,0.2.8.post45,ceeda3d8b38d399aaf1761b27ed8696acdeb9705,True,,24,8,0,"[{'Spike': 8, 'Seconds': np.float64(5.0001), 'Sweep': 1, 'Epoch': 2, 'Type': 'Fast AHP was detected at end of fast AHP window', 'Details': 'Consider increasing the fast AHP window with fastAhpWindow_ms'}, {'Spike': 8, 'Seconds': np.float64(5.0001), 'Sweep': 1, 'Epoch': 2, 'Type': 'Fit EDD', 'Details': 'Early diastolic duration rate fit - preMinPnt == spikePnt'}]",,50001,5.000100000000001,-82.67045843290643,19.078249712939883,50020,5.002,32.73795097847424,115.40840941138066,1.8999999999991246,50099,5.0099,12.511946459343315,50001,-60.31314885897927,50001,50001,0.0,-82.67045843290643,-82.67045843290643,,,50016,2.7454903330953404,235.6973857804094,50028,28.219242241972022,-7.355533343436358,5000.0,500.0,2.0,5000.0,500.0,0.0,"[{'halfHeight': 10, 'risingPnt': np.int64(50006), 'fallingPnt': np.int64(52813), 'widthPnts': np.int64(2807), 'widthMs': np.float64(280.7)}, {'halfHeight': 20, 'risingPnt': np.int64(50011), 'fallingPnt': np.int64(52758), 'widthPnts': np.int64(2747), 'widthMs': np.float64(274.7)}, {'halfHeight': 50, 'risingPnt': np.int64(50015), 'fallingPnt': np.int64(52532), 'widthPnts': np.int64(2517), 'widthMs': np.float64(251.7)}, {'halfHeight': 80, 'risingPnt': np.int64(50017), 'fallingPnt': np.int64(51775), 'widthPnts': np.int64(1758), 'widthMs': np.float64(175.8)}, {'halfHeight': 90, 'risingPnt': np.int64(50017), 'fallingPnt': np.int64(50041), 'widthPnts': np.int64(24), 'widthMs': np.float64(2.4)}]",280.7,274.7,251.7,175.8,2.4,yes,,,,,,unknown,,,
25,tentusscher-treatment.sanpy,1,2,2.0,,dvdt,100.0,-20.0,0,"[10, 20, 50, 80, 90]",20260928,19:55:17,,,0.2.8.post45,ceeda3d8b38d399aaf1761b27ed8696acdeb9705,True,,25,9,0,"[{'Spike': 9, 'Seconds': np.float64(5.5001), 'Sweep': 1, 'Epoch': 2, 'Type': 'Fast AHP was detected at end of fast AHP window', 'Details': 'Consider increasing the fast AHP window with fastAhpWindow_ms'}, {'Spike': 9, 'Seconds': np.float64(5.5001), 'Sweep': 1, 'Epoch': 2, 'Type': 'Fit EDD', 'Details': 'Early diastolic duration rate fit - preMinPnt == spikePnt'}]",,55001,5.500100000000001,-82.65505831004748,19.074445175780774,55020,5.502,32.68694291032879,115.34200122037626,1.8999999999991246,55099,5.5099,12.46151222305029,55001,-60.31273161612623,55001,55001,0.0,-82.65505831004748,-82.65505831004748,,,55016,2.637415027969732,235.34099425251898,55028,28.196296858979686,-7.331665535843623,5000.0,500.0,2.0,5000.0,500.0,0.0,"[{'halfHeight': 10, 'risingPnt': np.int64(55006), 'fallingPnt': np.int64(57817), 'widthPnts': np.int64(2811), 'widthMs': np.float64(281.1)}, {'halfHeight': 20, 'risingPnt': np.int64(55011), 'fallingPnt': np.int64(57762), 'widthPnts': np.int64(2751), 'widthMs': np.float64(275.1)}, {'halfHeight': 50, 'risingPnt': np.int64(55015), 'fallingPnt': np.int64(57535), 'widthPnts': np.int64(2520), 'widthMs': np.float64(252.0)}, {'halfHeight': 80, 'risingPnt': np.int64(55017), 'fallingPnt': np.int64(56779), 'widthPnts': np.int64(1762), 'widthMs': np.float64(176.2)}, {'halfHeight': 90, 'risingPnt': np.int64(55017), 'fallingPnt': np.int64(55041), 'widthPnts': np.int64(24), 'widthMs': np.float64(2.4)}]",281.1,275.1,252.0,176.2,2.4,yes,,,,,,unknown,,,
26,tentusscher-treatment.sanpy,1,2,2.0,,dvdt,100.0,-20.0,0,"[10, 20, 50, 80, 90]",20260928,19:55:17,,,0.2.8.post45,ceeda3d8b38d399aaf1761b27ed8696acdeb9705,True,,26,10,0,"[{'Spike': 10, 'Seconds': np.float64(6.0001), 'Sweep': 1, 'Epoch': 2, 'Type': 'Fast AHP was detected at end of fast AHP window', 'Details': 'Consider increasing the fast AHP window with fastAhpWindow_ms'}, {'Spike': 10, 'Seconds': np.float64(6.0001), 'Sweep': 1, 'Epoch': 2, 'Type': 'Fit EDD', 'Details': 'Early diastolic duration rate fit - preMinPnt == spikePnt'}]",,60001,6.000100000000001,-82.64001957194161,19.078034808607743,60020,6.002,32.62511837086334,115.26513794280496,1.8999999999991246,60099,6.0099,12.413702221397307,60001,-60.31077018425254,60001,60001,0.0,-82.64001957194161,-82.64001957194161,,,60016,2.5848758104398937,234.9356389660987,60028,28.16755014672086,-7.3008658258652845,5000.0,500.0,2.0,5000.0,500.0,0.0,"[{'halfHeight': 10, 'risingPnt': np.int64(60006), 'fallingPnt': np.int64(62822), 'widthPnts': np.int64(2816), 'widthMs': np.float64(281.6)}, {'halfHeight': 20, 'risingPnt': np.int64(60011), 'fallingPnt': np.int64(62766), 'widthPnts': np.int64(2755), 'widthMs': np.float64(275.5)}, {'halfHeight': 50, 'risingPnt': np.int64(60015), 'fallingPnt': np.int64(62539), 'widthPnts': np.int64(2524), 'widthMs': np.float64(252.4)}, {'halfHeight': 80, 'risingPnt': np.int64(60017), 'fallingPnt': np.int64(61784), 'widthPnts': np.int64(1767), 'widthMs': np.float64(176.7)}, {'halfHeight': 90, 'risingPnt': np.int64(60017), 'fallingPnt': np.int64(60041), 'widthPnts': np.int64(24), 'widthMs': np.float64(2.4)}]",281.6,275.5,252.4,176.7,2.4,yes,,,,,,unknown,,,
27,tentusscher-treatment.sanpy,1,2,2.0,,dvdt,100.0,-20.0,0,"[10, 20, 50, 80, 90]",20260928,19:55:17,,,0.2.8.post45,ceeda3d8b38d399aaf1761b27ed8696acdeb9705,True,,27,11,0,"[{'Spike': 11, 'Seconds': np.float64(6.5001), 'Sweep': 1, 'Epoch': 2, 'Type': 'Fast AHP was detected at end of fast AHP window', 'Details': 'Consider increasing the fast AHP window with fastAhpWindow_ms'}, {'Spike': 11, 'Seconds': np.float64(6.5001), 'Sweep': 1, 'Epoch': 2, 'Type': 'Fit EDD', 'Details': 'Early diastolic duration rate fit - preMinPnt == spikePnt'}]",,65001,6.500100000000001,-82.62667958070477,19.078079228009347,65020,6.502,32.56219196888388,115.18887154958865,1.8999999999991246,65099,6.5099,12.370623810618753,65001,-60.292410138381086,65001,65001,0.0,-82.62667958070477,-82.62667958070477,,,65016,2.7780828493962124,234.64853033914386,65028,28.127380530790628,-7.269814329149248,5000.0,500.0,2.0,5000.0,500.0,0.0,"[{'halfHeight': 10, 'risingPnt': np.int64(65006), 'fallingPnt': np.int64(67823), 'widthPnts': np.int64(2817), 'widthMs': np.float64(281.7)}, {'halfHeight': 20, 'risingPnt': np.int64(65011), 'fallingPnt': np.int64(67768), 'widthPnts': np.int64(2757), 'widthMs': np.float64(275.7)}, {'halfHeight': 50, 'risingPnt': np.int64(65015), 'fallingPnt': np.int64(67540), 'widthPnts': np.int64(2525), 'widthMs': np.float64(252.5)}, {'halfHeight': 80, 'risingPnt': np.int64(65017), 'fallingPnt': np.int64(66787), 'widthPnts': np.int64(1770), 'widthMs': np.float64(177.0)}, {'halfHeight': 90, 'risingPnt': np.int64(65017), 'fallingPnt': np.int64(65041), 'widthPnts': np.int64(24), 'widthMs': np.float64(2.4)}]",281.7,275.7,252.5,177.0,2.4,yes,,,,,,unknown,,,
28,tentusscher-treatment.sanpy,1,2,2.0,,dvdt,100.0,-20.0,0,"[10, 20, 50, 80, 90]",20260928,19:55:17,,,0.2.8.post45,ceeda3d8b38d399aaf1761b27ed8696acdeb9705,True,,28,12,0,"[{'Spike': 12, 'Seconds': np.float64(7.0001), 'Sweep': 1, 'Epoch': 2, 'Type': 'Fast AHP was detected at end of fast AHP window', 'Details': 'Consider increasing the fast AHP window with fastAhpWindow_ms'}, {'Spike': 12, 'Seconds': np.float64(7.0001), 'Sweep': 1, 'Epoch': 2, 'Type': 'Fit EDD', 'Details': 'Early diastolic duration rate fit - preMinPnt == spikePnt'}]",,70001,7.000100000000001,-82.61480939531062,19.080315105024173,70020,7.002,32.52705292845021,115.14186232376082,1.8999999999991246,70099,7.0099,12.334390563938477,70001,-60.31109841161964,70001,70001,0.0,-82.61480939531062,-82.61480939531062,,,70016,2.425931082994982,234.29949960132151,70028,28.123088709778813,-7.25333526072098,5000.0,500.0,2.0,5000.0,500.0,0.0,"[{'halfHeight': 10, 'risingPnt': np.int64(70006), 'fallingPnt': np.int64(72826), 'widthPnts': np.int64(2820), 'widthMs': np.float64(282.0)}, {'halfHeight': 20, 'risingPnt': np.int64(70011), 'fallingPnt': np.int64(72771), 'widthPnts': np.int64(2760), 'widthMs': np.float64(276.0)}, {'halfHeight': 50, 'risingPnt': np.int64(70015), 'fallingPnt': np.int64(72543), 'widthPnts': np.int64(2528), 'widthMs': np.float64(252.8)}, {'halfHeight': 80, 'risingPnt': np.int64(70017), 'fallingPnt': np.int64(71790), 'widthPnts': np.int64(1773), 'widthMs': np.float64(177.3)}, {'halfHeight': 90, 'risingPnt': np.int64(70017), 'fallingPnt': np.int64(70041), 'widthPnts': np.int64(24), 'widthMs': np.float64(2.4)}]",282.0,276.0,252.8,177.3,2.4,yes,,,,,,unknown,,,
29,tentusscher-treatment.sanpy,1,2,2.0,,dvdt,100.0,-20.0,0,"[10, 20, 50, 80, 90]",20260928,19:55:17,,,0.2.8.post45,ceeda3d8b38d399aaf1761b27ed8696acdeb9705,True,,29,13,0,"[{'Spike': 13, 'Seconds': np.float64(7.5001), 'Sweep': 1, 'Epoch': 2, 'Type': 'Fast AHP was detected at end of fast AHP window', 'Details': 'Consider increasing the fast AHP window with fastAhpWindow_ms'}, {'Spike': 13, 'Seconds': np.float64(7.5001), 'Sweep': 1, 'Epoch': 2, 'Type': 'Fit EDD', 'Details': 'Early diastolic duration rate fit - preMinPnt == spikePnt'}]",,75001,7.500100000000001,-82.60412277704184,19.08030104345015,75020,7.502,32.468789738064345,115.07291251510618,1.8999999999991246,75099,7.5099,12.306306892207287,75001,-60.28042564116593,75001,75001,0.0,-82.60412277704184,-82.60412277704184,,,75016,2.8126754380687635,234.0347139024608,75028,28.07955087166879,-7.221516658786888,5000.0,500.0,2.0,5000.0,500.0,0.0,"[{'halfHeight': 10, 'risingPnt': np.int64(75006), 'fallingPnt': np.int64(77828), 'widthPnts': np.int64(2822), 'widthMs': np.float64(282.2)}, {'halfHeight': 20, 'risingPnt': np.int64(75011), 'fallingPnt': np.int64(77773), 'widthPnts': np.int64(2762), 'widthMs': np.float64(276.2)}, {'halfHeight': 50, 'risingPnt': np.int64(75015), 'fallingPnt': np.int64(77544), 'widthPnts': np.int64(2529), 'widthMs': np.float64(252.9)}, {'halfHeight': 80, 'risingPnt': np.int64(75017), 'fallingPnt': np.int64(76794), 'widthPnts': np.int64(1777), 'widthMs': np.float64(177.7)}, {'halfHeight': 90, 'risingPnt': np.int64(75017), 'fallingPnt': np.int64(75041), 'widthPnts': np.int64(24), 'widthMs': np.float64(2.4)}]",282.2,276.2,252.9,177.7,2.4,yes,,,,,,unknown,,,
30,tentusscher-treatment.sanpy,1,2,2.0,,dvdt,100.0,-20.0,0,"[10, 20, 50, 80, 90]",20260928,19:55:17,,,0.2.8.post45,ceeda3d8b38d399aaf1761b27ed8696acdeb9705,True,,30,14,0,"[{'Spike': 14, 'Seconds': np.float64(8.0001), 'Sweep': 1, 'Epoch': 2, 'Type': 'Fast AHP was detected at end of fast AHP window', 'Details': 'Consider increasing the fast AHP window with fastAhpWindow_ms'}, {'Spike': 14, 'Seconds': np.float64(8.0001), 'Sweep': 1, 'Epoch': 2, 'Type': 'Fit EDD', 'Details': 'Early diastolic duration rate fit - preMinPnt == spikePnt'}]",,80001,8.0001,-82.59480160799899,19.078874477283623,80020,8.002,32.439060499600515,115.0338621075995,1.900000000000901,80099,8.0099,12.276127195342578,80001,-60.280109581459385,80001,80001,0.0,-82.59480160799899,-82.59480160799899,,,80016,2.7542476581442106,233.85458851444508,80028,28.06645108240799,-7.208004636383921,5000.0,500.0,2.0,5000.0,500.0,0.0,"[{'halfHeight': 10, 'risingPnt': np.int64(80006), 'fallingPnt': np.int64(82830), 'widthPnts': np.int64(2824), 'widthMs': np.float64(282.4)}, {'halfHeight': 20, 'risingPnt': np.int64(80011), 'fallingPnt': np.int64(82775), 'widthPnts': np.int64(2764), 'widthMs': np.float64(276.4)}, {'halfHeight': 50, 'risingPnt': np.int64(80015), 'fallingPnt': np.int64(82546), 'widthPnts': np.int64(2531), 'widthMs': np.float64(253.1)}, {'halfHeight': 80, 'risingPnt': np.int64(80017), 'fallingPnt': np.int64(81795), 'widthPnts': np.int64(1778), 'widthMs': np.float64(177.8)}, {'halfHeight': 90, 'risingPnt': np.int64(80017), 'fallingPnt': np.int64(80041), 'widthPnts': np.int64(24), 'widthMs': np.float64(2.4)}]",282.4,276.4,253.1,177.8,2.4,yes,,,,,,unknown,,,
31,tentusscher-treatment.sanpy,1,2,2.0,,dvdt,100.0,-20.0,0,"[10, 20, 50, 80, 90]",20260928,19:55:17,,,0.2.8.post45,ceeda3d8b38d399aaf1761b27ed8696acdeb9705,True,,31,15,0,"[{'Spike': 15, 'Seconds': np.float64(8.5001), 'Sweep': 1, 'Epoch': 2, 'Type': 'Fast AHP was detected at end of fast AHP window', 'Details': 'Consider increasing the fast AHP window with fastAhpWindow_ms'}, {'Spike': 15, 'Seconds': np.float64(8.5001), 'Sweep': 1, 'Epoch': 2, 'Type': 'Fit EDD', 'Details': 'Early diastolic duration rate fit - preMinPnt == spikePnt'}]",,85001,8.5001,-82.58690334405907,19.076323236849195,85020,8.502,32.406049616883756,114.99295296094283,1.900000000000901,85099,8.5099,12.252459279105569,85001,-60.284587524305046,85001,85001,0.0,-82.58690334405907,-82.58690334405907,,,85016,2.6334343328060044,233.5352813603019,85028,28.055792690715048,-7.191793795365676,5000.0,500.0,2.0,5000.0,500.0,0.0,"[{'halfHeight': 10, 'risingPnt': np.int64(85006), 'fallingPnt': np.int64(87832), 'widthPnts': np.int64(2826), 'widthMs': np.float64(282.6)}, {'halfHeight': 20, 'risingPnt': np.int64(85011), 'fallingPnt': np.int64(87776), 'widthPnts': np.int64(2765), 'widthMs': np.float64(276.5)}, {'halfHeight': 50, 'risingPnt': np.int64(85015), 'fallingPnt': np.int64(87548), 'widthPnts': np.int64(2533), 'widthMs': np.float64(253.3)}, {'halfHeight': 80, 'risingPnt': np.int64(85017), 'fallingPnt': np.int64(86798), 'widthPnts': np.int64(1781), 'widthMs': np.float64(178.1)}, {'halfHeight': 90, 'risingPnt': np.int64(85017), 'fallingPnt': np.int64(85042), 'widthPnts': np.int64(25), 'widthMs': np.float64(2.5)}]",282.6,276.5,253.3,178.1,2.5,yes,,,,,,unknown,,,
32,tentusscher-treatment.sanpy,2,2,2.0,,dvdt,100.0,-20.0,0,"[10, 20, 50, 80, 90]",20260928,19:55:17,,,0.2.8.post45,ceeda3d8b38d399aaf1761b27ed8696acdeb9705,True,,32,0,0,"[{'Spike': 0, 'Seconds': np.float64(1.0009), 'Sweep': 2, 'Epoch': 2, 'Type': 'Fit EDD', 'Details': 'Early diastolic duration rate fit - preMinPnt == spikePnt'}]",,10009,1.0009,-63.080142871809954,24.70299372813091,10020,1.002,35.402323696292356,98.48246656810231,1.100000000000101,10097,1.0097,16.44764460696807,10009,-60.161154218739156,10009,10009,0.0,-63.080142871809954,-63.080142871809954,,,10016,5.914645811209973,252.0670391623111,10027,31.325394094229395,-7.360417710201212,,,,,,0.0,"[{'halfHeight': 10, 'risingPnt': np.int64(10013), 'fallingPnt': np.int64(12985), 'widthPnts': np.int64(2972), 'widthMs': np.float64(297.2)}, {'halfHeight': 20, 'risingPnt': np.int64(10014), 'fallingPnt': np.int64(12932), 'widthPnts': np.int64(2918), 'widthMs': np.float64(291.8)}, {'halfHeight': 50, 'risingPnt': np.int64(10016), 'fallingPnt': np.int64(12677), 'widthPnts': np.int64(2661), 'widthMs': np.float64(266.1)}, {'halfHeight': 80, 'risingPnt': np.int64(10017), 'fallingPnt': np.int64(11732), 'widthPnts': np.int64(1715), 'widthMs': np.float64(171.5)}, {'halfHeight': 90, 'risingPnt': np.int64(10017), 'fallingPnt': np.int64(10037), 'widthPnts': np.int64(20), 'widthMs': np.float64(2.0)}]",297.2,291.8,266.1,171.5,2.0,yes,,,,,,unknown,,,
33,tentusscher-treatment.sanpy,2,2,2.0,,dvdt,100.0,-20.0,0,"[10, 20, 50, 80, 90]",20260928,19:55:17,,,0.2.8.post45,ceeda3d8b38d399aaf1761b27ed8696acdeb9705,True,,33,1,0,"[{'Spike': 1, 'Seconds': np.float64(1.5001), 'Sweep': 2, 'Epoch': 2, 'Type': 'Fast AHP was detected at end of fast AHP window', 'Details': 'Consider increasing the fast AHP window with fastAhpWindow_ms'}, {'Spike': 1, 'Seconds': np.float64(1.5001), 'Sweep': 2, 'Epoch': 2, 'Type': 'Fit EDD', 'Details': 'Early diastolic duration rate fit - preMinPnt == spikePnt'}]",,15001,1.5001,-82.76148667422932,19.073620098135688,15020,1.502,32.28752410998733,115.04901078421665,1.9000000000000128,15099,1.5099,12.620382159602027,15001,-60.583618444430016,15001,15001,0.0,-82.76148667422932,-82.76148667422932,,,15016,0.5511372057345298,232.6136080931083,15028,27.9112547039056,-7.317767326294845,4992.0,499.2,2.003205128205128,4992.0,499.2,0.0,"[{'halfHeight': 10, 'risingPnt': np.int64(15006), 'fallingPnt': np.int64(17748), 'widthPnts': np.int64(2742), 'widthMs': np.float64(274.2)}, {'halfHeight': 20, 'risingPnt': np.int64(15011), 'fallingPnt': np.int64(17694), 'widthPnts': np.int64(2683), 'widthMs': np.float64(268.3)}, {'halfHeight': 50, 'risingPnt': np.int64(15015), 'fallingPnt': np.int64(17468), 'widthPnts': np.int64(2453), 'widthMs': np.float64(245.3)}, {'halfHeight': 80, 'risingPnt': np.int64(15017), 'fallingPnt': np.int64(16715), 'widthPnts': np.int64(1698), 'widthMs': np.float64(169.8)}, {'halfHeight': 90, 'risingPnt': np.int64(15018), 'fallingPnt': np.int64(15041), 'widthPnts': np.int64(23), 'widthMs': np.float64(2.3)}]",274.2,268.3,245.3,169.8,2.3,yes,,,,,,unknown,,,
34,tentusscher-treatment.sanpy,2,2,2.0,,dvdt,100.0,-20.0,0,"[10, 20, 50, 80, 90]",20260928,19:55:17,,,0.2.8.post45,ceeda3d8b38d399aaf1761b27ed8696acdeb9705,True,,34,2,0,"[{'Spike': 2, 'Seconds': np.float64(2.0001), 'Sweep': 2, 'Epoch': 2, 'Type': 'Fast AHP was detected at end of fast AHP window', 'Details': 'Consider increasing the fast AHP window with fastAhpWindow_ms'}, {'Spike': 2, 'Seconds': np.float64(2.0001), 'Sweep': 2, 'Epoch': 2, 'Type': 'Fit EDD', 'Details': 'Early diastolic duration rate fit - preMinPnt == spikePnt'}]",,20001,2.0000999999999998,-82.8078844576764,19.078027138369446,20020,2.002,33.18822269382452,115.99610715150092,1.9000000000000128,20099,2.0099,13.085454151325791,20001,-60.37260796123403,20001,20001,0.0,-82.8078844576764,-82.8078844576764,,,20016,2.8580202576132754,238.76076927175578,20027,29.234150193342078,-7.534088141599452,5000.0,500.0,2.0,5000.0,500.0,0.0,"[{'halfHeight': 10, 'risingPnt': np.int64(20006), 'fallingPnt': np.int64(22826), 'widthPnts': np.int64(2820), 'widthMs': np.float64(282.0)}, {'halfHeight': 20, 'risingPnt': np.int64(20011), 'fallingPnt': np.int64(22771), 'widthPnts': np.int64(2760), 'widthMs': np.float64(276.0)}, {'halfHeight': 50, 'risingPnt': np.int64(20015), 'fallingPnt': np.int64(22542), 'widthPnts': np.int64(2527), 'widthMs': np.float64(252.7)}, {'halfHeight': 80, 'risingPnt': np.int64(20017), 'fallingPnt': np.int64(21764), 'widthPnts': np.int64(1747), 'widthMs': np.float64(174.7)}, {'halfHeight': 90, 'risingPnt': np.int64(20017), 'fallingPnt': np.int64(20040), 'widthPnts': np.int64(23), 'widthMs': np.float64(2.3)}]",282.0,276.0,252.7,174.7,2.3,yes,,,,,,unknown,,,
35,tentusscher-treatment.sanpy,2,2,2.0,,dvdt,100.0,-20.0,0,"[10, 20, 50, 80, 90]",20260928,19:55:17,,,0.2.8.post45,ceeda3d8b38d399aaf1761b27ed8696acdeb9705,True,,35,3,0,"[{'Spike': 3, 'Seconds': np.float64(2.5001), 'Sweep': 2, 'Epoch': 2, 'Type': 'Fast AHP was detected at end of fast AHP window', 'Details': 'Consider increasing the fast AHP window with fastAhpWindow_ms'}, {'Spike': 3, 'Seconds': np.float64(2.5001), 'Sweep': 2, 'Epoch': 2, 'Type': 'Fit EDD', 'Details': 'Early diastolic duration rate fit - preMinPnt == spikePnt'}]",,25001,2.5000999999999998,-82.77021612286988,19.07201107651966,25020,2.502,32.94675625692319,115.71697237979308,1.9000000000000128,25099,2.5099,12.849746528801928,25001,-60.394751225893025,25001,25001,0.0,-82.77021612286988,-82.77021612286988,,,25016,2.425892094565788,237.048416926545,25028,28.332209765551706,-7.465695892335864,5000.0,500.0,2.0,5000.0,500.0,0.0,"[{'halfHeight': 10, 'risingPnt': np.int64(25006), 'fallingPnt': np.int64(27820), 'widthPnts': np.int64(2814), 'widthMs': np.float64(281.4)}, {'halfHeight': 20, 'risingPnt': np.int64(25011), 'fallingPnt': np.int64(27764), 'widthPnts': np.int64(2753), 'widthMs': np.float64(275.3)}, {'halfHeight': 50, 'risingPnt': np.int64(25015), 'fallingPnt': np.int64(27535), 'widthPnts': np.int64(2520), 'widthMs': np.float64(252.0)}, {'halfHeight': 80, 'risingPnt': np.int64(25017), 'fallingPnt': np.int64(26762), 'widthPnts': np.int64(1745), 'widthMs': np.float64(174.5)}, {'halfHeight': 90, 'risingPnt': np.int64(25017), 'fallingPnt': np.int64(25041), 'widthPnts': np.int64(24), 'widthMs': np.float64(2.4)}]",281.4,275.3,252.0,174.5,2.4,yes,,,,,,unknown,,,
36,tentusscher-treatment.sanpy,2,2,2.0,,dvdt,100.0,-20.0,0,"[10, 20, 50, 80, 90]",20260928,19:55:17,,,0.2.8.post45,ceeda3d8b38d399aaf1761b27ed8696acdeb9705,True,,36,4,0,"[{'Spike': 4, 'Seconds': np.float64(3.0001), 'Sweep': 2, 'Epoch': 2, 'Type': 'Fast AHP was detected at end of fast AHP window', 'Details': 'Consider increasing the fast AHP window with fastAhpWindow_ms'}, {'Spike': 4, 'Seconds': np.float64(3.0001), 'Sweep': 2, 'Epoch': 2, 'Type': 'Fit EDD', 'Details': 'Early diastolic duration rate fit - preMinPnt == spikePnt'}]",,30001,3.0000999999999998,-82.74633138388049,19.07639408780289,30020,3.002,32.91354571359633,115.65987709747682,1.9000000000000128,30099,3.0099,12.774821218509501,30001,-60.367499081171246,30001,30001,0.0,-82.74633138388049,-82.74633138388049,,,30016,2.5939250466730956,236.86337960236835,30028,28.314047480884952,-7.439130963834211,5000.0,500.0,2.0,5000.0,500.0,0.0,"[{'halfHeight': 10, 'risingPnt': np.int64(30006), 'fallingPnt': np.int64(32829), 'widthPnts': np.int64(2823), 'widthMs': np.float64(282.3)}, {'halfHeight': 20, 'risingPnt': np.int64(30011), 'fallingPnt': np.int64(32773), 'widthPnts': np.int64(2762), 'widthMs': np.float64(276.2)}, {'halfHeight': 50, 'risingPnt': np.int64(30015), 'fallingPnt': np.int64(32542), 'widthPnts': np.int64(2527), 'widthMs': np.float64(252.7)}, {'halfHeight': 80, 'risingPnt': np.int64(30017), 'fallingPnt': np.int64(31770), 'widthPnts': np.int64(1753), 'widthMs': np.float64(175.3)}, {'halfHeight': 90, 'risingPnt': np.int64(30017), 'fallingPnt': np.int64(30041), 'widthPnts': np.int64(24), 'widthMs': np.float64(2.4)}]",282.3,276.2,252.7,175.3,2.4,yes,,,,,,unknown,,,
37,tentusscher-treatment.sanpy,2,2,2.0,,dvdt,100.0,-20.0,0,"[10, 20, 50, 80, 90]",20260928,19:55:17,,,0.2.8.post45,ceeda3d8b38d399aaf1761b27ed8696acdeb9705,True,,37,5,0,"[{'Spike': 5, 'Seconds': np.float64(3.5001), 'Sweep': 2, 'Epoch': 2, 'Type': 'Fast AHP was detected at end of fast AHP window', 'Details': 'Consider increasing the fast AHP window with fastAhpWindow_ms'}, {'Spike': 5, 'Seconds': np.float64(3.5001), 'Sweep': 2, 'Epoch': 2, 'Type': 'Fit EDD', 'Details': 'Early diastolic duration rate fit - preMinPnt == spikePnt'}]",,35001,3.5000999999999998,-82.72257272460216,19.073675499778126,35020,3.502,32.82375462270353,115.54632734730569,1.9000000000000128,35099,3.5099,12.68260378656496,35001,-60.35954988001583,35001,35001,0.0,-82.72257272460216,-82.72257272460216,,,35016,2.545199837564244,236.2348618035949,35028,28.26845048944341,-7.3976670984018735,5000.0,500.0,2.0,5000.0,500.0,0.0,"[{'halfHeight': 10, 'risingPnt': np.int64(35006), 'fallingPnt': np.int64(37834), 'widthPnts': np.int64(2828), 'widthMs': np.float64(282.8)}, {'halfHeight': 20, 'risingPnt': np.int64(35011), 'fallingPnt': np.int64(37779), 'widthPnts': np.int64(2768), 'widthMs': np.float64(276.8)}, {'halfHeight': 50, 'risingPnt': np.int64(35015), 'fallingPnt': np.int64(37547), 'widthPnts': np.int64(2532), 'widthMs': np.float64(253.2)}, {'halfHeight': 80, 'risingPnt': np.int64(35017), 'fallingPnt': np.int64(36776), 'widthPnts': np.int64(1759), 'widthMs': np.float64(175.9)}, {'halfHeight': 90, 'risingPnt': np.int64(35017), 'fallingPnt': np.int64(35041), 'widthPnts': np.int64(24), 'widthMs': np.float64(2.4)}]",282.8,276.8,253.2,175.9,2.4,yes,,,,,,unknown,,,
38,tentusscher-treatment.sanpy,2,2,2.0,,dvdt,100.0,-20.0,0,"[10, 20, 50, 80, 90]",20260928,19:55:17,,,0.2.8.post45,ceeda3d8b38d399aaf1761b27ed8696acdeb9705,True,,38,6,0,"[{'Spike': 6, 'Seconds': np.float64(4.0001), 'Sweep': 2, 'Epoch': 2, 'Type': 'Fast AHP was detected at end of fast AHP window', 'Details': 'Consider increasing the fast AHP window with fastAhpWindow_ms'}, {'Spike': 6, 'Seconds': np.float64(4.0001), 'Sweep': 2, 'Epoch': 2, 'Type': 'Fit EDD', 'Details': 'Early diastolic duration rate fit - preMinPnt == spikePnt'}]",,40001,4.0001,-82.70053151564656,19.076207597869328,40020,4.002,32.75147189257252,115.45200340821907,1.9000000000000128,40099,4.0099,12.608304112204245,40001,-60.36943761314276,40001,40001,0.0,-82.70053151564656,-82.70053151564656,,,40016,2.2618762975463946,235.72769759277298,40028,28.243802102887454,-7.366041116537023,5000.0,500.0,2.0,5000.0,500.0,0.0,"[{'halfHeight': 10, 'risingPnt': np.int64(40006), 'fallingPnt': np.int64(42840), 'widthPnts': np.int64(2834), 'widthMs': np.float64(283.4)}, {'halfHeight': 20, 'risingPnt': np.int64(40011), 'fallingPnt': np.int64(42784), 'widthPnts': np.int64(2773), 'widthMs': np.float64(277.3)}, {'halfHeight': 50, 'risingPnt': np.int64(40015), 'fallingPnt': np.int64(42551), 'widthPnts': np.int64(2536), 'widthMs': np.float64(253.6)}, {'halfHeight': 80, 'risingPnt': np.int64(40017), 'fallingPnt': np.int64(41782), 'widthPnts': np.int64(1765), 'widthMs': np.float64(176.5)}, {'halfHeight': 90, 'risingPnt': np.int64(40017), 'fallingPnt': np.int64(40041), 'widthPnts': np.int64(24), 'widthMs': np.float64(2.4)}]",283.4,277.3,253.6,176.5,2.4,yes,,,,,,unknown,,,
39,tentusscher-treatment.sanpy,2,2,2.0,,dvdt,100.0,-20.0,0,"[10, 20, 50, 80, 90]",20260928,19:55:17,,,0.2.8.post45,ceeda3d8b38d399aaf1761b27ed8696acdeb9705,True,,39,7,0,"[{'Spike': 7, 'Seconds': np.float64(4.5001), 'Sweep': 2, 'Epoch': 2, 'Type': 'Fast AHP was detected at end of fast AHP window', 'Details': 'Consider increasing the fast AHP window with fastAhpWindow_ms'}, {'Spike': 7, 'Seconds': np.float64(4.5001), 'Sweep': 2, 'Epoch': 2, 'Type': 'Fit EDD', 'Details': 'Early diastolic duration rate fit - preMinPnt == spikePnt'}]",,45001,4.500100000000001,-82.68043280742019,19.07680183109585,45020,4.502,32.68839950968009,115.36883231710027,1.8999999999991246,45099,4.5099,12.539450928965577,45001,-60.3572438889395,45001,45001,0.0,-82.68043280742019,-82.68043280742019,,,45016,2.290157539940057,235.32122390393954,45028,28.21080618909313,-7.3356342100722784,5000.0,500.0,2.0,5000.0,500.0,0.0,"[{'halfHeight': 10, 'risingPnt': np.int64(45006), 'fallingPnt': np.int64(47846), 'widthPnts': np.int64(2840), 'widthMs': np.float64(284.0)}, {'halfHeight': 20, 'risingPnt': np.int64(45011), 'fallingPnt': np.int64(47789), 'widthPnts': np.int64(2778), 'widthMs': np.float64(277.8)}, {'halfHeight': 50, 'risingPnt': np.int64(45015), 'fallingPnt': np.int64(47556), 'widthPnts': np.int64(2541), 'widthMs': np.float64(254.1)}, {'halfHeight': 80, 'risingPnt': np.int64(45017), 'fallingPnt': np.int64(46787), 'widthPnts': np.int64(1770), 'widthMs': np.float64(177.0)}, {'halfHeight': 90, 'risingPnt': np.int64(45017), 'fallingPnt': np.int64(45041), 'widthPnts': np.int64(24), 'widthMs': np.float64(2.4)}]",284.0,277.8,254.1,177.0,2.4,yes,,,,,,unknown,,,
40,tentusscher-treatment.sanpy,2,2,2.0,,dvdt,100.0,-20.0,0,"[10, 20, 50, 80, 90]",20260928,19:55:17,,,0.2.8.post45,ceeda3d8b38d399aaf1761b27ed8696acdeb9705,True,,40,8,0,"[{'Spike': 8, 'Seconds': np.float64(5.0001), 'Sweep': 2, 'Epoch': 2, 'Type': 'Fast AHP was detected at end of fast AHP window', 'Details': 'Consider increasing the fast AHP window with fastAhpWindow_ms'}, {'Spike': 8, 'Seconds': np.float64(5.0001), 'Sweep': 2, 'Epoch': 2, 'Type': 'Fit EDD', 'Details': 'Early diastolic duration rate fit - preMinPnt == spikePnt'}]",,50001,5.000100000000001,-82.66134514795918,19.078941580682734,50020,5.002,32.628356531646915,115.2897016796061,1.8999999999991246,50099,5.0099,12.477680003368793,50001,-60.32781647126796,50001,50001,0.0,-82.66134514795918,-82.66134514795918,,,50016,2.5660882500971804,234.9600905059155,50028,28.16707899073102,-7.3045242846199105,5000.0,500.0,2.0,5000.0,500.0,0.0,"[{'halfHeight': 10, 'risingPnt': np.int64(50006), 'fallingPnt': np.int64(52850), 'widthPnts': np.int64(2844), 'widthMs': np.float64(284.4)}, {'halfHeight': 20, 'risingPnt': np.int64(50011), 'fallingPnt': np.int64(52793), 'widthPnts': np.int64(2782), 'widthMs': np.float64(278.2)}, {'halfHeight': 50, 'risingPnt': np.int64(50015), 'fallingPnt': np.int64(52559), 'widthPnts': np.int64(2544), 'widthMs': np.float64(254.4)}, {'halfHeight': 80, 'risingPnt': np.int64(50017), 'fallingPnt': np.int64(51791), 'widthPnts': np.int64(1774), 'widthMs': np.float64(177.4)}, {'halfHeight': 90, 'risingPnt': np.int64(50017), 'fallingPnt': np.int64(50041), 'widthPnts': np.int64(24), 'widthMs': np.float64(2.4)}]",284.4,278.2,254.4,177.4,2.4,yes,,,,,,unknown,,,
41,tentusscher-treatment.sanpy,2,2,2.0,,dvdt,100.0,-20.0,0,"[10, 20, 50, 80, 90]",20260928,19:55:17,,,0.2.8.post45,ceeda3d8b38d399aaf1761b27ed8696acdeb9705,True,,41,9,0,"[{'Spike': 9, 'Seconds': np.float64(5.5001), 'Sweep': 2, 'Epoch': 2, 'Type': 'Fast AHP was detected at end of fast AHP window', 'Details': 'Consider increasing the fast AHP window with fastAhpWindow_ms'}, {'Spike': 9, 'Seconds': np.float64(5.5001), 'Sweep': 2, 'Epoch': 2, 'Type': 'Fit EDD', 'Details': 'Early diastolic duration rate fit - preMinPnt == spikePnt'}]",,55001,5.500100000000001,-82.64427551865282,19.083335694075323,55020,5.502,32.58143374884145,115.22570926749427,1.8999999999991246,55099,5.5099,12.425543306204396,55001,-60.31534594596905,55001,55001,0.0,-82.64427551865282,-82.64427551865282,,,55016,2.6242975949263823,234.67889815802664,55028,28.140616929983416,-7.282177310655287,5000.0,500.0,2.0,5000.0,500.0,0.0,"[{'halfHeight': 10, 'risingPnt': np.int64(55006), 'fallingPnt': np.int64(57854), 'widthPnts': np.int64(2848), 'widthMs': np.float64(284.8)}, {'halfHeight': 20, 'risingPnt': np.int64(55011), 'fallingPnt': np.int64(57797), 'widthPnts': np.int64(2786), 'widthMs': np.float64(278.6)}, {'halfHeight': 50, 'risingPnt': np.int64(55015), 'fallingPnt': np.int64(57562), 'widthPnts': np.int64(2547), 'widthMs': np.float64(254.7)}, {'halfHeight': 80, 'risingPnt': np.int64(55017), 'fallingPnt': np.int64(56795), 'widthPnts': np.int64(1778), 'widthMs': np.float64(177.8)}, {'halfHeight': 90, 'risingPnt': np.int64(55017), 'fallingPnt': np.int64(55041), 'widthPnts': np.int64(24), 'widthMs': np.float64(2.4)}]",284.8,278.6,254.7,177.8,2.4,yes,,,,,,unknown,,,
42,tentusscher-treatment.sanpy,2,2,2.0,,dvdt,100.0,-20.0,0,"[10, 20, 50, 80, 90]",20260928,19:55:17,,,0.2.8.post45,ceeda3d8b38d399aaf1761b27ed8696acdeb9705,True,,42,10,0,"[{'Spike': 10, 'Seconds': np.float64(6.0001), 'Sweep': 2, 'Epoch': 2, 'Type': 'Fast AHP was detected at end of fast AHP window', 'Details': 'Consider increasing the fast AHP window with fastAhpWindow_ms'}, {'Spike': 10, 'Seconds': np.float64(6.0001), 'Sweep': 2, 'Epoch': 2, 'Type': 'Fit EDD', 'Details': 'Early diastolic duration rate fit - preMinPnt == spikePnt'}]",,60001,6.000100000000001,-82.62949822486979,19.081091215272185,60020,6.002,32.52697635061863,115.15647457548843,1.8999999999991246,60099,6.0099,12.379494695679439,60001,-60.31290102153023,60001,60001,0.0,-82.62949822486979,-82.62949822486979,,,60016,2.563847616634615,234.32491013947853,60028,28.11482636190672,-7.256023375947117,5000.0,500.0,2.0,5000.0,500.0,0.0,"[{'halfHeight': 10, 'risingPnt': np.int64(60006), 'fallingPnt': np.int64(62858), 'widthPnts': np.int64(2852), 'widthMs': np.float64(285.2)}, {'halfHeight': 20, 'risingPnt': np.int64(60011), 'fallingPnt': np.int64(62801), 'widthPnts': np.int64(2790), 'widthMs': np.float64(279.0)}, {'halfHeight': 50, 'risingPnt': np.int64(60015), 'fallingPnt': np.int64(62565), 'widthPnts': np.int64(2550), 'widthMs': np.float64(255.0)}, {'halfHeight': 80, 'risingPnt': np.int64(60017), 'fallingPnt': np.int64(61799), 'widthPnts': np.int64(1782), 'widthMs': np.float64(178.2)}, {'halfHeight': 90, 'risingPnt': np.int64(60017), 'fallingPnt': np.int64(60041), 'widthPnts': np.int64(24), 'widthMs': np.float64(2.4)}]",285.2,279.0,255.0,178.2,2.4,yes,,,,,,unknown,,,
43,tentusscher-treatment.sanpy,2,2,2.0,,dvdt,100.0,-20.0,0,"[10, 20, 50, 80, 90]",20260928,19:55:17,,,0.2.8.post45,ceeda3d8b38d399aaf1761b27ed8696acdeb9705,True,,43,11,0,"[{'Spike': 11, 'Seconds': np.float64(6.5001), 'Sweep': 2, 'Epoch': 2, 'Type': 'Fast AHP was detected at end of fast AHP window', 'Details': 'Consider increasing the fast AHP window with fastAhpWindow_ms'}, {'Spike': 11, 'Seconds': np.float64(6.5001), 'Sweep': 2, 'Epoch': 2, 'Type': 'Fit EDD', 'Details': 'Early diastolic duration rate fit - preMinPnt == spikePnt'}]",,65001,6.500100000000001,-82.6164475701005,19.078471996582426,65020,6.502,32.466613475250774,115.08306104535129,1.8999999999991246,65099,6.5099,12.336048560161261,65001,-60.30765888123113,65001,65001,0.0,-82.6164475701005,-82.6164475701005,,,65016,2.5652785793486226,233.917866055057,65028,28.084798533926257,-7.225800227281417,5000.0,500.0,2.0,5000.0,500.0,0.0,"[{'halfHeight': 10, 'risingPnt': np.int64(65006), 'fallingPnt': np.int64(67861), 'widthPnts': np.int64(2855), 'widthMs': np.float64(285.5)}, {'halfHeight': 20, 'risingPnt': np.int64(65011), 'fallingPnt': np.int64(67804), 'widthPnts': np.int64(2793), 'widthMs': np.float64(279.3)}, {'halfHeight': 50, 'risingPnt': np.int64(65015), 'fallingPnt': np.int64(67568), 'widthPnts': np.int64(2553), 'widthMs': np.float64(255.3)}, {'halfHeight': 80, 'risingPnt': np.int64(65017), 'fallingPnt': np.int64(66803), 'widthPnts': np.int64(1786), 'widthMs': np.float64(178.6)}, {'halfHeight': 90, 'risingPnt': np.int64(65017), 'fallingPnt': np.int64(65041), 'widthPnts': np.int64(24), 'widthMs': np.float64(2.4)}]",285.5,279.3,255.3,178.6,2.4,yes,,,,,,unknown,,,
44,tentusscher-treatment.sanpy,2,2,2.0,,dvdt,100.0,-20.0,0,"[10, 20, 50, 80, 90]",20260928,19:55:17,,,0.2.8.post45,ceeda3d8b38d399aaf1761b27ed8696acdeb9705,True,,44,12,0,"[{'Spike': 12, 'Seconds': np.float64(7.0001), 'Sweep': 2, 'Epoch': 2, 'Type': 'Fast AHP was detected at end of fast AHP window', 'Details': 'Consider increasing the fast AHP window with fastAhpWindow_ms'}, {'Spike': 12, 'Seconds': np.float64(7.0001), 'Sweep': 2, 'Epoch': 2, 'Type': 'Fit EDD', 'Details': 'Early diastolic duration rate fit - preMinPnt == spikePnt'}]",,70001,7.000100000000001,-82.60378028741553,19.080478136361368,70020,7.002,32.40873900861943,115.01251929603495,1.8999999999991246,70099,7.0099,12.297676557784127,70001,-60.300719474418585,70001,70001,0.0,-82.60378028741553,-82.60378028741553,,,70016,2.593496052985862,233.5363683597444,70028,28.055110659916533,-7.196793021664023,5000.0,500.0,2.0,5000.0,500.0,0.0,"[{'halfHeight': 10, 'risingPnt': np.int64(70006), 'fallingPnt': np.int64(72864), 'widthPnts': np.int64(2858), 'widthMs': np.float64(285.8)}, {'halfHeight': 20, 'risingPnt': np.int64(70011), 'fallingPnt': np.int64(72806), 'widthPnts': np.int64(2795), 'widthMs': np.float64(279.5)}, {'halfHeight': 50, 'risingPnt': np.int64(70015), 'fallingPnt': np.int64(72570), 'widthPnts': np.int64(2555), 'widthMs': np.float64(255.5)}, {'halfHeight': 80, 'risingPnt': np.int64(70017), 'fallingPnt': np.int64(71806), 'widthPnts': np.int64(1789), 'widthMs': np.float64(178.9)}, {'halfHeight': 90, 'risingPnt': np.int64(70017), 'fallingPnt': np.int64(70042), 'widthPnts': np.int64(25), 'widthMs': np.float64(2.5)}]",285.8,279.5,255.5,178.9,2.5,yes,,,,,,unknown,,,
45,tentusscher-treatment.sanpy,2,2,2.0,,dvdt,100.0,-20.0,0,"[10, 20, 50, 80, 90]",20260928,19:55:17,,,0.2.8.post45,ceeda3d8b38d399aaf1761b27ed8696acdeb9705,True,,45,13,0,"[{'Spike': 13, 'Seconds': np.float64(7.5001), 'Sweep': 2, 'Epoch': 2, 'Type': 'Fast AHP was detected at end of fast AHP window', 'Details': 'Consider increasing the fast AHP window with fastAhpWindow_ms'}, {'Spike': 13, 'Seconds': np.float64(7.5001), 'Sweep': 2, 'Epoch': 2, 'Type': 'Fit EDD', 'Details': 'Early diastolic duration rate fit - preMinPnt == spikePnt'}]",,75001,7.500100000000001,-82.593024766543,19.0790066721836,75020,7.502,32.3788843290452,114.97190909558819,1.8999999999991246,75099,7.5099,12.267462194177506,75001,-60.297380130465264,75001,75001,0.0,-82.593024766543,-82.593024766543,,,75016,2.5613557962309317,233.35441116874057,75028,28.04023452845357,-7.182949272716108,5000.0,500.0,2.0,5000.0,500.0,0.0,"[{'halfHeight': 10, 'risingPnt': np.int64(75006), 'fallingPnt': np.int64(77866), 'widthPnts': np.int64(2860), 'widthMs': np.float64(286.0)}, {'halfHeight': 20, 'risingPnt': np.int64(75011), 'fallingPnt': np.int64(77809), 'widthPnts': np.int64(2798), 'widthMs': np.float64(279.8)}, {'halfHeight': 50, 'risingPnt': np.int64(75015), 'fallingPnt': np.int64(77572), 'widthPnts': np.int64(2557), 'widthMs': np.float64(255.7)}, {'halfHeight': 80, 'risingPnt': np.int64(75017), 'fallingPnt': np.int64(76809), 'widthPnts': np.int64(1792), 'widthMs': np.float64(179.2)}, {'halfHeight': 90, 'risingPnt': np.int64(75017), 'fallingPnt': np.int64(75042), 'widthPnts': np.int64(25), 'widthMs': np.float64(2.5)}]",286.0,279.8,255.7,179.2,2.5,yes,,,,,,unknown,,,
46,tentusscher-treatment.sanpy,2,2,2.0,,dvdt,100.0,-20.0,0,"[10, 20, 50, 80, 90]",20260928,19:55:17,,,0.2.8.post45,ceeda3d8b38d399aaf1761b27ed8696acdeb9705,True,,46,14,0,"[{'Spike': 14, 'Seconds': np.float64(8.0001), 'Sweep': 2, 'Epoch': 2, 'Type': 'Fast AHP was detected at end of fast AHP window', 'Details': 'Consider increasing the fast AHP window with fastAhpWindow_ms'}, {'Spike': 14, 'Seconds': np.float64(8.0001), 'Sweep': 2, 'Epoch': 2, 'Type': 'Fit EDD', 'Details': 'Early diastolic duration rate fit - preMinPnt == spikePnt'}]",,80001,8.0001,-82.58373066668807,19.07659400108209,80020,8.002,32.326961138349496,114.91069180503757,1.900000000000901,80099,8.0099,12.23731719915117,80001,-60.303925243494895,80001,80001,0.0,-82.58373066668807,-82.58373066668807,,,80016,2.4235534498611506,233.0004282766727,80028,28.019309144220653,-7.157096305054659,5000.0,500.0,2.0,5000.0,500.0,0.0,"[{'halfHeight': 10, 'risingPnt': np.int64(80006), 'fallingPnt': np.int64(82869), 'widthPnts': np.int64(2863), 'widthMs': np.float64(286.3)}, {'halfHeight': 20, 'risingPnt': np.int64(80011), 'fallingPnt': np.int64(82811), 'widthPnts': np.int64(2800), 'widthMs': np.float64(280.0)}, {'halfHeight': 50, 'risingPnt': np.int64(80015), 'fallingPnt': np.int64(82574), 'widthPnts': np.int64(2559), 'widthMs': np.float64(255.9)}, {'halfHeight': 80, 'risingPnt': np.int64(80017), 'fallingPnt': np.int64(81812), 'widthPnts': np.int64(1795), 'widthMs': np.float64(179.5)}, {'halfHeight': 90, 'risingPnt': np.int64(80017), 'fallingPnt': np.int64(80042), 'widthPnts': np.int64(25), 'widthMs': np.float64(2.5)}]",286.3,280.0,255.9,179.5,2.5,yes,,,,,,unknown,,,
47,tentusscher-treatment.sanpy,2,2,2.0,,dvdt,100.0,-20.0,0,"[10, 20, 50, 80, 90]",20260928,19:55:17,,,0.2.8.post45,ceeda3d8b38d399aaf1761b27ed8696acdeb9705,True,,47,15,0,"[{'Spike': 15, 'Seconds': np.float64(8.5001), 'Sweep': 2, 'Epoch': 2, 'Type': 'Fast AHP was detected at end of fast AHP window', 'Details': 'Consider increasing the fast AHP window with fastAhpWindow_ms'}, {'Spike': 15, 'Seconds': np.float64(8.5001), 'Sweep': 2, 'Epoch': 2, 'Type': 'Fit EDD', 'Details': 'Early diastolic duration rate fit - preMinPnt == spikePnt'}]",,85001,8.5001,-82.57461503720558,19.07673817738597,85020,8.502,32.302641441150605,114.87725647835617,1.900000000000901,85099,8.5099,12.212279175888229,85001,-60.2980831948444,85001,85001,0.0,-82.57461503720558,-82.57461503720558,,,85016,2.4354503189060837,232.85049456364487,85028,28.005493588111253,-7.146178889753346,5000.0,500.0,2.0,5000.0,500.0,0.0,"[{'halfHeight': 10, 'risingPnt': np.int64(85006), 'fallingPnt': np.int64(87870), 'widthPnts': np.int64(2864), 'widthMs': np.float64(286.4)}, {'halfHeight': 20, 'risingPnt': np.int64(85011), 'fallingPnt': np.int64(87812), 'widthPnts': np.int64(2801), 'widthMs': np.float64(280.1)}, {'halfHeight': 50, 'risingPnt': np.int64(85015), 'fallingPnt': np.int64(87575), 'widthPnts': np.int64(2560), 'widthMs': np.float64(256.0)}, {'halfHeight': 80, 'risingPnt': np.int64(85017), 'fallingPnt': np.int64(86813), 'widthPnts': np.int64(1796), 'widthMs': np.float64(179.6)}, {'halfHeight': 90, 'risingPnt': np.int64(85017), 'fallingPnt': np.int64(85042), 'widthPnts': np.int64(25), 'widthMs': np.float64(2.5)}]",286.4,280.1,256.0,179.6,2.5,yes,,,,,,unknown,,,
48,tentusscher-treatment.sanpy,3,2,2.0,,dvdt,100.0,-20.0,0,"[10, 20, 50, 80, 90]",20260928,19:55:17,,,0.2.8.post45,ceeda3d8b38d399aaf1761b27ed8696acdeb9705,True,,48,0,0,"[{'Spike': 0, 'Seconds': np.float64(1.0009), 'Sweep': 3, 'Epoch': 2, 'Type': 'Fit EDD', 'Details': 'Early diastolic duration rate fit - preMinPnt == spikePnt'}, {'Spike': 0, 'Seconds': np.float64(1.0009), 'Sweep': 3, 'Epoch': 2, 'Type': 'Spike Width', 'Details': 'Half width 10 error in ""falling point"" with halfWidthWindow_ms:300.0 searching for Vm:-53.23 from peak sec 1.0'}]",,10009,1.0009,-63.08012386694738,24.70302607487879,10020,1.002,35.40475240977297,98.48487627672034,1.100000000000101,10097,1.0097,16.49760637288017,10009,-60.160668405962625,10009,10009,0.0,-63.08012386694738,-63.08012386694738,,,10016,5.914947101135177,252.0670053830875,10027,31.34414891190053,-7.33481975283821,,,,,,0.0,"[{'halfHeight': 10, 'risingPnt': None, 'fallingPnt': None, 'widthPnts': None, 'widthMs': nan}, {'halfHeight': 20, 'risingPnt': np.int64(10014), 'fallingPnt': np.int64(12966), 'widthPnts': np.int64(2952), 'widthMs': np.float64(295.2)}, {'halfHeight': 50, 'risingPnt': np.int64(10016), 'fallingPnt': np.int64(12702), 'widthPnts': np.int64(2686), 'widthMs': np.float64(268.6)}, {'halfHeight': 80, 'risingPnt': np.int64(10017), 'fallingPnt': np.int64(11746), 'widthPnts': np.int64(1729), 'widthMs': np.float64(172.9)}, {'halfHeight': 90, 'risingPnt': np.int64(10017), 'fallingPnt': np.int64(10037), 'widthPnts': np.int64(20), 'widthMs': np.float64(2.0)}]",,295.2,268.6,172.9,2.0,yes,,,,,,unknown,,,
49,tentusscher-treatment.sanpy,3,2,2.0,,dvdt,100.0,-20.0,0,"[10, 20, 50, 80, 90]",20260928,19:55:17,,,0.2.8.post45,ceeda3d8b38d399aaf1761b27ed8696acdeb9705,True,,49,1,0,"[{'Spike': 1, 'Seconds': np.float64(1.5001), 'Sweep': 3, 'Epoch': 2, 'Type': 'Fast AHP was detected at end of fast AHP window', 'Details': 'Consider increasing the fast AHP window with fastAhpWindow_ms'}, {'Spike': 1, 'Seconds': np.float64(1.5001), 'Sweep': 3, 'Epoch': 2, 'Type': 'Fit EDD', 'Details': 'Early diastolic duration rate fit - preMinPnt == spikePnt'}]",,15001,1.5001,-82.75515747754247,19.073308861773576,15021,1.5021,32.138179121229854,114.89333659877232,2.0000000000000018,15100,1.51,12.565721298582476,15001,-60.63636653721685,15001,15001,0.0,-82.75515747754247,-82.75515747754247,,,15016,-0.07445741193737437,231.3409679695675,15028,27.849875584553878,-7.252776222083648,4992.0,499.2,2.003205128205128,4992.0,499.2,0.0,"[{'halfHeight': 10, 'risingPnt': np.int64(15006), 'fallingPnt': np.int64(17782), 'widthPnts': np.int64(2776), 'widthMs': np.float64(277.6)}, {'halfHeight': 20, 'risingPnt': np.int64(15011), 'fallingPnt': np.int64(17726), 'widthPnts': np.int64(2715), 'widthMs': np.float64(271.5)}, {'halfHeight': 50, 'risingPnt': np.int64(15015), 'fallingPnt': np.int64(17492), 'widthPnts': np.int64(2477), 'widthMs': np.float64(247.7)}, {'halfHeight': 80, 'risingPnt': np.int64(15017), 'fallingPnt': np.int64(16729), 'widthPnts': np.int64(1712), 'widthMs': np.float64(171.2)}, {'halfHeight': 90, 'risingPnt': np.int64(15018), 'fallingPnt': np.int64(15041), 'widthPnts': np.int64(23), 'widthMs': np.float64(2.3)}]",277.6,271.5,247.7,171.2,2.3,yes,,,,,,unknown,,,
50,tentusscher-treatment.sanpy,3,2,2.0,,dvdt,100.0,-20.0,0,"[10, 20, 50, 80, 90]",20260928,19:55:17,,,0.2.8.post45,ceeda3d8b38d399aaf1761b27ed8696acdeb9705,True,,50,2,0,"[{'Spike': 2, 'Seconds': np.float64(2.0001), 'Sweep': 3, 'Epoch': 2, 'Type': 'Fast AHP was detected at end of fast AHP window', 'Details': 'Consider increasing the fast AHP window with fastAhpWindow_ms'}, {'Spike': 2, 'Seconds': np.float64(2.0001), 'Sweep': 3, 'Epoch': 2, 'Type': 'Fit EDD', 'Details': 'Early diastolic duration rate fit - preMinPnt == spikePnt'}]",,20001,2.0000999999999998,-82.80435930873925,19.0738410591051,20020,2.002,33.11981786872846,115.92417717746771,1.9000000000000128,20099,2.0099,13.072534103223022,20001,-60.4100401380654,20001,20001,0.0,-82.80435930873925,-82.80435930873925,,,20016,2.371557228693442,238.11758527833805,20027,29.215225113755817,-7.4991735267287325,5000.0,500.0,2.0,5000.0,500.0,0.0,"[{'halfHeight': 10, 'risingPnt': np.int64(20006), 'fallingPnt': np.int64(22864), 'widthPnts': np.int64(2858), 'widthMs': np.float64(285.8)}, {'halfHeight': 20, 'risingPnt': np.int64(20011), 'fallingPnt': np.int64(22807), 'widthPnts': np.int64(2796), 'widthMs': np.float64(279.6)}, {'halfHeight': 50, 'risingPnt': np.int64(20015), 'fallingPnt': np.int64(22570), 'widthPnts': np.int64(2555), 'widthMs': np.float64(255.5)}, {'halfHeight': 80, 'risingPnt': np.int64(20017), 'fallingPnt': np.int64(21779), 'widthPnts': np.int64(1762), 'widthMs': np.float64(176.2)}, {'halfHeight': 90, 'risingPnt': np.int64(20017), 'fallingPnt': np.int64(20040), 'widthPnts': np.int64(23), 'widthMs': np.float64(2.3)}]",285.8,279.6,255.5,176.2,2.3,yes,,,,,,unknown,,,
51,tentusscher-treatment.sanpy,3,2,2.0,,dvdt,100.0,-20.0,0,"[10, 20, 50, 80, 90]",20260928,19:55:17,,,0.2.8.post45,ceeda3d8b38d399aaf1761b27ed8696acdeb9705,True,,51,3,0,"[{'Spike': 3, 'Seconds': np.float64(2.5001), 'Sweep': 3, 'Epoch': 2, 'Type': 'Fast AHP was detected at end of fast AHP window', 'Details': 'Consider increasing the fast AHP window with fastAhpWindow_ms'}, {'Spike': 3, 'Seconds': np.float64(2.5001), 'Sweep': 3, 'Epoch': 2, 'Type': 'Fit EDD', 'Details': 'Early diastolic duration rate fit - preMinPnt == spikePnt'}]",,25001,2.5000999999999998,-82.76388396671531,19.074120463342908,25020,2.502,32.831792605258784,115.5956765719741,1.9000000000000128,25099,2.5099,12.816443237845586,25001,-60.44057960871105,25001,25001,0.0,-82.76388396671531,-82.76388396671531,,,25016,1.8650034442961037,236.17030998594626,25028,28.289064062132177,-7.414761635618542,5000.0,500.0,2.0,5000.0,500.0,0.0,"[{'halfHeight': 10, 'risingPnt': np.int64(25006), 'fallingPnt': np.int64(27856), 'widthPnts': np.int64(2850), 'widthMs': np.float64(285.0)}, {'halfHeight': 20, 'risingPnt': np.int64(25011), 'fallingPnt': np.int64(27799), 'widthPnts': np.int64(2788), 'widthMs': np.float64(278.8)}, {'halfHeight': 50, 'risingPnt': np.int64(25015), 'fallingPnt': np.int64(27561), 'widthPnts': np.int64(2546), 'widthMs': np.float64(254.6)}, {'halfHeight': 80, 'risingPnt': np.int64(25017), 'fallingPnt': np.int64(26776), 'widthPnts': np.int64(1759), 'widthMs': np.float64(175.9)}, {'halfHeight': 90, 'risingPnt': np.int64(25017), 'fallingPnt': np.int64(25041), 'widthPnts': np.int64(24), 'widthMs': np.float64(2.4)}]",285.0,278.8,254.6,175.9,2.4,yes,,,,,,unknown,,,
52,tentusscher-treatment.sanpy,3,2,2.0,,dvdt,100.0,-20.0,0,"[10, 20, 50, 80, 90]",20260928,19:55:17,,,0.2.8.post45,ceeda3d8b38d399aaf1761b27ed8696acdeb9705,True,,52,4,0,"[{'Spike': 4, 'Seconds': np.float64(3.0001), 'Sweep': 3, 'Epoch': 2, 'Type': 'Fast AHP was detected at end of fast AHP window', 'Details': 'Consider increasing the fast AHP window with fastAhpWindow_ms'}, {'Spike': 4, 'Seconds': np.float64(3.0001), 'Sweep': 3, 'Epoch': 2, 'Type': 'Fit EDD', 'Details': 'Early diastolic duration rate fit - preMinPnt == spikePnt'}]",,30001,3.0000999999999998,-82.74049111618675,19.075062754055146,30020,3.002,32.79486372726821,115.53535484345495,1.9000000000000128,30099,3.0099,12.746301143283045,30001,-60.416646665578455,30001,30001,0.0,-82.74049111618675,-82.74049111618675,,,30016,1.9868675862270602,235.9416091226562,30028,28.27558225598473,-7.385951262263464,5000.0,500.0,2.0,5000.0,500.0,0.0,"[{'halfHeight': 10, 'risingPnt': np.int64(30006), 'fallingPnt': np.int64(32866), 'widthPnts': np.int64(2860), 'widthMs': np.float64(286.0)}, {'halfHeight': 20, 'risingPnt': np.int64(30011), 'fallingPnt': np.int64(32809), 'widthPnts': np.int64(2798), 'widthMs': np.float64(279.8)}, {'halfHeight': 50, 'risingPnt': np.int64(30015), 'fallingPnt': np.int64(32569), 'widthPnts': np.int64(2554), 'widthMs': np.float64(255.4)}, {'halfHeight': 80, 'risingPnt': np.int64(30017), 'fallingPnt': np.int64(31785), 'widthPnts': np.int64(1768), 'widthMs': np.float64(176.8)}, {'halfHeight': 90, 'risingPnt': np.int64(30017), 'fallingPnt': np.int64(30041), 'widthPnts': np.int64(24), 'widthMs': np.float64(2.4)}]",286.0,279.8,255.4,176.8,2.4,yes,,,,,,unknown,,,
53,tentusscher-treatment.sanpy,3,2,2.0,,dvdt,100.0,-20.0,0,"[10, 20, 50, 80, 90]",20260928,19:55:17,,,0.2.8.post45,ceeda3d8b38d399aaf1761b27ed8696acdeb9705,True,,53,5,0,"[{'Spike': 5, 'Seconds': np.float64(3.5001), 'Sweep': 3, 'Epoch': 2, 'Type': 'Fast AHP was detected at end of fast AHP window', 'Details': 'Consider increasing the fast AHP window with fastAhpWindow_ms'}, {'Spike': 5, 'Seconds': np.float64(3.5001), 'Sweep': 3, 'Epoch': 2, 'Type': 'Fit EDD', 'Details': 'Early diastolic duration rate fit - preMinPnt == spikePnt'}]",,35001,3.5000999999999998,-82.71518270068898,19.076675906319597,35020,3.502,32.72640714737581,115.4415898480648,1.9000000000000128,35099,3.5099,12.6537307992121,35001,-60.37661680897577,35001,35001,0.0,-82.71518270068898,-82.71518270068898,,,35016,2.357410930757842,235.60678077070762,35028,28.22482410274377,-7.356080259472262,5000.0,500.0,2.0,5000.0,500.0,0.0,"[{'halfHeight': 10, 'risingPnt': np.int64(35006), 'fallingPnt': np.int64(37872), 'widthPnts': np.int64(2866), 'widthMs': np.float64(286.6)}, {'halfHeight': 20, 'risingPnt': np.int64(35011), 'fallingPnt': np.int64(37814), 'widthPnts': np.int64(2803), 'widthMs': np.float64(280.3)}, {'halfHeight': 50, 'risingPnt': np.int64(35015), 'fallingPnt': np.int64(37573), 'widthPnts': np.int64(2558), 'widthMs': np.float64(255.8)}, {'halfHeight': 80, 'risingPnt': np.int64(35017), 'fallingPnt': np.int64(36790), 'widthPnts': np.int64(1773), 'widthMs': np.float64(177.3)}, {'halfHeight': 90, 'risingPnt': np.int64(35017), 'fallingPnt': np.int64(35041), 'widthPnts': np.int64(24), 'widthMs': np.float64(2.4)}]",286.6,280.3,255.8,177.3,2.4,yes,,,,,,unknown,,,
54,tentusscher-treatment.sanpy,3,2,2.0,,dvdt,100.0,-20.0,0,"[10, 20, 50, 80, 90]",20260928,19:55:17,,,0.2.8.post45,ceeda3d8b38d399aaf1761b27ed8696acdeb9705,True,,54,6,0,"[{'Spike': 6, 'Seconds': np.float64(4.0001), 'Sweep': 3, 'Epoch': 2, 'Type': 'Fast AHP was detected at end of fast AHP window', 'Details': 'Consider increasing the fast AHP window with fastAhpWindow_ms'}, {'Spike': 6, 'Seconds': np.float64(4.0001), 'Sweep': 3, 'Epoch': 2, 'Type': 'Fit EDD', 'Details': 'Early diastolic duration rate fit - preMinPnt == spikePnt'}]",,40001,4.0001,-82.69261841661317,19.076535454712854,40020,4.002,32.64591027113698,115.33852868775014,1.9000000000000128,40099,4.0099,12.574795098063206,40001,-60.38854924240071,40001,40001,0.0,-82.69261841661317,-82.69261841661317,,,40016,2.0369279271412815,235.00826171998386,40028,28.194583781767374,-7.317978665027065,5000.0,500.0,2.0,5000.0,500.0,0.0,"[{'halfHeight': 10, 'risingPnt': np.int64(40006), 'fallingPnt': np.int64(42878), 'widthPnts': np.int64(2872), 'widthMs': np.float64(287.2)}, {'halfHeight': 20, 'risingPnt': np.int64(40011), 'fallingPnt': np.int64(42820), 'widthPnts': np.int64(2809), 'widthMs': np.float64(280.9)}, {'halfHeight': 50, 'risingPnt': np.int64(40015), 'fallingPnt': np.int64(42578), 'widthPnts': np.int64(2563), 'widthMs': np.float64(256.3)}, {'halfHeight': 80, 'risingPnt': np.int64(40017), 'fallingPnt': np.int64(41797), 'widthPnts': np.int64(1780), 'widthMs': np.float64(178.0)}, {'halfHeight': 90, 'risingPnt': np.int64(40017), 'fallingPnt': np.int64(40041), 'widthPnts': np.int64(24), 'widthMs': np.float64(2.4)}]",287.2,280.9,256.3,178.0,2.4,yes,,,,,,unknown,,,
55,tentusscher-treatment.sanpy,3,2,2.0,,dvdt,100.0,-20.0,0,"[10, 20, 50, 80, 90]",20260928,19:55:17,,,0.2.8.post45,ceeda3d8b38d399aaf1761b27ed8696acdeb9705,True,,55,7,0,"[{'Spike': 7, 'Seconds': np.float64(4.5001), 'Sweep': 3, 'Epoch': 2, 'Type': 'Fast AHP was detected at end of fast AHP window', 'Details': 'Consider increasing the fast AHP window with fastAhpWindow_ms'}, {'Spike': 7, 'Seconds': np.float64(4.5001), 'Sweep': 3, 'Epoch': 2, 'Type': 'Fit EDD', 'Details': 'Early diastolic duration rate fit - preMinPnt == spikePnt'}]",,45001,4.500100000000001,-82.67176486194283,19.077831368113447,45020,4.502,32.585912226643394,115.25767708858623,1.8999999999991246,45099,4.5099,12.505201125201436,45001,-60.35850938103434,45001,45001,0.0,-82.67176486194283,-82.67176486194283,,,45016,2.303162181654869,234.65284119331673,45028,28.154409256751336,-7.289283315378605,5000.0,500.0,2.0,5000.0,500.0,0.0,"[{'halfHeight': 10, 'risingPnt': np.int64(45006), 'fallingPnt': np.int64(47883), 'widthPnts': np.int64(2877), 'widthMs': np.float64(287.7)}, {'halfHeight': 20, 'risingPnt': np.int64(45011), 'fallingPnt': np.int64(47825), 'widthPnts': np.int64(2814), 'widthMs': np.float64(281.4)}, {'halfHeight': 50, 'risingPnt': np.int64(45015), 'fallingPnt': np.int64(47582), 'widthPnts': np.int64(2567), 'widthMs': np.float64(256.7)}, {'halfHeight': 80, 'risingPnt': np.int64(45017), 'fallingPnt': np.int64(46802), 'widthPnts': np.int64(1785), 'widthMs': np.float64(178.5)}, {'halfHeight': 90, 'risingPnt': np.int64(45017), 'fallingPnt': np.int64(45041), 'widthPnts': np.int64(24), 'widthMs': np.float64(2.4)}]",287.7,281.4,256.7,178.5,2.4,yes,,,,,,unknown,,,
56,tentusscher-treatment.sanpy,3,2,2.0,,dvdt,100.0,-20.0,0,"[10, 20, 50, 80, 90]",20260928,19:55:17,,,0.2.8.post45,ceeda3d8b38d399aaf1761b27ed8696acdeb9705,True,,56,8,0,"[{'Spike': 8, 'Seconds': np.float64(5.0001), 'Sweep': 3, 'Epoch': 2, 'Type': 'Fast AHP was detected at end of fast AHP window', 'Details': 'Consider increasing the fast AHP window with fastAhpWindow_ms'}, {'Spike': 8, 'Seconds': np.float64(5.0001), 'Sweep': 3, 'Epoch': 2, 'Type': 'Fit EDD', 'Details': 'Early diastolic duration rate fit - preMinPnt == spikePnt'}]",,50001,5.000100000000001,-82.65197722777691,19.083285937824336,50020,5.002,32.5103164348604,115.16229366263731,1.8999999999991246,50099,5.0099,12.443860945203035,50001,-60.359017117142315,50001,50001,0.0,-82.65197722777691,-82.65197722777691,,,50016,2.170631270593705,234.11862939717267,50028,28.120608268593934,-7.252856988631101,5000.0,500.0,2.0,5000.0,500.0,0.0,"[{'halfHeight': 10, 'risingPnt': np.int64(50006), 'fallingPnt': np.int64(52888), 'widthPnts': np.int64(2882), 'widthMs': np.float64(288.2)}, {'halfHeight': 20, 'risingPnt': np.int64(50011), 'fallingPnt': np.int64(52830), 'widthPnts': np.int64(2819), 'widthMs': np.float64(281.9)}, {'halfHeight': 50, 'risingPnt': np.int64(50015), 'fallingPnt': np.int64(52586), 'widthPnts': np.int64(2571), 'widthMs': np.float64(257.1)}, {'halfHeight': 80, 'risingPnt': np.int64(50017), 'fallingPnt': np.int64(51807), 'widthPnts': np.int64(1790), 'widthMs': np.float64(179.0)}, {'halfHeight': 90, 'risingPnt': np.int64(50017), 'fallingPnt': np.int64(50041), 'widthPnts': np.int64(24), 'widthMs': np.float64(2.4)}]",288.2,281.9,257.1,179.0,2.4,yes,,,,,,unknown,,,
57,tentusscher-treatment.sanpy,3,2,2.0,,dvdt,100.0,-20.0,0,"[10, 20, 50, 80, 90]",20260928,19:55:17,,,0.2.8.post45,ceeda3d8b38d399aaf1761b27ed8696acdeb9705,True,,57,9,0,"[{'Spike': 9, 'Seconds': np.float64(5.5001), 'Sweep': 3, 'Epoch': 2, 'Type': 'Fast AHP was detected at end of fast AHP window', 'Details': 'Consider increasing the fast AHP window with fastAhpWindow_ms'}, {'Spike': 9, 'Seconds': np.float64(5.5001), 'Sweep': 3, 'Epoch': 2, 'Type': 'Fit EDD', 'Details': 'Early diastolic duration rate fit - preMinPnt == spikePnt'}]",,55001,5.500100000000001,-82.63523364487835,19.078394645358994,55020,5.502,32.459857936290895,115.09509158116924,1.8999999999991246,55099,5.5099,12.390582489869631,55001,-60.341913774495566,55001,55001,0.0,-82.63523364487835,-82.63523364487835,,,55016,2.2950213731557785,233.83224716074415,55028,28.089752144494437,-7.228850851827552,5000.0,500.0,2.0,5000.0,500.0,0.0,"[{'halfHeight': 10, 'risingPnt': np.int64(55006), 'fallingPnt': np.int64(57892), 'widthPnts': np.int64(2886), 'widthMs': np.float64(288.6)}, {'halfHeight': 20, 'risingPnt': np.int64(55011), 'fallingPnt': np.int64(57833), 'widthPnts': np.int64(2822), 'widthMs': np.float64(282.2)}, {'halfHeight': 50, 'risingPnt': np.int64(55015), 'fallingPnt': np.int64(57589), 'widthPnts': np.int64(2574), 'widthMs': np.float64(257.4)}, {'halfHeight': 80, 'risingPnt': np.int64(55017), 'fallingPnt': np.int64(56811), 'widthPnts': np.int64(1794), 'widthMs': np.float64(179.4)}, {'halfHeight': 90, 'risingPnt': np.int64(55017), 'fallingPnt': np.int64(55041), 'widthPnts': np.int64(24), 'widthMs': np.float64(2.4)}]",288.6,282.2,257.4,179.4,2.4,yes,,,,,,unknown,,,
58,tentusscher-treatment.sanpy,3,2,2.0,,dvdt,100.0,-20.0,0,"[10, 20, 50, 80, 90]",20260928,19:55:17,,,0.2.8.post45,ceeda3d8b38d399aaf1761b27ed8696acdeb9705,True,,58,10,0,"[{'Spike': 10, 'Seconds': np.float64(6.0001), 'Sweep': 3, 'Epoch': 2, 'Type': 'Fast AHP was detected at end of fast AHP window', 'Details': 'Consider increasing the fast AHP window with fastAhpWindow_ms'}, {'Spike': 10, 'Seconds': np.float64(6.0001), 'Sweep': 3, 'Epoch': 2, 'Type': 'Fit EDD', 'Details': 'Early diastolic duration rate fit - preMinPnt == spikePnt'}]",,60001,6.000100000000001,-82.61991002828736,19.078536314936724,60020,6.002,32.40014588116668,115.02005590945404,1.8999999999991246,60099,6.0099,12.341263509986582,60001,-60.33283800909058,60001,60001,0.0,-82.61991002828736,-82.61991002828736,,,60016,2.331412038032534,233.46295936036742,60028,28.058572892531334,-7.198869121797252,5000.0,500.0,2.0,5000.0,500.0,0.0,"[{'halfHeight': 10, 'risingPnt': np.int64(60006), 'fallingPnt': np.int64(62896), 'widthPnts': np.int64(2890), 'widthMs': np.float64(289.0)}, {'halfHeight': 20, 'risingPnt': np.int64(60011), 'fallingPnt': np.int64(62837), 'widthPnts': np.int64(2826), 'widthMs': np.float64(282.6)}, {'halfHeight': 50, 'risingPnt': np.int64(60015), 'fallingPnt': np.int64(62592), 'widthPnts': np.int64(2577), 'widthMs': np.float64(257.7)}, {'halfHeight': 80, 'risingPnt': np.int64(60017), 'fallingPnt': np.int64(61815), 'widthPnts': np.int64(1798), 'widthMs': np.float64(179.8)}, {'halfHeight': 90, 'risingPnt': np.int64(60017), 'fallingPnt': np.int64(60042), 'widthPnts': np.int64(25), 'widthMs': np.float64(2.5)}]",289.0,282.6,257.7,179.8,2.5,yes,,,,,,unknown,,,
59,tentusscher-treatment.sanpy,3,2,2.0,,dvdt,100.0,-20.0,0,"[10, 20, 50, 80, 90]",20260928,19:55:17,,,0.2.8.post45,ceeda3d8b38d399aaf1761b27ed8696acdeb9705,True,,59,11,0,"[{'Spike': 11, 'Seconds': np.float64(6.5001), 'Sweep': 3, 'Epoch': 2, 'Type': 'Fast AHP was detected at end of fast AHP window', 'Details': 'Consider increasing the fast AHP window with fastAhpWindow_ms'}, {'Spike': 11, 'Seconds': np.float64(6.5001), 'Sweep': 3, 'Epoch': 2, 'Type': 'Fit EDD', 'Details': 'Early diastolic duration rate fit - preMinPnt == spikePnt'}]",,65001,6.500100000000001,-82.60623345030672,19.074969811796223,65020,6.502,32.36063828939006,114.96687173969678,1.8999999999991246,65099,6.5099,12.300882233505066,65001,-60.32818188254062,65001,65001,0.0,-82.60623345030672,-82.60623345030672,,,65016,2.2878548170054,233.19493332999735,65028,28.038193015105676,-7.181567044554923,5000.0,500.0,2.0,5000.0,500.0,0.0,"[{'halfHeight': 10, 'risingPnt': np.int64(65006), 'fallingPnt': np.int64(67900), 'widthPnts': np.int64(2894), 'widthMs': np.float64(289.4)}, {'halfHeight': 20, 'risingPnt': np.int64(65011), 'fallingPnt': np.int64(67840), 'widthPnts': np.int64(2829), 'widthMs': np.float64(282.9)}, {'halfHeight': 50, 'risingPnt': np.int64(65015), 'fallingPnt': np.int64(67595), 'widthPnts': np.int64(2580), 'widthMs': np.float64(258.0)}, {'halfHeight': 80, 'risingPnt': np.int64(65017), 'fallingPnt': np.int64(66818), 'widthPnts': np.int64(1801), 'widthMs': np.float64(180.1)}, {'halfHeight': 90, 'risingPnt': np.int64(65017), 'fallingPnt': np.int64(65042), 'widthPnts': np.int64(25), 'widthMs': np.float64(2.5)}]",289.4,282.9,258.0,180.1,2.5,yes,,,,,,unknown,,,
60,tentusscher-treatment.sanpy,3,2,2.0,,dvdt,100.0,-20.0,0,"[10, 20, 50, 80, 90]",20260928,19:55:17,,,0.2.8.post45,ceeda3d8b38d399aaf1761b27ed8696acdeb9705,True,,60,12,0,"[{'Spike': 12, 'Seconds': np.float64(7.0001), 'Sweep': 3, 'Epoch': 2, 'Type': 'Fast AHP was detected at end of fast AHP window', 'Details': 'Consider increasing the fast AHP window with fastAhpWindow_ms'}, {'Spike': 12, 'Seconds': np.float64(7.0001), 'Sweep': 3, 'Epoch': 2, 'Type': 'Fit EDD', 'Details': 'Early diastolic duration rate fit - preMinPnt == spikePnt'}]",,70001,7.000100000000001,-82.59265953076765,19.08076213178465,70020,7.002,32.30645907023324,114.89911860100088,1.8999999999991246,70099,7.0099,12.260008054295136,70001,-60.31542899697814,70001,70001,0.0,-82.59265953076765,-82.59265953076765,,,70016,2.3847634526971984,232.87723117568814,70028,28.00556283237233,-7.151962765757627,5000.0,500.0,2.0,5000.0,500.0,0.0,"[{'halfHeight': 10, 'risingPnt': np.int64(70006), 'fallingPnt': np.int64(72903), 'widthPnts': np.int64(2897), 'widthMs': np.float64(289.7)}, {'halfHeight': 20, 'risingPnt': np.int64(70011), 'fallingPnt': np.int64(72843), 'widthPnts': np.int64(2832), 'widthMs': np.float64(283.2)}, {'halfHeight': 50, 'risingPnt': np.int64(70015), 'fallingPnt': np.int64(72597), 'widthPnts': np.int64(2582), 'widthMs': np.float64(258.2)}, {'halfHeight': 80, 'risingPnt': np.int64(70017), 'fallingPnt': np.int64(71822), 'widthPnts': np.int64(1805), 'widthMs': np.float64(180.5)}, {'halfHeight': 90, 'risingPnt': np.int64(70017), 'fallingPnt': np.int64(70042), 'widthPnts': np.int64(25), 'widthMs': np.float64(2.5)}]",289.7,283.2,258.2,180.5,2.5,yes,,,,,,unknown,,,
61,tentusscher-treatment.sanpy,3,2,2.0,,dvdt,100.0,-20.0,0,"[10, 20, 50, 80, 90]",20260928,19:55:17,,,0.2.8.post45,ceeda3d8b38d399aaf1761b27ed8696acdeb9705,True,,61,13,0,"[{'Spike': 13, 'Seconds': np.float64(7.5001), 'Sweep': 3, 'Epoch': 2, 'Type': 'Fast AHP was detected at end of fast AHP window', 'Details': 'Consider increasing the fast AHP window with fastAhpWindow_ms'}, {'Spike': 13, 'Seconds': np.float64(7.5001), 'Sweep': 3, 'Epoch': 2, 'Type': 'Fit EDD', 'Details': 'Early diastolic duration rate fit - preMinPnt == spikePnt'}]",,75001,7.500100000000001,-82.58179247193367,19.076816881317896,75020,7.502,32.25474041907529,114.83653289100896,1.8999999999991246,75099,7.5099,12.2261426599481,75001,-60.330881434752655,75001,75001,0.0,-82.58179247193367,-82.58179247193367,,,75016,2.108394210040778,232.4654949356243,75028,27.99105820389605,-7.13001896012641,5000.0,500.0,2.0,5000.0,500.0,0.0,"[{'halfHeight': 10, 'risingPnt': np.int64(75006), 'fallingPnt': np.int64(77905), 'widthPnts': np.int64(2899), 'widthMs': np.float64(289.9)}, {'halfHeight': 20, 'risingPnt': np.int64(75011), 'fallingPnt': np.int64(77846), 'widthPnts': np.int64(2835), 'widthMs': np.float64(283.5)}, {'halfHeight': 50, 'risingPnt': np.int64(75015), 'fallingPnt': np.int64(77599), 'widthPnts': np.int64(2584), 'widthMs': np.float64(258.4)}, {'halfHeight': 80, 'risingPnt': np.int64(75017), 'fallingPnt': np.int64(76825), 'widthPnts': np.int64(1808), 'widthMs': np.float64(180.8)}, {'halfHeight': 90, 'risingPnt': np.int64(75017), 'fallingPnt': np.int64(75042), 'widthPnts': np.int64(25), 'widthMs': np.float64(2.5)}]",289.9,283.5,258.4,180.8,2.5,yes,,,,,,unknown,,,
62,tentusscher-treatment.sanpy,3,2,2.0,,dvdt,100.0,-20.0,0,"[10, 20, 50, 80, 90]",20260928,19:55:17,,,0.2.8.post45,ceeda3d8b38d399aaf1761b27ed8696acdeb9705,True,,62,14,0,"[{'Spike': 14, 'Seconds': np.float64(8.0001), 'Sweep': 3, 'Epoch': 2, 'Type': 'Fast AHP was detected at end of fast AHP window', 'Details': 'Consider increasing the fast AHP window with fastAhpWindow_ms'}, {'Spike': 14, 'Seconds': np.float64(8.0001), 'Sweep': 3, 'Epoch': 2, 'Type': 'Fit EDD', 'Details': 'Early diastolic duration rate fit - preMinPnt == spikePnt'}]",,80001,8.0001,-82.57100583048096,19.079854125692393,80020,8.002,32.20678505552279,114.77779088600374,1.900000000000901,80099,8.0099,12.19490857791698,80001,-60.31656362906399,80001,80001,0.0,-82.57100583048096,-82.57100583048096,,,80016,2.2637532326871015,232.21605938483066,80028,27.95936719885001,-7.103152962053282,5000.0,500.0,2.0,5000.0,500.0,0.0,"[{'halfHeight': 10, 'risingPnt': np.int64(80006), 'fallingPnt': np.int64(82907), 'widthPnts': np.int64(2901), 'widthMs': np.float64(290.1)}, {'halfHeight': 20, 'risingPnt': np.int64(80011), 'fallingPnt': np.int64(82848), 'widthPnts': np.int64(2837), 'widthMs': np.float64(283.7)}, {'halfHeight': 50, 'risingPnt': np.int64(80015), 'fallingPnt': np.int64(82601), 'widthPnts': np.int64(2586), 'widthMs': np.float64(258.6)}, {'halfHeight': 80, 'risingPnt': np.int64(80017), 'fallingPnt': np.int64(81828), 'widthPnts': np.int64(1811), 'widthMs': np.float64(181.1)}, {'halfHeight': 90, 'risingPnt': np.int64(80017), 'fallingPnt': np.int64(80042), 'widthPnts': np.int64(25), 'widthMs': np.float64(2.5)}]",290.1,283.7,258.6,181.1,2.5,yes,,,,,,unknown,,,
63,tentusscher-treatment.sanpy,3,2,2.0,,dvdt,100.0,-20.0,0,"[10, 20, 50, 80, 90]",20260928,19:55:17,,,0.2.8.post45,ceeda3d8b38d399aaf1761b27ed8696acdeb9705,True,,63,15,0,"[{'Spike': 15, 'Seconds': np.float64(8.5001), 'Sweep': 3, 'Epoch': 2, 'Type': 'Fast AHP was detected at end of fast AHP window', 'Details': 'Consider increasing the fast AHP window with fastAhpWindow_ms'}, {'Spike': 15, 'Seconds': np.float64(8.5001), 'Sweep': 3, 'Epoch': 2, 'Type': 'Fit EDD', 'Details': 'Early diastolic duration rate fit - preMinPnt == spikePnt'}]",,85001,8.5001,-82.56276111851862,19.077200296795482,85020,8.502,32.182649415650786,114.74541053416941,1.900000000000901,85099,8.5099,12.169437193249149,85001,-60.3219278277963,85001,85001,0.0,-82.56276111851862,-82.56276111851862,,,85016,2.116487065089734,232.04306516022828,85028,27.95413667918849,-7.094268225856927,5000.0,500.0,2.0,5000.0,500.0,0.0,"[{'halfHeight': 10, 'risingPnt': np.int64(85006), 'fallingPnt': np.int64(87910), 'widthPnts': np.int64(2904), 'widthMs': np.float64(290.4)}, {'halfHeight': 20, 'risingPnt': np.int64(85011), 'fallingPnt': np.int64(87850), 'widthPnts': np.int64(2839), 'widthMs': np.float64(283.9)}, {'halfHeight': 50, 'risingPnt': np.int64(85015), 'fallingPnt': np.int64(87603), 'widthPnts': np.int64(2588), 'widthMs': np.float64(258.8)}, {'halfHeight': 80, 'risingPnt': np.int64(85017), 'fallingPnt': np.int64(86829), 'widthPnts': np.int64(1812), 'widthMs': np.float64(181.2)}, {'halfHeight': 90, 'risingPnt': np.int64(85017), 'fallingPnt': np.int64(85042), 'widthPnts': np.int64(25), 'widthMs': np.float64(2.5)}]",290.4,283.9,258.8,181.2,2.5,yes,,,,,,unknown,,,
