include=yes;animal_id=;species=;region=;cell_type=;age=;sex=unknown;genotype=;condition=;experiment=;note=;
,file,sweep,epoch,epochLevel,dacCommand,detectionType,dvdtThreshold,mvThreshold,medianFilter,halfHeights,analysisDate,analysisTime,modDate,modTime,sanpy_version,sanpy_git_commit,sanpy_git_dirty,condition,spikeNumber,sweepSpikeNumber,userType,errors,spike_condition,thresholdPnt,thresholdSec,thresholdVal,thresholdVal_dvdt,peakPnt,peakSec,peakVal,peakHeight,timeToPeak_ms,fastAhpPnt,fastAhpSec,fastAhpValue,preMinPnt,preMinVal,preLinearFitPnt0,preLinearFitPnt1,earlyDiastolicDuration_ms,preLinearFitVal0,preLinearFitVal1,earlyDiastolicDurationRate,lateDiastolicDuration,preSpike_dvdt_max_pnt,preSpike_dvdt_max_val,preSpike_dvdt_max_val2,postSpike_dvdt_min_pnt,postSpike_dvdt_min_val,postSpike_dvdt_min_val2,isi_pnts,isi_ms,spikeFreq_hz,cycleLength_pnts,cycleLength_ms,diastolicDuration_ms,widths,widths_10,widths_20,widths_50,widths_80,widths_90,include,animal_id,species,region,cell_type,age,sex,genotype,experiment,note
0,19114001.abf,0,0,0.0,,dvdt,100.0,-20.0,0,"[10, 20, 50, 80, 90]",20260928,19:54:11,,,0.2.8.post45,ceeda3d8b38d399aaf1761b27ed8696acdeb9705,True,,0,0,0,[],,5134,0.2567,-32.348632812499986,9.008290816326499,5163,0.25815,51.46135602678569,83.80998883928567,1.4500000000000068,5321,0.26605,21.222795758928562,3948,-64.89815848214283,4067,4541,23.7,-63.999720982142826,-61.24441964285711,134.9772115013528,,5144,15.991210937499993,166.82278380102025,5165,49.3338448660714,-23.357780612244877,,,,,,59.3,"[{'halfHeight': 10, 'risingPnt': np.int64(5138), 'fallingPnt': np.int64(6319), 'widthPnts': np.int64(1181), 'widthMs': np.float64(59.05)}, {'halfHeight': 20, 'risingPnt': np.int64(5140), 'fallingPnt': np.int64(5983), 'widthPnts': np.int64(843), 'widthMs': np.float64(42.15)}, {'halfHeight': 50, 'risingPnt': np.int64(5144), 'fallingPnt': np.int64(5470), 'widthPnts': np.int64(326), 'widthMs': np.float64(16.3)}, {'halfHeight': 80, 'risingPnt': np.int64(5147), 'fallingPnt': np.int64(5227), 'widthPnts': np.int64(80), 'widthMs': np.float64(4.0)}, {'halfHeight': 90, 'risingPnt': np.int64(5150), 'fallingPnt': np.int64(5192), 'widthPnts': np.int64(42), 'widthMs': np.float64(2.1)}]",59.05,42.15,16.3,4.0,2.1,yes,,,,,,unknown,,,
1,19114001.abf,0,0,0.0,,dvdt,100.0,-20.0,0,"[10, 20, 50, 80, 90]",20260928,19:54:11,,,0.2.8.post45,ceeda3d8b38d399aaf1761b27ed8696acdeb9705,True,,1,1,0,"[{'Spike': 1, 'Seconds': np.float64(0.882), 'Sweep': 0, 'Epoch': 0, 'Type': 'Fast AHP was detected at end of fast AHP window', 'Details': 'Consider increasing the fast AHP window with fastAhpWindow_ms'}]",,17640,0.882,-36.812918526785694,8.719308035714349,17666,0.8833,50.95563616071426,87.76855468749996,1.2999999999999678,17825,0.89125,21.920340401785705,16232,-64.83311244419639,16373,16936,28.15,-63.07547433035711,-61.99428013392854,64.62156593762174,,17654,14.299665178571422,141.03356186224477,17776,27.51813616071427,-20.976163903061227,12506.0,625.3,1.5992323684631378,12284.0,614.2,70.4,"[{'halfHeight': 10, 'risingPnt': np.int64(17646), 'fallingPnt': np.int64(18959), 'widthPnts': np.int64(1313), 'widthMs': np.float64(65.65)}, {'halfHeight': 20, 'risingPnt': np.int64(17649), 'fallingPnt': np.int64(18628), 'widthPnts': np.int64(979), 'widthMs': np.float64(48.95)}, {'halfHeight': 50, 'risingPnt': np.int64(17653), 'fallingPnt': np.int64(18021), 'widthPnts': np.int64(368), 'widthMs': np.float64(18.4)}, {'halfHeight': 80, 'risingPnt': np.int64(17658), 'fallingPnt': np.int64(17741), 'widthPnts': np.int64(83), 'widthMs': np.float64(4.15)}, {'halfHeight': 90, 'risingPnt': np.int64(17660), 'fallingPnt': np.int64(17705), 'widthPnts': np.int64(45), 'widthMs': np.float64(2.25)}]",65.65,48.95,18.4,4.15,2.25,yes,,,,,,unknown,,,
2,19114001.abf,0,1,0.0,,dvdt,100.0,-20.0,0,"[10, 20, 50, 80, 90]",20260928,19:54:11,,,0.2.8.post45,ceeda3d8b38d399aaf1761b27ed8696acdeb9705,True,,2,2,0,[],,30474,1.5237,-33.65652901785713,8.370535714285674,30501,1.52505,50.606863839285694,84.26339285714283,1.3499999999999623,30659,1.53295,19.635881696428562,29255,-64.44998604910711,29377,29865,24.4,-63.33705357142854,-61.68038504464283,47.19943212050472,,30485,12.36397879464285,153.87834821428555,30578,31.808035714285698,-21.265146683673457,12834.0,641.7,1.5583606046439145,13023.0,651.15,60.95,"[{'halfHeight': 10, 'risingPnt': np.int64(30479), 'fallingPnt': np.int64(31765), 'widthPnts': np.int64(1286), 'widthMs': np.float64(64.3)}, {'halfHeight': 20, 'risingPnt': np.int64(30481), 'fallingPnt': np.int64(31395), 'widthPnts': np.int64(914), 'widthMs': np.float64(45.7)}, {'halfHeight': 50, 'risingPnt': np.int64(30485), 'fallingPnt': np.int64(30782), 'widthPnts': np.int64(297), 'widthMs': np.float64(14.85)}, {'halfHeight': 80, 'risingPnt': np.int64(30489), 'fallingPnt': np.int64(30569), 'widthPnts': np.int64(80), 'widthMs': np.float64(4.0)}, {'halfHeight': 90, 'risingPnt': np.int64(30491), 'fallingPnt': np.int64(30535), 'widthPnts': np.int64(44), 'widthMs': np.float64(2.2)}]",64.3,45.7,14.85,4.0,2.2,yes,,,,,,unknown,,,
3,19114001.abf,0,1,0.0,,dvdt,100.0,-20.0,0,"[10, 20, 50, 80, 90]",20260928,19:54:11,,,0.2.8.post45,ceeda3d8b38d399aaf1761b27ed8696acdeb9705,True,,3,3,0,[],,44726,2.2363000000000004,-36.882672991071416,13.133769132652988,44754,2.2377,51.1648995535714,88.04757254464282,1.3999999999994017,44909,2.24545,21.519252232142847,43915,-64.5757184709821,43996,44321,16.25,-62.49999999999997,-60.63406808035712,182.62068174597147,,44740,15.677315848214278,155.93112244897947,44821,34.388950892857125,-21.01602359693871,14252.0,712.6,1.4033118158854898,14660.0,733.0,40.55,"[{'halfHeight': 10, 'risingPnt': np.int64(44732), 'fallingPnt': np.int64(46081), 'widthPnts': np.int64(1349), 'widthMs': np.float64(67.45)}, {'halfHeight': 20, 'risingPnt': np.int64(44735), 'fallingPnt': np.int64(45728), 'widthPnts': np.int64(993), 'widthMs': np.float64(49.65)}, {'halfHeight': 50, 'risingPnt': np.int64(44739), 'fallingPnt': np.int64(45113), 'widthPnts': np.int64(374), 'widthMs': np.float64(18.7)}, {'halfHeight': 80, 'risingPnt': np.int64(44743), 'fallingPnt': np.int64(44829), 'widthPnts': np.int64(86), 'widthMs': np.float64(4.3)}, {'halfHeight': 90, 'risingPnt': np.int64(44745), 'fallingPnt': np.int64(44791), 'widthPnts': np.int64(46), 'widthMs': np.float64(2.3)}]",67.45,49.65,18.7,4.3,2.3,yes,,,,,,unknown,,,
4,19114001.abf,0,1,0.0,,dvdt,100.0,-20.0,0,"[10, 20, 50, 80, 90]",20260928,19:54:11,,,0.2.8.post45,ceeda3d8b38d399aaf1761b27ed8696acdeb9705,True,,4,4,0,"[{'Spike': 4, 'Seconds': np.float64(2.9094), 'Sweep': 0, 'Epoch': 1, 'Type': 'Fast AHP was detected at end of fast AHP window', 'Details': 'Consider increasing the fast AHP window with fastAhpWindow_ms'}]",,58189,2.9094499999999996,-37.49302455357141,12.486049107142863,58225,2.91125,49.24665178571426,86.73967633928567,1.8000000000002458,58384,2.9192,20.368303571428562,56370,-64.09563337053568,56552,57280,36.4,-62.49999999999997,-60.947963169642826,35.15088003277184,,58205,16.02608816964285,149.41406249999983,58273,38.155691964285694,-22.241709183673507,13463.0,673.15,1.4855529971031716,12455.0,622.75,90.95,"[{'halfHeight': 10, 'risingPnt': np.int64(58196), 'fallingPnt': np.int64(59675), 'widthPnts': np.int64(1479), 'widthMs': np.float64(73.95)}, {'halfHeight': 20, 'risingPnt': np.int64(58199), 'fallingPnt': np.int64(59219), 'widthPnts': np.int64(1020), 'widthMs': np.float64(51.0)}, {'halfHeight': 50, 'risingPnt': np.int64(58204), 'fallingPnt': np.int64(58570), 'widthPnts': np.int64(366), 'widthMs': np.float64(18.3)}, {'halfHeight': 80, 'risingPnt': np.int64(58208), 'fallingPnt': np.int64(58304), 'widthPnts': np.int64(96), 'widthMs': np.float64(4.8)}, {'halfHeight': 90, 'risingPnt': np.int64(58210), 'fallingPnt': np.int64(58258), 'widthPnts': np.int64(48), 'widthMs': np.float64(2.4)}]",73.95,51.0,18.3,4.8,2.4,yes,,,,,,unknown,,,
5,19114001.abf,0,1,0.0,,dvdt,100.0,-20.0,0,"[10, 20, 50, 80, 90]",20260928,19:54:11,,,0.2.8.post45,ceeda3d8b38d399aaf1761b27ed8696acdeb9705,True,,5,5,0,[],,69742,3.4871,-34.423828124999986,8.599728954081595,69772,3.4886,49.54310825892855,83.96693638392853,1.5000000000000568,69930,3.4965,23.856026785714274,68689,-64.54816545758926,68794,69215,21.05,-64.08691406249997,-59.65750558035712,157.95824438988632,,69754,11.579241071428566,144.61096938775495,69797,44.015066964285694,-17.368861607142914,11553.0,577.65,1.7311520817103783,12319.0,615.95,52.65,"[{'halfHeight': 10, 'risingPnt': np.int64(69747), 'fallingPnt': np.int64(71018), 'widthPnts': np.int64(1271), 'widthMs': np.float64(63.55)}, {'halfHeight': 20, 'risingPnt': np.int64(69750), 'fallingPnt': np.int64(70744), 'widthPnts': np.int64(994), 'widthMs': np.float64(49.7)}, {'halfHeight': 50, 'risingPnt': np.int64(69754), 'fallingPnt': np.int64(70139), 'widthPnts': np.int64(385), 'widthMs': np.float64(19.25)}, {'halfHeight': 80, 'risingPnt': np.int64(69758), 'fallingPnt': np.int64(69856), 'widthPnts': np.int64(98), 'widthMs': np.float64(4.9)}, {'halfHeight': 90, 'risingPnt': np.int64(69760), 'fallingPnt': np.int64(69812), 'widthPnts': np.int64(52), 'widthMs': np.float64(2.6)}]",63.55,49.7,19.25,4.9,2.6,yes,,,,,,unknown,,,
6,19114001.abf,0,1,0.0,,dvdt,100.0,-20.0,0,"[10, 20, 50, 80, 90]",20260928,19:54:11,,,0.2.8.post45,ceeda3d8b38d399aaf1761b27ed8696acdeb9705,True,,6,6,0,[],,80924,4.0462,-35.67940848214284,11.947943239795897,80956,4.0478000000000005,49.47335379464283,85.15276227678567,1.600000000000712,81113,4.05565,22.269112723214274,79616,-64.45818219866068,79747,80270,26.15,-62.273297991071395,-60.16322544642855,106.65972735835544,,80938,18.415178571428562,137.29671556122437,80978,43.94531249999998,-20.16900510204076,11182.0,559.1,1.7885888034340904,10927.0,546.35,65.4,"[{'halfHeight': 10, 'risingPnt': np.int64(80930), 'fallingPnt': np.int64(82249), 'widthPnts': np.int64(1319), 'widthMs': np.float64(65.95)}, {'halfHeight': 20, 'risingPnt': np.int64(80932), 'fallingPnt': np.int64(81918), 'widthPnts': np.int64(986), 'widthMs': np.float64(49.3)}, {'halfHeight': 50, 'risingPnt': np.int64(80937), 'fallingPnt': np.int64(81318), 'widthPnts': np.int64(381), 'widthMs': np.float64(19.05)}, {'halfHeight': 80, 'risingPnt': np.int64(80941), 'fallingPnt': np.int64(81034), 'widthPnts': np.int64(93), 'widthMs': np.float64(4.65)}, {'halfHeight': 90, 'risingPnt': np.int64(80943), 'fallingPnt': np.int64(80990), 'widthPnts': np.int64(47), 'widthMs': np.float64(2.35)}]",65.95,49.3,19.05,4.65,2.35,yes,,,,,,unknown,,,
7,19114001.abf,0,1,0.0,,dvdt,100.0,-20.0,0,"[10, 20, 50, 80, 90]",20260928,19:54:11,,,0.2.8.post45,ceeda3d8b38d399aaf1761b27ed8696acdeb9705,True,,7,7,0,"[{'Spike': 7, 'Seconds': np.float64(4.6515), 'Sweep': 0, 'Epoch': 1, 'Type': 'Fast AHP was detected at end of fast AHP window', 'Details': 'Consider increasing the fast AHP window with fastAhpWindow_ms'}]",,93030,4.6515,-34.10993303571427,12.366470025510157,93056,4.6528,50.0662667410714,84.17619977678567,1.2999999999996348,93215,4.66075,20.99609374999999,91919,-64.73981584821425,92030,92475,22.25,-64.40080915178568,-59.866768973214256,85.69075082197458,,93042,13.48005022321428,153.5096460459182,93075,45.70661272321426,-24.722975127551017,12106.0,605.3,1.6520733520568314,12303.0,615.15,55.55,"[{'halfHeight': 10, 'risingPnt': np.int64(93035), 'fallingPnt': np.int64(94274), 'widthPnts': np.int64(1239), 'widthMs': np.float64(61.95)}, {'halfHeight': 20, 'risingPnt': np.int64(93038), 'fallingPnt': np.int64(93975), 'widthPnts': np.int64(937), 'widthMs': np.float64(46.85)}, {'halfHeight': 50, 'risingPnt': np.int64(93042), 'fallingPnt': np.int64(93377), 'widthPnts': np.int64(335), 'widthMs': np.float64(16.75)}, {'halfHeight': 80, 'risingPnt': np.int64(93046), 'fallingPnt': np.int64(93131), 'widthPnts': np.int64(85), 'widthMs': np.float64(4.25)}, {'halfHeight': 90, 'risingPnt': np.int64(93048), 'fallingPnt': np.int64(93090), 'widthPnts': np.int64(42), 'widthMs': np.float64(2.1)}]",61.95,46.85,16.75,4.25,2.1,yes,,,,,,unknown,,,
8,19114001.abf,0,1,0.0,,dvdt,100.0,-20.0,0,"[10, 20, 50, 80, 90]",20260928,19:54:11,,,0.2.8.post45,ceeda3d8b38d399aaf1761b27ed8696acdeb9705,True,,8,8,0,[],,106611,5.330550000000001,-34.10993303571427,5.251514668367314,106638,5.331899999999999,49.630301339285694,83.74023437499997,1.34999999999863,106795,5.33975,19.98465401785713,105488,-64.1835239955357,105600,106050,22.5,-62.58719308035712,-61.38392857142854,103.51007355063132,,106623,15.206473214285708,151.45687181122435,106692,36.37695312499998,-24.722975127550995,13581.0,679.05,1.4726456078344747,13569.0,678.45,56.15,"[{'halfHeight': 10, 'risingPnt': np.int64(106616), 'fallingPnt': np.int64(107952), 'widthPnts': np.int64(1336), 'widthMs': np.float64(66.8)}, {'halfHeight': 20, 'risingPnt': np.int64(106618), 'fallingPnt': np.int64(107532), 'widthPnts': np.int64(914), 'widthMs': np.float64(45.7)}, {'halfHeight': 50, 'risingPnt': np.int64(106623), 'fallingPnt': np.int64(106951), 'widthPnts': np.int64(328), 'widthMs': np.float64(16.4)}, {'halfHeight': 80, 'risingPnt': np.int64(106627), 'fallingPnt': np.int64(106708), 'widthPnts': np.int64(81), 'widthMs': np.float64(4.05)}, {'halfHeight': 90, 'risingPnt': np.int64(106628), 'fallingPnt': np.int64(106673), 'widthPnts': np.int64(45), 'widthMs': np.float64(2.25)}]",66.8,45.7,16.4,4.05,2.25,yes,,,,,,unknown,,,
9,19114001.abf,0,1,0.0,,dvdt,100.0,-20.0,0,"[10, 20, 50, 80, 90]",20260928,19:54:11,,,0.2.8.post45,ceeda3d8b38d399aaf1761b27ed8696acdeb9705,True,,9,9,0,[],,116280,5.814,-35.78404017857141,14.259805484693944,116308,5.8153999999999995,49.42103794642855,85.20507812499996,1.3999999999994017,116463,5.82315,22.56556919642856,114957,-63.991873604910694,115089,115619,26.5,-61.9070870535714,-60.58175223214283,80.38329510431132,,116295,17.560686383928562,144.5312499999999,116503,18.69419642857142,-24.234693877550995,9669.0,483.45,2.068466232288758,9469.0,473.45,66.15,"[{'halfHeight': 10, 'risingPnt': np.int64(116286), 'fallingPnt': np.int64(117688), 'widthPnts': np.int64(1402), 'widthMs': np.float64(70.1)}, {'halfHeight': 20, 'risingPnt': np.int64(116289), 'fallingPnt': np.int64(117304), 'widthPnts': np.int64(1015), 'widthMs': np.float64(50.75)}, {'halfHeight': 50, 'risingPnt': np.int64(116294), 'fallingPnt': np.int64(116692), 'widthPnts': np.int64(398), 'widthMs': np.float64(19.9)}, {'halfHeight': 80, 'risingPnt': np.int64(116298), 'fallingPnt': np.int64(116390), 'widthPnts': np.int64(92), 'widthMs': np.float64(4.6)}, {'halfHeight': 90, 'risingPnt': np.int64(116300), 'fallingPnt': np.int64(116346), 'widthPnts': np.int64(46), 'widthMs': np.float64(2.3)}]",70.1,50.75,19.9,4.6,2.3,yes,,,,,,unknown,,,
10,19114001.abf,0,1,0.0,,dvdt,100.0,-20.0,0,"[10, 20, 50, 80, 90]",20260928,19:54:11,,,0.2.8.post45,ceeda3d8b38d399aaf1761b27ed8696acdeb9705,True,,10,10,0,[],,124977,6.24885,-34.3715122767857,9.55636160714278,125007,6.25035,46.73549107142855,81.10700334821425,1.5000000000000568,125165,6.25825,22.56556919642856,123865,-62.47802734374997,123976,124421,22.25,-61.85477120535712,-58.45424107142854,124.89722254529737,,124991,15.363420758928564,130.71986607142844,125149,24.16992187499999,-21.28507653061222,8697.0,434.85,2.2996435552489363,8908.0,445.4,55.6,"[{'halfHeight': 10, 'risingPnt': np.int64(124983), 'fallingPnt': np.int64(126382), 'widthPnts': np.int64(1399), 'widthMs': np.float64(69.95)}, {'halfHeight': 20, 'risingPnt': np.int64(124985), 'fallingPnt': np.int64(126065), 'widthPnts': np.int64(1080), 'widthMs': np.float64(54.0)}, {'halfHeight': 50, 'risingPnt': np.int64(124990), 'fallingPnt': np.int64(125422), 'widthPnts': np.int64(432), 'widthMs': np.float64(21.6)}, {'halfHeight': 80, 'risingPnt': np.int64(124994), 'fallingPnt': np.int64(125091), 'widthPnts': np.int64(97), 'widthMs': np.float64(4.85)}, {'halfHeight': 90, 'risingPnt': np.int64(124997), 'fallingPnt': np.int64(125047), 'widthPnts': np.int64(50), 'widthMs': np.float64(2.5)}]",69.95,54.0,21.6,4.85,2.5,yes,,,,,,unknown,,,
11,19114001.abf,0,1,0.0,,dvdt,100.0,-20.0,0,"[10, 20, 50, 80, 90]",20260928,19:54:11,,,0.2.8.post45,ceeda3d8b38d399aaf1761b27ed8696acdeb9705,True,,11,11,0,[],,133265,6.66325,-33.412388392857125,11.748644770408166,133293,6.66465,46.52622767857141,79.93861607142853,1.40000000000029,133449,6.6724499999999995,24.100167410714274,131885,-63.52870396205354,132023,132575,27.6,-61.83733258928569,-59.76213727678569,94.68998656167145,,133278,14.31710379464285,139.14022640306112,133387,30.3431919642857,-17.348931760204067,8288.0,414.4,2.413127413127413,8020.0,401.0,69.0,"[{'halfHeight': 10, 'risingPnt': np.int64(133270), 'fallingPnt': np.int64(134636), 'widthPnts': np.int64(1366), 'widthMs': np.float64(68.3)}, {'halfHeight': 20, 'risingPnt': np.int64(133273), 'fallingPnt': np.int64(134384), 'widthPnts': np.int64(1111), 'widthMs': np.float64(55.55)}, {'halfHeight': 50, 'risingPnt': np.int64(133277), 'fallingPnt': np.int64(133752), 'widthPnts': np.int64(475), 'widthMs': np.float64(23.75)}, {'halfHeight': 80, 'risingPnt': np.int64(133281), 'fallingPnt': np.int64(133387), 'widthPnts': np.int64(106), 'widthMs': np.float64(5.3)}, {'halfHeight': 90, 'risingPnt': np.int64(133284), 'fallingPnt': np.int64(133338), 'widthPnts': np.int64(54), 'widthMs': np.float64(2.7)}]",68.3,55.55,23.75,5.3,2.7,yes,,,,,,unknown,,,
12,19114001.abf,0,1,0.0,,dvdt,100.0,-20.0,0,"[10, 20, 50, 80, 90]",20260928,19:54:11,,,0.2.8.post45,ceeda3d8b38d399aaf1761b27ed8696acdeb9705,True,,12,12,0,"[{'Spike': 12, 'Seconds': np.float64(7.2825), 'Sweep': 0, 'Epoch': 1, 'Type': 'Fast AHP was detected at end of fast AHP window', 'Details': 'Consider increasing the fast AHP window with fastAhpWindow_ms'}]",,145650,7.2825,-34.92954799107141,14.508928571428543,145681,7.284050000000001,49.80468749999997,84.73423549107139,1.5500000000008285,145840,7.292,21.711077008928562,144781,-64.05639648437497,144868,145215,17.35,-61.59319196428569,-60.25041852678569,184.59891092521318,,145662,13.671874999999993,150.39062499999983,145966,11.492047991071423,-21.952726403061202,12385.0,619.25,1.6148566814695198,12896.0,644.8,43.45,"[{'halfHeight': 10, 'risingPnt': np.int64(145655), 'fallingPnt': np.int64(147145), 'widthPnts': np.int64(1490), 'widthMs': np.float64(74.5)}, {'halfHeight': 20, 'risingPnt': np.int64(145658), 'fallingPnt': np.int64(146712), 'widthPnts': np.int64(1054), 'widthMs': np.float64(52.7)}, {'halfHeight': 50, 'risingPnt': np.int64(145662), 'fallingPnt': np.int64(146026), 'widthPnts': np.int64(364), 'widthMs': np.float64(18.2)}, {'halfHeight': 80, 'risingPnt': np.int64(145666), 'fallingPnt': np.int64(145757), 'widthPnts': np.int64(91), 'widthMs': np.float64(4.55)}, {'halfHeight': 90, 'risingPnt': np.int64(145668), 'fallingPnt': np.int64(145715), 'widthPnts': np.int64(47), 'widthMs': np.float64(2.35)}]",74.5,52.7,18.2,4.55,2.35,yes,,,,,,unknown,,,
13,19114001.abf,0,1,0.0,,dvdt,100.0,-20.0,0,"[10, 20, 50, 80, 90]",20260928,19:54:11,,,0.2.8.post45,ceeda3d8b38d399aaf1761b27ed8696acdeb9705,True,,13,13,0,"[{'Spike': 13, 'Seconds': np.float64(7.899), 'Sweep': 0, 'Epoch': 1, 'Type': 'Fast AHP was detected at end of fast AHP window', 'Details': 'Consider increasing the fast AHP window with fastAhpWindow_ms'}]",,157979,7.89895,-37.423270089285694,9.207589285714286,158012,7.900600000000001,48.91531808035712,86.3385881696428,1.6500000000005954,158171,7.90855,22.94921874999999,156647,-63.990304129464256,156780,157313,26.65,-62.84877232142854,-59.16922433035712,64.81382789220513,,157995,16.845703124999993,132.00534119897947,158294,14.160156249999993,-21.623883928571406,12329.0,616.45,1.6221915808256955,11866.0,593.3,66.6,"[{'halfHeight': 10, 'risingPnt': np.int64(157986), 'fallingPnt': np.int64(159402), 'widthPnts': np.int64(1416), 'widthMs': np.float64(70.8)}, {'halfHeight': 20, 'risingPnt': np.int64(157989), 'fallingPnt': np.int64(159105), 'widthPnts': np.int64(1116), 'widthMs': np.float64(55.8)}, {'halfHeight': 50, 'risingPnt': np.int64(157994), 'fallingPnt': np.int64(158442), 'widthPnts': np.int64(448), 'widthMs': np.float64(22.4)}, {'halfHeight': 80, 'risingPnt': np.int64(157998), 'fallingPnt': np.int64(158095), 'widthPnts': np.int64(97), 'widthMs': np.float64(4.85)}, {'halfHeight': 90, 'risingPnt': np.int64(158000), 'fallingPnt': np.int64(158050), 'widthPnts': np.int64(50), 'widthMs': np.float64(2.5)}]",70.8,55.8,22.4,4.85,2.5,yes,,,,,,unknown,,,
14,19114001.abf,0,1,0.0,,dvdt,100.0,-20.0,0,"[10, 20, 50, 80, 90]",20260928,19:54:11,,,0.2.8.post45,ceeda3d8b38d399aaf1761b27ed8696acdeb9705,True,,14,14,0,[],,170688,8.5344,-38.940429687499986,4.10554846938773,170717,8.53585,49.97907366071426,88.91950334821425,1.4500000000001734,170870,8.5435,21.62388392857142,169390,-64.52828543526783,169520,170039,25.95,-63.30217633928568,-60.6863839285714,91.47993264135447,,170705,17.804827008928562,142.41868622448968,170757,40.44015066964284,-24.6233258928571,12709.0,635.45,1.5736879376819575,12743.0,637.15,64.9,"[{'halfHeight': 10, 'risingPnt': np.int64(170696), 'fallingPnt': np.int64(172175), 'widthPnts': np.int64(1479), 'widthMs': np.float64(73.95)}, {'halfHeight': 20, 'risingPnt': np.int64(170699), 'fallingPnt': np.int64(171710), 'widthPnts': np.int64(1011), 'widthMs': np.float64(50.55)}, {'halfHeight': 50, 'risingPnt': np.int64(170704), 'fallingPnt': np.int64(171080), 'widthPnts': np.int64(376), 'widthMs': np.float64(18.8)}, {'halfHeight': 80, 'risingPnt': np.int64(170708), 'fallingPnt': np.int64(170803), 'widthPnts': np.int64(95), 'widthMs': np.float64(4.75)}, {'halfHeight': 90, 'risingPnt': np.int64(170710), 'fallingPnt': np.int64(170757), 'widthPnts': np.int64(47), 'widthMs': np.float64(2.35)}]",73.95,50.55,18.8,4.75,2.35,yes,,,,,,unknown,,,
15,19114001.abf,0,1,0.0,,dvdt,100.0,-20.0,0,"[10, 20, 50, 80, 90]",20260928,19:54:11,,,0.2.8.post45,ceeda3d8b38d399aaf1761b27ed8696acdeb9705,True,,15,15,0,[],,183884,9.1942,-37.99874441964284,14.010682397959144,183912,9.1956,50.22321428571426,88.22195870535711,1.40000000000029,184070,9.2035,20.682198660714278,182764,-64.63117327008926,182876,183324,22.4,-62.796456473214256,-60.28529575892854,114.54889529352762,,183899,13.619559151785708,153.86838329081618,184212,8.597237723214281,-24.92227359693876,13196.0,659.8,1.515610791148833,13374.0,668.7,56.0,"[{'halfHeight': 10, 'risingPnt': np.int64(183891), 'fallingPnt': np.int64(185253), 'widthPnts': np.int64(1362), 'widthMs': np.float64(68.1)}, {'halfHeight': 20, 'risingPnt': np.int64(183894), 'fallingPnt': np.int64(184835), 'widthPnts': np.int64(941), 'widthMs': np.float64(47.05)}, {'halfHeight': 50, 'risingPnt': np.int64(183899), 'fallingPnt': np.int64(184256), 'widthPnts': np.int64(357), 'widthMs': np.float64(17.85)}, {'halfHeight': 80, 'risingPnt': np.int64(183902), 'fallingPnt': np.int64(183989), 'widthPnts': np.int64(87), 'widthMs': np.float64(4.35)}, {'halfHeight': 90, 'risingPnt': np.int64(183905), 'fallingPnt': np.int64(183950), 'widthPnts': np.int64(45), 'widthMs': np.float64(2.25)}]",68.1,47.05,17.85,4.35,2.25,yes,,,,,,unknown,,,
16,19114001.abf,0,1,0.0,,dvdt,100.0,-20.0,0,"[10, 20, 50, 80, 90]",20260928,19:54:11,,,0.2.8.post45,ceeda3d8b38d399aaf1761b27ed8696acdeb9705,True,,16,16,0,[],,197444,9.872200000000001,-35.243443080357125,10.34359056122446,197475,9.87375,49.874441964285694,85.11788504464282,1.549999999998164,197633,9.88165,19.374302455357135,196483,-63.937465122767826,196579,196963,19.2,-63.18010602678568,-60.232979910714256,161.73945352993152,,197457,15.729631696428564,148.98557079081615,197778,7.1847098214285685,-20.53770727040814,13560.0,678.0,1.4749262536873156,13719.0,685.95,48.05,"[{'halfHeight': 10, 'risingPnt': np.int64(197450), 'fallingPnt': np.int64(198672), 'widthPnts': np.int64(1222), 'widthMs': np.float64(61.1)}, {'halfHeight': 20, 'risingPnt': np.int64(197452), 'fallingPnt': np.int64(198313), 'widthPnts': np.int64(861), 'widthMs': np.float64(43.05)}, {'halfHeight': 50, 'risingPnt': np.int64(197456), 'fallingPnt': np.int64(197778), 'widthPnts': np.int64(322), 'widthMs': np.float64(16.1)}, {'halfHeight': 80, 'risingPnt': np.int64(197460), 'fallingPnt': np.int64(197545), 'widthPnts': np.int64(85), 'widthMs': np.float64(4.25)}, {'halfHeight': 90, 'risingPnt': np.int64(197462), 'fallingPnt': np.int64(197510), 'widthPnts': np.int64(48), 'widthMs': np.float64(2.4)}]",61.1,43.05,16.1,4.25,2.4,yes,,,,,,unknown,,,
17,19114001.abf,0,1,0.0,,dvdt,100.0,-20.0,0,"[10, 20, 50, 80, 90]",20260928,19:54:11,,,0.2.8.post45,ceeda3d8b38d399aaf1761b27ed8696acdeb9705,True,,17,17,0,"[{'Spike': 17, 'Seconds': np.float64(10.3468), 'Sweep': 0, 'Epoch': 1, 'Type': 'Fast AHP was detected at end of fast AHP window', 'Details': 'Consider increasing the fast AHP window with fastAhpWindow_ms'}]",,206936,10.3468,-38.01618303571427,8.290816326530582,206976,10.348799999999999,48.02594866071426,86.04213169642853,1.9999999999988916,207135,10.35675,20.821707589285705,205691,-63.7076241629464,205815,206313,24.9,-61.61063058035711,-58.45424107142854,108.15586221584569,,206954,18.711635044642847,125.84701849489787,207019,37.562779017857125,-27.582908163265245,9492.0,474.6,2.1070375052675936,9208.0,460.4,62.25,"[{'halfHeight': 10, 'risingPnt': np.int64(206944), 'fallingPnt': np.int64(208386), 'widthPnts': np.int64(1442), 'widthMs': np.float64(72.1)}, {'halfHeight': 20, 'risingPnt': np.int64(206947), 'fallingPnt': np.int64(207977), 'widthPnts': np.int64(1030), 'widthMs': np.float64(51.5)}, {'halfHeight': 50, 'risingPnt': np.int64(206952), 'fallingPnt': np.int64(207358), 'widthPnts': np.int64(406), 'widthMs': np.float64(20.3)}, {'halfHeight': 80, 'risingPnt': np.int64(206957), 'fallingPnt': np.int64(207054), 'widthPnts': np.int64(97), 'widthMs': np.float64(4.85)}, {'halfHeight': 90, 'risingPnt': np.int64(206959), 'fallingPnt': np.int64(207006), 'widthPnts': np.int64(47), 'widthMs': np.float64(2.35)}]",72.1,51.5,20.3,4.85,2.35,yes,,,,,,unknown,,,
18,19114001.abf,0,1,0.0,,dvdt,100.0,-20.0,0,"[10, 20, 50, 80, 90]",20260928,19:54:11,,,0.2.8.post45,ceeda3d8b38d399aaf1761b27ed8696acdeb9705,True,,18,18,0,[],,216304,10.8152,-33.25544084821427,10.07453762755099,216334,10.8167,47.41559709821426,80.67103794642853,1.5000000000000568,216491,10.824549999999999,23.40262276785713,215176,-63.23085239955353,215289,215740,22.55,-61.436244419642826,-57.35560825892855,156.05091400926688,,216318,19.478934151785705,122.64827806122437,216570,17.647879464285705,-20.198899872448955,9368.0,468.4,2.134927412467976,9485.0,474.25,56.4,"[{'halfHeight': 10, 'risingPnt': np.int64(216309), 'fallingPnt': np.int64(217673), 'widthPnts': np.int64(1364), 'widthMs': np.float64(68.2)}, {'halfHeight': 20, 'risingPnt': np.int64(216312), 'fallingPnt': np.int64(217357), 'widthPnts': np.int64(1045), 'widthMs': np.float64(52.25)}, {'halfHeight': 50, 'risingPnt': np.int64(216316), 'fallingPnt': np.int64(216760), 'widthPnts': np.int64(444), 'widthMs': np.float64(22.2)}, {'halfHeight': 80, 'risingPnt': np.int64(216321), 'fallingPnt': np.int64(216420), 'widthPnts': np.int64(99), 'widthMs': np.float64(4.95)}, {'halfHeight': 90, 'risingPnt': np.int64(216323), 'fallingPnt': np.int64(216376), 'widthPnts': np.int64(53), 'widthMs': np.float64(2.65)}]",68.2,52.25,22.2,4.95,2.65,yes,,,,,,unknown,,,
19,19114001.abf,0,1,0.0,,dvdt,100.0,-20.0,0,"[10, 20, 50, 80, 90]",20260928,19:54:11,,,0.2.8.post45,ceeda3d8b38d399aaf1761b27ed8696acdeb9705,True,,19,19,0,[],,229187,11.45935,-38.24288504464284,14.22991071428569,229217,11.46085,50.81612723214283,89.05901227678567,1.5000000000000568,229375,11.46875,22.687639508928562,228392,-64.51660156249997,228472,228790,15.9,-63.07547433035711,-59.65750558035712,232.9691933324992,,229203,11.87569754464285,155.68199936224474,229253,42.27120535714284,-18.375318877550985,12883.0,644.15,1.552433439416285,13216.0,660.8,39.75,"[{'halfHeight': 10, 'risingPnt': np.int64(229195), 'fallingPnt': np.int64(230690), 'widthPnts': np.int64(1495), 'widthMs': np.float64(74.75)}, {'halfHeight': 20, 'risingPnt': np.int64(229198), 'fallingPnt': np.int64(230292), 'widthPnts': np.int64(1094), 'widthMs': np.float64(54.7)}, {'halfHeight': 50, 'risingPnt': np.int64(229203), 'fallingPnt': np.int64(229585), 'widthPnts': np.int64(382), 'widthMs': np.float64(19.1)}, {'halfHeight': 80, 'risingPnt': np.int64(229207), 'fallingPnt': np.int64(229299), 'widthPnts': np.int64(92), 'widthMs': np.float64(4.6)}, {'halfHeight': 90, 'risingPnt': np.int64(229209), 'fallingPnt': np.int64(229254), 'widthPnts': np.int64(45), 'widthMs': np.float64(2.25)}]",74.75,54.7,19.1,4.6,2.25,yes,,,,,,unknown,,,
20,19114001.abf,0,1,0.0,,dvdt,100.0,-20.0,0,"[10, 20, 50, 80, 90]",20260928,19:54:11,,,0.2.8.post45,ceeda3d8b38d399aaf1761b27ed8696acdeb9705,True,,20,20,0,"[{'Spike': 20, 'Seconds': np.float64(11.957), 'Sweep': 0, 'Epoch': 1, 'Type': 'Fit EDD', 'Details': 'Early diastolic duration rate fit - Too low 7.675<=8'}]",,239141,11.957049999999999,-35.592215401785694,11.888153698979618,239171,11.958549999999999,47.95619419642855,83.54840959821425,1.5000000000000568,239323,11.966149999999999,22.79227120535713,236777,-64.12301199776785,237013,237959,47.3,-62.58719308035711,-61.83733258928569,7.675473218902215,,239154,5.33621651785714,133.17123724489784,239265,29.71540178571427,-25.211256377550995,9954.0,497.7,2.00924251557163,8385.0,419.25,118.2,"[{'halfHeight': 10, 'risingPnt': np.int64(239146), 'fallingPnt': np.int64(240576), 'widthPnts': np.int64(1430), 'widthMs': np.float64(71.5)}, {'halfHeight': 20, 'risingPnt': np.int64(239150), 'fallingPnt': np.int64(240249), 'widthPnts': np.int64(1099), 'widthMs': np.float64(54.95)}, {'halfHeight': 50, 'risingPnt': np.int64(239155), 'fallingPnt': np.int64(239582), 'widthPnts': np.int64(427), 'widthMs': np.float64(21.35)}, {'halfHeight': 80, 'risingPnt': np.int64(239159), 'fallingPnt': np.int64(239252), 'widthPnts': np.int64(93), 'widthMs': np.float64(4.65)}, {'halfHeight': 90, 'risingPnt': np.int64(239161), 'fallingPnt': np.int64(239216), 'widthPnts': np.int64(55), 'widthMs': np.float64(2.75)}]",71.5,54.95,21.35,4.65,2.75,yes,,,,,,unknown,,,
21,19114001.abf,0,1,0.0,,dvdt,100.0,-20.0,0,"[10, 20, 50, 80, 90]",20260928,19:54:11,,,0.2.8.post45,ceeda3d8b38d399aaf1761b27ed8696acdeb9705,True,,21,21,0,[],,253547,12.67735,-35.08649553571427,16.711176658163208,253573,12.67865,50.57198660714283,85.65848214285711,1.2999999999987466,253728,12.686399999999999,22.530691964285705,252325,-64.64093889508926,252447,252936,24.45,-63.28473772321425,-61.540876116071395,90.53679388375834,,253560,20.246233258928562,167.70966198979576,253639,35.714285714285694,-24.194834183673464,14406.0,720.3,1.3883104262113009,15548.0,777.4,61.1,"[{'halfHeight': 10, 'risingPnt': np.int64(253552), 'fallingPnt': np.int64(254942), 'widthPnts': np.int64(1390), 'widthMs': np.float64(69.5)}, {'halfHeight': 20, 'risingPnt': np.int64(253555), 'fallingPnt': np.int64(254552), 'widthPnts': np.int64(997), 'widthMs': np.float64(49.85)}, {'halfHeight': 50, 'risingPnt': np.int64(253559), 'fallingPnt': np.int64(253922), 'widthPnts': np.int64(363), 'widthMs': np.float64(18.15)}, {'halfHeight': 80, 'risingPnt': np.int64(253563), 'fallingPnt': np.int64(253649), 'widthPnts': np.int64(86), 'widthMs': np.float64(4.3)}, {'halfHeight': 90, 'risingPnt': np.int64(253565), 'fallingPnt': np.int64(253612), 'widthPnts': np.int64(47), 'widthMs': np.float64(2.35)}]",69.5,49.85,18.15,4.3,2.35,yes,,,,,,unknown,,,
22,19114001.abf,0,1,0.0,,dvdt,100.0,-20.0,0,"[10, 20, 50, 80, 90]",20260928,19:54:11,,,0.2.8.post45,ceeda3d8b38d399aaf1761b27ed8696acdeb9705,True,,22,22,0,"[{'Spike': 22, 'Seconds': np.float64(13.1616), 'Sweep': 0, 'Epoch': 1, 'Type': 'Fast AHP was detected at end of fast AHP window', 'Details': 'Consider increasing the fast AHP window with fastAhpWindow_ms'}]",,263233,13.16165,-37.806919642857125,7.264429209183626,263269,13.163450000000001,48.02594866071426,85.83286830357139,1.800000000001134,263428,13.1714,24.204799107142847,261772,-64.5167759486607,261918,262502,29.2,-62.83133370535711,-61.0525948660714,101.4869268536172,,263251,19.688197544642847,130.0223214285713,263396,27.2914341517857,-19.441565688775512,9686.0,484.3,2.0648358455502787,9447.0,472.35,73.05,"[{'halfHeight': 10, 'risingPnt': np.int64(263241), 'fallingPnt': np.int64(265070), 'widthPnts': np.int64(1829), 'widthMs': np.float64(91.45)}, {'halfHeight': 20, 'risingPnt': np.int64(263244), 'fallingPnt': np.int64(264562), 'widthPnts': np.int64(1318), 'widthMs': np.float64(65.9)}, {'halfHeight': 50, 'risingPnt': np.int64(263249), 'fallingPnt': np.int64(263764), 'widthPnts': np.int64(515), 'widthMs': np.float64(25.75)}, {'halfHeight': 80, 'risingPnt': np.int64(263253), 'fallingPnt': np.int64(263361), 'widthPnts': np.int64(108), 'widthMs': np.float64(5.4)}, {'halfHeight': 90, 'risingPnt': np.int64(263256), 'fallingPnt': np.int64(263308), 'widthPnts': np.int64(52), 'widthMs': np.float64(2.6)}]",91.45,65.9,25.75,5.4,2.6,yes,,,,,,unknown,,,
23,19114001.abf,0,1,0.0,,dvdt,100.0,-20.0,0,"[10, 20, 50, 80, 90]",20260928,19:54:11,,,0.2.8.post45,ceeda3d8b38d399aaf1761b27ed8696acdeb9705,True,,23,23,0,"[{'Spike': 23, 'Seconds': np.float64(13.9148), 'Sweep': 0, 'Epoch': 1, 'Type': 'Fast AHP was detected at end of fast AHP window', 'Details': 'Consider increasing the fast AHP window with fastAhpWindow_ms'}]",,278297,13.91485,-36.2025669642857,13.093909438775526,278330,13.9165,49.49079241071426,85.69335937499997,1.6499999999997073,278489,13.92445,22.478376116071416,277014,-64.68941824776783,277142,277656,25.7,-63.30217633928569,-59.77957589285712,112.77697619105614,,278312,19.688197544642847,149.02543048469374,278683,8.754185267857139,-19.162547831632626,15064.0,753.2,1.3276686139139668,15242.0,762.1,64.15,"[{'halfHeight': 10, 'risingPnt': np.int64(278303), 'fallingPnt': np.int64(279742), 'widthPnts': np.int64(1439), 'widthMs': np.float64(71.95)}, {'halfHeight': 20, 'risingPnt': np.int64(278306), 'fallingPnt': np.int64(279371), 'widthPnts': np.int64(1065), 'widthMs': np.float64(53.25)}, {'halfHeight': 50, 'risingPnt': np.int64(278311), 'fallingPnt': np.int64(278735), 'widthPnts': np.int64(424), 'widthMs': np.float64(21.2)}, {'halfHeight': 80, 'risingPnt': np.int64(278314), 'fallingPnt': np.int64(278407), 'widthPnts': np.int64(93), 'widthMs': np.float64(4.65)}, {'halfHeight': 90, 'risingPnt': np.int64(278317), 'fallingPnt': np.int64(278365), 'widthPnts': np.int64(48), 'widthMs': np.float64(2.4)}]",71.95,53.25,21.2,4.65,2.4,yes,,,,,,unknown,,,
24,19114001.abf,0,1,0.0,,dvdt,100.0,-20.0,0,"[10, 20, 50, 80, 90]",20260928,19:54:11,,,0.2.8.post45,ceeda3d8b38d399aaf1761b27ed8696acdeb9705,True,,24,24,0,"[{'Spike': 24, 'Seconds': np.float64(14.4012), 'Sweep': 0, 'Epoch': 1, 'Type': 'Fast AHP was detected at end of fast AHP window', 'Details': 'Consider increasing the fast AHP window with fastAhpWindow_ms'}]",,288025,14.40125,-36.324637276785694,7.8722895408163565,288056,14.4028,48.56654575892855,84.89118303571425,1.5499999999999403,288215,14.41075,22.862025669642847,286737,-64.27908761160712,286866,287381,25.75,-62.95340401785712,-59.69238281249997,110.03481120809866,,288041,24.78027343749999,135.53292410714275,288077,43.404715401785694,-20.727040816326472,9728.0,486.4,2.0559210526315788,9723.0,486.15,64.4,"[{'halfHeight': 10, 'risingPnt': np.int64(288031), 'fallingPnt': np.int64(289569), 'widthPnts': np.int64(1538), 'widthMs': np.float64(76.9)}, {'halfHeight': 20, 'risingPnt': np.int64(288034), 'fallingPnt': np.int64(289271), 'widthPnts': np.int64(1237), 'widthMs': np.float64(61.85)}, {'halfHeight': 50, 'risingPnt': np.int64(288039), 'fallingPnt': np.int64(288506), 'widthPnts': np.int64(467), 'widthMs': np.float64(23.35)}, {'halfHeight': 80, 'risingPnt': np.int64(288043), 'fallingPnt': np.int64(288142), 'widthPnts': np.int64(99), 'widthMs': np.float64(4.95)}, {'halfHeight': 90, 'risingPnt': np.int64(288045), 'fallingPnt': np.int64(288100), 'widthPnts': np.int64(55), 'widthMs': np.float64(2.75)}]",76.9,61.85,23.35,4.95,2.75,yes,,,,,,unknown,,,
25,19114001.abf,0,1,0.0,,dvdt,100.0,-20.0,0,"[10, 20, 50, 80, 90]",20260928,19:54:11,,,0.2.8.post45,ceeda3d8b38d399aaf1761b27ed8696acdeb9705,True,,25,25,0,[],,300170,15.0085,-37.231445312499986,11.818399234693839,300201,15.01005,48.33984374999998,85.57128906249997,1.5499999999999403,300354,15.017700000000001,23.245675223214274,298393,-64.31867327008926,298571,299281,35.5,-63.895089285714256,-61.697823660714256,44.426697488690785,,300185,10.463169642857137,132.9420440051019,300523,11.090959821428566,-24.483816964285687,12145.0,607.25,1.6467682173734048,11656.0,582.8,88.85,"[{'halfHeight': 10, 'risingPnt': np.int64(300177), 'fallingPnt': np.int64(301694), 'widthPnts': np.int64(1517), 'widthMs': np.float64(75.85)}, {'halfHeight': 20, 'risingPnt': np.int64(300180), 'fallingPnt': np.int64(301314), 'widthPnts': np.int64(1134), 'widthMs': np.float64(56.7)}, {'halfHeight': 50, 'risingPnt': np.int64(300185), 'fallingPnt': np.int64(300612), 'widthPnts': np.int64(427), 'widthMs': np.float64(21.35)}, {'halfHeight': 80, 'risingPnt': np.int64(300189), 'fallingPnt': np.int64(300294), 'widthPnts': np.int64(105), 'widthMs': np.float64(5.25)}, {'halfHeight': 90, 'risingPnt': np.int64(300191), 'fallingPnt': np.int64(300249), 'widthPnts': np.int64(58), 'widthMs': np.float64(2.9)}]",75.85,56.7,21.35,5.25,2.9,yes,,,,,,unknown,,,
26,19114001.abf,0,1,0.0,,dvdt,100.0,-20.0,0,"[10, 20, 50, 80, 90]",20260928,19:54:11,,,0.2.8.post45,ceeda3d8b38d399aaf1761b27ed8696acdeb9705,True,,26,26,0,[],,314906,15.745299999999999,-35.958426339285694,12.32661033163268,314938,15.7469,48.51422991071426,84.47265624999996,1.6000000000016001,315093,15.75465,21.62388392857142,313125,-64.42574637276782,313303,314015,35.6,-62.20354352678569,-61.802455357142826,26.84031262086586,,314920,12.38141741071428,144.8202327806121,315256,9.364536830357139,-23.616868622448933,14736.0,736.8,1.3572204125950056,14732.0,736.6,89.05,"[{'halfHeight': 10, 'risingPnt': np.int64(314912), 'fallingPnt': np.int64(316261), 'widthPnts': np.int64(1349), 'widthMs': np.float64(67.45)}, {'halfHeight': 20, 'risingPnt': np.int64(314915), 'fallingPnt': np.int64(315881), 'widthPnts': np.int64(966), 'widthMs': np.float64(48.3)}, {'halfHeight': 50, 'risingPnt': np.int64(314920), 'fallingPnt': np.int64(315311), 'widthPnts': np.int64(391), 'widthMs': np.float64(19.55)}, {'halfHeight': 80, 'risingPnt': np.int64(314924), 'fallingPnt': np.int64(315025), 'widthPnts': np.int64(101), 'widthMs': np.float64(5.05)}, {'halfHeight': 90, 'risingPnt': np.int64(314926), 'fallingPnt': np.int64(314977), 'widthPnts': np.int64(51), 'widthMs': np.float64(2.55)}]",67.45,48.3,19.55,5.05,2.55,yes,,,,,,unknown,,,
27,19114001.abf,0,1,0.0,,dvdt,100.0,-20.0,0,"[10, 20, 50, 80, 90]",20260928,19:54:11,,,0.2.8.post45,ceeda3d8b38d399aaf1761b27ed8696acdeb9705,True,,27,27,0,[],,326212,16.3106,-39.11481584821427,5.809550382653073,326248,16.3124,49.17689732142855,88.29171316964282,1.7999999999993577,326399,16.319950000000002,22.05984933035713,325178,-64.09423828124996,325281,325695,20.7,-62.08147321428569,-59.65750558035712,136.09539234305797,,326230,17.35142299107142,138.43271683673453,326328,30.726841517857128,-22.18191964285713,11306.0,565.3,1.7689722271360342,12053.0,602.65,51.7,"[{'halfHeight': 10, 'risingPnt': np.int64(326220), 'fallingPnt': np.int64(327947), 'widthPnts': np.int64(1727), 'widthMs': np.float64(86.35)}, {'halfHeight': 20, 'risingPnt': np.int64(326223), 'fallingPnt': np.int64(327445), 'widthPnts': np.int64(1222), 'widthMs': np.float64(61.1)}, {'halfHeight': 50, 'risingPnt': np.int64(326229), 'fallingPnt': np.int64(326640), 'widthPnts': np.int64(411), 'widthMs': np.float64(20.55)}, {'halfHeight': 80, 'risingPnt': np.int64(326233), 'fallingPnt': np.int64(326328), 'widthPnts': np.int64(95), 'widthMs': np.float64(4.75)}, {'halfHeight': 90, 'risingPnt': np.int64(326235), 'fallingPnt': np.int64(326281), 'widthPnts': np.int64(46), 'widthMs': np.float64(2.3)}]",86.35,61.1,20.55,4.75,2.3,yes,,,,,,unknown,,,
28,19114001.abf,0,1,0.0,,dvdt,100.0,-20.0,0,"[10, 20, 50, 80, 90]",20260928,19:54:11,,,0.2.8.post45,ceeda3d8b38d399aaf1761b27ed8696acdeb9705,True,,28,28,0,"[{'Spike': 28, 'Seconds': np.float64(16.8761), 'Sweep': 0, 'Epoch': 1, 'Type': 'Fast AHP was detected at end of fast AHP window', 'Details': 'Consider increasing the fast AHP window with fastAhpWindow_ms'}]",,337522,16.876099999999997,-37.40583147321427,14.60857780612242,337548,16.8774,49.07226562499997,86.47809709821425,1.3000000000040757,337707,16.88535,23.385184151785705,336378,-64.56734793526783,336492,336950,22.9,-62.186104910714256,-60.0760323660714,120.27964985538442,,337537,17.804827008928562,149.34430803571414,337671,26.78571428571427,-22.331393494897927,11310.0,565.5,1.7683465959328029,11200.0,560.0,57.2,"[{'halfHeight': 10, 'risingPnt': np.int64(337528), 'fallingPnt': np.int64(338978), 'widthPnts': np.int64(1450), 'widthMs': np.float64(72.5)}, {'halfHeight': 20, 'risingPnt': np.int64(337531), 'fallingPnt': np.int64(338596), 'widthPnts': np.int64(1065), 'widthMs': np.float64(53.25)}, {'halfHeight': 50, 'risingPnt': np.int64(337536), 'fallingPnt': np.int64(337953), 'widthPnts': np.int64(417), 'widthMs': np.float64(20.85)}, {'halfHeight': 80, 'risingPnt': np.int64(337540), 'fallingPnt': np.int64(337640), 'widthPnts': np.int64(100), 'widthMs': np.float64(5.0)}, {'halfHeight': 90, 'risingPnt': np.int64(337542), 'fallingPnt': np.int64(337596), 'widthPnts': np.int64(54), 'widthMs': np.float64(2.7)}]",72.5,53.25,20.85,5.0,2.7,yes,,,,,,unknown,,,
29,19114001.abf,0,1,0.0,,dvdt,100.0,-20.0,0,"[10, 20, 50, 80, 90]",20260928,19:54:11,,,0.2.8.post45,ceeda3d8b38d399aaf1761b27ed8696acdeb9705,True,,29,29,0,[],,350706,17.5353,-36.359514508928555,14.738121811224518,350734,17.5367,51.14746093749998,87.50697544642853,1.40000000000029,350890,17.5445,23.053850446428562,349978,-64.12806919642854,350051,350342,14.55,-62.20354352678569,-59.15178571428569,196.45259276147766,,350721,26.1928013392857,149.30444834183658,350838,28.477260044642843,-18.335459183673443,13184.0,659.2,1.5169902912621358,13600.0,680.0,36.4,"[{'halfHeight': 10, 'risingPnt': np.int64(350712), 'fallingPnt': np.int64(352256), 'widthPnts': np.int64(1544), 'widthMs': np.float64(77.2)}, {'halfHeight': 20, 'risingPnt': np.int64(350714), 'fallingPnt': np.int64(351831), 'widthPnts': np.int64(1117), 'widthMs': np.float64(55.85)}, {'halfHeight': 50, 'risingPnt': np.int64(350719), 'fallingPnt': np.int64(351081), 'widthPnts': np.int64(362), 'widthMs': np.float64(18.1)}, {'halfHeight': 80, 'risingPnt': np.int64(350723), 'fallingPnt': np.int64(350812), 'widthPnts': np.int64(89), 'widthMs': np.float64(4.45)}, {'halfHeight': 90, 'risingPnt': np.int64(350725), 'fallingPnt': np.int64(350773), 'widthPnts': np.int64(48), 'widthMs': np.float64(2.4)}]",77.2,55.85,18.1,4.45,2.4,yes,,,,,,unknown,,,
30,19114001.abf,0,1,0.0,,dvdt,100.0,-20.0,0,"[10, 20, 50, 80, 90]",20260928,19:54:11,,,0.2.8.post45,ceeda3d8b38d399aaf1761b27ed8696acdeb9705,True,,30,30,0,"[{'Spike': 30, 'Seconds': np.float64(18.0578), 'Sweep': 0, 'Epoch': 1, 'Type': 'Fast AHP was detected at end of fast AHP window', 'Details': 'Consider increasing the fast AHP window with fastAhpWindow_ms'}]",,361155,18.05775,-35.33063616071427,11.778539540816311,361185,18.05925,49.996512276785694,85.32714843749997,1.5000000000000568,361344,18.0672,21.36230468749999,360238,-64.4703892299107,360330,360696,18.3,-62.56975446428569,-59.971400669642826,151.56559139819288,,361167,7.28934151785714,148.2979910714284,361255,34.23200334821427,-22.2915338010204,10449.0,522.45,1.914058761603981,10260.0,513.0,45.85,"[{'halfHeight': 10, 'risingPnt': np.int64(361161), 'fallingPnt': np.int64(362529), 'widthPnts': np.int64(1368), 'widthMs': np.float64(68.4)}, {'halfHeight': 20, 'risingPnt': np.int64(361163), 'fallingPnt': np.int64(362157), 'widthPnts': np.int64(994), 'widthMs': np.float64(49.7)}, {'halfHeight': 50, 'risingPnt': np.int64(361167), 'fallingPnt': np.int64(361547), 'widthPnts': np.int64(380), 'widthMs': np.float64(19.0)}, {'halfHeight': 80, 'risingPnt': np.int64(361172), 'fallingPnt': np.int64(361266), 'widthPnts': np.int64(94), 'widthMs': np.float64(4.7)}, {'halfHeight': 90, 'risingPnt': np.int64(361174), 'fallingPnt': np.int64(361221), 'widthPnts': np.int64(47), 'widthMs': np.float64(2.35)}]",68.4,49.7,19.0,4.7,2.35,yes,,,,,,unknown,,,
31,19114001.abf,0,1,0.0,,dvdt,100.0,-20.0,0,"[10, 20, 50, 80, 90]",20260928,19:54:11,,,0.2.8.post45,ceeda3d8b38d399aaf1761b27ed8696acdeb9705,True,,31,31,0,[],,371815,18.59075,-37.63253348214284,11.449697066326493,371850,18.5925,50.46735491071426,88.09988839285711,1.7500000000012506,372008,18.6004,23.15848214285713,370544,-64.4032505580357,370671,371180,25.45,-62.674386160714256,-61.9070870535714,38.78566339210658,,371830,8.24846540178571,140.67482461734676,371920,34.790039062499986,-21.93279655612239,10660.0,533.0,1.8761726078799248,10306.0,515.3,63.55,"[{'halfHeight': 10, 'risingPnt': np.int64(371822), 'fallingPnt': np.int64(373397), 'widthPnts': np.int64(1575), 'widthMs': np.float64(78.75)}, {'halfHeight': 20, 'risingPnt': np.int64(371826), 'fallingPnt': np.int64(372949), 'widthPnts': np.int64(1123), 'widthMs': np.float64(56.15)}, {'halfHeight': 50, 'risingPnt': np.int64(371830), 'fallingPnt': np.int64(372229), 'widthPnts': np.int64(399), 'widthMs': np.float64(19.95)}, {'halfHeight': 80, 'risingPnt': np.int64(371834), 'fallingPnt': np.int64(371930), 'widthPnts': np.int64(96), 'widthMs': np.float64(4.8)}, {'halfHeight': 90, 'risingPnt': np.int64(371837), 'fallingPnt': np.int64(371885), 'widthPnts': np.int64(48), 'widthMs': np.float64(2.4)}]",78.75,56.15,19.95,4.8,2.4,yes,,,,,,unknown,,,
32,19114001.abf,0,1,0.0,,dvdt,100.0,-20.0,0,"[10, 20, 50, 80, 90]",20260928,19:54:11,,,0.2.8.post45,ceeda3d8b38d399aaf1761b27ed8696acdeb9705,True,,32,32,0,[],,383512,19.1756,-36.865234374999986,7.653061224489775,383543,19.17715,48.81068638392855,85.67592075892853,1.5500000000017167,383697,19.184849999999997,21.676199776785705,382334,-64.2435128348214,382452,382923,23.55,-62.09891183035711,-60.98284040178569,72.97100354340506,,383528,15.816824776785706,136.17067920918353,383696,22.7748325892857,-23.477359693877517,11697.0,584.85,1.7098401299478498,11790.0,589.5,58.9,"[{'halfHeight': 10, 'risingPnt': np.int64(383519), 'fallingPnt': np.int64(384956), 'widthPnts': np.int64(1437), 'widthMs': np.float64(71.85)}, {'halfHeight': 20, 'risingPnt': np.int64(383522), 'fallingPnt': np.int64(384649), 'widthPnts': np.int64(1127), 'widthMs': np.float64(56.35)}, {'halfHeight': 50, 'risingPnt': np.int64(383527), 'fallingPnt': np.int64(383944), 'widthPnts': np.int64(417), 'widthMs': np.float64(20.85)}, {'halfHeight': 80, 'risingPnt': np.int64(383531), 'fallingPnt': np.int64(383629), 'widthPnts': np.int64(98), 'widthMs': np.float64(4.9)}, {'halfHeight': 90, 'risingPnt': np.int64(383533), 'fallingPnt': np.int64(383586), 'widthPnts': np.int64(53), 'widthMs': np.float64(2.65)}]",71.85,56.35,20.85,4.9,2.65,yes,,,,,,unknown,,,
33,19114001.abf,0,1,0.0,,dvdt,100.0,-20.0,0,"[10, 20, 50, 80, 90]",20260928,19:54:11,,,0.2.8.post45,ceeda3d8b38d399aaf1761b27ed8696acdeb9705,True,,33,33,0,[],,398333,19.91665,-35.487583705357125,11.02120535714284,398360,19.918,48.3572823660714,83.84486607142853,1.34999999999863,398514,19.9257,22.844587053571416,396810,-64.20479910714283,396962,397572,30.5,-62.49999999999997,-61.61063058035711,72.6087040079702,,398346,11.16071428571428,141.39229910714272,398370,46.75292968749998,-25.21125637755103,14821.0,741.05,1.349436610215235,14476.0,723.8,76.15,"[{'halfHeight': 10, 'risingPnt': np.int64(398339), 'fallingPnt': np.int64(399716), 'widthPnts': np.int64(1377), 'widthMs': np.float64(68.85)}, {'halfHeight': 20, 'risingPnt': np.int64(398342), 'fallingPnt': np.int64(399395), 'widthPnts': np.int64(1053), 'widthMs': np.float64(52.65)}, {'halfHeight': 50, 'risingPnt': np.int64(398346), 'fallingPnt': np.int64(398750), 'widthPnts': np.int64(404), 'widthMs': np.float64(20.2)}, {'halfHeight': 80, 'risingPnt': np.int64(398350), 'fallingPnt': np.int64(398449), 'widthPnts': np.int64(99), 'widthMs': np.float64(4.95)}, {'halfHeight': 90, 'risingPnt': np.int64(398352), 'fallingPnt': np.int64(398403), 'widthPnts': np.int64(51), 'widthMs': np.float64(2.55)}]",68.85,52.65,20.2,4.95,2.55,yes,,,,,,unknown,,,
34,19114001.abf,0,1,0.0,,dvdt,100.0,-20.0,0,"[10, 20, 50, 80, 90]",20260928,19:54:11,,,0.2.8.post45,ceeda3d8b38d399aaf1761b27ed8696acdeb9705,True,,34,34,0,[],,410151,20.50755,-38.888113839285694,11.59917091836733,410184,20.5092,48.93275669642855,87.82087053571425,1.6500000000014836,410342,20.5171,22.94921874999999,408915,-64.0030343191964,409039,409533,24.7,-61.95940290178569,-60.28529575892854,97.51986016523638,,410170,19.67075892857142,130.81951530612233,410392,19.618443080357135,-20.647321428571416,11818.0,590.9,1.6923337282112032,12105.0,605.25,61.8,"[{'halfHeight': 10, 'risingPnt': np.int64(410159), 'fallingPnt': np.int64(411790), 'widthPnts': np.int64(1631), 'widthMs': np.float64(81.55)}, {'halfHeight': 20, 'risingPnt': np.int64(410163), 'fallingPnt': np.int64(411368), 'widthPnts': np.int64(1205), 'widthMs': np.float64(60.25)}, {'halfHeight': 50, 'risingPnt': np.int64(410168), 'fallingPnt': np.int64(410656), 'widthPnts': np.int64(488), 'widthMs': np.float64(24.4)}, {'halfHeight': 80, 'risingPnt': np.int64(410173), 'fallingPnt': np.int64(410274), 'widthPnts': np.int64(101), 'widthMs': np.float64(5.05)}, {'halfHeight': 90, 'risingPnt': np.int64(410174), 'fallingPnt': np.int64(410225), 'widthPnts': np.int64(51), 'widthMs': np.float64(2.55)}]",81.55,60.25,24.4,5.05,2.55,yes,,,,,,unknown,,,
35,19114001.abf,0,1,0.0,,dvdt,100.0,-20.0,0,"[10, 20, 50, 80, 90]",20260928,19:54:11,,,0.2.8.post45,ceeda3d8b38d399aaf1761b27ed8696acdeb9705,True,,35,35,0,"[{'Spike': 35, 'Seconds': np.float64(20.9258), 'Sweep': 0, 'Epoch': 1, 'Type': 'Fast AHP was detected at end of fast AHP window', 'Details': 'Consider increasing the fast AHP window with fastAhpWindow_ms'}]",,418515,20.92575,-35.20856584821427,4.3148118622449,418545,20.92725,45.82868303571426,81.03724888392853,1.5000000000000568,418704,20.935200000000002,22.635323660714274,416925,-63.754882812499964,417084,417720,31.8,-62.029157366071395,-60.477120535714256,66.23211882683783,,418529,10.166713169642852,138.47257653061212,418788,14.94489397321428,-20.73700573979587,8364.0,418.2,2.391200382592061,8010.0,400.5,79.5,"[{'halfHeight': 10, 'risingPnt': np.int64(418521), 'fallingPnt': np.int64(420037), 'widthPnts': np.int64(1516), 'widthMs': np.float64(75.8)}, {'halfHeight': 20, 'risingPnt': np.int64(418524), 'fallingPnt': np.int64(419736), 'widthPnts': np.int64(1212), 'widthMs': np.float64(60.6)}, {'halfHeight': 50, 'risingPnt': np.int64(418529), 'fallingPnt': np.int64(418986), 'widthPnts': np.int64(457), 'widthMs': np.float64(22.85)}, {'halfHeight': 80, 'risingPnt': np.int64(418533), 'fallingPnt': np.int64(418640), 'widthPnts': np.int64(107), 'widthMs': np.float64(5.35)}, {'halfHeight': 90, 'risingPnt': np.int64(418535), 'fallingPnt': np.int64(418587), 'widthPnts': np.int64(52), 'widthMs': np.float64(2.6)}]",75.8,60.6,22.85,5.35,2.6,yes,,,,,,unknown,,,
36,19114001.abf,0,1,0.0,,dvdt,100.0,-20.0,0,"[10, 20, 50, 80, 90]",20260928,19:54:11,,,0.2.8.post45,ceeda3d8b38d399aaf1761b27ed8696acdeb9705,True,,36,36,0,"[{'Spike': 36, 'Seconds': np.float64(21.5977), 'Sweep': 0, 'Epoch': 1, 'Type': 'Fast AHP was detected at end of fast AHP window', 'Details': 'Consider increasing the fast AHP window with fastAhpWindow_ms'}]",,431954,21.5977,-38.661411830357125,13.50247130102041,431988,21.599400000000003,49.35128348214283,88.01269531249996,1.7000000000031434,432147,21.60735,21.780831473214278,430932,-64.37831333705356,431034,431443,20.45,-62.552315848214256,-60.05859374999997,144.44701405742023,,431971,12.660435267857137,145.6572863520407,432030,39.21944754464284,-19.09279336734689,13439.0,671.95,1.4882059677059305,14007.0,700.35,51.1,"[{'halfHeight': 10, 'risingPnt': np.int64(431962), 'fallingPnt': np.int64(433500), 'widthPnts': np.int64(1538), 'widthMs': np.float64(76.9)}, {'halfHeight': 20, 'risingPnt': np.int64(431965), 'fallingPnt': np.int64(433078), 'widthPnts': np.int64(1113), 'widthMs': np.float64(55.65)}, {'halfHeight': 50, 'risingPnt': np.int64(431971), 'fallingPnt': np.int64(432398), 'widthPnts': np.int64(427), 'widthMs': np.float64(21.35)}, {'halfHeight': 80, 'risingPnt': np.int64(431975), 'fallingPnt': np.int64(432075), 'widthPnts': np.int64(100), 'widthMs': np.float64(5.0)}, {'halfHeight': 90, 'risingPnt': np.int64(431977), 'fallingPnt': np.int64(432026), 'widthPnts': np.int64(49), 'widthMs': np.float64(2.45)}]",76.9,55.65,21.35,5.0,2.45,yes,,,,,,unknown,,,
37,19114001.abf,0,1,0.0,,dvdt,100.0,-20.0,0,"[10, 20, 50, 80, 90]",20260928,19:54:11,,,0.2.8.post45,ceeda3d8b38d399aaf1761b27ed8696acdeb9705,True,,37,37,0,"[{'Spike': 37, 'Seconds': np.float64(22.1162), 'Sweep': 0, 'Epoch': 1, 'Type': 'Fast AHP was detected at end of fast AHP window', 'Details': 'Consider increasing the fast AHP window with fastAhpWindow_ms'}]",,442325,22.11625,-34.022739955357125,13.79145408163261,442355,22.11775,48.165457589285694,82.18819754464282,1.5000000000000568,442514,22.125700000000002,23.19335937499999,441025,-64.02901785714283,441155,441675,26.0,-63.07547433035711,-59.238978794642826,110.58376238139216,,442337,6.661551339285711,138.91103316326516,442475,27.134486607142843,-23.248166454081634,10371.0,518.55,1.9284543438434096,10093.0,504.65,65.0,"[{'halfHeight': 10, 'risingPnt': np.int64(442331), 'fallingPnt': np.int64(443777), 'widthPnts': np.int64(1446), 'widthMs': np.float64(72.3)}, {'halfHeight': 20, 'risingPnt': np.int64(442333), 'fallingPnt': np.int64(443414), 'widthPnts': np.int64(1081), 'widthMs': np.float64(54.05)}, {'halfHeight': 50, 'risingPnt': np.int64(442338), 'fallingPnt': np.int64(442754), 'widthPnts': np.int64(416), 'widthMs': np.float64(20.8)}, {'halfHeight': 80, 'risingPnt': np.int64(442342), 'fallingPnt': np.int64(442435), 'widthPnts': np.int64(93), 'widthMs': np.float64(4.65)}, {'halfHeight': 90, 'risingPnt': np.int64(442344), 'fallingPnt': np.int64(442391), 'widthPnts': np.int64(47), 'widthMs': np.float64(2.35)}]",72.3,54.05,20.8,4.65,2.35,yes,,,,,,unknown,,,
38,19114001.abf,0,1,0.0,,dvdt,100.0,-20.0,0,"[10, 20, 50, 80, 90]",20260928,19:54:11,,,0.2.8.post45,ceeda3d8b38d399aaf1761b27ed8696acdeb9705,True,,38,38,0,[],,452221,22.61105,-35.417829241071416,10.074537627550955,452253,22.612650000000002,46.36928013392855,81.78710937499997,1.6000000000033765,452407,22.62035,24.309430803571416,449880,-64.08342633928568,450114,451050,46.8,-61.64550781249997,-60.14578683035712,20.591040105983097,,452236,11.75362723214285,125.11957908163254,452318,34.022739955357125,-24.025430484693864,9896.0,494.8,2.021018593371059,8855.0,442.75,117.05,"[{'halfHeight': 10, 'risingPnt': np.int64(452227), 'fallingPnt': np.int64(453654), 'widthPnts': np.int64(1427), 'widthMs': np.float64(71.35)}, {'halfHeight': 20, 'risingPnt': np.int64(452230), 'fallingPnt': np.int64(453358), 'widthPnts': np.int64(1128), 'widthMs': np.float64(56.4)}, {'halfHeight': 50, 'risingPnt': np.int64(452235), 'fallingPnt': np.int64(452707), 'widthPnts': np.int64(472), 'widthMs': np.float64(23.6)}, {'halfHeight': 80, 'risingPnt': np.int64(452240), 'fallingPnt': np.int64(452353), 'widthPnts': np.int64(113), 'widthMs': np.float64(5.65)}, {'halfHeight': 90, 'risingPnt': np.int64(452242), 'fallingPnt': np.int64(452301), 'widthPnts': np.int64(59), 'widthMs': np.float64(2.95)}]",71.35,56.4,23.6,5.65,2.95,yes,,,,,,unknown,,,
39,19114001.abf,0,1,0.0,,dvdt,100.0,-20.0,0,"[10, 20, 50, 80, 90]",20260928,19:54:11,,,0.2.8.post45,ceeda3d8b38d399aaf1761b27ed8696acdeb9705,True,,39,39,0,[],,462050,23.1025,-39.3763950892857,5.211654974489768,462092,23.104599999999998,47.74693080357141,87.12332589285711,2.0999999999986585,462248,23.1124,22.530691964285705,460280,-64.50195312499997,460457,461165,35.4,-63.68582589285711,-61.01771763392854,51.81219801583981,,462070,10.637555803571423,134.50653698979582,462094,45.479910714285694,-23.317920918367356,9829.0,491.45,2.0347949944043138,10400.0,520.0,88.5,"[{'halfHeight': 10, 'risingPnt': np.int64(462060), 'fallingPnt': np.int64(463636), 'widthPnts': np.int64(1576), 'widthMs': np.float64(78.8)}, {'halfHeight': 20, 'risingPnt': np.int64(462064), 'fallingPnt': np.int64(463233), 'widthPnts': np.int64(1169), 'widthMs': np.float64(58.45)}, {'halfHeight': 50, 'risingPnt': np.int64(462070), 'fallingPnt': np.int64(462536), 'widthPnts': np.int64(466), 'widthMs': np.float64(23.3)}, {'halfHeight': 80, 'risingPnt': np.int64(462074), 'fallingPnt': np.int64(462183), 'widthPnts': np.int64(109), 'widthMs': np.float64(5.45)}, {'halfHeight': 90, 'risingPnt': np.int64(462076), 'fallingPnt': np.int64(462132), 'widthPnts': np.int64(56), 'widthMs': np.float64(2.8)}]",78.8,58.45,23.3,5.45,2.8,yes,,,,,,unknown,,,
40,19114001.abf,0,1,0.0,,dvdt,100.0,-20.0,0,"[10, 20, 50, 80, 90]",20260928,19:54:11,,,0.2.8.post45,ceeda3d8b38d399aaf1761b27ed8696acdeb9705,True,,40,40,0,[],,471990,23.5995,-33.8832310267857,12.804926658163238,472024,23.601200000000002,47.11914062499998,81.00237165178568,1.7000000000031434,472181,23.60905,24.222237723214274,470521,-64.6194893973214,470668,471255,29.35,-63.33705357142854,-59.48311941964283,128.76025265631645,,472003,15.607561383928564,134.52646683673453,472034,43.85811941964284,-21.922831632653054,9940.0,497.0,2.0120724346076457,10241.0,512.05,73.45,"[{'halfHeight': 10, 'risingPnt': np.int64(471995), 'fallingPnt': np.int64(473425), 'widthPnts': np.int64(1430), 'widthMs': np.float64(71.5)}, {'halfHeight': 20, 'risingPnt': np.int64(471998), 'fallingPnt': np.int64(473098), 'widthPnts': np.int64(1100), 'widthMs': np.float64(55.0)}, {'halfHeight': 50, 'risingPnt': np.int64(472002), 'fallingPnt': np.int64(472482), 'widthPnts': np.int64(480), 'widthMs': np.float64(24.0)}, {'halfHeight': 80, 'risingPnt': np.int64(472006), 'fallingPnt': np.int64(472112), 'widthPnts': np.int64(106), 'widthMs': np.float64(5.3)}, {'halfHeight': 90, 'risingPnt': np.int64(472008), 'fallingPnt': np.int64(472064), 'widthPnts': np.int64(56), 'widthMs': np.float64(2.8)}]",71.5,55.0,24.0,5.3,2.8,yes,,,,,,unknown,,,
41,19114001.abf,0,1,0.0,,dvdt,100.0,-20.0,0,"[10, 20, 50, 80, 90]",20260928,19:54:11,,,0.2.8.post45,ceeda3d8b38d399aaf1761b27ed8696acdeb9705,True,,41,41,0,[],,488286,24.4143,-40.52734374999998,0.019929846938783476,488320,24.416,51.00795200892855,91.53529575892853,1.6999999999995907,488477,24.423849999999998,21.100725446428562,486899,-65.12050083705353,487038,487593,27.75,-64.27873883928568,-61.85477120535712,92.47046720435873,,488304,11.75362723214285,147.1719547193876,488322,48.47935267857141,-24.214764030612237,16296.0,814.8,1.2272950417280315,16378.0,818.9,69.35,"[{'halfHeight': 10, 'risingPnt': np.int64(488294), 'fallingPnt': np.int64(490079), 'widthPnts': np.int64(1785), 'widthMs': np.float64(89.25)}, {'halfHeight': 20, 'risingPnt': np.int64(488298), 'fallingPnt': np.int64(489390), 'widthPnts': np.int64(1092), 'widthMs': np.float64(54.6)}, {'halfHeight': 50, 'risingPnt': np.int64(488304), 'fallingPnt': np.int64(488673), 'widthPnts': np.int64(369), 'widthMs': np.float64(18.45)}, {'halfHeight': 80, 'risingPnt': np.int64(488308), 'fallingPnt': np.int64(488398), 'widthPnts': np.int64(90), 'widthMs': np.float64(4.5)}, {'halfHeight': 90, 'risingPnt': np.int64(488310), 'fallingPnt': np.int64(488355), 'widthPnts': np.int64(45), 'widthMs': np.float64(2.25)}]",89.25,54.6,18.45,4.5,2.25,yes,,,,,,unknown,,,
42,19114001.abf,0,1,0.0,,dvdt,100.0,-20.0,0,"[10, 20, 50, 80, 90]",20260928,19:54:11,,,0.2.8.post45,ceeda3d8b38d399aaf1761b27ed8696acdeb9705,True,,42,42,0,"[{'Spike': 42, 'Seconds': np.float64(25.033), 'Sweep': 0, 'Epoch': 1, 'Type': 'Fast AHP was detected at end of fast AHP window', 'Details': 'Consider increasing the fast AHP window with fastAhpWindow_ms'}]",,500659,25.03295,-36.150251116071416,11.589205994897942,500688,25.0344,50.25809151785712,86.40834263392853,1.4500000000019497,500847,25.04235,20.333426339285705,499498,-64.67285156249996,499614,500078,23.2,-63.11035156249997,-61.24441964285712,54.88756406276711,,500672,7.114955357142853,138.68183992346925,500746,35.33063616071427,-21.763392857142843,12373.0,618.65,1.6164228562191871,12599.0,629.95,58.05,"[{'halfHeight': 10, 'risingPnt': np.int64(500665), 'fallingPnt': np.int64(502043), 'widthPnts': np.int64(1378), 'widthMs': np.float64(68.9)}, {'halfHeight': 20, 'risingPnt': np.int64(500668), 'fallingPnt': np.int64(501661), 'widthPnts': np.int64(993), 'widthMs': np.float64(49.65)}, {'halfHeight': 50, 'risingPnt': np.int64(500672), 'fallingPnt': np.int64(501012), 'widthPnts': np.int64(340), 'widthMs': np.float64(17.0)}, {'halfHeight': 80, 'risingPnt': np.int64(500677), 'fallingPnt': np.int64(500762), 'widthPnts': np.int64(85), 'widthMs': np.float64(4.25)}, {'halfHeight': 90, 'risingPnt': np.int64(500679), 'fallingPnt': np.int64(500724), 'widthPnts': np.int64(45), 'widthMs': np.float64(2.25)}]",68.9,49.65,17.0,4.25,2.25,yes,,,,,,unknown,,,
43,19114001.abf,0,1,0.0,,dvdt,100.0,-20.0,0,"[10, 20, 50, 80, 90]",20260928,19:54:11,,,0.2.8.post45,ceeda3d8b38d399aaf1761b27ed8696acdeb9705,True,,43,43,0,[],,509981,25.49905,-34.022739955357125,11.18064413265303,510013,25.50065,47.15401785714284,81.17675781249997,1.5999999999998238,510171,25.50855,20.281110491071416,508519,-64.23915318080356,508665,509250,29.25,-63.05803571428569,-59.06459263392855,112.15874240712935,,509995,11.87569754464285,127.49123086734683,510189,17.909458705357135,-25.79918686224484,9322.0,466.1,2.145462347135808,9021.0,451.05,73.1,"[{'halfHeight': 10, 'risingPnt': np.int64(509987), 'fallingPnt': np.int64(511383), 'widthPnts': np.int64(1396), 'widthMs': np.float64(69.8)}, {'halfHeight': 20, 'risingPnt': np.int64(509990), 'fallingPnt': np.int64(510995), 'widthPnts': np.int64(1005), 'widthMs': np.float64(50.25)}, {'halfHeight': 50, 'risingPnt': np.int64(509995), 'fallingPnt': np.int64(510378), 'widthPnts': np.int64(383), 'widthMs': np.float64(19.15)}, {'halfHeight': 80, 'risingPnt': np.int64(509999), 'fallingPnt': np.int64(510089), 'widthPnts': np.int64(90), 'widthMs': np.float64(4.5)}, {'halfHeight': 90, 'risingPnt': np.int64(510001), 'fallingPnt': np.int64(510053), 'widthPnts': np.int64(52), 'widthMs': np.float64(2.6)}]",69.8,50.25,19.15,4.5,2.6,yes,,,,,,unknown,,,
44,19114001.abf,0,1,0.0,,dvdt,100.0,-20.0,0,"[10, 20, 50, 80, 90]",20260928,19:54:11,,,0.2.8.post45,ceeda3d8b38d399aaf1761b27ed8696acdeb9705,True,,44,44,0,"[{'Spike': 44, 'Seconds': np.float64(26.1875), 'Sweep': 0, 'Epoch': 1, 'Type': 'Fast AHP was detected at end of fast AHP window', 'Details': 'Consider increasing the fast AHP window with fastAhpWindow_ms'}]",,523750,26.1875,-39.515904017857125,10.353555484693933,523784,26.1892,48.09570312499998,87.61160714285711,1.6999999999995907,523943,26.19715,20.14160156249999,521757,-64.73336356026783,521956,522753,39.85,-63.44168526785711,-61.59319196428569,46.87224136824209,,523769,16.98521205357142,134.36702806122435,524110,7.481166294642853,-24.713010204081606,13769.0,688.45,1.4525383106979446,13238.0,661.9,99.65,"[{'halfHeight': 10, 'risingPnt': np.int64(523759), 'fallingPnt': np.int64(525265), 'widthPnts': np.int64(1506), 'widthMs': np.float64(75.3)}, {'halfHeight': 20, 'risingPnt': np.int64(523762), 'fallingPnt': np.int64(524830), 'widthPnts': np.int64(1068), 'widthMs': np.float64(53.4)}, {'halfHeight': 50, 'risingPnt': np.int64(523768), 'fallingPnt': np.int64(524163), 'widthPnts': np.int64(395), 'widthMs': np.float64(19.75)}, {'halfHeight': 80, 'risingPnt': np.int64(523772), 'fallingPnt': np.int64(523869), 'widthPnts': np.int64(97), 'widthMs': np.float64(4.85)}, {'halfHeight': 90, 'risingPnt': np.int64(523774), 'fallingPnt': np.int64(523824), 'widthPnts': np.int64(50), 'widthMs': np.float64(2.5)}]",75.3,53.4,19.75,4.85,2.5,yes,,,,,,unknown,,,
45,19114001.abf,0,1,0.0,,dvdt,100.0,-20.0,0,"[10, 20, 50, 80, 90]",20260928,19:54:11,,,0.2.8.post45,ceeda3d8b38d399aaf1761b27ed8696acdeb9705,True,,45,45,0,[],,537156,26.8578,-35.80147879464284,12.794961734693844,537184,26.8592,50.18833705357141,85.98981584821425,1.40000000000029,537338,26.8669,21.501813616071416,535781,-64.87426757812496,535919,536469,27.5,-63.92996651785711,-61.22698102678569,65.72358835719407,,537169,14.892578124999993,147.39118303571416,537241,36.464146205357125,-18.634406887755116,13406.0,670.3,1.4918693122482471,14024.0,701.2,68.75,"[{'halfHeight': 10, 'risingPnt': np.int64(537161), 'fallingPnt': np.int64(538623), 'widthPnts': np.int64(1462), 'widthMs': np.float64(73.1)}, {'halfHeight': 20, 'risingPnt': np.int64(537164), 'fallingPnt': np.int64(538191), 'widthPnts': np.int64(1027), 'widthMs': np.float64(51.35)}, {'halfHeight': 50, 'risingPnt': np.int64(537168), 'fallingPnt': np.int64(537544), 'widthPnts': np.int64(376), 'widthMs': np.float64(18.8)}, {'halfHeight': 80, 'risingPnt': np.int64(537173), 'fallingPnt': np.int64(537259), 'widthPnts': np.int64(86), 'widthMs': np.float64(4.3)}, {'halfHeight': 90, 'risingPnt': np.int64(537175), 'fallingPnt': np.int64(537220), 'widthPnts': np.int64(45), 'widthMs': np.float64(2.25)}]",73.1,51.35,18.8,4.3,2.25,yes,,,,,,unknown,,,
46,19114001.abf,0,1,0.0,,dvdt,100.0,-20.0,0,"[10, 20, 50, 80, 90]",20260928,19:54:11,,,0.2.8.post45,ceeda3d8b38d399aaf1761b27ed8696acdeb9705,True,,46,46,0,[],,549302,27.4651,-33.11593191964284,7.782605229591844,549335,27.46675,46.212332589285694,79.32826450892853,1.6500000000014836,549492,27.4746,22.391183035714274,546726,-64.01785714285712,546984,548014,51.5,-62.064034598214256,-60.26785714285712,40.23371625212131,,549314,3.3307756696428554,131.72632334183663,549468,24.41406249999999,-26.307397959183657,12146.0,607.3,1.6466326362588508,10945.0,547.25,128.8,"[{'halfHeight': 10, 'risingPnt': np.int64(549308), 'fallingPnt': np.int64(550836), 'widthPnts': np.int64(1528), 'widthMs': np.float64(76.4)}, {'halfHeight': 20, 'risingPnt': np.int64(549311), 'fallingPnt': np.int64(550497), 'widthPnts': np.int64(1186), 'widthMs': np.float64(59.3)}, {'halfHeight': 50, 'risingPnt': np.int64(549315), 'fallingPnt': np.int64(549757), 'widthPnts': np.int64(442), 'widthMs': np.float64(22.1)}, {'halfHeight': 80, 'risingPnt': np.int64(549319), 'fallingPnt': np.int64(549421), 'widthPnts': np.int64(102), 'widthMs': np.float64(5.1)}, {'halfHeight': 90, 'risingPnt': np.int64(549321), 'fallingPnt': np.int64(549372), 'widthPnts': np.int64(51), 'widthMs': np.float64(2.55)}]",76.4,59.3,22.1,5.1,2.55,yes,,,,,,unknown,,,
47,19114001.abf,0,1,0.0,,dvdt,100.0,-20.0,0,"[10, 20, 50, 80, 90]",20260928,19:54:11,,,0.2.8.post45,ceeda3d8b38d399aaf1761b27ed8696acdeb9705,True,,47,47,0,[],,558701,27.93505,-37.214006696428555,8.300781249999998,558736,27.936799999999998,48.7234933035714,85.93749999999996,1.7499999999976978,558889,27.94445,23.594447544642847,556867,-65.76869419642854,557050,557784,36.7,-64.8367745535714,-61.209542410714256,76.14084588877718,,558716,9.591238839285708,138.45264668367332,558759,42.672293526785694,-25.91876594387753,9399.0,469.95,2.127885945313331,10141.0,507.05,91.7,"[{'halfHeight': 10, 'risingPnt': np.int64(558708), 'fallingPnt': np.int64(560349), 'widthPnts': np.int64(1641), 'widthMs': np.float64(82.05)}, {'halfHeight': 20, 'risingPnt': np.int64(558711), 'fallingPnt': np.int64(559967), 'widthPnts': np.int64(1256), 'widthMs': np.float64(62.8)}, {'halfHeight': 50, 'risingPnt': np.int64(558716), 'fallingPnt': np.int64(559187), 'widthPnts': np.int64(471), 'widthMs': np.float64(23.55)}, {'halfHeight': 80, 'risingPnt': np.int64(558720), 'fallingPnt': np.int64(558822), 'widthPnts': np.int64(102), 'widthMs': np.float64(5.1)}, {'halfHeight': 90, 'risingPnt': np.int64(558722), 'fallingPnt': np.int64(558772), 'widthPnts': np.int64(50), 'widthMs': np.float64(2.5)}]",82.05,62.8,23.55,5.1,2.5,yes,,,,,,unknown,,,
48,19114001.abf,0,1,0.0,,dvdt,100.0,-20.0,0,"[10, 20, 50, 80, 90]",20260928,19:54:11,,,0.2.8.post45,ceeda3d8b38d399aaf1761b27ed8696acdeb9705,True,,48,48,0,"[{'Spike': 48, 'Seconds': np.float64(28.5158), 'Sweep': 0, 'Epoch': 1, 'Type': 'Fast AHP was detected at end of fast AHP window', 'Details': 'Consider increasing the fast AHP window with fastAhpWindow_ms'}]",,570317,28.515849999999997,-34.10993303571427,12.615593112244888,570343,28.51715,50.15345982142855,84.26339285714282,1.3000000000040757,570502,28.5251,24.065290178571416,568325,-65.9490094866071,568524,569321,39.85,-64.03459821428568,-62.70926339285711,55.72325170968022,,570329,10.323660714285708,139.99720982142844,570652,13.183593749999993,-21.663743622448962,11616.0,580.8,1.721763085399449,11458.0,572.9,99.6,"[{'halfHeight': 10, 'risingPnt': np.int64(570322), 'fallingPnt': np.int64(571677), 'widthPnts': np.int64(1355), 'widthMs': np.float64(67.75)}, {'halfHeight': 20, 'risingPnt': np.int64(570325), 'fallingPnt': np.int64(571373), 'widthPnts': np.int64(1048), 'widthMs': np.float64(52.4)}, {'halfHeight': 50, 'risingPnt': np.int64(570329), 'fallingPnt': np.int64(570761), 'widthPnts': np.int64(432), 'widthMs': np.float64(21.6)}, {'halfHeight': 80, 'risingPnt': np.int64(570333), 'fallingPnt': np.int64(570421), 'widthPnts': np.int64(88), 'widthMs': np.float64(4.4)}, {'halfHeight': 90, 'risingPnt': np.int64(570335), 'fallingPnt': np.int64(570380), 'widthPnts': np.int64(45), 'widthMs': np.float64(2.25)}]",67.75,52.4,21.6,4.4,2.25,yes,,,,,,unknown,,,
49,19114001.abf,0,1,0.0,,dvdt,100.0,-20.0,0,"[10, 20, 50, 80, 90]",20260928,19:54:11,,,0.2.8.post45,ceeda3d8b38d399aaf1761b27ed8696acdeb9705,True,,49,49,0,[],,581017,29.050849999999997,-34.633091517857125,11.728714923469365,581045,29.05225,49.47335379464283,84.10644531249996,1.4000000000038426,581199,29.05995,23.821149553571416,579181,-65.87227957589283,579365,580099,36.7,-64.27873883928568,-61.48856026785711,89.06190734043643,,581029,9.922572544642852,144.7504783163264,581350,14.247349330357135,-18.106265943877528,10700.0,535.0,1.8691588785046729,10856.0,542.8,91.8,"[{'halfHeight': 10, 'risingPnt': np.int64(581022), 'fallingPnt': np.int64(582434), 'widthPnts': np.int64(1412), 'widthMs': np.float64(70.6)}, {'halfHeight': 20, 'risingPnt': np.int64(581025), 'fallingPnt': np.int64(582075), 'widthPnts': np.int64(1050), 'widthMs': np.float64(52.5)}, {'halfHeight': 50, 'risingPnt': np.int64(581029), 'fallingPnt': np.int64(581469), 'widthPnts': np.int64(440), 'widthMs': np.float64(22.0)}, {'halfHeight': 80, 'risingPnt': np.int64(581033), 'fallingPnt': np.int64(581128), 'widthPnts': np.int64(95), 'widthMs': np.float64(4.75)}, {'halfHeight': 90, 'risingPnt': np.int64(581035), 'fallingPnt': np.int64(581083), 'widthPnts': np.int64(48), 'widthMs': np.float64(2.4)}]",70.6,52.5,22.0,4.75,2.4,yes,,,,,,unknown,,,
50,19114001.abf,0,1,0.0,,dvdt,100.0,-20.0,0,"[10, 20, 50, 80, 90]",20260928,19:54:11,,,0.2.8.post45,ceeda3d8b38d399aaf1761b27ed8696acdeb9705,True,,50,50,0,[],,595538,29.7769,-38.38239397321427,10.074537627551038,595569,29.77845,48.9676339285714,87.35002790178567,1.549999999998164,595726,29.7863,23.29799107142856,594157,-63.88131277901783,594295,594847,27.6,-62.552315848214256,-60.477120535714256,65.75835795146756,,595555,9.399414062499996,136.32015306122437,595799,17.630440848214278,-21.484374999999993,14521.0,726.05,1.3773156118724605,14976.0,748.8,69.05,"[{'halfHeight': 10, 'risingPnt': np.int64(595546), 'fallingPnt': np.int64(597016), 'widthPnts': np.int64(1470), 'widthMs': np.float64(73.5)}, {'halfHeight': 20, 'risingPnt': np.int64(595550), 'fallingPnt': np.int64(596622), 'widthPnts': np.int64(1072), 'widthMs': np.float64(53.6)}, {'halfHeight': 50, 'risingPnt': np.int64(595555), 'fallingPnt': np.int64(595999), 'widthPnts': np.int64(444), 'widthMs': np.float64(22.2)}, {'halfHeight': 80, 'risingPnt': np.int64(595559), 'fallingPnt': np.int64(595657), 'widthPnts': np.int64(98), 'widthMs': np.float64(4.9)}, {'halfHeight': 90, 'risingPnt': np.int64(595561), 'fallingPnt': np.int64(595612), 'widthPnts': np.int64(51), 'widthMs': np.float64(2.55)}]",73.5,53.6,22.2,4.9,2.55,yes,,,,,,unknown,,,
51,19114001.abf,0,1,0.0,,dvdt,100.0,-20.0,0,"[10, 20, 50, 80, 90]",20260928,19:54:11,,,0.2.8.post45,ceeda3d8b38d399aaf1761b27ed8696acdeb9705,True,,51,51,0,"[{'Spike': 51, 'Seconds': np.float64(30.381), 'Sweep': 0, 'Epoch': 1, 'Type': 'Fast AHP was detected at end of fast AHP window', 'Details': 'Consider increasing the fast AHP window with fastAhpWindow_ms'}]",,607619,30.380950000000002,-36.41183035714284,9.357063137755103,607650,30.3825,49.59542410714283,86.00725446428567,1.549999999998164,607809,30.39045,21.833147321428562,606643,-64.13434709821426,606741,607131,19.5,-62.308175223214256,-60.12834821428569,157.6713141451027,,607634,14.944893973214278,148.70655293367332,607867,16.13071986607142,-22.899394132653033,12081.0,604.05,1.6554920950252463,12486.0,624.3,48.8,"[{'halfHeight': 10, 'risingPnt': np.int64(607625), 'fallingPnt': np.int64(609151), 'widthPnts': np.int64(1526), 'widthMs': np.float64(76.3)}, {'halfHeight': 20, 'risingPnt': np.int64(607628), 'fallingPnt': np.int64(608746), 'widthPnts': np.int64(1118), 'widthMs': np.float64(55.9)}, {'halfHeight': 50, 'risingPnt': np.int64(607633), 'fallingPnt': np.int64(608025), 'widthPnts': np.int64(392), 'widthMs': np.float64(19.6)}, {'halfHeight': 80, 'risingPnt': np.int64(607637), 'fallingPnt': np.int64(607730), 'widthPnts': np.int64(93), 'widthMs': np.float64(4.65)}, {'halfHeight': 90, 'risingPnt': np.int64(607640), 'fallingPnt': np.int64(607689), 'widthPnts': np.int64(49), 'widthMs': np.float64(2.45)}]",76.3,55.9,19.6,4.65,2.45,yes,,,,,,unknown,,,
52,19114001.abf,0,1,0.0,,dvdt,100.0,-20.0,0,"[10, 20, 50, 80, 90]",20260928,19:54:11,,,0.2.8.post45,ceeda3d8b38d399aaf1761b27ed8696acdeb9705,True,,52,52,0,[],,622368,31.1184,-38.08593749999998,12.555803571428545,622402,31.120099999999997,48.93275669642855,87.01869419642853,1.699999999996038,622556,31.1278,21.885463169642847,620486,-64.85072544642856,620674,621427,37.65,-64.40080915178568,-59.91908482142854,81.05484076484154,,622384,4.010881696428569,137.72520727040802,622700,10.968889508928568,-20.717075892857114,14749.0,737.45,1.3560241372296427,13843.0,692.15,94.1,"[{'halfHeight': 10, 'risingPnt': np.int64(622376), 'fallingPnt': np.int64(623832), 'widthPnts': np.int64(1456), 'widthMs': np.float64(72.8)}, {'halfHeight': 20, 'risingPnt': np.int64(622380), 'fallingPnt': np.int64(623462), 'widthPnts': np.int64(1082), 'widthMs': np.float64(54.1)}, {'halfHeight': 50, 'risingPnt': np.int64(622385), 'fallingPnt': np.int64(622794), 'widthPnts': np.int64(409), 'widthMs': np.float64(20.45)}, {'halfHeight': 80, 'risingPnt': np.int64(622389), 'fallingPnt': np.int64(622484), 'widthPnts': np.int64(95), 'widthMs': np.float64(4.75)}, {'halfHeight': 90, 'risingPnt': np.int64(622391), 'fallingPnt': np.int64(622437), 'widthPnts': np.int64(46), 'widthMs': np.float64(2.3)}]",72.8,54.1,20.45,4.75,2.3,yes,,,,,,unknown,,,
53,19114001.abf,0,1,0.0,,dvdt,100.0,-20.0,0,"[10, 20, 50, 80, 90]",20260928,19:54:11,,,0.2.8.post45,ceeda3d8b38d399aaf1761b27ed8696acdeb9705,True,,53,53,0,"[{'Spike': 53, 'Seconds': np.float64(31.7558), 'Sweep': 0, 'Epoch': 1, 'Type': 'Fast AHP was detected at end of fast AHP window', 'Details': 'Consider increasing the fast AHP window with fastAhpWindow_ms'}]",,635115,31.75575,-38.556780133928555,4.902742346938725,635148,31.7574,49.42103794642855,87.97781808035711,1.6500000000014836,635307,31.765349999999998,23.66420200892856,633677,-64.36087472098211,633821,634396,28.75,-61.5408761160714,-60.721261160714256,59.20292595513601,,635131,9.416852678571423,141.93040497448965,635327,21.432059151785705,-25.520169005102034,12747.0,637.35,1.5689966266572528,13191.0,659.55,71.9,"[{'halfHeight': 10, 'risingPnt': np.int64(635122), 'fallingPnt': np.int64(636739), 'widthPnts': np.int64(1617), 'widthMs': np.float64(80.85)}, {'halfHeight': 20, 'risingPnt': np.int64(635126), 'fallingPnt': np.int64(636359), 'widthPnts': np.int64(1233), 'widthMs': np.float64(61.65)}, {'halfHeight': 50, 'risingPnt': np.int64(635131), 'fallingPnt': np.int64(635588), 'widthPnts': np.int64(457), 'widthMs': np.float64(22.85)}, {'halfHeight': 80, 'risingPnt': np.int64(635135), 'fallingPnt': np.int64(635237), 'widthPnts': np.int64(102), 'widthMs': np.float64(5.1)}, {'halfHeight': 90, 'risingPnt': np.int64(635137), 'fallingPnt': np.int64(635186), 'widthPnts': np.int64(49), 'widthMs': np.float64(2.45)}]",80.85,61.65,22.85,5.1,2.45,yes,,,,,,unknown,,,
54,19114001.abf,0,1,0.0,,dvdt,100.0,-20.0,0,"[10, 20, 50, 80, 90]",20260928,19:54:11,,,0.2.8.post45,ceeda3d8b38d399aaf1761b27ed8696acdeb9705,True,,54,54,0,[],,644447,32.22235,-38.068498883928555,11.25039859693877,644479,32.22395,46.718052455357125,84.78655133928568,1.6000000000033765,644636,32.2318,24.27455357142856,642827,-64.2532784598214,642989,643637,32.4,-63.284737723214256,-59.39592633928569,74.29536760653696,,644464,5.33621651785714,126.47480867346927,644681,21.275111607142847,-20.836654974489775,9332.0,466.6,2.1431633090441493,9150.0,457.5,81.0,"[{'halfHeight': 10, 'risingPnt': np.int64(644455), 'fallingPnt': np.int64(646214), 'widthPnts': np.int64(1759), 'widthMs': np.float64(87.95)}, {'halfHeight': 20, 'risingPnt': np.int64(644459), 'fallingPnt': np.int64(645741), 'widthPnts': np.int64(1282), 'widthMs': np.float64(64.1)}, {'halfHeight': 50, 'risingPnt': np.int64(644464), 'fallingPnt': np.int64(645016), 'widthPnts': np.int64(552), 'widthMs': np.float64(27.6)}, {'halfHeight': 80, 'risingPnt': np.int64(644469), 'fallingPnt': np.int64(644587), 'widthPnts': np.int64(118), 'widthMs': np.float64(5.9)}, {'halfHeight': 90, 'risingPnt': np.int64(644471), 'fallingPnt': np.int64(644528), 'widthPnts': np.int64(57), 'widthMs': np.float64(2.85)}]",87.95,64.1,27.6,5.9,2.85,yes,,,,,,unknown,,,
55,19114001.abf,0,1,0.0,,dvdt,100.0,-20.0,0,"[10, 20, 50, 80, 90]",20260928,19:54:11,,,0.2.8.post45,ceeda3d8b38d399aaf1761b27ed8696acdeb9705,True,,55,55,0,"[{'Spike': 55, 'Seconds': np.float64(32.6896), 'Sweep': 0, 'Epoch': 1, 'Type': 'Fast AHP was detected at end of fast AHP window', 'Details': 'Consider increasing the fast AHP window with fastAhpWindow_ms'}]",,653793,32.68965,-33.62165178571427,13.70176977040818,653823,32.69115,47.04938616071426,80.67103794642853,1.5000000000000568,653982,32.6991,23.542131696428562,652457,-63.61380440848212,652591,653125,26.7,-61.575753348214256,-58.82045200892855,111.36121233914893,,653805,8.98088727678571,137.23692602040805,654170,11.195591517857137,-21.31497130102039,9346.0,467.3,2.139952921035737,9630.0,481.5,66.8,"[{'halfHeight': 10, 'risingPnt': np.int64(653798), 'fallingPnt': np.int64(655332), 'widthPnts': np.int64(1534), 'widthMs': np.float64(76.7)}, {'halfHeight': 20, 'risingPnt': np.int64(653801), 'fallingPnt': np.int64(654959), 'widthPnts': np.int64(1158), 'widthMs': np.float64(57.9)}, {'halfHeight': 50, 'risingPnt': np.int64(653805), 'fallingPnt': np.int64(654264), 'widthPnts': np.int64(459), 'widthMs': np.float64(22.95)}, {'halfHeight': 80, 'risingPnt': np.int64(653810), 'fallingPnt': np.int64(653912), 'widthPnts': np.int64(102), 'widthMs': np.float64(5.1)}, {'halfHeight': 90, 'risingPnt': np.int64(653812), 'fallingPnt': np.int64(653862), 'widthPnts': np.int64(50), 'widthMs': np.float64(2.5)}]",76.7,57.9,22.95,5.1,2.5,yes,,,,,,unknown,,,
56,19114001.abf,0,1,0.0,,dvdt,100.0,-20.0,0,"[10, 20, 50, 80, 90]",20260928,19:54:11,,,0.2.8.post45,ceeda3d8b38d399aaf1761b27ed8696acdeb9705,True,,56,56,0,[],,665179,33.25895,-36.464146205357125,13.402822066326529,665206,33.2603,48.46191406249998,84.92606026785711,1.3500000000021828,665364,33.2682,24.41406249999999,664138,-63.519112723214256,664242,664658,20.8,-62.74414062499997,-60.843331473214256,76.31055769854086,,665195,15.537806919642849,148.24816645408148,665519,12.85226004464285,-23.048867984693867,11386.0,569.3,1.7565431231336732,11681.0,584.05,52.05,"[{'halfHeight': 10, 'risingPnt': np.int64(665186), 'fallingPnt': np.int64(666743), 'widthPnts': np.int64(1557), 'widthMs': np.float64(77.85)}, {'halfHeight': 20, 'risingPnt': np.int64(665189), 'fallingPnt': np.int64(666354), 'widthPnts': np.int64(1165), 'widthMs': np.float64(58.25)}, {'halfHeight': 50, 'risingPnt': np.int64(665194), 'fallingPnt': np.int64(665651), 'widthPnts': np.int64(457), 'widthMs': np.float64(22.85)}, {'halfHeight': 80, 'risingPnt': np.int64(665198), 'fallingPnt': np.int64(665306), 'widthPnts': np.int64(108), 'widthMs': np.float64(5.4)}, {'halfHeight': 90, 'risingPnt': np.int64(665201), 'fallingPnt': np.int64(665255), 'widthPnts': np.int64(54), 'widthMs': np.float64(2.7)}]",77.85,58.25,22.85,5.4,2.7,yes,,,,,,unknown,,,
57,19114001.abf,0,1,0.0,,dvdt,100.0,-20.0,0,"[10, 20, 50, 80, 90]",20260928,19:54:11,,,0.2.8.post45,ceeda3d8b38d399aaf1761b27ed8696acdeb9705,True,,57,57,0,[],,675463,33.77315,-36.04561941964284,7.67299107142852,675499,33.77495,47.41559709821426,83.46121651785711,1.799999999995805,675653,33.782650000000004,22.286551339285705,674156,-63.85864257812497,674287,674810,26.15,-62.44768415178569,-59.3436104910714,88.2343568661171,,675479,17.368861607142847,123.31592793367335,675529,40.597098214285694,-22.00255102040813,10284.0,514.2,1.9447685725398678,10018.0,500.9,65.35,"[{'halfHeight': 10, 'risingPnt': np.int64(675469), 'fallingPnt': np.int64(677012), 'widthPnts': np.int64(1543), 'widthMs': np.float64(77.15)}, {'halfHeight': 20, 'risingPnt': np.int64(675473), 'fallingPnt': np.int64(676660), 'widthPnts': np.int64(1187), 'widthMs': np.float64(59.35)}, {'halfHeight': 50, 'risingPnt': np.int64(675478), 'fallingPnt': np.int64(675942), 'widthPnts': np.int64(464), 'widthMs': np.float64(23.2)}, {'halfHeight': 80, 'risingPnt': np.int64(675482), 'fallingPnt': np.int64(675585), 'widthPnts': np.int64(103), 'widthMs': np.float64(5.15)}, {'halfHeight': 90, 'risingPnt': np.int64(675484), 'fallingPnt': np.int64(675534), 'widthPnts': np.int64(50), 'widthMs': np.float64(2.5)}]",77.15,59.35,23.2,5.15,2.5,yes,,,,,,unknown,,,
58,19114001.abf,0,1,0.0,,dvdt,100.0,-20.0,0,"[10, 20, 50, 80, 90]",20260928,19:54:11,,,0.2.8.post45,ceeda3d8b38d399aaf1761b27ed8696acdeb9705,True,,58,58,0,"[{'Spike': 58, 'Seconds': np.float64(34.3448), 'Sweep': 0, 'Epoch': 1, 'Type': 'Fast AHP was detected at end of fast AHP window', 'Details': 'Consider increasing the fast AHP window with fastAhpWindow_ms'}]",,686896,34.344800000000006,-37.580217633928555,3.408003826530581,686931,34.34655,46.700613839285694,84.28083147321425,1.7499999999941451,687090,34.3545,22.024972098214274,685052,-64.01977539062497,685236,685974,36.9,-62.046595982142826,-60.65150669642854,43.461390497870816,,686911,2.7727399553571415,137.56576849489784,686973,37.85923549107141,-21.83314732142859,11433.0,571.65,1.7493221376716523,10896.0,544.8,92.2,"[{'halfHeight': 10, 'risingPnt': np.int64(686903), 'fallingPnt': np.int64(688461), 'widthPnts': np.int64(1558), 'widthMs': np.float64(77.9)}, {'halfHeight': 20, 'risingPnt': np.int64(686907), 'fallingPnt': np.int64(688040), 'widthPnts': np.int64(1133), 'widthMs': np.float64(56.65)}, {'halfHeight': 50, 'risingPnt': np.int64(686912), 'fallingPnt': np.int64(687381), 'widthPnts': np.int64(469), 'widthMs': np.float64(23.45)}, {'halfHeight': 80, 'risingPnt': np.int64(686916), 'fallingPnt': np.int64(687020), 'widthPnts': np.int64(104), 'widthMs': np.float64(5.2)}, {'halfHeight': 90, 'risingPnt': np.int64(686918), 'fallingPnt': np.int64(686973), 'widthPnts': np.int64(55), 'widthMs': np.float64(2.75)}]",77.9,56.65,23.45,5.2,2.75,yes,,,,,,unknown,,,
59,19114001.abf,0,1,0.0,,dvdt,100.0,-20.0,0,"[10, 20, 50, 80, 90]",20260928,19:54:11,,,0.2.8.post45,ceeda3d8b38d399aaf1761b27ed8696acdeb9705,True,,59,59,0,"[{'Spike': 59, 'Seconds': np.float64(34.9264), 'Sweep': 0, 'Epoch': 1, 'Type': 'Fast AHP was detected at end of fast AHP window', 'Details': 'Consider increasing the fast AHP window with fastAhpWindow_ms'}]",,698527,34.92635,-38.399832589285694,7.533482142857105,698558,34.9279,48.06082589285712,86.4606584821428,1.5500000000017167,698717,34.93585,23.106166294642847,696969,-63.81835937499997,697125,697748,31.15,-62.83133370535711,-62.1512276785714,22.172246887410164,,698544,18.955775669642847,131.14835778061212,698665,27.832031249999986,-20.208864795918373,11631.0,581.55,1.7195426016679567,11917.0,595.85,77.9,"[{'halfHeight': 10, 'risingPnt': np.int64(698534), 'fallingPnt': np.int64(700195), 'widthPnts': np.int64(1661), 'widthMs': np.float64(83.05)}, {'halfHeight': 20, 'risingPnt': np.int64(698537), 'fallingPnt': np.int64(699737), 'widthPnts': np.int64(1200), 'widthMs': np.float64(60.0)}, {'halfHeight': 50, 'risingPnt': np.int64(698542), 'fallingPnt': np.int64(698965), 'widthPnts': np.int64(423), 'widthMs': np.float64(21.15)}, {'halfHeight': 80, 'risingPnt': np.int64(698547), 'fallingPnt': np.int64(698649), 'widthPnts': np.int64(102), 'widthMs': np.float64(5.1)}, {'halfHeight': 90, 'risingPnt': np.int64(698549), 'fallingPnt': np.int64(698604), 'widthPnts': np.int64(55), 'widthMs': np.float64(2.75)}]",83.05,60.0,21.15,5.1,2.75,yes,,,,,,unknown,,,
60,19114001.abf,0,1,0.0,,dvdt,100.0,-20.0,0,"[10, 20, 50, 80, 90]",20260928,19:54:11,,,0.2.8.post45,ceeda3d8b38d399aaf1761b27ed8696acdeb9705,True,,60,60,0,[],,709995,35.49975,-37.51046316964284,11.81839923469388,710028,35.501400000000004,46.700613839285694,84.21107700892853,1.6500000000050363,710183,35.50915,23.001534598214274,709024,-63.50306919642854,709121,709510,19.45,-62.09891183035711,-59.727260044642826,140.5037063621416,,710011,4.586356026785712,131.0985331632652,710085,35.3480747767857,-21.723533163265223,11468.0,573.4,1.7439832577607255,12055.0,602.75,48.55,"[{'halfHeight': 10, 'risingPnt': np.int64(710003), 'fallingPnt': np.int64(711606), 'widthPnts': np.int64(1603), 'widthMs': np.float64(80.15)}, {'halfHeight': 20, 'risingPnt': np.int64(710006), 'fallingPnt': np.int64(711237), 'widthPnts': np.int64(1231), 'widthMs': np.float64(61.55)}, {'halfHeight': 50, 'risingPnt': np.int64(710011), 'fallingPnt': np.int64(710516), 'widthPnts': np.int64(505), 'widthMs': np.float64(25.25)}, {'halfHeight': 80, 'risingPnt': np.int64(710016), 'fallingPnt': np.int64(710121), 'widthPnts': np.int64(105), 'widthMs': np.float64(5.25)}, {'halfHeight': 90, 'risingPnt': np.int64(710018), 'fallingPnt': np.int64(710073), 'widthPnts': np.int64(55), 'widthMs': np.float64(2.75)}]",80.15,61.55,25.25,5.25,2.75,yes,,,,,,unknown,,,
61,19114001.abf,0,1,0.0,,dvdt,100.0,-20.0,0,"[10, 20, 50, 80, 90]",20260928,19:54:11,,,0.2.8.post45,ceeda3d8b38d399aaf1761b27ed8696acdeb9705,True,,61,61,0,"[{'Spike': 61, 'Seconds': np.float64(36.1497), 'Sweep': 0, 'Epoch': 1, 'Type': 'Fast AHP was detected at end of fast AHP window', 'Details': 'Consider increasing the fast AHP window with fastAhpWindow_ms'}]",,722994,36.149699999999996,-40.52734374999998,2.142458545918325,723035,36.15175,47.921316964285694,88.44866071428567,2.050000000004104,723194,36.159699999999994,19.583565848214278,721547,-63.860560825892826,721692,722271,28.95,-63.494001116071395,-61.331612723214256,50.15700776081485,,723015,20.75195312499999,129.04575892857133,723063,40.597098214285694,-24.543606505102037,12999.0,649.95,1.5385798907608277,12523.0,626.15,72.35,"[{'halfHeight': 10, 'risingPnt': np.int64(723003), 'fallingPnt': np.int64(724646), 'widthPnts': np.int64(1643), 'widthMs': np.float64(82.15)}, {'halfHeight': 20, 'risingPnt': np.int64(723008), 'fallingPnt': np.int64(724096), 'widthPnts': np.int64(1088), 'widthMs': np.float64(54.4)}, {'halfHeight': 50, 'risingPnt': np.int64(723013), 'fallingPnt': np.int64(723408), 'widthPnts': np.int64(395), 'widthMs': np.float64(19.75)}, {'halfHeight': 80, 'risingPnt': np.int64(723017), 'fallingPnt': np.int64(723113), 'widthPnts': np.int64(96), 'widthMs': np.float64(4.8)}, {'halfHeight': 90, 'risingPnt': np.int64(723019), 'fallingPnt': np.int64(723074), 'widthPnts': np.int64(55), 'widthMs': np.float64(2.75)}]",82.15,54.4,19.75,4.8,2.75,yes,,,,,,unknown,,,
62,19114001.abf,0,1,0.0,,dvdt,100.0,-20.0,0,"[10, 20, 50, 80, 90]",20260928,19:54:11,,,0.2.8.post45,ceeda3d8b38d399aaf1761b27ed8696acdeb9705,True,,62,62,0,[],,734639,36.73195,-33.8832310267857,12.356505102040787,734666,36.7333,47.58998325892855,81.47321428571425,1.3500000000021828,734818,36.7409,22.687639508928562,733304,-63.891078404017826,733438,733972,26.7,-62.308175223214256,-61.59319196428569,53.36427282264737,,734653,22.44349888392856,124.21277104591823,734909,13.427734374999993,-23.04886798469386,11645.0,582.25,1.7174753112924,11757.0,587.85,66.75,"[{'halfHeight': 10, 'risingPnt': np.int64(734644), 'fallingPnt': np.int64(735989), 'widthPnts': np.int64(1345), 'widthMs': np.float64(67.25)}, {'halfHeight': 20, 'risingPnt': np.int64(734646), 'fallingPnt': np.int64(735637), 'widthPnts': np.int64(991), 'widthMs': np.float64(49.55)}, {'halfHeight': 50, 'risingPnt': np.int64(734651), 'fallingPnt': np.int64(735025), 'widthPnts': np.int64(374), 'widthMs': np.float64(18.7)}, {'halfHeight': 80, 'risingPnt': np.int64(734655), 'fallingPnt': np.int64(734754), 'widthPnts': np.int64(99), 'widthMs': np.float64(4.95)}, {'halfHeight': 90, 'risingPnt': np.int64(734657), 'fallingPnt': np.int64(734711), 'widthPnts': np.int64(54), 'widthMs': np.float64(2.7)}]",67.25,49.55,18.7,4.95,2.7,yes,,,,,,unknown,,,
63,19114001.abf,0,1,0.0,,dvdt,100.0,-20.0,0,"[10, 20, 50, 80, 90]",20260928,19:54:11,,,0.2.8.post45,ceeda3d8b38d399aaf1761b27ed8696acdeb9705,True,,63,63,0,[],,745345,37.26725,-35.1039341517857,8.58976403061219,745377,37.26885,44.95675223214284,80.06068638392854,1.6000000000033765,745528,37.2764,22.024972098214274,743692,-62.96997070312498,743857,744518,33.05,-61.15722656249997,-58.6111886160714,59.43653498792031,,745360,9.695870535714281,133.07158801020395,745515,23.507254464285705,-21.773357780612216,10706.0,535.3,1.8681113394358304,10388.0,519.4,82.65,"[{'halfHeight': 10, 'risingPnt': np.int64(745352), 'fallingPnt': np.int64(746845), 'widthPnts': np.int64(1493), 'widthMs': np.float64(74.65)}, {'halfHeight': 20, 'risingPnt': np.int64(745355), 'fallingPnt': np.int64(746500), 'widthPnts': np.int64(1145), 'widthMs': np.float64(57.25)}, {'halfHeight': 50, 'risingPnt': np.int64(745360), 'fallingPnt': np.int64(745792), 'widthPnts': np.int64(432), 'widthMs': np.float64(21.6)}, {'halfHeight': 80, 'risingPnt': np.int64(745364), 'fallingPnt': np.int64(745473), 'widthPnts': np.int64(109), 'widthMs': np.float64(5.45)}, {'halfHeight': 90, 'risingPnt': np.int64(745367), 'fallingPnt': np.int64(745425), 'widthPnts': np.int64(58), 'widthMs': np.float64(2.9)}]",74.65,57.25,21.6,5.45,2.9,yes,,,,,,unknown,,,
64,19114001.abf,0,1,0.0,,dvdt,100.0,-20.0,0,"[10, 20, 50, 80, 90]",20260928,19:54:11,,,0.2.8.post45,ceeda3d8b38d399aaf1761b27ed8696acdeb9705,True,,64,64,0,[],,757233,37.861650000000004,-34.894670758928555,7.334183673469372,757264,37.8632,46.2820870535714,81.17675781249996,1.5499999999946112,757418,37.8709,22.7748325892857,755646,-63.97059849330355,755805,756440,31.75,-62.656947544642826,-60.703822544642826,49.08379114819526,,757247,13.567243303571422,134.67594068877537,757573,12.677873883928566,-22.19188456632651,11888.0,594.4,1.6823687752355319,11954.0,597.7,79.35,"[{'halfHeight': 10, 'risingPnt': np.int64(757239), 'fallingPnt': np.int64(758835), 'widthPnts': np.int64(1596), 'widthMs': np.float64(79.8)}, {'halfHeight': 20, 'risingPnt': np.int64(757241), 'fallingPnt': np.int64(758402), 'widthPnts': np.int64(1161), 'widthMs': np.float64(58.05)}, {'halfHeight': 50, 'risingPnt': np.int64(757246), 'fallingPnt': np.int64(757713), 'widthPnts': np.int64(467), 'widthMs': np.float64(23.35)}, {'halfHeight': 80, 'risingPnt': np.int64(757250), 'fallingPnt': np.int64(757358), 'widthPnts': np.int64(108), 'widthMs': np.float64(5.4)}, {'halfHeight': 90, 'risingPnt': np.int64(757253), 'fallingPnt': np.int64(757307), 'widthPnts': np.int64(54), 'widthMs': np.float64(2.7)}]",79.8,58.05,23.35,5.4,2.7,yes,,,,,,unknown,,,
65,19114001.abf,0,1,0.0,,dvdt,100.0,-20.0,0,"[10, 20, 50, 80, 90]",20260928,19:54:11,,,0.2.8.post45,ceeda3d8b38d399aaf1761b27ed8696acdeb9705,True,,65,65,0,"[{'Spike': 65, 'Seconds': np.float64(38.3903), 'Sweep': 0, 'Epoch': 1, 'Type': 'Fast AHP was detected at end of fast AHP window', 'Details': 'Consider increasing the fast AHP window with fastAhpWindow_ms'}]",,767806,38.3903,-36.30719866071427,12.436224489795935,767841,38.392050000000005,46.700613839285694,83.00781249999997,1.7500000000012506,768000,38.4,21.780831473214274,766309,-63.95036969866069,766459,767057,29.9,-61.941964285714256,-60.16322544642855,64.16193164561172,,767821,7.864815848214282,128.9062499999999,768043,18.57212611607142,-20.46795280612239,10573.0,528.65,1.891610706516599,10663.0,533.15,74.85,"[{'halfHeight': 10, 'risingPnt': np.int64(767813), 'fallingPnt': np.int64(769281), 'widthPnts': np.int64(1468), 'widthMs': np.float64(73.4)}, {'halfHeight': 20, 'risingPnt': np.int64(767816), 'fallingPnt': np.int64(768891), 'widthPnts': np.int64(1075), 'widthMs': np.float64(53.75)}, {'halfHeight': 50, 'risingPnt': np.int64(767821), 'fallingPnt': np.int64(768243), 'widthPnts': np.int64(422), 'widthMs': np.float64(21.1)}, {'halfHeight': 80, 'risingPnt': np.int64(767825), 'fallingPnt': np.int64(767933), 'widthPnts': np.int64(108), 'widthMs': np.float64(5.4)}, {'halfHeight': 90, 'risingPnt': np.int64(767828), 'fallingPnt': np.int64(767884), 'widthPnts': np.int64(56), 'widthMs': np.float64(2.8)}]",73.4,53.75,21.1,5.4,2.8,yes,,,,,,unknown,,,
66,19114001.abf,0,1,0.0,,dvdt,100.0,-20.0,0,"[10, 20, 50, 80, 90]",20260928,19:54:11,,,0.2.8.post45,ceeda3d8b38d399aaf1761b27ed8696acdeb9705,True,,66,66,0,[],,779735,38.98675,-36.830357142857125,11.320153061224449,779765,38.98825,47.60742187499998,84.43777901785711,1.5000000000000568,779923,38.99615,23.03641183035713,778120,-64.3692452566964,778282,778928,32.3,-62.01171874999997,-59.76213727678569,87.67904040497383,,779751,6.92313058035714,127.9894770408162,779832,34.47614397321427,-21.41462053571423,11929.0,596.45,1.6765864699471875,11811.0,590.55,80.75,"[{'halfHeight': 10, 'risingPnt': np.int64(779743), 'fallingPnt': np.int64(781193), 'widthPnts': np.int64(1450), 'widthMs': np.float64(72.5)}, {'halfHeight': 20, 'risingPnt': np.int64(779746), 'fallingPnt': np.int64(780850), 'widthPnts': np.int64(1104), 'widthMs': np.float64(55.2)}, {'halfHeight': 50, 'risingPnt': np.int64(779751), 'fallingPnt': np.int64(780230), 'widthPnts': np.int64(479), 'widthMs': np.float64(23.95)}, {'halfHeight': 80, 'risingPnt': np.int64(779756), 'fallingPnt': np.int64(779857), 'widthPnts': np.int64(101), 'widthMs': np.float64(5.05)}, {'halfHeight': 90, 'risingPnt': np.int64(779758), 'fallingPnt': np.int64(779810), 'widthPnts': np.int64(52), 'widthMs': np.float64(2.6)}]",72.5,55.2,23.95,5.05,2.6,yes,,,,,,unknown,,,
67,19114001.abf,0,1,0.0,,dvdt,100.0,-20.0,0,"[10, 20, 50, 80, 90]",20260928,19:54:11,,,0.2.8.post45,ceeda3d8b38d399aaf1761b27ed8696acdeb9705,True,,67,67,0,[],,789821,39.49105,-39.91699218749998,3.019371811224503,789859,39.49295,47.04938616071426,86.96637834821425,1.8999999999991246,790015,39.50075,22.757393973214274,788440,-64.12772042410711,788578,789130,27.6,-61.941964285714256,-59.41336495535712,94.23145010564804,,789840,1.761300223214285,125.10961415816314,790186,11.718749999999995,-22.132095025510196,10086.0,504.3,1.98294665873488,10320.0,516.0,69.05,"[{'halfHeight': 10, 'risingPnt': np.int64(789830), 'fallingPnt': np.int64(791582), 'widthPnts': np.int64(1752), 'widthMs': np.float64(87.6)}, {'halfHeight': 20, 'risingPnt': np.int64(789835), 'fallingPnt': np.int64(791148), 'widthPnts': np.int64(1313), 'widthMs': np.float64(65.65)}, {'halfHeight': 50, 'risingPnt': np.int64(789841), 'fallingPnt': np.int64(790321), 'widthPnts': np.int64(480), 'widthMs': np.float64(24.0)}, {'halfHeight': 80, 'risingPnt': np.int64(789845), 'fallingPnt': np.int64(789955), 'widthPnts': np.int64(110), 'widthMs': np.float64(5.5)}, {'halfHeight': 90, 'risingPnt': np.int64(789848), 'fallingPnt': np.int64(789902), 'widthPnts': np.int64(54), 'widthMs': np.float64(2.7)}]",87.6,65.65,24.0,5.5,2.7,yes,,,,,,unknown,,,
68,19114001.abf,0,1,0.0,,dvdt,100.0,-20.0,0,"[10, 20, 50, 80, 90]",20260928,19:54:11,,,0.2.8.post45,ceeda3d8b38d399aaf1761b27ed8696acdeb9705,True,,68,68,0,[],,802642,40.1321,-36.5687779017857,7.812499999999984,802671,40.13355,49.22921316964283,85.79799107142853,1.449999999998397,802825,40.14125,23.367745535714274,801461,-64.23130580357142,801579,802051,23.6,-62.49999999999997,-60.73869977678569,66.37221021484807,,802656,11.021205357142852,136.59917091836724,802879,18.20591517857142,-22.08227040816324,12821.0,641.05,1.5599407222525543,13021.0,651.05,59.05,"[{'halfHeight': 10, 'risingPnt': np.int64(802648), 'fallingPnt': np.int64(804331), 'widthPnts': np.int64(1683), 'widthMs': np.float64(84.15)}, {'halfHeight': 20, 'risingPnt': np.int64(802651), 'fallingPnt': np.int64(803893), 'widthPnts': np.int64(1242), 'widthMs': np.float64(62.1)}, {'halfHeight': 50, 'risingPnt': np.int64(802656), 'fallingPnt': np.int64(803092), 'widthPnts': np.int64(436), 'widthMs': np.float64(21.8)}, {'halfHeight': 80, 'risingPnt': np.int64(802660), 'fallingPnt': np.int64(802753), 'widthPnts': np.int64(93), 'widthMs': np.float64(4.65)}, {'halfHeight': 90, 'risingPnt': np.int64(802662), 'fallingPnt': np.int64(802711), 'widthPnts': np.int64(49), 'widthMs': np.float64(2.45)}]",84.15,62.1,21.8,4.65,2.45,yes,,,,,,unknown,,,
69,19114001.abf,0,1,0.0,,dvdt,100.0,-20.0,0,"[10, 20, 50, 80, 90]",20260928,19:54:11,,,0.2.8.post45,ceeda3d8b38d399aaf1761b27ed8696acdeb9705,True,,69,69,0,[],,816035,40.80175,-38.57421874999998,4.105548469387707,816065,40.80325,47.86900111607141,86.44321986607139,1.5000000000000568,816221,40.81105,23.03641183035713,814730,-64.4083077566964,814860,815382,26.1,-64.19154575892854,-61.9070870535714,62.06864786135339,,816052,14.386858258928564,138.83131377551004,816241,21.501813616071416,-21.534199617346914,13393.0,669.65,1.493317404614351,13269.0,663.45,65.25,"[{'halfHeight': 10, 'risingPnt': np.int64(816042), 'fallingPnt': np.int64(817711), 'widthPnts': np.int64(1669), 'widthMs': np.float64(83.45)}, {'halfHeight': 20, 'risingPnt': np.int64(816046), 'fallingPnt': np.int64(817258), 'widthPnts': np.int64(1212), 'widthMs': np.float64(60.6)}, {'halfHeight': 50, 'risingPnt': np.int64(816051), 'fallingPnt': np.int64(816507), 'widthPnts': np.int64(456), 'widthMs': np.float64(22.8)}, {'halfHeight': 80, 'risingPnt': np.int64(816055), 'fallingPnt': np.int64(816164), 'widthPnts': np.int64(109), 'widthMs': np.float64(5.45)}, {'halfHeight': 90, 'risingPnt': np.int64(816057), 'fallingPnt': np.int64(816110), 'widthPnts': np.int64(53), 'widthMs': np.float64(2.65)}]",83.45,60.6,22.8,5.45,2.65,yes,,,,,,unknown,,,
70,19114001.abf,0,1,0.0,,dvdt,100.0,-20.0,0,"[10, 20, 50, 80, 90]",20260928,19:54:11,,,0.2.8.post45,ceeda3d8b38d399aaf1761b27ed8696acdeb9705,True,,70,70,0,"[{'Spike': 70, 'Seconds': np.float64(41.3804), 'Sweep': 0, 'Epoch': 1, 'Type': 'Fast AHP was detected at end of fast AHP window', 'Details': 'Consider increasing the fast AHP window with fastAhpWindow_ms'}]",,827607,41.38035,-36.359514508928555,13.343032525510186,827637,41.38185,47.85156249999998,84.21107700892853,1.5000000000000568,827796,41.3898,23.43749999999999,826069,-64.72080775669639,826223,826838,30.75,-63.616071428571395,-60.9305245535714,69.72875255637186,,827622,12.36397879464285,140.4356664540815,827721,33.2728794642857,-19.969706632653036,11572.0,578.6,1.7283097131005876,11339.0,566.95,76.9,"[{'halfHeight': 10, 'risingPnt': np.int64(827614), 'fallingPnt': np.int64(829101), 'widthPnts': np.int64(1487), 'widthMs': np.float64(74.35)}, {'halfHeight': 20, 'risingPnt': np.int64(827616), 'fallingPnt': np.int64(828788), 'widthPnts': np.int64(1172), 'widthMs': np.float64(58.6)}, {'halfHeight': 50, 'risingPnt': np.int64(827622), 'fallingPnt': np.int64(828069), 'widthPnts': np.int64(447), 'widthMs': np.float64(22.35)}, {'halfHeight': 80, 'risingPnt': np.int64(827626), 'fallingPnt': np.int64(827738), 'widthPnts': np.int64(112), 'widthMs': np.float64(5.6)}, {'halfHeight': 90, 'risingPnt': np.int64(827628), 'fallingPnt': np.int64(827684), 'widthPnts': np.int64(56), 'widthMs': np.float64(2.8)}]",74.35,58.6,22.35,5.6,2.8,yes,,,,,,unknown,,,
71,19114001.abf,0,1,0.0,,dvdt,100.0,-20.0,0,"[10, 20, 50, 80, 90]",20260928,19:54:11,,,0.2.8.post45,ceeda3d8b38d399aaf1761b27ed8696acdeb9705,True,,71,71,0,[],,839199,41.95995,-34.615652901785694,13.412786989795908,839230,41.9615,48.75837053571426,83.37402343749996,1.5500000000017167,839388,41.9694,23.088727678571416,837995,-64.10888671874996,838115,838597,24.1,-62.656947544642826,-60.38992745535711,84.45849742075724,,839210,-0.6801060267857141,144.32198660714272,839519,11.99776785714285,-22.341358418367324,11592.0,579.6,1.725327812284334,11926.0,596.3,60.2,"[{'halfHeight': 10, 'risingPnt': np.int64(839205), 'fallingPnt': np.int64(840528), 'widthPnts': np.int64(1323), 'widthMs': np.float64(66.15)}, {'halfHeight': 20, 'risingPnt': np.int64(839207), 'fallingPnt': np.int64(840183), 'widthPnts': np.int64(976), 'widthMs': np.float64(48.8)}, {'halfHeight': 50, 'risingPnt': np.int64(839212), 'fallingPnt': np.int64(839598), 'widthPnts': np.int64(386), 'widthMs': np.float64(19.3)}, {'halfHeight': 80, 'risingPnt': np.int64(839216), 'fallingPnt': np.int64(839314), 'widthPnts': np.int64(98), 'widthMs': np.float64(4.9)}, {'halfHeight': 90, 'risingPnt': np.int64(839219), 'fallingPnt': np.int64(839268), 'widthPnts': np.int64(49), 'widthMs': np.float64(2.45)}]",66.15,48.8,19.3,4.9,2.45,yes,,,,,,unknown,,,
72,19114001.abf,0,1,0.0,,dvdt,100.0,-20.0,0,"[10, 20, 50, 80, 90]",20260928,19:54:11,,,0.2.8.post45,ceeda3d8b38d399aaf1761b27ed8696acdeb9705,True,,72,72,0,[],,849875,42.49375,-36.865234374999986,8.779097576530631,849904,42.4952,49.07226562499997,85.93749999999996,1.449999999998397,850062,42.503099999999996,21.60644531249999,848732,-64.70528738839283,848846,849304,22.9,-63.982282366071395,-59.65750558035712,115.05374220044241,,849891,15.171595982142849,135.9813456632652,850259,6.9405691964285685,-18.873565051020396,10676.0,533.8,1.8733608092918699,10737.0,536.85,57.15,"[{'halfHeight': 10, 'risingPnt': np.int64(849882), 'fallingPnt': np.int64(851263), 'widthPnts': np.int64(1381), 'widthMs': np.float64(69.05)}, {'halfHeight': 20, 'risingPnt': np.int64(849885), 'fallingPnt': np.int64(850890), 'widthPnts': np.int64(1005), 'widthMs': np.float64(50.25)}, {'halfHeight': 50, 'risingPnt': np.int64(849890), 'fallingPnt': np.int64(850260), 'widthPnts': np.int64(370), 'widthMs': np.float64(18.5)}, {'halfHeight': 80, 'risingPnt': np.int64(849894), 'fallingPnt': np.int64(849988), 'widthPnts': np.int64(94), 'widthMs': np.float64(4.7)}, {'halfHeight': 90, 'risingPnt': np.int64(849896), 'fallingPnt': np.int64(849944), 'widthPnts': np.int64(48), 'widthMs': np.float64(2.4)}]",69.05,50.25,18.5,4.7,2.4,yes,,,,,,unknown,,,
73,19114001.abf,0,1,0.0,,dvdt,100.0,-20.0,0,"[10, 20, 50, 80, 90]",20260928,19:54:11,,,0.2.8.post45,ceeda3d8b38d399aaf1761b27ed8696acdeb9705,True,,73,73,0,"[{'Spike': 73, 'Seconds': np.float64(42.9942), 'Sweep': 0, 'Epoch': 1, 'Type': 'Fast AHP was detected at end of fast AHP window', 'Details': 'Consider increasing the fast AHP window with fastAhpWindow_ms'}]",,859884,42.9942,-37.99874441964284,13.13376913265305,859920,42.996,47.555106026785694,85.55385044642853,1.8000000000029104,860079,43.003949999999996,23.088727678571416,858702,-64.88333565848212,858820,859293,23.65,-62.656947544642826,-58.59374999999997,164.56244277322998,,859902,14.875139508928564,133.7890624999999,860277,10.498046874999995,-20.48788265306119,10009.0,500.45,1.9982016185433111,9970.0,498.5,59.1,"[{'halfHeight': 10, 'risingPnt': np.int64(859892), 'fallingPnt': np.int64(861539), 'widthPnts': np.int64(1647), 'widthMs': np.float64(82.35)}, {'halfHeight': 20, 'risingPnt': np.int64(859896), 'fallingPnt': np.int64(861170), 'widthPnts': np.int64(1274), 'widthMs': np.float64(63.7)}, {'halfHeight': 50, 'risingPnt': np.int64(859901), 'fallingPnt': np.int64(860399), 'widthPnts': np.int64(498), 'widthMs': np.float64(24.9)}, {'halfHeight': 80, 'risingPnt': np.int64(859905), 'fallingPnt': np.int64(860016), 'widthPnts': np.int64(111), 'widthMs': np.float64(5.55)}, {'halfHeight': 90, 'risingPnt': np.int64(859908), 'fallingPnt': np.int64(859961), 'widthPnts': np.int64(53), 'widthMs': np.float64(2.65)}]",82.35,63.7,24.9,5.55,2.65,yes,,,,,,unknown,,,
74,19114001.abf,0,1,0.0,,dvdt,100.0,-20.0,0,"[10, 20, 50, 80, 90]",20260928,19:54:11,,,0.2.8.post45,ceeda3d8b38d399aaf1761b27ed8696acdeb9705,True,,74,74,0,[],,870469,43.52345,-34.96442522321426,12.47608418367344,870497,43.52485,48.39215959821426,83.35658482142853,1.4000000000038426,870652,43.532599999999995,23.350306919642847,869065,-64.61390904017853,869205,869767,28.1,-62.866210937499964,-59.65750558035712,108.1993870970397,,870484,16.479492187499993,128.70695153061212,870536,40.719168526785694,-20.766900510204085,10585.0,529.25,1.889466225791214,10363.0,518.15,70.2,"[{'halfHeight': 10, 'risingPnt': np.int64(870476), 'fallingPnt': np.int64(872001), 'widthPnts': np.int64(1525), 'widthMs': np.float64(76.25)}, {'halfHeight': 20, 'risingPnt': np.int64(870478), 'fallingPnt': np.int64(871662), 'widthPnts': np.int64(1184), 'widthMs': np.float64(59.2)}, {'halfHeight': 50, 'risingPnt': np.int64(870483), 'fallingPnt': np.int64(870927), 'widthPnts': np.int64(444), 'widthMs': np.float64(22.2)}, {'halfHeight': 80, 'risingPnt': np.int64(870487), 'fallingPnt': np.int64(870588), 'widthPnts': np.int64(101), 'widthMs': np.float64(5.05)}, {'halfHeight': 90, 'risingPnt': np.int64(870490), 'fallingPnt': np.int64(870537), 'widthPnts': np.int64(47), 'widthMs': np.float64(2.35)}]",76.25,59.2,22.2,5.05,2.35,yes,,,,,,unknown,,,
75,19114001.abf,0,1,0.0,,dvdt,100.0,-20.0,0,"[10, 20, 50, 80, 90]",20260928,19:54:11,,,0.2.8.post45,ceeda3d8b38d399aaf1761b27ed8696acdeb9705,True,,75,75,0,[],,881383,44.06915,-37.52790178571427,9.59622130102036,881419,44.070949999999996,49.29896763392855,86.82686941964282,1.799999999995805,881577,44.078849999999996,23.228236607142847,880394,-64.60780552455354,880493,880888,19.75,-64.08691406249997,-60.30273437499997,156.77848229916518,,881400,16.37486049107142,142.41868622448965,881581,22.774832589285705,-19.531249999999986,10914.0,545.7,1.8325087044163457,11329.0,566.45,49.45,"[{'halfHeight': 10, 'risingPnt': np.int64(881391), 'fallingPnt': np.int64(882934), 'widthPnts': np.int64(1543), 'widthMs': np.float64(77.15)}, {'halfHeight': 20, 'risingPnt': np.int64(881394), 'fallingPnt': np.int64(882539), 'widthPnts': np.int64(1145), 'widthMs': np.float64(57.25)}, {'halfHeight': 50, 'risingPnt': np.int64(881399), 'fallingPnt': np.int64(881830), 'widthPnts': np.int64(431), 'widthMs': np.float64(21.55)}, {'halfHeight': 80, 'risingPnt': np.int64(881403), 'fallingPnt': np.int64(881506), 'widthPnts': np.int64(103), 'widthMs': np.float64(5.15)}, {'halfHeight': 90, 'risingPnt': np.int64(881405), 'fallingPnt': np.int64(881457), 'widthPnts': np.int64(52), 'widthMs': np.float64(2.6)}]",77.15,57.25,21.55,5.15,2.6,yes,,,,,,unknown,,,
76,19114001.abf,0,1,0.0,,dvdt,100.0,-20.0,0,"[10, 20, 50, 80, 90]",20260928,19:54:11,,,0.2.8.post45,ceeda3d8b38d399aaf1761b27ed8696acdeb9705,True,,76,76,0,[],,892026,44.6013,-39.20200892857141,8.16127232142862,892057,44.60285,48.00851004464283,87.21051897321425,1.5499999999946112,892211,44.61055,24.832589285714274,891049,-64.33523995535711,891147,891537,19.5,-62.36049107142854,-59.7098214285714,135.27159834627756,,892043,6.661551339285711,129.6934789540815,892093,42.34095982142855,-21.773357780612162,10643.0,532.15,1.879169407122052,10655.0,532.75,48.85,"[{'halfHeight': 10, 'risingPnt': np.int64(892034), 'fallingPnt': np.int64(893645), 'widthPnts': np.int64(1611), 'widthMs': np.float64(80.55)}, {'halfHeight': 20, 'risingPnt': np.int64(892038), 'fallingPnt': np.int64(893245), 'widthPnts': np.int64(1207), 'widthMs': np.float64(60.35)}, {'halfHeight': 50, 'risingPnt': np.int64(892043), 'fallingPnt': np.int64(892548), 'widthPnts': np.int64(505), 'widthMs': np.float64(25.25)}, {'halfHeight': 80, 'risingPnt': np.int64(892048), 'fallingPnt': np.int64(892163), 'widthPnts': np.int64(115), 'widthMs': np.float64(5.75)}, {'halfHeight': 90, 'risingPnt': np.int64(892050), 'fallingPnt': np.int64(892109), 'widthPnts': np.int64(59), 'widthMs': np.float64(2.95)}]",80.55,60.35,25.25,5.75,2.95,yes,,,,,,unknown,,,
77,19114001.abf,0,1,0.0,,dvdt,100.0,-20.0,0,"[10, 20, 50, 80, 90]",20260928,19:54:11,,,0.2.8.post45,ceeda3d8b38d399aaf1761b27ed8696acdeb9705,True,,77,77,0,"[{'Spike': 77, 'Seconds': np.float64(45.0468), 'Sweep': 0, 'Epoch': 1, 'Type': 'Fast AHP was detected at end of fast AHP window', 'Details': 'Consider increasing the fast AHP window with fastAhpWindow_ms'}]",,900935,45.04675,-34.633091517857125,11.330117984693825,900965,45.04825,46.840122767857125,81.47321428571425,1.5000000000000568,901124,45.0562,24.274553571428562,899500,-64.44091796874997,899644,900218,28.7,-62.8836495535714,-60.110909598214256,80.39676553463326,,900947,1.4125279017857135,127.76028380102028,901234,16.584123883928562,-19.272161989795904,8909.0,445.45,2.2449208665394544,8451.0,422.55,71.75,"[{'halfHeight': 10, 'risingPnt': np.int64(900941), 'fallingPnt': np.int64(902468), 'widthPnts': np.int64(1527), 'widthMs': np.float64(76.35)}, {'halfHeight': 20, 'risingPnt': np.int64(900944), 'fallingPnt': np.int64(902122), 'widthPnts': np.int64(1178), 'widthMs': np.float64(58.9)}, {'halfHeight': 50, 'risingPnt': np.int64(900948), 'fallingPnt': np.int64(901426), 'widthPnts': np.int64(478), 'widthMs': np.float64(23.9)}, {'halfHeight': 80, 'risingPnt': np.int64(900953), 'fallingPnt': np.int64(901062), 'widthPnts': np.int64(109), 'widthMs': np.float64(5.45)}, {'halfHeight': 90, 'risingPnt': np.int64(900955), 'fallingPnt': np.int64(901014), 'widthPnts': np.int64(59), 'widthMs': np.float64(2.95)}]",76.35,58.9,23.9,5.45,2.95,yes,,,,,,unknown,,,
78,19114001.abf,0,1,0.0,,dvdt,100.0,-20.0,0,"[10, 20, 50, 80, 90]",20260928,19:54:11,,,0.2.8.post45,ceeda3d8b38d399aaf1761b27ed8696acdeb9705,True,,78,78,0,"[{'Spike': 78, 'Seconds': np.float64(45.7053), 'Sweep': 0, 'Epoch': 1, 'Type': 'Fast AHP was detected at end of fast AHP window', 'Details': 'Consider increasing the fast AHP window with fastAhpWindow_ms'}]",,914107,45.705349999999996,-37.231445312499986,4.165338010204016,914150,45.7075,44.503348214285694,81.73479352678568,2.1500000000074238,914309,45.71545,22.321428571428562,911023,-64.31222098214282,911331,912565,61.7,-62.517438616071395,-61.13978794642854,18.587909774445446,,914127,16.775948660714278,108.94650829081621,914219,31.215122767857128,-20.66725127551021,13172.0,658.6,1.5183723048891586,11523.0,576.15,154.2,"[{'halfHeight': 10, 'risingPnt': np.int64(914116), 'fallingPnt': np.int64(915818), 'widthPnts': np.int64(1702), 'widthMs': np.float64(85.1)}, {'halfHeight': 20, 'risingPnt': np.int64(914119), 'fallingPnt': np.int64(915399), 'widthPnts': np.int64(1280), 'widthMs': np.float64(64.0)}, {'halfHeight': 50, 'risingPnt': np.int64(914125), 'fallingPnt': np.int64(914678), 'widthPnts': np.int64(553), 'widthMs': np.float64(27.65)}, {'halfHeight': 80, 'risingPnt': np.int64(914130), 'fallingPnt': np.int64(914240), 'widthPnts': np.int64(110), 'widthMs': np.float64(5.5)}, {'halfHeight': 90, 'risingPnt': np.int64(914132), 'fallingPnt': np.int64(914191), 'widthPnts': np.int64(59), 'widthMs': np.float64(2.95)}]",85.1,64.0,27.65,5.5,2.95,yes,,,,,,unknown,,,
79,19114001.abf,0,1,0.0,,dvdt,100.0,-20.0,0,"[10, 20, 50, 80, 90]",20260928,19:54:11,,,0.2.8.post45,ceeda3d8b38d399aaf1761b27ed8696acdeb9705,True,,79,79,0,[],,923604,46.1802,-39.56821986607141,8.858816964285767,923642,46.1821,46.78780691964283,86.35602678571425,1.8999999999991246,923797,46.18985,24.309430803571416,922598,-64.09109933035711,922699,923101,20.1,-63.42424665178569,-59.971400669642826,129.91740393111684,,923624,19.967215401785705,129.00589923469374,923664,42.37583705357141,-21.464445153061217,9497.0,474.85,2.1059281878487943,11575.0,578.75,50.3,"[{'halfHeight': 10, 'risingPnt': np.int64(923612), 'fallingPnt': np.int64(925491), 'widthPnts': np.int64(1879), 'widthMs': np.float64(93.95)}, {'halfHeight': 20, 'risingPnt': np.int64(923616), 'fallingPnt': np.int64(924970), 'widthPnts': np.int64(1354), 'widthMs': np.float64(67.7)}, {'halfHeight': 50, 'risingPnt': np.int64(923622), 'fallingPnt': np.int64(924134), 'widthPnts': np.int64(512), 'widthMs': np.float64(25.6)}, {'halfHeight': 80, 'risingPnt': np.int64(923626), 'fallingPnt': np.int64(923747), 'widthPnts': np.int64(121), 'widthMs': np.float64(6.05)}, {'halfHeight': 90, 'risingPnt': np.int64(923628), 'fallingPnt': np.int64(923687), 'widthPnts': np.int64(59), 'widthMs': np.float64(2.95)}]",93.95,67.7,25.6,6.05,2.95,yes,,,,,,unknown,,,
80,19114001.abf,0,1,0.0,,dvdt,100.0,-20.0,0,"[10, 20, 50, 80, 90]",20260928,19:54:11,,,0.2.8.post45,ceeda3d8b38d399aaf1761b27ed8696acdeb9705,True,,80,80,0,[],,934901,46.745050000000006,-38.24288504464284,11.569276147959187,934938,46.746900000000004,47.25864955357141,85.50153459821425,1.8499999999974648,935096,46.7548,23.76883370535713,933861,-64.34640066964283,933965,934381,20.8,-62.918526785714256,-60.26785714285712,139.6746454792305,,934920,21.44949776785713,129.5440051020407,934956,43.94531249999998,-20.64732142857138,11297.0,564.85,1.7703815172169601,11263.0,563.15,52.0,"[{'halfHeight': 10, 'risingPnt': np.int64(934909), 'fallingPnt': np.int64(936712), 'widthPnts': np.int64(1803), 'widthMs': np.float64(90.15)}, {'halfHeight': 20, 'risingPnt': np.int64(934913), 'fallingPnt': np.int64(936228), 'widthPnts': np.int64(1315), 'widthMs': np.float64(65.75)}, {'halfHeight': 50, 'risingPnt': np.int64(934918), 'fallingPnt': np.int64(935409), 'widthPnts': np.int64(491), 'widthMs': np.float64(24.55)}, {'halfHeight': 80, 'risingPnt': np.int64(934922), 'fallingPnt': np.int64(935043), 'widthPnts': np.int64(121), 'widthMs': np.float64(6.05)}, {'halfHeight': 90, 'risingPnt': np.int64(934924), 'fallingPnt': np.int64(934983), 'widthPnts': np.int64(59), 'widthMs': np.float64(2.95)}]",90.15,65.75,24.55,6.05,2.95,yes,,,,,,unknown,,,
81,19114001.abf,0,1,0.0,,dvdt,100.0,-20.0,0,"[10, 20, 50, 80, 90]",20260928,19:54:11,,,0.2.8.post45,ceeda3d8b38d399aaf1761b27ed8696acdeb9705,True,,81,81,0,[],,947937,47.39685,-36.2025669642857,11.539381377551043,947968,47.3984,46.50878906249998,82.71135602678568,1.5500000000017167,948113,47.40565,24.16992187499999,946069,-64.63361467633926,946256,947003,37.35,-62.97084263392854,-59.57031249999997,81.0258212551387,,947953,14.596121651785706,117.82525510204069,948316,10.602678571428568,-23.337850765306097,13036.0,651.8,1.5342129487572878,12208.0,610.4,93.4,"[{'halfHeight': 10, 'risingPnt': np.int64(947943), 'fallingPnt': np.int64(949455), 'widthPnts': np.int64(1512), 'widthMs': np.float64(75.6)}, {'halfHeight': 20, 'risingPnt': np.int64(947947), 'fallingPnt': np.int64(949128), 'widthPnts': np.int64(1181), 'widthMs': np.float64(59.05)}, {'halfHeight': 50, 'risingPnt': np.int64(947952), 'fallingPnt': np.int64(948435), 'widthPnts': np.int64(483), 'widthMs': np.float64(24.15)}, {'halfHeight': 80, 'risingPnt': np.int64(947956), 'fallingPnt': np.int64(948058), 'widthPnts': np.int64(102), 'widthMs': np.float64(5.1)}, {'halfHeight': 90, 'risingPnt': np.int64(947959), 'fallingPnt': np.int64(948014), 'widthPnts': np.int64(55), 'widthMs': np.float64(2.75)}]",75.6,59.05,24.15,5.1,2.75,yes,,,,,,unknown,,,
82,19114001.abf,0,1,0.0,,dvdt,100.0,-20.0,0,"[10, 20, 50, 80, 90]",20260928,19:54:11,,,0.2.8.post45,ceeda3d8b38d399aaf1761b27ed8696acdeb9705,True,,82,82,0,[],,959462,47.973099999999995,-34.94698660714284,12.625558035714251,959491,47.97455,47.03194754464283,81.97893415178567,1.4500000000055024,959649,47.98245,21.170479910714274,957981,-64.51468331473212,958129,958721,29.6,-62.70926339285711,-61.87220982142854,47.792104152158814,,959475,8.579799107142852,128.57740752551007,959556,34.075055803571416,-19.361846301020314,11525.0,576.25,1.7353579175704987,11912.0,595.6,74.05,"[{'halfHeight': 10, 'risingPnt': np.int64(959468), 'fallingPnt': np.int64(960851), 'widthPnts': np.int64(1383), 'widthMs': np.float64(69.15)}, {'halfHeight': 20, 'risingPnt': np.int64(959471), 'fallingPnt': np.int64(960483), 'widthPnts': np.int64(1012), 'widthMs': np.float64(50.6)}, {'halfHeight': 50, 'risingPnt': np.int64(959475), 'fallingPnt': np.int64(959870), 'widthPnts': np.int64(395), 'widthMs': np.float64(19.75)}, {'halfHeight': 80, 'risingPnt': np.int64(959479), 'fallingPnt': np.int64(959580), 'widthPnts': np.int64(101), 'widthMs': np.float64(5.05)}, {'halfHeight': 90, 'risingPnt': np.int64(959481), 'fallingPnt': np.int64(959537), 'widthPnts': np.int64(56), 'widthMs': np.float64(2.8)}]",69.15,50.6,19.75,5.05,2.8,yes,,,,,,unknown,,,
83,19114001.abf,0,1,0.0,,dvdt,100.0,-20.0,0,"[10, 20, 50, 80, 90]",20260928,19:54:11,,,0.2.8.post45,ceeda3d8b38d399aaf1761b27ed8696acdeb9705,True,,83,83,0,[],,971579,48.57895,-38.26032366071427,8.709343112244882,971609,48.58045,47.433035714285694,85.69335937499997,1.5000000000000568,971762,48.5881,23.28055245535713,970370,-64.46690150669639,970491,970974,24.15,-63.528878348214256,-60.25041852678569,106.81983942014935,,971596,12.817382812499993,130.68000637755088,971701,30.552455357142843,-23.497289540816304,12117.0,605.85,1.650573574317075,12389.0,619.45,60.45,"[{'halfHeight': 10, 'risingPnt': np.int64(971586), 'fallingPnt': np.int64(973206), 'widthPnts': np.int64(1620), 'widthMs': np.float64(81.0)}, {'halfHeight': 20, 'risingPnt': np.int64(971590), 'fallingPnt': np.int64(972758), 'widthPnts': np.int64(1168), 'widthMs': np.float64(58.4)}, {'halfHeight': 50, 'risingPnt': np.int64(971595), 'fallingPnt': np.int64(972063), 'widthPnts': np.int64(468), 'widthMs': np.float64(23.4)}, {'halfHeight': 80, 'risingPnt': np.int64(971599), 'fallingPnt': np.int64(971702), 'widthPnts': np.int64(103), 'widthMs': np.float64(5.15)}, {'halfHeight': 90, 'risingPnt': np.int64(971602), 'fallingPnt': np.int64(971657), 'widthPnts': np.int64(55), 'widthMs': np.float64(2.75)}]",81.0,58.4,23.4,5.15,2.75,yes,,,,,,unknown,,,
84,19114001.abf,0,1,0.0,,dvdt,100.0,-20.0,0,"[10, 20, 50, 80, 90]",20260928,19:54:11,,,0.2.8.post45,ceeda3d8b38d399aaf1761b27ed8696acdeb9705,True,,84,84,0,[],,981385,49.06925,-37.37095424107141,4.803093112244886,981419,49.070949999999996,47.36328124999998,84.73423549107139,1.6999999999995907,981574,49.0787,22.46093749999999,980227,-64.42016601562496,980343,980806,23.15,-62.48256138392854,-60.09347098214283,115.73242160107289,,981402,13.270786830357137,130.450813137755,981498,31.999860491071413,-23.437499999999996,9806.0,490.3,2.039567611666327,9857.0,492.85,57.9,"[{'halfHeight': 10, 'risingPnt': np.int64(981392), 'fallingPnt': np.int64(983157), 'widthPnts': np.int64(1765), 'widthMs': np.float64(88.25)}, {'halfHeight': 20, 'risingPnt': np.int64(981396), 'fallingPnt': np.int64(982672), 'widthPnts': np.int64(1276), 'widthMs': np.float64(63.8)}, {'halfHeight': 50, 'risingPnt': np.int64(981401), 'fallingPnt': np.int64(981840), 'widthPnts': np.int64(439), 'widthMs': np.float64(21.95)}, {'halfHeight': 80, 'risingPnt': np.int64(981406), 'fallingPnt': np.int64(981507), 'widthPnts': np.int64(101), 'widthMs': np.float64(5.05)}, {'halfHeight': 90, 'risingPnt': np.int64(981408), 'fallingPnt': np.int64(981464), 'widthPnts': np.int64(56), 'widthMs': np.float64(2.8)}]",88.25,63.8,21.95,5.05,2.8,yes,,,,,,unknown,,,
85,19114001.abf,0,1,0.0,,dvdt,100.0,-20.0,0,"[10, 20, 50, 80, 90]",20260928,19:54:11,,,0.2.8.post45,ceeda3d8b38d399aaf1761b27ed8696acdeb9705,True,,85,85,0,[],,990409,49.52045,-36.725725446428555,12.476084183673471,990443,49.52215,46.42159598214284,83.14732142857139,1.7000000000066962,990599,49.52995,24.204799107142843,989047,-64.42731584821425,989183,989728,27.25,-62.552315848214256,-60.42480468749997,93.29447074678721,,990424,5.789620535714283,131.9555165816325,990461,42.933872767857125,-22.480867346938727,9024.0,451.2,2.2163120567375887,8820.0,441.0,68.1,"[{'halfHeight': 10, 'risingPnt': np.int64(990416), 'fallingPnt': np.int64(991910), 'widthPnts': np.int64(1494), 'widthMs': np.float64(74.7)}, {'halfHeight': 20, 'risingPnt': np.int64(990419), 'fallingPnt': np.int64(991610), 'widthPnts': np.int64(1191), 'widthMs': np.float64(59.55)}, {'halfHeight': 50, 'risingPnt': np.int64(990424), 'fallingPnt': np.int64(990948), 'widthPnts': np.int64(524), 'widthMs': np.float64(26.2)}, {'halfHeight': 80, 'risingPnt': np.int64(990429), 'fallingPnt': np.int64(990553), 'widthPnts': np.int64(124), 'widthMs': np.float64(6.2)}, {'halfHeight': 90, 'risingPnt': np.int64(990432), 'fallingPnt': np.int64(990494), 'widthPnts': np.int64(62), 'widthMs': np.float64(3.1)}]",74.7,59.55,26.2,6.2,3.1,yes,,,,,,unknown,,,
86,19114001.abf,0,1,0.0,,dvdt,100.0,-20.0,0,"[10, 20, 50, 80, 90]",20260928,19:54:11,,,0.2.8.post45,ceeda3d8b38d399aaf1761b27ed8696acdeb9705,True,,86,86,0,[],,1000928,50.0464,-35.92354910714284,11.499521683673507,1000962,50.0481,46.36928013392855,82.29282924107139,1.6999999999995907,1001118,50.0559,21.71107700892856,999272,-64.47492327008925,999438,1000100,33.1,-62.32561383928569,-60.58175223214283,35.00086348069114,,1000944,16.37486049107142,128.89628507653046,1001175,19.234793526785705,-22.58051658163266,10519.0,525.95,1.901321418385778,10225.0,511.25,82.8,"[{'halfHeight': 10, 'risingPnt': np.int64(1000934), 'fallingPnt': np.int64(1002461), 'widthPnts': np.int64(1527), 'widthMs': np.float64(76.35)}, {'halfHeight': 20, 'risingPnt': np.int64(1000938), 'fallingPnt': np.int64(1002155), 'widthPnts': np.int64(1217), 'widthMs': np.float64(60.85)}, {'halfHeight': 50, 'risingPnt': np.int64(1000943), 'fallingPnt': np.int64(1001441), 'widthPnts': np.int64(498), 'widthMs': np.float64(24.9)}, {'halfHeight': 80, 'risingPnt': np.int64(1000947), 'fallingPnt': np.int64(1001059), 'widthPnts': np.int64(112), 'widthMs': np.float64(5.6)}, {'halfHeight': 90, 'risingPnt': np.int64(1000949), 'fallingPnt': np.int64(1001006), 'widthPnts': np.int64(57), 'widthMs': np.float64(2.85)}]",76.35,60.85,24.9,5.6,2.85,yes,,,,,,unknown,,,
87,19114001.abf,0,1,0.0,,dvdt,100.0,-20.0,0,"[10, 20, 50, 80, 90]",20260928,19:54:11,,,0.2.8.post45,ceeda3d8b38d399aaf1761b27ed8696acdeb9705,True,,87,87,0,[],,1011186,50.5593,-32.6625279017857,10.682397959183664,1011216,50.5608,45.21833147321426,77.88085937499997,1.5000000000000568,1011371,50.56855,24.065290178571416,1008744,-64.51014927455354,1008988,1009965,48.85,-63.18010602678568,-60.58175223214283,44.19770797555464,,1011200,17.037527901785705,129.07565369897947,1011412,21.11816406249999,-19.192442602040813,10258.0,512.9,1.9496977968414895,9472.0,473.6,122.1,"[{'halfHeight': 10, 'risingPnt': np.int64(1011191), 'fallingPnt': np.int64(1012678), 'widthPnts': np.int64(1487), 'widthMs': np.float64(74.35)}, {'halfHeight': 20, 'risingPnt': np.int64(1011194), 'fallingPnt': np.int64(1012378), 'widthPnts': np.int64(1184), 'widthMs': np.float64(59.2)}, {'halfHeight': 50, 'risingPnt': np.int64(1011199), 'fallingPnt': np.int64(1011695), 'widthPnts': np.int64(496), 'widthMs': np.float64(24.8)}, {'halfHeight': 80, 'risingPnt': np.int64(1011203), 'fallingPnt': np.int64(1011318), 'widthPnts': np.int64(115), 'widthMs': np.float64(5.75)}, {'halfHeight': 90, 'risingPnt': np.int64(1011205), 'fallingPnt': np.int64(1011263), 'widthPnts': np.int64(58), 'widthMs': np.float64(2.9)}]",74.35,59.2,24.8,5.75,2.9,yes,,,,,,unknown,,,
88,19114001.abf,0,1,0.0,,dvdt,100.0,-20.0,0,"[10, 20, 50, 80, 90]",20260928,19:54:11,,,0.2.8.post45,ceeda3d8b38d399aaf1761b27ed8696acdeb9705,True,,88,88,0,"[{'Spike': 88, 'Seconds': np.float64(51.2656), 'Sweep': 0, 'Epoch': 1, 'Type': 'Fast AHP was detected at end of fast AHP window', 'Details': 'Consider increasing the fast AHP window with fastAhpWindow_ms'}]",,1025312,51.2656,-39.254324776785694,1.6940369897959409,1025345,51.26725,48.88044084821426,88.13476562499996,1.649999999997931,1025504,51.2752,22.966657366071416,1024379,-64.64686802455354,1024472,1024845,18.65,-63.127790178571395,-60.18066406249997,141.45404130251836,,1025328,6.417410714285711,135.7023278061223,1025601,15.328543526785706,-18.724091198979572,14126.0,706.3,1.4158289678606826,15635.0,781.75,46.65,"[{'halfHeight': 10, 'risingPnt': np.int64(1025320), 'fallingPnt': np.int64(1026997), 'widthPnts': np.int64(1677), 'widthMs': np.float64(83.85)}, {'halfHeight': 20, 'risingPnt': np.int64(1025323), 'fallingPnt': np.int64(1026588), 'widthPnts': np.int64(1265), 'widthMs': np.float64(63.25)}, {'halfHeight': 50, 'risingPnt': np.int64(1025328), 'fallingPnt': np.int64(1025796), 'widthPnts': np.int64(468), 'widthMs': np.float64(23.4)}, {'halfHeight': 80, 'risingPnt': np.int64(1025332), 'fallingPnt': np.int64(1025432), 'widthPnts': np.int64(100), 'widthMs': np.float64(5.0)}, {'halfHeight': 90, 'risingPnt': np.int64(1025335), 'fallingPnt': np.int64(1025389), 'widthPnts': np.int64(54), 'widthMs': np.float64(2.7)}]",83.85,63.25,23.4,5.0,2.7,yes,,,,,,unknown,,,
89,19114001.abf,0,1,0.0,,dvdt,100.0,-20.0,0,"[10, 20, 50, 80, 90]",20260928,19:54:11,,,0.2.8.post45,ceeda3d8b38d399aaf1761b27ed8696acdeb9705,True,,89,89,0,[],,1035324,51.7662,-36.481584821428555,10.552853954081598,1035359,51.76795,45.77636718749998,82.25795200892853,1.7500000000012506,1035513,51.77565,24.50125558035713,1033986,-63.9847237723214,1034120,1034655,26.75,-63.18010602678568,-59.81445312499997,135.85610124634422,,1035340,9.015764508928568,124.8106664540815,1035645,15.572684151785708,-22.63034119897954,10012.0,500.6,1.997602876548142,9607.0,480.35,66.9,"[{'halfHeight': 10, 'risingPnt': np.int64(1035331), 'fallingPnt': np.int64(1036883), 'widthPnts': np.int64(1552), 'widthMs': np.float64(77.6)}, {'halfHeight': 20, 'risingPnt': np.int64(1035334), 'fallingPnt': np.int64(1036560), 'widthPnts': np.int64(1226), 'widthMs': np.float64(61.3)}, {'halfHeight': 50, 'risingPnt': np.int64(1035340), 'fallingPnt': np.int64(1035872), 'widthPnts': np.int64(532), 'widthMs': np.float64(26.6)}, {'halfHeight': 80, 'risingPnt': np.int64(1035344), 'fallingPnt': np.int64(1035468), 'widthPnts': np.int64(124), 'widthMs': np.float64(6.2)}, {'halfHeight': 90, 'risingPnt': np.int64(1035347), 'fallingPnt': np.int64(1035412), 'widthPnts': np.int64(65), 'widthMs': np.float64(3.25)}]",77.6,61.3,26.6,6.2,3.25,yes,,,,,,unknown,,,
90,19114001.abf,0,1,0.0,,dvdt,100.0,-20.0,0,"[10, 20, 50, 80, 90]",20260928,19:54:11,,,0.2.8.post45,ceeda3d8b38d399aaf1761b27ed8696acdeb9705,True,,90,90,0,[],,1046238,52.3119,-40.19601004464284,7.852359693877524,1046272,52.3136,47.52022879464283,87.71623883928567,1.6999999999995907,1046427,52.321349999999995,24.41406249999999,1045014,-64.80154854910711,1045136,1045626,24.5,-63.0057198660714,-60.110909598214256,109.09971766178168,,1046256,6.051199776785711,140.2662627551019,1046523,17.438616071428562,-19.11272321428569,10914.0,545.7,1.8325087044163457,11028.0,551.4,61.2,"[{'halfHeight': 10, 'risingPnt': np.int64(1046247), 'fallingPnt': np.int64(1048177), 'widthPnts': np.int64(1930), 'widthMs': np.float64(96.5)}, {'halfHeight': 20, 'risingPnt': np.int64(1046251), 'fallingPnt': np.int64(1047548), 'widthPnts': np.int64(1297), 'widthMs': np.float64(64.85)}, {'halfHeight': 50, 'risingPnt': np.int64(1046256), 'fallingPnt': np.int64(1046776), 'widthPnts': np.int64(520), 'widthMs': np.float64(26.0)}, {'halfHeight': 80, 'risingPnt': np.int64(1046260), 'fallingPnt': np.int64(1046372), 'widthPnts': np.int64(112), 'widthMs': np.float64(5.6)}, {'halfHeight': 90, 'risingPnt': np.int64(1046263), 'fallingPnt': np.int64(1046319), 'widthPnts': np.int64(56), 'widthMs': np.float64(2.8)}]",96.5,64.85,26.0,5.6,2.8,yes,,,,,,unknown,,,
91,19114001.abf,0,1,0.0,,dvdt,100.0,-20.0,0,"[10, 20, 50, 80, 90]",20260928,19:54:11,,,0.2.8.post45,ceeda3d8b38d399aaf1761b27ed8696acdeb9705,True,,91,91,0,[],,1068799,53.439949999999996,-35.05161830357141,10.09446747448978,1068827,53.44135,48.182896205357125,83.23451450892853,1.4000000000038426,1068984,53.4492,24.65820312499999,1067747,-64.09301757812499,1067852,1068273,21.05,-62.779017857142826,-59.81445312499997,126.5152431696752,,1068812,11.40485491071428,133.54990433673458,1069057,19.374302455357135,-28.340242346938762,22561.0,1128.05,0.8864855281237534,22733.0,1136.65,52.6,"[{'halfHeight': 10, 'risingPnt': np.int64(1068804), 'fallingPnt': np.int64(1070240), 'widthPnts': np.int64(1436), 'widthMs': np.float64(71.8)}, {'halfHeight': 20, 'risingPnt': np.int64(1068807), 'fallingPnt': np.int64(1069892), 'widthPnts': np.int64(1085), 'widthMs': np.float64(54.25)}, {'halfHeight': 50, 'risingPnt': np.int64(1068812), 'fallingPnt': np.int64(1069267), 'widthPnts': np.int64(455), 'widthMs': np.float64(22.75)}, {'halfHeight': 80, 'risingPnt': np.int64(1068816), 'fallingPnt': np.int64(1068931), 'widthPnts': np.int64(115), 'widthMs': np.float64(5.75)}, {'halfHeight': 90, 'risingPnt': np.int64(1068818), 'fallingPnt': np.int64(1068875), 'widthPnts': np.int64(57), 'widthMs': np.float64(2.85)}]",71.8,54.25,22.75,5.75,2.85,yes,,,,,,unknown,,,
92,19114001.abf,0,1,0.0,,dvdt,100.0,-20.0,0,"[10, 20, 50, 80, 90]",20260928,19:54:11,,,0.2.8.post45,ceeda3d8b38d399aaf1761b27ed8696acdeb9705,True,,92,92,0,"[{'Spike': 92, 'Seconds': np.float64(54.0259), 'Sweep': 0, 'Epoch': 1, 'Type': 'Fast AHP was detected at end of fast AHP window', 'Details': 'Consider increasing the fast AHP window with fastAhpWindow_ms'}]",,1080518,54.0259,-34.3715122767857,10.91159119897956,1080554,54.027699999999996,44.57310267857141,78.94461495535711,1.799999999995805,1080713,54.035650000000004,22.739955357142847,1078338,-63.451276506696395,1078556,1079428,43.6,-61.75013950892854,-57.8787667410714,60.64097051299377,,1080532,6.0860770089285685,111.90609056122437,1080725,22.495814732142847,-23.53714923469383,11719.0,585.95,1.706630258554484,10591.0,529.55,109.0,"[{'halfHeight': 10, 'risingPnt': np.int64(1080524), 'fallingPnt': np.int64(1082143), 'widthPnts': np.int64(1619), 'widthMs': np.float64(80.95)}, {'halfHeight': 20, 'risingPnt': np.int64(1080527), 'fallingPnt': np.int64(1081753), 'widthPnts': np.int64(1226), 'widthMs': np.float64(61.3)}, {'halfHeight': 50, 'risingPnt': np.int64(1080532), 'fallingPnt': np.int64(1081058), 'widthPnts': np.int64(526), 'widthMs': np.float64(26.3)}, {'halfHeight': 80, 'risingPnt': np.int64(1080537), 'fallingPnt': np.int64(1080649), 'widthPnts': np.int64(112), 'widthMs': np.float64(5.6)}, {'halfHeight': 90, 'risingPnt': np.int64(1080540), 'fallingPnt': np.int64(1080592), 'widthPnts': np.int64(52), 'widthMs': np.float64(2.6)}]",80.95,61.3,26.3,5.6,2.6,yes,,,,,,unknown,,,
93,19114001.abf,0,1,0.0,,dvdt,100.0,-20.0,0,"[10, 20, 50, 80, 90]",20260928,19:54:11,,,0.2.8.post45,ceeda3d8b38d399aaf1761b27ed8696acdeb9705,True,,93,93,0,[],,1093540,54.677,-39.777483258928555,8.639588647959119,1093575,54.67875,46.99707031249998,86.77455357142853,1.7500000000012506,1093733,54.68665,23.228236607142847,1092582,-63.924211774553534,1092678,1093061,19.15,-61.85477120535712,-58.19266183035712,162.3340591946778,,1093561,24.65820312499999,125.5879304846938,1093617,38.26032366071426,-22.221779336734663,13022.0,651.1,1.5358623867301489,14244.0,712.2,47.9,"[{'halfHeight': 10, 'risingPnt': np.int64(1093549), 'fallingPnt': np.int64(1095139), 'widthPnts': np.int64(1590), 'widthMs': np.float64(79.5)}, {'halfHeight': 20, 'risingPnt': np.int64(1093553), 'fallingPnt': np.int64(1094724), 'widthPnts': np.int64(1171), 'widthMs': np.float64(58.55)}, {'halfHeight': 50, 'risingPnt': np.int64(1093558), 'fallingPnt': np.int64(1094007), 'widthPnts': np.int64(449), 'widthMs': np.float64(22.45)}, {'halfHeight': 80, 'risingPnt': np.int64(1093562), 'fallingPnt': np.int64(1093674), 'widthPnts': np.int64(112), 'widthMs': np.float64(5.6)}, {'halfHeight': 90, 'risingPnt': np.int64(1093565), 'fallingPnt': np.int64(1093617), 'widthPnts': np.int64(52), 'widthMs': np.float64(2.6)}]",79.5,58.55,22.45,5.6,2.6,yes,,,,,,unknown,,,
94,19114001.abf,0,1,0.0,,dvdt,100.0,-20.0,0,"[10, 20, 50, 80, 90]",20260928,19:54:11,,,0.2.8.post45,ceeda3d8b38d399aaf1761b27ed8696acdeb9705,True,,94,94,0,"[{'Spike': 94, 'Seconds': np.float64(55.3692), 'Sweep': 0, 'Epoch': 1, 'Type': 'Fast AHP was detected at end of fast AHP window', 'Details': 'Consider increasing the fast AHP window with fastAhpWindow_ms'}]",,1107384,55.3692,-34.022739955357125,10.61264349489798,1107410,55.3705,46.80524553571426,80.82798549107139,1.300000000000523,1107569,55.378449999999994,20.002092633928562,1105985,-63.83300781249997,1106125,1106685,28.0,-61.453683035714256,-59.256417410714256,84.78250890712752,,1107397,8.841378348214281,122.38919005102028,1107470,34.545898437499986,-20.44802295918363,13844.0,692.2,1.444669170759896,13403.0,670.15,69.95,"[{'halfHeight': 10, 'risingPnt': np.int64(1107389), 'fallingPnt': np.int64(1108749), 'widthPnts': np.int64(1360), 'widthMs': np.float64(68.0)}, {'halfHeight': 20, 'risingPnt': np.int64(1107392), 'fallingPnt': np.int64(1108442), 'widthPnts': np.int64(1050), 'widthMs': np.float64(52.5)}, {'halfHeight': 50, 'risingPnt': np.int64(1107397), 'fallingPnt': np.int64(1107777), 'widthPnts': np.int64(380), 'widthMs': np.float64(19.0)}, {'halfHeight': 80, 'risingPnt': np.int64(1107401), 'fallingPnt': np.int64(1107493), 'widthPnts': np.int64(92), 'widthMs': np.float64(4.6)}, {'halfHeight': 90, 'risingPnt': np.int64(1107404), 'fallingPnt': np.int64(1107455), 'widthPnts': np.int64(51), 'widthMs': np.float64(2.55)}]",68.0,52.5,19.0,4.6,2.55,yes,,,,,,unknown,,,
95,19114001.abf,0,1,0.0,,dvdt,100.0,-20.0,0,"[10, 20, 50, 80, 90]",20260928,19:54:11,,,0.2.8.post45,ceeda3d8b38d399aaf1761b27ed8696acdeb9705,True,,95,95,0,[],,1120050,56.0025,-38.051060267857125,5.2415497448979504,1120087,56.004349999999995,47.08426339285712,85.13532366071425,1.8499999999974648,1120245,56.01225,22.024972098214274,1118907,-63.84486607142854,1119021,1119479,22.9,-62.36049107142854,-59.971400669642826,91.9067339218591,,1120066,8.108956473214281,126.853475765306,1120106,42.53278459821427,-19.670758928571367,12666.0,633.3,1.5790304752881732,12922.0,646.1,57.15,"[{'halfHeight': 10, 'risingPnt': np.int64(1120057), 'fallingPnt': np.int64(1121786), 'widthPnts': np.int64(1729), 'widthMs': np.float64(86.45)}, {'halfHeight': 20, 'risingPnt': np.int64(1120060), 'fallingPnt': np.int64(1121327), 'widthPnts': np.int64(1267), 'widthMs': np.float64(63.35)}, {'halfHeight': 50, 'risingPnt': np.int64(1120066), 'fallingPnt': np.int64(1120529), 'widthPnts': np.int64(463), 'widthMs': np.float64(23.15)}, {'halfHeight': 80, 'risingPnt': np.int64(1120070), 'fallingPnt': np.int64(1120177), 'widthPnts': np.int64(107), 'widthMs': np.float64(5.35)}, {'halfHeight': 90, 'risingPnt': np.int64(1120073), 'fallingPnt': np.int64(1120127), 'widthPnts': np.int64(54), 'widthMs': np.float64(2.7)}]",86.45,63.35,23.15,5.35,2.7,yes,,,,,,unknown,,,
96,19114001.abf,0,1,0.0,,dvdt,100.0,-20.0,0,"[10, 20, 50, 80, 90]",20260928,19:54:11,,,0.2.8.post45,ceeda3d8b38d399aaf1761b27ed8696acdeb9705,True,,96,96,0,[],,1132554,56.6277,-32.38351004464284,10.493064413265309,1132585,56.62925,45.14857700892855,77.53208705357139,1.5500000000017167,1132742,56.6371,21.93777901785713,1130762,-63.93275669642855,1130941,1131658,35.85,-62.86621093749997,-59.11690848214283,84.26701796505213,,1132566,8.265904017857139,130.53053252551007,1132728,23.19335937499999,-21.5441645408163,12504.0,625.2,1.5994881637875877,11855.0,592.75,89.6,"[{'halfHeight': 10, 'risingPnt': np.int64(1132559), 'fallingPnt': np.int64(1133823), 'widthPnts': np.int64(1264), 'widthMs': np.float64(63.2)}, {'halfHeight': 20, 'risingPnt': np.int64(1132561), 'fallingPnt': np.int64(1133559), 'widthPnts': np.int64(998), 'widthMs': np.float64(49.9)}, {'halfHeight': 50, 'risingPnt': np.int64(1132566), 'fallingPnt': np.int64(1132967), 'widthPnts': np.int64(401), 'widthMs': np.float64(20.05)}, {'halfHeight': 80, 'risingPnt': np.int64(1132570), 'fallingPnt': np.int64(1132679), 'widthPnts': np.int64(109), 'widthMs': np.float64(5.45)}, {'halfHeight': 90, 'risingPnt': np.int64(1132573), 'fallingPnt': np.int64(1132627), 'widthPnts': np.int64(54), 'widthMs': np.float64(2.7)}]",63.2,49.9,20.05,5.45,2.7,yes,,,,,,unknown,,,
97,19114001.abf,0,1,0.0,,dvdt,100.0,-20.0,0,"[10, 20, 50, 80, 90]",20260928,19:54:11,,,0.2.8.post45,ceeda3d8b38d399aaf1761b27ed8696acdeb9705,True,,97,97,0,"[{'Spike': 97, 'Seconds': np.float64(57.1544), 'Sweep': 0, 'Epoch': 1, 'Type': 'Fast AHP was detected at end of fast AHP window', 'Details': 'Consider increasing the fast AHP window with fastAhpWindow_ms'}]",,1143089,57.15445,-37.02218191964284,11.44969706632651,1143126,57.1563,45.63685825892855,82.65904017857139,1.8500000000045702,1143285,57.16425,22.129603794642847,1141860,-63.28421456473211,1141983,1142474,24.55,-61.9070870535714,-58.506556919642826,113.41055520108475,,1143106,7.3242187499999964,126.29544005102028,1143213,29.994419642857128,-20.577566964285694,10535.0,526.75,1.8984337921214995,11098.0,554.9,61.45,"[{'halfHeight': 10, 'risingPnt': np.int64(1143097), 'fallingPnt': np.int64(1144775), 'widthPnts': np.int64(1678), 'widthMs': np.float64(83.9)}, {'halfHeight': 20, 'risingPnt': np.int64(1143100), 'fallingPnt': np.int64(1144324), 'widthPnts': np.int64(1224), 'widthMs': np.float64(61.2)}, {'halfHeight': 50, 'risingPnt': np.int64(1143106), 'fallingPnt': np.int64(1143570), 'widthPnts': np.int64(464), 'widthMs': np.float64(23.2)}, {'halfHeight': 80, 'risingPnt': np.int64(1143110), 'fallingPnt': np.int64(1143224), 'widthPnts': np.int64(114), 'widthMs': np.float64(5.7)}, {'halfHeight': 90, 'risingPnt': np.int64(1143113), 'fallingPnt': np.int64(1143169), 'widthPnts': np.int64(56), 'widthMs': np.float64(2.8)}]",83.9,61.2,23.2,5.7,2.8,yes,,,,,,unknown,,,
98,19114001.abf,0,1,0.0,,dvdt,100.0,-20.0,0,"[10, 20, 50, 80, 90]",20260928,19:54:11,,,0.2.8.post45,ceeda3d8b38d399aaf1761b27ed8696acdeb9705,True,,98,98,0,[],,1154201,57.71005,-35.993303571428555,6.2081473214285765,1154232,57.7116,46.31696428571426,82.31026785714282,1.5499999999946112,1154390,57.7195,25.041852678571416,1152930,-64.03564453124999,1153057,1153566,25.45,-61.85477120535712,-60.18066406249997,73.76023419497571,,1154217,13.811383928571422,132.10499043367332,1154318,32.244001116071416,-19.321986607142815,11112.0,555.6,1.7998560115190785,11070.0,553.5,63.55,"[{'halfHeight': 10, 'risingPnt': np.int64(1154208), 'fallingPnt': np.int64(1155851), 'widthPnts': np.int64(1643), 'widthMs': np.float64(82.15)}, {'halfHeight': 20, 'risingPnt': np.int64(1154211), 'fallingPnt': np.int64(1155497), 'widthPnts': np.int64(1286), 'widthMs': np.float64(64.3)}, {'halfHeight': 50, 'risingPnt': np.int64(1154216), 'fallingPnt': np.int64(1154755), 'widthPnts': np.int64(539), 'widthMs': np.float64(26.95)}, {'halfHeight': 80, 'risingPnt': np.int64(1154221), 'fallingPnt': np.int64(1154347), 'widthPnts': np.int64(126), 'widthMs': np.float64(6.3)}, {'halfHeight': 90, 'risingPnt': np.int64(1154223), 'fallingPnt': np.int64(1154286), 'widthPnts': np.int64(63), 'widthMs': np.float64(3.15)}]",82.15,64.3,26.95,6.3,3.15,yes,,,,,,unknown,,,
99,19114001.abf,0,1,0.0,,dvdt,100.0,-20.0,0,"[10, 20, 50, 80, 90]",20260928,19:54:11,,,0.2.8.post45,ceeda3d8b38d399aaf1761b27ed8696acdeb9705,True,,99,99,0,[],,1164403,58.220150000000004,-38.940429687499986,4.524075255102031,1164441,58.22205,45.53222656249998,84.47265624999997,1.8999999999991246,1164593,58.22965,24.448939732142847,1163287,-63.36425781249997,1163399,1163845,22.3,-62.01171874999997,-58.29729352678569,126.2047381035117,,1164422,6.766183035714282,124.16294642857133,1164725,14.910016741071422,-19.79033801020406,10202.0,510.1,1.9603999215840031,10357.0,517.85,55.8,"[{'halfHeight': 10, 'risingPnt': np.int64(1164412), 'fallingPnt': np.int64(1166446), 'widthPnts': np.int64(2034), 'widthMs': np.float64(101.7)}, {'halfHeight': 20, 'risingPnt': np.int64(1164416), 'fallingPnt': np.int64(1165815), 'widthPnts': np.int64(1399), 'widthMs': np.float64(69.95)}, {'halfHeight': 50, 'risingPnt': np.int64(1164422), 'fallingPnt': np.int64(1164933), 'widthPnts': np.int64(511), 'widthMs': np.float64(25.55)}, {'halfHeight': 80, 'risingPnt': np.int64(1164426), 'fallingPnt': np.int64(1164560), 'widthPnts': np.int64(134), 'widthMs': np.float64(6.7)}, {'halfHeight': 90, 'risingPnt': np.int64(1164429), 'fallingPnt': np.int64(1164489), 'widthPnts': np.int64(60), 'widthMs': np.float64(3.0)}]",101.7,69.95,25.55,6.7,3.0,yes,,,,,,unknown,,,
100,19114001.abf,0,1,0.0,,dvdt,100.0,-20.0,0,"[10, 20, 50, 80, 90]",20260928,19:54:11,,,0.2.8.post45,ceeda3d8b38d399aaf1761b27ed8696acdeb9705,True,,100,100,0,[],,1177088,58.8544,-36.150251116071416,8.211096938775448,1177123,58.85615,46.52622767857141,82.67647879464283,1.7500000000012506,1177278,58.8639,23.699079241071416,1176003,-63.33007812499998,1176111,1176545,21.7,-62.308175223214256,-59.77957589285712,110.62036028649399,,1177106,23.68164062499999,117.1775350765305,1177155,40.143694196428555,-27.034837372448962,12685.0,634.25,1.5766653527788728,12716.0,635.8,54.25,"[{'halfHeight': 10, 'risingPnt': np.int64(1177095), 'fallingPnt': np.int64(1178656), 'widthPnts': np.int64(1561), 'widthMs': np.float64(78.05)}, {'halfHeight': 20, 'risingPnt': np.int64(1177098), 'fallingPnt': np.int64(1178297), 'widthPnts': np.int64(1199), 'widthMs': np.float64(59.95)}, {'halfHeight': 50, 'risingPnt': np.int64(1177103), 'fallingPnt': np.int64(1177578), 'widthPnts': np.int64(475), 'widthMs': np.float64(23.75)}, {'halfHeight': 80, 'risingPnt': np.int64(1177108), 'fallingPnt': np.int64(1177213), 'widthPnts': np.int64(105), 'widthMs': np.float64(5.25)}, {'halfHeight': 90, 'risingPnt': np.int64(1177110), 'fallingPnt': np.int64(1177169), 'widthPnts': np.int64(59), 'widthMs': np.float64(2.95)}]",78.05,59.95,23.75,5.25,2.95,yes,,,,,,unknown,,,
101,19114001.abf,0,1,0.0,,dvdt,100.0,-20.0,0,"[10, 20, 50, 80, 90]",20260928,19:54:11,,,0.2.8.post45,ceeda3d8b38d399aaf1761b27ed8696acdeb9705,True,,101,101,0,[],,1191177,59.55885,-33.5170200892857,4.245057397959175,1191206,59.560300000000005,44.90443638392855,78.42145647321425,1.4500000000055024,1191364,59.5682,22.495814732142847,1189545,-63.86980329241068,1189708,1190361,32.65,-62.796456473214256,-59.39592633928569,96.30007941939675,,1191191,15.572684151785706,115.24433992346928,1191248,38.312639508928555,-21.703603316326564,14089.0,704.45,1.419547164454539,13542.0,677.1,81.6,"[{'halfHeight': 10, 'risingPnt': np.int64(1191183), 'fallingPnt': np.int64(1192757), 'widthPnts': np.int64(1574), 'widthMs': np.float64(78.7)}, {'halfHeight': 20, 'risingPnt': np.int64(1191185), 'fallingPnt': np.int64(1192385), 'widthPnts': np.int64(1200), 'widthMs': np.float64(60.0)}, {'halfHeight': 50, 'risingPnt': np.int64(1191190), 'fallingPnt': np.int64(1191645), 'widthPnts': np.int64(455), 'widthMs': np.float64(22.75)}, {'halfHeight': 80, 'risingPnt': np.int64(1191194), 'fallingPnt': np.int64(1191302), 'widthPnts': np.int64(108), 'widthMs': np.float64(5.4)}, {'halfHeight': 90, 'risingPnt': np.int64(1191197), 'fallingPnt': np.int64(1191251), 'widthPnts': np.int64(54), 'widthMs': np.float64(2.7)}]",78.7,60.0,22.75,5.4,2.7,yes,,,,,,unknown,,,
