include=yes;animal_id=;species=;region=;cell_type=;age=;sex=unknown;genotype=;condition=;experiment=;note=;
,file,sweep,epoch,epochLevel,dacCommand,detectionType,dvdtThreshold,mvThreshold,medianFilter,halfHeights,analysisDate,analysisTime,modDate,modTime,sanpy_version,sanpy_git_commit,sanpy_git_dirty,condition,spikeNumber,sweepSpikeNumber,userType,errors,spike_condition,thresholdPnt,thresholdSec,thresholdVal,thresholdVal_dvdt,peakPnt,peakSec,peakVal,peakHeight,timeToPeak_ms,fastAhpPnt,fastAhpSec,fastAhpValue,preMinPnt,preMinVal,preLinearFitPnt0,preLinearFitPnt1,earlyDiastolicDuration_ms,preLinearFitVal0,preLinearFitVal1,earlyDiastolicDurationRate,lateDiastolicDuration,preSpike_dvdt_max_pnt,preSpike_dvdt_max_val,preSpike_dvdt_max_val2,postSpike_dvdt_min_pnt,postSpike_dvdt_min_val,postSpike_dvdt_min_val2,isi_pnts,isi_ms,spikeFreq_hz,cycleLength_pnts,cycleLength_ms,diastolicDuration_ms,widths,widths_10,widths_20,widths_50,widths_80,widths_90,include,animal_id,species,region,cell_type,age,sex,genotype,experiment,note
0,2021_07_20_0010.abf,8,2,-0.09999996423721313,,dvdt,10.0,-40.0,0,"[10, 20, 50, 80, 90]",20260928,19:54:29,,,0.2.8.post45,ceeda3d8b38d399aaf1761b27ed8696acdeb9705,True,,0,0,0,"[{'Spike': 0, 'Seconds': np.float64(0.0297), 'Sweep': 8, 'Epoch': 2, 'Type': 'Pre spike min under-run (mdp)', 'Details': 'Went past startPnt 0 searching for pre-spike min'}]",,297,0.0297,-54.53229250226699,2.80113998724492,316,0.0316,-42.26161030360628,12.270682198660708,1.9000000000000024,332.0,0.0332,-67.83708081926615,135.0,-67.15278952462329,151,216,6.5,-67.00177110944472,-65.59011513846258,165.74916782436364,,316,-42.26161030360628,12.34404894770406,327,-51.68718229021342,-80.03403180180754,,,,,,16.2,"[{'halfHeight': 10, 'risingPnt': np.int64(297), 'fallingPnt': np.int64(328), 'widthPnts': np.int64(31), 'widthMs': np.float64(3.1)}, {'halfHeight': 20, 'risingPnt': np.int64(297), 'fallingPnt': np.int64(328), 'widthPnts': np.int64(31), 'widthMs': np.float64(3.1)}, {'halfHeight': 50, 'risingPnt': np.int64(304), 'fallingPnt': np.int64(327), 'widthPnts': np.int64(23), 'widthMs': np.float64(2.3)}, {'halfHeight': 80, 'risingPnt': np.int64(304), 'fallingPnt': np.int64(327), 'widthPnts': np.int64(23), 'widthMs': np.float64(2.3)}, {'halfHeight': 90, 'risingPnt': np.int64(315), 'fallingPnt': np.int64(326), 'widthPnts': np.int64(11), 'widthMs': np.float64(1.1)}]",3.1,3.1,2.3,2.3,1.1,yes,,,,,,unknown,,,
1,2021_07_20_0010.abf,9,2,3.725290298461914e-08,,dvdt,10.0,-40.0,0,"[10, 20, 50, 80, 90]",20260928,19:54:29,,,0.2.8.post45,ceeda3d8b38d399aaf1761b27ed8696acdeb9705,True,,1,0,0,"[{'Spike': 0, 'Seconds': np.float64(0.0294), 'Sweep': 9, 'Epoch': 2, 'Type': 'Pre spike min under-run (mdp)', 'Details': 'Went past startPnt 0 searching for pre-spike min'}]",,294,0.0294,-50.676614488874144,9.512017697704056,303,0.0303,-7.732281807490755,42.944332681383386,0.9000000000000015,310.0,0.031,-77.118784223284,276.0,-67.22568293980186,278,285,0.7,-61.38392508370533,-56.311903272356275,7599.500111171088,,301,-22.263879108428945,138.603103139449,305,-40.965921824319004,-185.95467429647618,,,,,,1.8,"[{'halfHeight': 10, 'risingPnt': np.int64(294), 'fallingPnt': np.int64(306), 'widthPnts': np.int64(12), 'widthMs': np.float64(1.2)}, {'halfHeight': 20, 'risingPnt': np.int64(294), 'fallingPnt': np.int64(306), 'widthPnts': np.int64(12), 'widthMs': np.float64(1.2)}, {'halfHeight': 50, 'risingPnt': np.int64(300), 'fallingPnt': np.int64(305), 'widthPnts': np.int64(5), 'widthMs': np.float64(0.5)}, {'halfHeight': 80, 'risingPnt': np.int64(302), 'fallingPnt': np.int64(304), 'widthPnts': np.int64(2), 'widthMs': np.float64(0.2)}, {'halfHeight': 90, 'risingPnt': np.int64(302), 'fallingPnt': np.int64(304), 'widthPnts': np.int64(2), 'widthMs': np.float64(0.2)}]",1.2,1.2,0.5,0.2,0.2,yes,,,,,,unknown,,,
2,2021_07_20_0010.abf,10,2,0.1000000387430191,,dvdt,10.0,-40.0,0,"[10, 20, 50, 80, 90]",20260928,19:54:29,,,0.2.8.post45,ceeda3d8b38d399aaf1761b27ed8696acdeb9705,True,,2,0,0,"[{'Spike': 0, 'Seconds': np.float64(0.0275), 'Sweep': 10, 'Epoch': 2, 'Type': 'Pre spike min under-run (mdp)', 'Details': 'Went past startPnt 0 searching for pre-spike min'}, {'Spike': 0, 'Seconds': np.float64(0.0275), 'Sweep': 10, 'Epoch': 2, 'Type': 'Fit EDD', 'Details': 'Early diastolic duration rate fit - Too low 2.013<=8'}]",,275,0.0275,-67.04711118425638,2.291681966976235,294,0.0294,-37.04223288127352,30.00487830298286,1.899999999999999,303.0,0.0303,-76.09862518310543,111.0,-67.99423762730186,127,193,6.6,-67.61386653355187,-67.42640141078401,2.0130580706614447,,294,-37.04223288127352,74.09742143981306,299,-39.15404961449757,-193.0354997907364,,,,,,16.4,"[{'halfHeight': 10, 'risingPnt': np.int64(276), 'fallingPnt': np.int64(301), 'widthPnts': np.int64(25), 'widthMs': np.float64(2.5)}, {'halfHeight': 20, 'risingPnt': np.int64(276), 'fallingPnt': np.int64(301), 'widthPnts': np.int64(25), 'widthMs': np.float64(2.5)}, {'halfHeight': 50, 'risingPnt': np.int64(281), 'fallingPnt': np.int64(300), 'widthPnts': np.int64(19), 'widthMs': np.float64(1.9)}, {'halfHeight': 80, 'risingPnt': np.int64(281), 'fallingPnt': np.int64(300), 'widthPnts': np.int64(19), 'widthMs': np.float64(1.9)}, {'halfHeight': 90, 'risingPnt': np.int64(281), 'fallingPnt': np.int64(300), 'widthPnts': np.int64(19), 'widthMs': np.float64(1.9)}]",2.5,2.5,1.9,1.9,1.9,yes,,,,,,unknown,,,
3,2021_07_20_0010.abf,11,2,0.20000004023313522,,dvdt,10.0,-40.0,0,"[10, 20, 50, 80, 90]",20260928,19:54:29,,,0.2.8.post45,ceeda3d8b38d399aaf1761b27ed8696acdeb9705,True,,3,0,0,"[{'Spike': 0, 'Seconds': np.float64(0.0275), 'Sweep': 11, 'Epoch': 2, 'Type': 'Pre spike min under-run (mdp)', 'Details': 'Went past startPnt 0 searching for pre-spike min'}]",,275,0.0275,-67.87021386282781,3.1013319988640458,294,0.0294,-21.41025891304015,46.45995494978766,1.899999999999999,302.0,0.030199999999999998,-74.19868796212329,215.0,-68.29050227573936,221,245,2.4,-68.18410927908758,-67.61909811837329,125.41776858501777,,294,-21.41025891304015,144.59301784281814,298,-37.98043073245456,-196.09448137867187,,,,,,6.0,"[{'halfHeight': 10, 'risingPnt': np.int64(277), 'fallingPnt': np.int64(300), 'widthPnts': np.int64(23), 'widthMs': np.float64(2.3)}, {'halfHeight': 20, 'risingPnt': np.int64(277), 'fallingPnt': np.int64(300), 'widthPnts': np.int64(23), 'widthMs': np.float64(2.3)}, {'halfHeight': 50, 'risingPnt': np.int64(281), 'fallingPnt': np.int64(299), 'widthPnts': np.int64(18), 'widthMs': np.float64(1.8)}, {'halfHeight': 80, 'risingPnt': np.int64(293), 'fallingPnt': np.int64(298), 'widthPnts': np.int64(5), 'widthMs': np.float64(0.5)}, {'halfHeight': 90, 'risingPnt': np.int64(293), 'fallingPnt': np.int64(298), 'widthPnts': np.int64(5), 'widthMs': np.float64(0.5)}]",2.3,2.3,1.8,0.5,0.5,yes,,,,,,unknown,,,
4,2021_07_20_0010.abf,11,2,0.20000004023313522,,dvdt,10.0,-40.0,0,"[10, 20, 50, 80, 90]",20260928,19:54:29,,,0.2.8.post45,ceeda3d8b38d399aaf1761b27ed8696acdeb9705,True,,4,1,0,"[{'Spike': 1, 'Seconds': np.float64(0.0335), 'Sweep': 11, 'Epoch': 2, 'Type': 'Pre spike min under-run (mdp)', 'Details': 'Went past startPnt 0 searching for pre-spike min'}, {'Spike': 1, 'Seconds': np.float64(0.0335), 'Sweep': 11, 'Epoch': 2, 'Type': 'Spike Width', 'Details': 'Half width 90 error in ""rising point"" with halfWidthWindow_ms:4.0 searching for Vm:-8.03 from peak sec 0.03'}]",,335,0.0335,-46.530583517892,9.181431361607144,343,0.0343,-3.7484301396778643,42.78215337821413,0.7999999999999952,350.0,0.035,-73.50899069649829,326.0,-53.156751501083356,327,330,0.3,-52.25393731253485,-50.42724227905271,5924.769810268035,,342,-13.242884295327316,140.35120144084996,346,-43.781386429922904,-177.60232586957954,60.0,6.0,166.66666666666666,111.0,11.1,0.9,"[{'halfHeight': 10, 'risingPnt': np.int64(338), 'fallingPnt': np.int64(346), 'widthPnts': np.int64(8), 'widthMs': np.float64(0.8)}, {'halfHeight': 20, 'risingPnt': np.int64(338), 'fallingPnt': np.int64(346), 'widthPnts': np.int64(8), 'widthMs': np.float64(0.8)}, {'halfHeight': 50, 'risingPnt': np.int64(342), 'fallingPnt': np.int64(345), 'widthPnts': np.int64(3), 'widthMs': np.float64(0.3)}, {'halfHeight': 80, 'risingPnt': np.int64(342), 'fallingPnt': np.int64(345), 'widthPnts': np.int64(3), 'widthMs': np.float64(0.3)}, {'halfHeight': 90, 'risingPnt': None, 'fallingPnt': None, 'widthPnts': None, 'widthMs': nan}]",0.8,0.8,0.3,0.3,,yes,,,,,,unknown,,,
5,2021_07_20_0010.abf,11,2,0.20000004023313522,,dvdt,10.0,-40.0,0,"[10, 20, 50, 80, 90]",20260928,19:54:29,,,0.2.8.post45,ceeda3d8b38d399aaf1761b27ed8696acdeb9705,True,,5,2,0,"[{'Spike': 2, 'Seconds': np.float64(0.0392), 'Sweep': 11, 'Epoch': 2, 'Type': 'Pre spike min under-run (mdp)', 'Details': 'Went past startPnt 0 searching for pre-spike min'}]",,392,0.039200000000000006,-43.954899924142,9.963428730867301,399,0.0399,-6.0538150106157556,37.90108491352624,0.6999999999999923,407.0,0.0407,-72.30049460274829,377.0,-53.156751501083356,379,385,0.6,-51.97404752458842,-48.98506872994557,4716.896524234381,,398,-15.331158447265619,121.93951145094253,402,-40.23698771340504,-166.84768254805567,57.0,5.7,175.43859649122805,51.0,5.1,1.5,"[{'halfHeight': 10, 'risingPnt': np.int64(395), 'fallingPnt': np.int64(402), 'widthPnts': np.int64(7), 'widthMs': np.float64(0.7)}, {'halfHeight': 20, 'risingPnt': np.int64(395), 'fallingPnt': np.int64(402), 'widthPnts': np.int64(7), 'widthMs': np.float64(0.7)}, {'halfHeight': 50, 'risingPnt': np.int64(395), 'fallingPnt': np.int64(402), 'widthPnts': np.int64(7), 'widthMs': np.float64(0.7)}, {'halfHeight': 80, 'risingPnt': np.int64(398), 'fallingPnt': np.int64(401), 'widthPnts': np.int64(3), 'widthMs': np.float64(0.3)}, {'halfHeight': 90, 'risingPnt': np.int64(398), 'fallingPnt': np.int64(401), 'widthPnts': np.int64(3), 'widthMs': np.float64(0.3)}]",0.7,0.7,0.7,0.3,0.3,yes,,,,,,unknown,,,
6,2021_07_20_0010.abf,11,2,0.20000004023313522,,dvdt,10.0,-40.0,0,"[10, 20, 50, 80, 90]",20260928,19:54:29,,,0.2.8.post45,ceeda3d8b38d399aaf1761b27ed8696acdeb9705,True,,6,3,0,"[{'Spike': 3, 'Seconds': np.float64(0.0449), 'Sweep': 11, 'Epoch': 2, 'Type': 'Pre spike min under-run (mdp)', 'Details': 'Went past startPnt 0 searching for pre-spike min'}]",,449,0.044899999999999995,-44.14846856253486,9.247947225765293,457,0.045700000000000005,-6.149727399008612,37.99874116352625,0.800000000000009,464.0,0.0464,-71.71978868756972,434.0,-53.156751501083356,436,442,0.6,-51.87987899780271,-49.21525846208843,4120.7449776786425,,456,-11.055209786551336,112.66839577811095,460,-44.90094558170861,-157.77810745239242,57.0,5.7,175.43859649122805,57.0,5.7,1.5,"[{'halfHeight': 10, 'risingPnt': np.int64(449), 'fallingPnt': np.int64(460), 'widthPnts': np.int64(11), 'widthMs': np.float64(1.1)}, {'halfHeight': 20, 'risingPnt': np.int64(449), 'fallingPnt': np.int64(460), 'widthPnts': np.int64(11), 'widthMs': np.float64(1.1)}, {'halfHeight': 50, 'risingPnt': np.int64(455), 'fallingPnt': np.int64(459), 'widthPnts': np.int64(4), 'widthMs': np.float64(0.4)}, {'halfHeight': 80, 'risingPnt': np.int64(456), 'fallingPnt': np.int64(458), 'widthPnts': np.int64(2), 'widthMs': np.float64(0.2)}, {'halfHeight': 90, 'risingPnt': np.int64(456), 'fallingPnt': np.int64(458), 'widthPnts': np.int64(2), 'widthMs': np.float64(0.2)}]",1.1,1.1,0.4,0.2,0.2,yes,,,,,,unknown,,,
7,2021_07_20_0010.abf,12,2,0.30000004172325134,,dvdt,10.0,-40.0,0,"[10, 20, 50, 80, 90]",20260928,19:54:29,,,0.2.8.post45,ceeda3d8b38d399aaf1761b27ed8696acdeb9705,True,,7,0,0,"[{'Spike': 0, 'Seconds': np.float64(0.0275), 'Sweep': 12, 'Epoch': 2, 'Type': 'Pre spike min under-run (mdp)', 'Details': 'Went past startPnt 0 searching for pre-spike min'}]",,275,0.0275,-68.09691587175638,2.766759693379301,292,0.0292,-0.6661550045013435,67.43076086725503,1.7000000000000002,299.0,0.0299,-73.23433249337329,228.0,-68.31125422886436,233,252,1.9,-68.17800576346258,-67.48918042864115,454.0770872493664,,291,-15.958947692598606,166.97373656448036,295,-40.563961703436696,-202.1693474049469,,,,,,4.7,"[{'halfHeight': 10, 'risingPnt': np.int64(276), 'fallingPnt': np.int64(297), 'widthPnts': np.int64(21), 'widthMs': np.float64(2.1)}, {'halfHeight': 20, 'risingPnt': np.int64(279), 'fallingPnt': np.int64(296), 'widthPnts': np.int64(17), 'widthMs': np.float64(1.7)}, {'halfHeight': 50, 'risingPnt': np.int64(290), 'fallingPnt': np.int64(295), 'widthPnts': np.int64(5), 'widthMs': np.float64(0.5)}, {'halfHeight': 80, 'risingPnt': np.int64(291), 'fallingPnt': np.int64(294), 'widthPnts': np.int64(3), 'widthMs': np.float64(0.3)}, {'halfHeight': 90, 'risingPnt': np.int64(291), 'fallingPnt': np.int64(294), 'widthPnts': np.int64(3), 'widthMs': np.float64(0.3)}]",2.1,1.7,0.5,0.3,0.3,yes,,,,,,unknown,,,
8,2021_07_20_0010.abf,12,2,0.30000004172325134,,dvdt,10.0,-40.0,0,"[10, 20, 50, 80, 90]",20260928,19:54:29,,,0.2.8.post45,ceeda3d8b38d399aaf1761b27ed8696acdeb9705,True,,8,1,0,"[{'Spike': 1, 'Seconds': np.float64(0.0322), 'Sweep': 12, 'Epoch': 2, 'Type': 'Pre spike min under-run (mdp)', 'Details': 'Went past startPnt 0 searching for pre-spike min'}]",,322,0.0322,-48.050358908517,9.444754464285698,331,0.033100000000000004,-0.6565637605530882,47.39379514796391,0.900000000000005,338.0,0.0338,-72.65275464739115,317.0,-52.13127355303081,317,319,0.2,-51.934810638427706,-50.53274590628485,7132.393973214726,,330,-6.577845525741575,151.54330379816935,333,-31.217736320836188,-185.89339429602316,47.0,4.7,212.7659574468085,89.0,8.9,0.5,"[{'halfHeight': 10, 'risingPnt': np.int64(322), 'fallingPnt': np.int64(334), 'widthPnts': np.int64(12), 'widthMs': np.float64(1.2)}, {'halfHeight': 20, 'risingPnt': np.int64(322), 'fallingPnt': np.int64(334), 'widthPnts': np.int64(12), 'widthMs': np.float64(1.2)}, {'halfHeight': 50, 'risingPnt': np.int64(329), 'fallingPnt': np.int64(333), 'widthPnts': np.int64(4), 'widthMs': np.float64(0.4)}, {'halfHeight': 80, 'risingPnt': np.int64(330), 'fallingPnt': np.int64(332), 'widthPnts': np.int64(2), 'widthMs': np.float64(0.2)}, {'halfHeight': 90, 'risingPnt': np.int64(330), 'fallingPnt': np.int64(332), 'widthPnts': np.int64(2), 'widthMs': np.float64(0.2)}]",1.2,1.2,0.4,0.2,0.2,yes,,,,,,unknown,,,
9,2021_07_20_0010.abf,12,2,0.30000004172325134,,dvdt,10.0,-40.0,0,"[10, 20, 50, 80, 90]",20260928,19:54:29,,,0.2.8.post45,ceeda3d8b38d399aaf1761b27ed8696acdeb9705,True,,9,2,0,"[{'Spike': 2, 'Seconds': np.float64(0.0373), 'Sweep': 12, 'Epoch': 2, 'Type': 'Pre spike min under-run (mdp)', 'Details': 'Went past startPnt 0 searching for pre-spike min'}]",,373,0.0373,-44.96459579467771,9.321936782525489,381,0.0381,-2.729143357276916,42.235452437400795,0.800000000000002,388.0,0.038799999999999994,-72.09384700230186,362.0,-52.13127355303081,363,368,0.5,-51.37764685494557,-48.71128245762414,5151.367187499825,,380,-5.841063935416083,128.74679666830556,383,-32.429719226700904,-175.625035303466,51.0,5.1,196.07843137254903,45.0,4.5,1.1,"[{'halfHeight': 10, 'risingPnt': np.int64(373), 'fallingPnt': np.int64(384), 'widthPnts': np.int64(11), 'widthMs': np.float64(1.1)}, {'halfHeight': 20, 'risingPnt': np.int64(373), 'fallingPnt': np.int64(384), 'widthPnts': np.int64(11), 'widthMs': np.float64(1.1)}, {'halfHeight': 50, 'risingPnt': np.int64(379), 'fallingPnt': np.int64(383), 'widthPnts': np.int64(4), 'widthMs': np.float64(0.4)}, {'halfHeight': 80, 'risingPnt': np.int64(380), 'fallingPnt': np.int64(382), 'widthPnts': np.int64(2), 'widthMs': np.float64(0.2)}, {'halfHeight': 90, 'risingPnt': np.int64(380), 'fallingPnt': np.int64(382), 'widthPnts': np.int64(2), 'widthMs': np.float64(0.2)}]",1.1,1.1,0.4,0.2,0.2,yes,,,,,,unknown,,,
10,2021_07_20_0010.abf,12,2,0.30000004172325134,,dvdt,10.0,-40.0,0,"[10, 20, 50, 80, 90]",20260928,19:54:29,,,0.2.8.post45,ceeda3d8b38d399aaf1761b27ed8696acdeb9705,True,,10,3,0,"[{'Spike': 3, 'Seconds': np.float64(0.0424), 'Sweep': 12, 'Epoch': 2, 'Type': 'Pre spike min under-run (mdp)', 'Details': 'Went past startPnt 0 searching for pre-spike min'}, {'Spike': 3, 'Seconds': np.float64(0.0424), 'Sweep': 12, 'Epoch': 2, 'Type': 'Spike Width', 'Details': 'Half width 90 error in ""rising point"" with halfWidthWindow_ms:4.0 searching for Vm:-6.94 from peak sec 0.04'}]",,424,0.0424,-44.42225483485628,8.17796356823979,432,0.0432,-2.780586947713579,41.6416678871427,0.800000000000002,439.0,0.0439,-71.48611123221258,412.0,-52.13127355303081,413,418,0.5,-51.32358714512414,-48.62670516967771,5195.835658481744,,431,-11.458041940416605,132.71333672465096,435,-41.308590670994334,-172.2623725054214,51.0,5.1,196.07843137254903,50.0,5.0,1.2,"[{'halfHeight': 10, 'risingPnt': np.int64(427), 'fallingPnt': np.int64(435), 'widthPnts': np.int64(8), 'widthMs': np.float64(0.8)}, {'halfHeight': 20, 'risingPnt': np.int64(427), 'fallingPnt': np.int64(435), 'widthPnts': np.int64(8), 'widthMs': np.float64(0.8)}, {'halfHeight': 50, 'risingPnt': np.int64(431), 'fallingPnt': np.int64(434), 'widthPnts': np.int64(3), 'widthMs': np.float64(0.3)}, {'halfHeight': 80, 'risingPnt': np.int64(431), 'fallingPnt': np.int64(434), 'widthPnts': np.int64(3), 'widthMs': np.float64(0.3)}, {'halfHeight': 90, 'risingPnt': None, 'fallingPnt': None, 'widthPnts': None, 'widthMs': nan}]",0.8,0.8,0.3,0.3,,yes,,,,,,unknown,,,
11,2021_07_20_0010.abf,12,2,0.30000004172325134,,dvdt,10.0,-40.0,0,"[10, 20, 50, 80, 90]",20260928,19:54:29,,,0.2.8.post45,ceeda3d8b38d399aaf1761b27ed8696acdeb9705,True,,11,4,0,"[{'Spike': 4, 'Seconds': np.float64(0.0483), 'Sweep': 12, 'Epoch': 2, 'Type': 'Pre spike min under-run (mdp)', 'Details': 'Went past startPnt 0 searching for pre-spike min'}, {'Spike': 4, 'Seconds': np.float64(0.0483), 'Sweep': 12, 'Epoch': 2, 'Type': 'Spike Width', 'Details': 'Half width 90 error in ""rising point"" with halfWidthWindow_ms:4.0 searching for Vm:-8.95 from peak sec 0.05'}]",,483,0.048299999999999996,-41.820413316999144,9.986348054846939,490,0.049,-5.302210657937184,36.518202659061956,0.7000000000000062,498.0,0.0498,-70.18519047328401,464.0,-52.13127355303081,466,474,0.8,-51.08031845092771,-47.78006035940985,4175.82194010409,,489,-13.044083949497761,112.62529748410584,493,-38.30130100250243,-157.3149911841566,59.0,5.9,169.4915254237288,52.0,5.2,1.9,"[{'halfHeight': 10, 'risingPnt': np.int64(486), 'fallingPnt': np.int64(493), 'widthPnts': np.int64(7), 'widthMs': np.float64(0.7)}, {'halfHeight': 20, 'risingPnt': np.int64(486), 'fallingPnt': np.int64(493), 'widthPnts': np.int64(7), 'widthMs': np.float64(0.7)}, {'halfHeight': 50, 'risingPnt': np.int64(486), 'fallingPnt': np.int64(493), 'widthPnts': np.int64(7), 'widthMs': np.float64(0.7)}, {'halfHeight': 80, 'risingPnt': np.int64(489), 'fallingPnt': np.int64(492), 'widthPnts': np.int64(3), 'widthMs': np.float64(0.3)}, {'halfHeight': 90, 'risingPnt': None, 'fallingPnt': None, 'widthPnts': None, 'widthMs': nan}]",0.7,0.7,0.7,0.3,,yes,,,,,,unknown,,,
12,2021_07_20_0010.abf,12,2,0.30000004172325134,,dvdt,10.0,-40.0,0,"[10, 20, 50, 80, 90]",20260928,19:54:29,,,0.2.8.post45,ceeda3d8b38d399aaf1761b27ed8696acdeb9705,True,,12,5,0,"[{'Spike': 5, 'Seconds': np.float64(0.0543), 'Sweep': 12, 'Epoch': 2, 'Type': 'Pre spike min under-run (mdp)', 'Details': 'Went past startPnt 0 searching for pre-spike min'}, {'Spike': 5, 'Seconds': np.float64(0.0543), 'Sweep': 12, 'Epoch': 2, 'Type': 'Spike Width', 'Details': 'Half width 90 error in ""rising point"" with halfWidthWindow_ms:4.0 searching for Vm:-10.04 from peak sec 0.06'}]",,543,0.054299999999999994,-41.72014127458843,9.345354352678557,551,0.0551,-6.520297990526469,35.199843284061956,0.800000000000009,559.0,0.0559,-69.29843684605186,525.0,-52.13127355303081,527,534,0.7,-51.04805701119557,-47.86638150896343,4515.667350924858,,550,-13.04146799360002,101.72018806301807,554,-38.247241292681,-149.54434386272806,60.0,6.0,166.66666666666666,61.0,6.1,1.8,"[{'halfHeight': 10, 'risingPnt': np.int64(546), 'fallingPnt': np.int64(554), 'widthPnts': np.int64(8), 'widthMs': np.float64(0.8)}, {'halfHeight': 20, 'risingPnt': np.int64(546), 'fallingPnt': np.int64(554), 'widthPnts': np.int64(8), 'widthMs': np.float64(0.8)}, {'halfHeight': 50, 'risingPnt': np.int64(546), 'fallingPnt': np.int64(554), 'widthPnts': np.int64(8), 'widthMs': np.float64(0.8)}, {'halfHeight': 80, 'risingPnt': np.int64(550), 'fallingPnt': np.int64(553), 'widthPnts': np.int64(3), 'widthMs': np.float64(0.3)}, {'halfHeight': 90, 'risingPnt': None, 'fallingPnt': None, 'widthPnts': None, 'widthMs': nan}]",0.8,0.8,0.8,0.3,,yes,,,,,,unknown,,,
13,2021_07_20_0010.abf,13,2,0.40000004321336746,,dvdt,10.0,-40.0,0,"[10, 20, 50, 80, 90]",20260928,19:54:29,,,0.2.8.post45,ceeda3d8b38d399aaf1761b27ed8696acdeb9705,True,,13,0,0,"[{'Spike': 0, 'Seconds': np.float64(0.0275), 'Sweep': 13, 'Epoch': 2, 'Type': 'Pre spike min under-run (mdp)', 'Details': 'Went past startPnt 0 searching for pre-spike min'}]",,275,0.0275,-67.92078584943496,3.6349536506496367,291,0.0291,2.8677800519125785,70.78856590134754,1.6000000000000008,297.0,0.0297,-72.20719767979209,123.0,-68.3252051217215,138,199,6.1,-67.61561039515901,-67.38542066301615,20.065935859240184,,290,0.12294229098728628,163.30340502797327,293,-33.72453643935066,-206.7699038369313,,,,,,15.2,"[{'halfHeight': 10, 'risingPnt': np.int64(277), 'fallingPnt': np.int64(295), 'widthPnts': np.int64(18), 'widthMs': np.float64(1.8)}, {'halfHeight': 20, 'risingPnt': np.int64(277), 'fallingPnt': np.int64(295), 'widthPnts': np.int64(18), 'widthMs': np.float64(1.8)}, {'halfHeight': 50, 'risingPnt': np.int64(289), 'fallingPnt': np.int64(293), 'widthPnts': np.int64(4), 'widthMs': np.float64(0.4)}, {'halfHeight': 80, 'risingPnt': np.int64(290), 'fallingPnt': np.int64(292), 'widthPnts': np.int64(2), 'widthMs': np.float64(0.2)}, {'halfHeight': 90, 'risingPnt': np.int64(290), 'fallingPnt': np.int64(292), 'widthPnts': np.int64(2), 'widthMs': np.float64(0.2)}]",1.8,1.8,0.4,0.2,0.2,yes,,,,,,unknown,,,
14,2021_07_20_0010.abf,13,2,0.40000004321336746,,dvdt,10.0,-40.0,0,"[10, 20, 50, 80, 90]",20260928,19:54:29,,,0.2.8.post45,ceeda3d8b38d399aaf1761b27ed8696acdeb9705,True,,14,1,0,"[{'Spike': 1, 'Seconds': np.float64(0.0319), 'Sweep': 13, 'Epoch': 2, 'Type': 'Pre spike min under-run (mdp)', 'Details': 'Went past startPnt 0 searching for pre-spike min'}]",,319,0.0319,-46.14083044869557,9.829400510204053,327,0.0327,2.926199463435579,49.06702991213115,0.800000000000002,334.0,0.0334,-71.88719940185544,314.0,-50.909018343516735,314,316,0.2,-50.43508965628485,-48.91357040405271,7681.710379463906,,326,-5.014473812920705,162.8612128024197,330,-44.62890313012257,-185.80246016638603,44.0,4.4,227.27272727272725,191.0,19.1,0.5,"[{'halfHeight': 10, 'risingPnt': np.int64(321), 'fallingPnt': np.int64(330), 'widthPnts': np.int64(9), 'widthMs': np.float64(0.9)}, {'halfHeight': 20, 'risingPnt': np.int64(321), 'fallingPnt': np.int64(330), 'widthPnts': np.int64(9), 'widthMs': np.float64(0.9)}, {'halfHeight': 50, 'risingPnt': np.int64(325), 'fallingPnt': np.int64(329), 'widthPnts': np.int64(4), 'widthMs': np.float64(0.4)}, {'halfHeight': 80, 'risingPnt': np.int64(326), 'fallingPnt': np.int64(328), 'widthPnts': np.int64(2), 'widthMs': np.float64(0.2)}, {'halfHeight': 90, 'risingPnt': np.int64(326), 'fallingPnt': np.int64(328), 'widthPnts': np.int64(2), 'widthMs': np.float64(0.2)}]",0.9,0.9,0.4,0.2,0.2,yes,,,,,,unknown,,,
15,2021_07_20_0010.abf,13,2,0.40000004321336746,,dvdt,10.0,-40.0,0,"[10, 20, 50, 80, 90]",20260928,19:54:29,,,0.2.8.post45,ceeda3d8b38d399aaf1761b27ed8696acdeb9705,True,,15,2,0,"[{'Spike': 2, 'Seconds': np.float64(0.036), 'Sweep': 13, 'Epoch': 2, 'Type': 'Pre spike min under-run (mdp)', 'Details': 'Went past startPnt 0 searching for pre-spike min'}]",,360,0.036,-44.73266220092771,9.62237922512754,368,0.0368,1.963588135583058,46.69625033651077,0.800000000000002,375.0,0.0375,-71.25592150006972,352.0,-50.909018343516735,353,356,0.3,-50.28511755807057,-48.227360861642,6543.840680803066,,367,-4.239327287673949,150.4451682986044,370,-27.16412999970571,-181.00360569856582,41.0,4.1,243.90243902439028,38.0,3.8,0.8,"[{'halfHeight': 10, 'risingPnt': np.int64(360), 'fallingPnt': np.int64(371), 'widthPnts': np.int64(11), 'widthMs': np.float64(1.1)}, {'halfHeight': 20, 'risingPnt': np.int64(360), 'fallingPnt': np.int64(371), 'widthPnts': np.int64(11), 'widthMs': np.float64(1.1)}, {'halfHeight': 50, 'risingPnt': np.int64(366), 'fallingPnt': np.int64(370), 'widthPnts': np.int64(4), 'widthMs': np.float64(0.4)}, {'halfHeight': 80, 'risingPnt': np.int64(367), 'fallingPnt': np.int64(369), 'widthPnts': np.int64(2), 'widthMs': np.float64(0.2)}, {'halfHeight': 90, 'risingPnt': np.int64(367), 'fallingPnt': np.int64(369), 'widthPnts': np.int64(2), 'widthMs': np.float64(0.2)}]",1.1,1.1,0.4,0.2,0.2,yes,,,,,,unknown,,,
16,2021_07_20_0010.abf,13,2,0.40000004321336746,,dvdt,10.0,-40.0,0,"[10, 20, 50, 80, 90]",20260928,19:54:29,,,0.2.8.post45,ceeda3d8b38d399aaf1761b27ed8696acdeb9705,True,,16,3,0,"[{'Spike': 3, 'Seconds': np.float64(0.0404), 'Sweep': 13, 'Epoch': 2, 'Type': 'Pre spike min under-run (mdp)', 'Details': 'Went past startPnt 0 searching for pre-spike min'}]",,404,0.0404,-43.68896102905271,8.926578443877528,412,0.0412,0.763811407770428,44.45277243682314,0.800000000000002,467.0,0.046700000000000005,-70.77374376569472,394.0,-50.909018343516735,395,399,0.4,-50.14212090628485,-47.58736365182057,6246.512276786105,,411,-3.637694992337907,137.703519190574,414,-28.193008358137934,-175.72742813071412,44.0,4.4,227.27272727272725,42.0,4.2,1.0,"[{'halfHeight': 10, 'risingPnt': np.int64(404), 'fallingPnt': np.int64(415), 'widthPnts': np.int64(11), 'widthMs': np.float64(1.1)}, {'halfHeight': 20, 'risingPnt': np.int64(404), 'fallingPnt': np.int64(415), 'widthPnts': np.int64(11), 'widthMs': np.float64(1.1)}, {'halfHeight': 50, 'risingPnt': np.int64(410), 'fallingPnt': np.int64(414), 'widthPnts': np.int64(4), 'widthMs': np.float64(0.4)}, {'halfHeight': 80, 'risingPnt': np.int64(411), 'fallingPnt': np.int64(413), 'widthPnts': np.int64(2), 'widthMs': np.float64(0.2)}, {'halfHeight': 90, 'risingPnt': np.int64(411), 'fallingPnt': np.int64(413), 'widthPnts': np.int64(2), 'widthMs': np.float64(0.2)}]",1.1,1.1,0.4,0.2,0.2,yes,,,,,,unknown,,,
17,2021_07_20_0010.abf,13,2,0.40000004321336746,,dvdt,10.0,-40.0,0,"[10, 20, 50, 80, 90]",20260928,19:54:29,,,0.2.8.post45,ceeda3d8b38d399aaf1761b27ed8696acdeb9705,True,,17,4,0,"[{'Spike': 4, 'Seconds': np.float64(0.0451), 'Sweep': 13, 'Epoch': 2, 'Type': 'Pre spike min under-run (mdp)', 'Details': 'Went past startPnt 0 searching for pre-spike min'}]",,451,0.0451,-44.18596158708843,8.887216996173455,460,0.046,0.11945450305938618,44.305416090147816,0.899999999999998,467.0,0.046700000000000005,-70.77374376569472,440.0,-50.909018343516735,441,446,0.5,-50.21623502458843,-47.54202325003486,5188.860212053247,,459,-3.337750690323965,129.75475318772436,462,-28.621126382691507,-172.91258612262942,47.0,4.7,212.7659574468085,46.0,4.6,1.1,"[{'halfHeight': 10, 'risingPnt': np.int64(451), 'fallingPnt': np.int64(463), 'widthPnts': np.int64(12), 'widthMs': np.float64(1.2)}, {'halfHeight': 20, 'risingPnt': np.int64(451), 'fallingPnt': np.int64(463), 'widthPnts': np.int64(12), 'widthMs': np.float64(1.2)}, {'halfHeight': 50, 'risingPnt': np.int64(458), 'fallingPnt': np.int64(462), 'widthPnts': np.int64(4), 'widthMs': np.float64(0.4)}, {'halfHeight': 80, 'risingPnt': np.int64(459), 'fallingPnt': np.int64(461), 'widthPnts': np.int64(2), 'widthMs': np.float64(0.2)}, {'halfHeight': 90, 'risingPnt': np.int64(459), 'fallingPnt': np.int64(461), 'widthPnts': np.int64(2), 'widthMs': np.float64(0.2)}]",1.2,1.2,0.4,0.2,0.2,yes,,,,,,unknown,,,
18,2021_07_20_0010.abf,13,2,0.40000004321336746,,dvdt,10.0,-40.0,0,"[10, 20, 50, 80, 90]",20260928,19:54:29,,,0.2.8.post45,ceeda3d8b38d399aaf1761b27ed8696acdeb9705,True,,18,5,0,"[{'Spike': 5, 'Seconds': np.float64(0.0504), 'Sweep': 13, 'Epoch': 2, 'Type': 'Pre spike min under-run (mdp)', 'Details': 'Went past startPnt 0 searching for pre-spike min'}, {'Spike': 5, 'Seconds': np.float64(0.0504), 'Sweep': 13, 'Epoch': 2, 'Type': 'Spike Width', 'Details': 'Half width 90 error in ""rising point"" with halfWidthWindow_ms:4.0 searching for Vm:-5.26 from peak sec 0.05'}]",,504,0.0504,-41.89714322771343,9.518744021045892,512,0.0512,-1.1840818695724016,40.713061358141026,0.800000000000002,572.0,0.0572,-69.9794144766671,489.0,-50.909018343516735,491,497,0.6,-49.96947860717771,-46.71194512503486,5330.237563775593,,511,-9.357560635890275,127.05749454771973,515,-37.502612345559236,-166.8270072902342,53.0,5.3,188.67924528301887,49.0,4.9,1.5,"[{'halfHeight': 10, 'risingPnt': np.int64(504), 'fallingPnt': np.int64(516), 'widthPnts': np.int64(12), 'widthMs': np.float64(1.2)}, {'halfHeight': 20, 'risingPnt': np.int64(508), 'fallingPnt': np.int64(515), 'widthPnts': np.int64(7), 'widthMs': np.float64(0.7)}, {'halfHeight': 50, 'risingPnt': np.int64(508), 'fallingPnt': np.int64(515), 'widthPnts': np.int64(7), 'widthMs': np.float64(0.7)}, {'halfHeight': 80, 'risingPnt': np.int64(511), 'fallingPnt': np.int64(514), 'widthPnts': np.int64(3), 'widthMs': np.float64(0.3)}, {'halfHeight': 90, 'risingPnt': None, 'fallingPnt': None, 'widthPnts': None, 'widthMs': nan}]",1.2,0.7,0.7,0.3,,yes,,,,,,unknown,,,
19,2021_07_20_0010.abf,13,2,0.40000004321336746,,dvdt,10.0,-40.0,0,"[10, 20, 50, 80, 90]",20260928,19:54:29,,,0.2.8.post45,ceeda3d8b38d399aaf1761b27ed8696acdeb9705,True,,19,6,0,"[{'Spike': 6, 'Seconds': np.float64(0.0557), 'Sweep': 13, 'Epoch': 2, 'Type': 'Pre spike min under-run (mdp)', 'Details': 'Went past startPnt 0 searching for pre-spike min'}]",,557,0.0557,-42.455178941999144,9.73647759885203,565,0.0565,-0.05493153503963013,42.400247406959515,0.800000000000002,625.0,0.0625,-70.00906012398853,544.0,-50.909018343516735,545,550,0.5,-50.30778775896342,-47.67106900896343,5426.025390624578,,564,-5.330112402779713,130.6999269349233,568,-42.12297371455599,-166.96552107869348,53.0,5.3,188.67924528301887,55.0,5.5,1.3,"[{'halfHeight': 10, 'risingPnt': np.int64(558), 'fallingPnt': np.int64(568), 'widthPnts': np.int64(10), 'widthMs': np.float64(1.0)}, {'halfHeight': 20, 'risingPnt': np.int64(558), 'fallingPnt': np.int64(568), 'widthPnts': np.int64(10), 'widthMs': np.float64(1.0)}, {'halfHeight': 50, 'risingPnt': np.int64(563), 'fallingPnt': np.int64(567), 'widthPnts': np.int64(4), 'widthMs': np.float64(0.4)}, {'halfHeight': 80, 'risingPnt': np.int64(564), 'fallingPnt': np.int64(566), 'widthPnts': np.int64(2), 'widthMs': np.float64(0.2)}, {'halfHeight': 90, 'risingPnt': np.int64(564), 'fallingPnt': np.int64(566), 'widthPnts': np.int64(2), 'widthMs': np.float64(0.2)}]",1.0,1.0,0.4,0.2,0.2,yes,,,,,,unknown,,,
20,2021_07_20_0010.abf,13,2,0.40000004321336746,,dvdt,10.0,-40.0,0,"[10, 20, 50, 80, 90]",20260928,19:54:29,,,0.2.8.post45,ceeda3d8b38d399aaf1761b27ed8696acdeb9705,True,,20,7,0,"[{'Spike': 7, 'Seconds': np.float64(0.061), 'Sweep': 13, 'Epoch': 2, 'Type': 'Pre spike min under-run (mdp)', 'Details': 'Went past startPnt 0 searching for pre-spike min'}]",,610,0.061,-42.748147691999144,9.496572066326532,618,0.061799999999999994,0.14910010950905808,42.8972478015082,0.7999999999999952,625.0,0.0625,-70.00906012398853,597.0,-50.909018343516735,598,603,0.5,-50.27727018083842,-47.69373920985628,5215.018136161015,,617,-6.512450695037839,132.8862261227198,621,-40.20908555984495,-168.86184487050878,53.0,5.3,188.67924528301887,53.0,5.3,1.3,"[{'halfHeight': 10, 'risingPnt': np.int64(613), 'fallingPnt': np.int64(621), 'widthPnts': np.int64(8), 'widthMs': np.float64(0.8)}, {'halfHeight': 20, 'risingPnt': np.int64(613), 'fallingPnt': np.int64(621), 'widthPnts': np.int64(8), 'widthMs': np.float64(0.8)}, {'halfHeight': 50, 'risingPnt': np.int64(616), 'fallingPnt': np.int64(620), 'widthPnts': np.int64(4), 'widthMs': np.float64(0.4)}, {'halfHeight': 80, 'risingPnt': np.int64(616), 'fallingPnt': np.int64(620), 'widthPnts': np.int64(4), 'widthMs': np.float64(0.4)}, {'halfHeight': 90, 'risingPnt': np.int64(617), 'fallingPnt': np.int64(619), 'widthPnts': np.int64(2), 'widthMs': np.float64(0.2)}]",0.8,0.8,0.4,0.4,0.2,yes,,,,,,unknown,,,
21,2021_07_20_0010.abf,13,2,0.40000004321336746,,dvdt,10.0,-40.0,0,"[10, 20, 50, 80, 90]",20260928,19:54:29,,,0.2.8.post45,ceeda3d8b38d399aaf1761b27ed8696acdeb9705,True,,21,8,0,"[{'Spike': 8, 'Seconds': np.float64(0.0665), 'Sweep': 13, 'Epoch': 2, 'Type': 'Pre spike min under-run (mdp)', 'Details': 'Went past startPnt 0 searching for pre-spike min'}]",,665,0.0665,-41.000798361642,9.007543447066302,673,0.0673,-2.308872546468462,38.69192581517353,0.7999999999999952,680.0,0.068,-68.44045660836352,648.0,-50.909018343516735,650,656,0.6,-49.570134299142,-46.69014685494557,4536.033163265206,,672,-6.931849207196914,112.12306805240851,676,-40.105325835091705,-155.77615785987996,55.0,5.5,181.81818181818184,51.0,5.1,1.7,"[{'halfHeight': 10, 'risingPnt': np.int64(666), 'fallingPnt': np.int64(676), 'widthPnts': np.int64(10), 'widthMs': np.float64(1.0)}, {'halfHeight': 20, 'risingPnt': np.int64(666), 'fallingPnt': np.int64(676), 'widthPnts': np.int64(10), 'widthMs': np.float64(1.0)}, {'halfHeight': 50, 'risingPnt': np.int64(671), 'fallingPnt': np.int64(675), 'widthPnts': np.int64(4), 'widthMs': np.float64(0.4)}, {'halfHeight': 80, 'risingPnt': np.int64(671), 'fallingPnt': np.int64(675), 'widthPnts': np.int64(4), 'widthMs': np.float64(0.4)}, {'halfHeight': 90, 'risingPnt': np.int64(672), 'fallingPnt': np.int64(674), 'widthPnts': np.int64(2), 'widthMs': np.float64(0.2)}]",1.0,1.0,0.4,0.4,0.2,yes,,,,,,unknown,,,
22,2021_07_20_0010.abf,13,2,0.40000004321336746,,dvdt,10.0,-40.0,0,"[10, 20, 50, 80, 90]",20260928,19:54:29,,,0.2.8.post45,ceeda3d8b38d399aaf1761b27ed8696acdeb9705,True,,22,9,0,"[{'Spike': 9, 'Seconds': np.float64(0.0736), 'Sweep': 13, 'Epoch': 2, 'Type': 'dvdt Percent', 'Details': 'Did not find dvdt_percentOfMax: 0.1 peak dV/dt is 10.76'}, {'Spike': 9, 'Seconds': np.float64(0.0736), 'Sweep': 13, 'Epoch': 2, 'Type': 'Pre spike min under-run (mdp)', 'Details': 'Went past startPnt 0 searching for pre-spike min'}]",,736,0.0736,-33.485626602172836,10.175182700643719,740,0.074,-29.798233304704926,3.68739329746791,0.3999999999999976,753.0,0.07529999999999999,-53.97861644199914,706.0,-50.909018343516735,709,721,1.2,-49.14376013619557,-44.071738651820574,4171.640127450585,,738,-31.33806261335099,10.757623867112759,746,-43.39773614065986,-35.37523031429368,71.0,7.1,140.84507042253523,58.0,5.8,3.0,"[{'halfHeight': 10, 'risingPnt': np.int64(737), 'fallingPnt': np.int64(743), 'widthPnts': np.int64(6), 'widthMs': np.float64(0.6)}, {'halfHeight': 20, 'risingPnt': np.int64(737), 'fallingPnt': np.int64(743), 'widthPnts': np.int64(6), 'widthMs': np.float64(0.6)}, {'halfHeight': 50, 'risingPnt': np.int64(737), 'fallingPnt': np.int64(743), 'widthPnts': np.int64(6), 'widthMs': np.float64(0.6)}, {'halfHeight': 80, 'risingPnt': np.int64(739), 'fallingPnt': np.int64(742), 'widthPnts': np.int64(3), 'widthMs': np.float64(0.3)}, {'halfHeight': 90, 'risingPnt': np.int64(739), 'fallingPnt': np.int64(742), 'widthPnts': np.int64(3), 'widthMs': np.float64(0.3)}]",0.6,0.6,0.6,0.3,0.3,yes,,,,,,unknown,,,
23,2021_07_20_0010.abf,14,2,0.5000000447034836,,dvdt,10.0,-40.0,0,"[10, 20, 50, 80, 90]",20260928,19:54:29,,,0.2.8.post45,ceeda3d8b38d399aaf1761b27ed8696acdeb9705,True,,23,0,0,"[{'Spike': 0, 'Seconds': np.float64(0.0275), 'Sweep': 14, 'Epoch': 2, 'Type': 'Pre spike min under-run (mdp)', 'Details': 'Went past startPnt 0 searching for pre-spike min'}]",,275,0.0275,-67.65920660836352,4.386308880241579,290,0.029,4.564557279859267,72.22376388822279,1.5000000000000013,296.0,0.0296,-71.08676659720281,265.0,-68.6285672869001,266,270,0.4,-68.44132886614115,-68.10476357596258,893.729073660743,,288,-12.812149906158442,176.0081826813365,292,-34.09249121802192,-211.62855123403102,,,,,,1.0,"[{'halfHeight': 10, 'risingPnt': np.int64(277), 'fallingPnt': np.int64(294), 'widthPnts': np.int64(17), 'widthMs': np.float64(1.7)}, {'halfHeight': 20, 'risingPnt': np.int64(277), 'fallingPnt': np.int64(294), 'widthPnts': np.int64(17), 'widthMs': np.float64(1.7)}, {'halfHeight': 50, 'risingPnt': np.int64(287), 'fallingPnt': np.int64(292), 'widthPnts': np.int64(5), 'widthMs': np.float64(0.5)}, {'halfHeight': 80, 'risingPnt': np.int64(288), 'fallingPnt': np.int64(291), 'widthPnts': np.int64(3), 'widthMs': np.float64(0.3)}, {'halfHeight': 90, 'risingPnt': np.int64(288), 'fallingPnt': np.int64(291), 'widthPnts': np.int64(3), 'widthMs': np.float64(0.3)}]",1.7,1.7,0.5,0.3,0.3,yes,,,,,,unknown,,,
24,2021_07_20_0010.abf,14,2,0.5000000447034836,,dvdt,10.0,-40.0,0,"[10, 20, 50, 80, 90]",20260928,19:54:29,,,0.2.8.post45,ceeda3d8b38d399aaf1761b27ed8696acdeb9705,True,,24,1,0,"[{'Spike': 1, 'Seconds': np.float64(0.0314), 'Sweep': 14, 'Epoch': 2, 'Type': 'Pre spike min under-run (mdp)', 'Details': 'Went past startPnt 0 searching for pre-spike min'}, {'Spike': 1, 'Seconds': np.float64(0.0314), 'Sweep': 14, 'Epoch': 2, 'Type': 'Fit EDD', 'Details': 'Early diastolic duration rate fit - preMinPnt == spikePnt'}, {'Spike': 1, 'Seconds': np.float64(0.0314), 'Sweep': 14, 'Epoch': 2, 'Type': 'Spike Width', 'Details': 'Half width 90 error in ""rising point"" with halfWidthWindow_ms:4.0 searching for Vm:0.28 from peak sec 0.03'}]",,314,0.0314,-46.55412564958842,9.377242107780638,323,0.032299999999999995,5.480956656592229,52.03508230618065,0.899999999999998,330.0,0.033,-70.24622530255995,312.0,-49.22872052465164,312,313,0.1,-48.41918563842771,-47.49319512503486,,,322,-6.453159487247465,170.3971862919475,326,-38.35623256649288,-196.24296199934804,39.0,3.9,256.4102564102564,47.0,4.7,0.2,"[{'halfHeight': 10, 'risingPnt': np.int64(314), 'fallingPnt': np.int64(327), 'widthPnts': np.int64(13), 'widthMs': np.float64(1.3)}, {'halfHeight': 20, 'risingPnt': np.int64(320), 'fallingPnt': np.int64(326), 'widthPnts': np.int64(6), 'widthMs': np.float64(0.6)}, {'halfHeight': 50, 'risingPnt': np.int64(320), 'fallingPnt': np.int64(326), 'widthPnts': np.int64(6), 'widthMs': np.float64(0.6)}, {'halfHeight': 80, 'risingPnt': np.int64(322), 'fallingPnt': np.int64(325), 'widthPnts': np.int64(3), 'widthMs': np.float64(0.3)}, {'halfHeight': 90, 'risingPnt': None, 'fallingPnt': None, 'widthPnts': None, 'widthMs': nan}]",1.3,0.6,0.6,0.3,,yes,,,,,,unknown,,,
25,2021_07_20_0010.abf,14,2,0.5000000447034836,,dvdt,10.0,-40.0,0,"[10, 20, 50, 80, 90]",20260928,19:54:29,,,0.2.8.post45,ceeda3d8b38d399aaf1761b27ed8696acdeb9705,True,,25,2,0,"[{'Spike': 2, 'Seconds': np.float64(0.0354), 'Sweep': 14, 'Epoch': 2, 'Type': 'Pre spike min under-run (mdp)', 'Details': 'Went past startPnt 0 searching for pre-spike min'}]",,354,0.0354,-43.85026822771343,9.739965322066336,362,0.0362,4.041398880737166,47.89166710845059,0.800000000000002,369.0,0.036899999999999995,-69.88611788068496,348.0,-49.22872052465164,349,351,0.2,-47.99891499110628,-46.53930282592771,6992.885044642351,,361,-7.925850609689947,158.38372362833832,365,-35.94360002822108,-189.8534529366662,40.0,4.0,250.0,36.0,3.6,0.6,"[{'halfHeight': 10, 'risingPnt': np.int64(354), 'fallingPnt': np.int64(366), 'widthPnts': np.int64(12), 'widthMs': np.float64(1.2)}, {'halfHeight': 20, 'risingPnt': np.int64(359), 'fallingPnt': np.int64(365), 'widthPnts': np.int64(6), 'widthMs': np.float64(0.6)}, {'halfHeight': 50, 'risingPnt': np.int64(359), 'fallingPnt': np.int64(365), 'widthPnts': np.int64(6), 'widthMs': np.float64(0.6)}, {'halfHeight': 80, 'risingPnt': np.int64(361), 'fallingPnt': np.int64(364), 'widthPnts': np.int64(3), 'widthMs': np.float64(0.3)}, {'halfHeight': 90, 'risingPnt': np.int64(361), 'fallingPnt': np.int64(364), 'widthPnts': np.int64(3), 'widthMs': np.float64(0.3)}]",1.2,0.6,0.6,0.3,0.3,yes,,,,,,unknown,,,
26,2021_07_20_0010.abf,14,2,0.5000000447034836,,dvdt,10.0,-40.0,0,"[10, 20, 50, 80, 90]",20260928,19:54:29,,,0.2.8.post45,ceeda3d8b38d399aaf1761b27ed8696acdeb9705,True,,26,3,0,"[{'Spike': 3, 'Seconds': np.float64(0.0395), 'Sweep': 14, 'Epoch': 2, 'Type': 'Pre spike min under-run (mdp)', 'Details': 'Went past startPnt 0 searching for pre-spike min'}, {'Spike': 3, 'Seconds': np.float64(0.0395), 'Sweep': 14, 'Epoch': 2, 'Type': 'Spike Width', 'Details': 'Half width 90 error in ""rising point"" with halfWidthWindow_ms:4.0 searching for Vm:-0.25 from peak sec 0.04'}]",,395,0.0395,-43.79708044869557,9.965670838647958,403,0.040299999999999996,4.592459188188823,48.38953963688439,0.7999999999999952,410.0,0.041,-69.76055984497067,388.0,-49.22872052465164,389,392,0.3,-48.34158379690985,-46.36055701119557,6312.779017857114,,402,-5.82188159057072,158.38247812037548,406,-37.426754334994705,-186.72521461370025,41.0,4.1,243.90243902439028,40.0,4.0,0.7,"[{'halfHeight': 10, 'risingPnt': np.int64(395), 'fallingPnt': np.int64(407), 'widthPnts': np.int64(12), 'widthMs': np.float64(1.2)}, {'halfHeight': 20, 'risingPnt': np.int64(400), 'fallingPnt': np.int64(406), 'widthPnts': np.int64(6), 'widthMs': np.float64(0.6)}, {'halfHeight': 50, 'risingPnt': np.int64(400), 'fallingPnt': np.int64(406), 'widthPnts': np.int64(6), 'widthMs': np.float64(0.6)}, {'halfHeight': 80, 'risingPnt': np.int64(402), 'fallingPnt': np.int64(405), 'widthPnts': np.int64(3), 'widthMs': np.float64(0.3)}, {'halfHeight': 90, 'risingPnt': None, 'fallingPnt': None, 'widthPnts': None, 'widthMs': nan}]",1.2,0.6,0.6,0.3,,yes,,,,,,unknown,,,
27,2021_07_20_0010.abf,14,2,0.5000000447034836,,dvdt,10.0,-40.0,0,"[10, 20, 50, 80, 90]",20260928,19:54:29,,,0.2.8.post45,ceeda3d8b38d399aaf1761b27ed8696acdeb9705,True,,27,4,0,"[{'Spike': 4, 'Seconds': np.float64(0.0441), 'Sweep': 14, 'Epoch': 2, 'Type': 'Pre spike min under-run (mdp)', 'Details': 'Went past startPnt 0 searching for pre-spike min'}]",,441,0.0441,-41.673928941999144,9.056869818239765,449,0.044899999999999995,3.0133925029209663,44.68732144492011,0.7999999999999952,456.0,0.0456,-69.11794684273853,431.0,-49.22872052465164,432,436,0.4,-47.99455533708843,-45.68655450003486,5815.778459821583,,448,-2.623639443942478,138.24486668158536,452,-40.66161764689852,-172.96265990490798,46.0,4.6,217.3913043478261,43.0,4.3,1.0,"[{'halfHeight': 10, 'risingPnt': np.int64(442), 'fallingPnt': np.int64(452), 'widthPnts': np.int64(10), 'widthMs': np.float64(1.0)}, {'halfHeight': 20, 'risingPnt': np.int64(442), 'fallingPnt': np.int64(452), 'widthPnts': np.int64(10), 'widthMs': np.float64(1.0)}, {'halfHeight': 50, 'risingPnt': np.int64(447), 'fallingPnt': np.int64(451), 'widthPnts': np.int64(4), 'widthMs': np.float64(0.4)}, {'halfHeight': 80, 'risingPnt': np.int64(448), 'fallingPnt': np.int64(450), 'widthPnts': np.int64(2), 'widthMs': np.float64(0.2)}, {'halfHeight': 90, 'risingPnt': np.int64(448), 'fallingPnt': np.int64(450), 'widthPnts': np.int64(2), 'widthMs': np.float64(0.2)}]",1.0,1.0,0.4,0.2,0.2,yes,,,,,,unknown,,,
28,2021_07_20_0010.abf,14,2,0.5000000447034836,,dvdt,10.0,-40.0,0,"[10, 20, 50, 80, 90]",20260928,19:54:29,,,0.2.8.post45,ceeda3d8b38d399aaf1761b27ed8696acdeb9705,True,,28,5,0,"[{'Spike': 5, 'Seconds': np.float64(0.049), 'Sweep': 14, 'Epoch': 2, 'Type': 'Pre spike min under-run (mdp)', 'Details': 'Went past startPnt 0 searching for pre-spike min'}]",,490,0.049,-40.994694846017,9.234992825255112,498,0.0498,2.280970743724276,43.27566558974127,0.7999999999999952,505.0,0.0505,-68.35762318202424,478.0,-49.22872052465164,479,484,0.5,-48.47673307146343,-45.69963346208843,5172.293526786055,,497,-2.648925355502537,131.6670212716471,501,-40.25791368484495,-168.22533550943632,49.0,4.9,204.0816326530612,47.0,4.7,1.2,"[{'halfHeight': 10, 'risingPnt': np.int64(491), 'fallingPnt': np.int64(501), 'widthPnts': np.int64(10), 'widthMs': np.float64(1.0)}, {'halfHeight': 20, 'risingPnt': np.int64(491), 'fallingPnt': np.int64(501), 'widthPnts': np.int64(10), 'widthMs': np.float64(1.0)}, {'halfHeight': 50, 'risingPnt': np.int64(496), 'fallingPnt': np.int64(500), 'widthPnts': np.int64(4), 'widthMs': np.float64(0.4)}, {'halfHeight': 80, 'risingPnt': np.int64(497), 'fallingPnt': np.int64(499), 'widthPnts': np.int64(2), 'widthMs': np.float64(0.2)}, {'halfHeight': 90, 'risingPnt': np.int64(497), 'fallingPnt': np.int64(499), 'widthPnts': np.int64(2), 'widthMs': np.float64(0.2)}]",1.0,1.0,0.4,0.2,0.2,yes,,,,,,unknown,,,
29,2021_07_20_0010.abf,14,2,0.5000000447034836,,dvdt,10.0,-40.0,0,"[10, 20, 50, 80, 90]",20260928,19:54:29,,,0.2.8.post45,ceeda3d8b38d399aaf1761b27ed8696acdeb9705,True,,29,6,0,"[{'Spike': 6, 'Seconds': np.float64(0.054), 'Sweep': 14, 'Epoch': 2, 'Type': 'Pre spike min under-run (mdp)', 'Details': 'Went past startPnt 0 searching for pre-spike min'}]",,540,0.054,-40.569192613874144,9.430305325255079,548,0.054799999999999995,1.6331261975424611,42.2023188114166,0.7999999999999952,555.0,0.0555,-68.18672474452424,526.0,-49.22872052465164,527,533,0.6,-48.782780783517,-45.55576487949914,5414.441167091541,,547,-3.0630924292973103,125.48279001858756,551,-39.69551831654138,-164.89555625331627,50.0,5.0,200.0,48.0,4.8,1.4,"[{'halfHeight': 10, 'risingPnt': np.int64(541), 'fallingPnt': np.int64(551), 'widthPnts': np.int64(10), 'widthMs': np.float64(1.0)}, {'halfHeight': 20, 'risingPnt': np.int64(541), 'fallingPnt': np.int64(551), 'widthPnts': np.int64(10), 'widthMs': np.float64(1.0)}, {'halfHeight': 50, 'risingPnt': np.int64(546), 'fallingPnt': np.int64(550), 'widthPnts': np.int64(4), 'widthMs': np.float64(0.4)}, {'halfHeight': 80, 'risingPnt': np.int64(547), 'fallingPnt': np.int64(549), 'widthPnts': np.int64(2), 'widthMs': np.float64(0.2)}, {'halfHeight': 90, 'risingPnt': np.int64(547), 'fallingPnt': np.int64(549), 'widthPnts': np.int64(2), 'widthMs': np.float64(0.2)}]",1.0,1.0,0.4,0.2,0.2,yes,,,,,,unknown,,,
30,2021_07_20_0010.abf,14,2,0.5000000447034836,,dvdt,10.0,-40.0,0,"[10, 20, 50, 80, 90]",20260928,19:54:29,,,0.2.8.post45,ceeda3d8b38d399aaf1761b27ed8696acdeb9705,True,,30,7,0,"[{'Spike': 7, 'Seconds': np.float64(0.059), 'Sweep': 14, 'Epoch': 2, 'Type': 'Pre spike min under-run (mdp)', 'Details': 'Went past startPnt 0 searching for pre-spike min'}, {'Spike': 7, 'Seconds': np.float64(0.059), 'Sweep': 14, 'Epoch': 2, 'Type': 'Spike Width', 'Details': 'Half width 90 error in ""rising point"" with halfWidthWindow_ms:4.0 searching for Vm:-1.83 from peak sec 0.06'}]",,590,0.059,-41.806462424142005,9.013771524234663,598,0.0598,2.613176304953437,44.41963872909544,0.800000000000002,605.0,0.0605,-68.10999483380996,579.0,-49.22872052465164,580,585,0.5,-48.49853134155271,-45.622031620570574,5633.5449218748045,,597,-6.5848208904266325,140.36340994542942,601,-35.23123258181979,-174.09467440235358,50.0,5.0,200.0,53.0,5.3,1.1,"[{'halfHeight': 10, 'risingPnt': np.int64(590), 'fallingPnt': np.int64(602), 'widthPnts': np.int64(12), 'widthMs': np.float64(1.2)}, {'halfHeight': 20, 'risingPnt': np.int64(595), 'fallingPnt': np.int64(601), 'widthPnts': np.int64(6), 'widthMs': np.float64(0.6)}, {'halfHeight': 50, 'risingPnt': np.int64(595), 'fallingPnt': np.int64(601), 'widthPnts': np.int64(6), 'widthMs': np.float64(0.6)}, {'halfHeight': 80, 'risingPnt': np.int64(597), 'fallingPnt': np.int64(600), 'widthPnts': np.int64(3), 'widthMs': np.float64(0.3)}, {'halfHeight': 90, 'risingPnt': None, 'fallingPnt': None, 'widthPnts': None, 'widthMs': nan}]",1.2,0.6,0.6,0.3,,yes,,,,,,unknown,,,
31,2021_07_20_0010.abf,14,2,0.5000000447034836,,dvdt,10.0,-40.0,0,"[10, 20, 50, 80, 90]",20260928,19:54:29,,,0.2.8.post45,ceeda3d8b38d399aaf1761b27ed8696acdeb9705,True,,31,8,0,"[{'Spike': 8, 'Seconds': np.float64(0.0651), 'Sweep': 14, 'Epoch': 2, 'Type': 'Pre spike min under-run (mdp)', 'Details': 'Went past startPnt 0 searching for pre-spike min'}]",,651,0.06509999999999999,-37.49650846208843,8.162766919817255,659,0.0659,-5.814034121377126,31.682474340711302,0.800000000000009,718.0,0.0718,-67.56416615077424,628.0,-49.22872052465164,630,640,1.0,-48.22561700003485,-44.255716051374144,3895.364076028113,,658,-12.833076490674694,86.69183967746025,663,-40.08701528821671,-128.88979558750063,61.0,6.1,163.9344262295082,49.0,4.9,2.3,"[{'halfHeight': 10, 'risingPnt': np.int64(651), 'fallingPnt': np.int64(663), 'widthPnts': np.int64(12), 'widthMs': np.float64(1.2)}, {'halfHeight': 20, 'risingPnt': np.int64(651), 'fallingPnt': np.int64(663), 'widthPnts': np.int64(12), 'widthMs': np.float64(1.2)}, {'halfHeight': 50, 'risingPnt': np.int64(657), 'fallingPnt': np.int64(662), 'widthPnts': np.int64(5), 'widthMs': np.float64(0.5)}, {'halfHeight': 80, 'risingPnt': np.int64(658), 'fallingPnt': np.int64(661), 'widthPnts': np.int64(3), 'widthMs': np.float64(0.3)}, {'halfHeight': 90, 'risingPnt': np.int64(658), 'fallingPnt': np.int64(661), 'widthPnts': np.int64(3), 'widthMs': np.float64(0.3)}]",1.2,1.2,0.5,0.3,0.3,yes,,,,,,unknown,,,
32,2021_07_20_0010.abf,14,2,0.5000000447034836,,dvdt,10.0,-40.0,0,"[10, 20, 50, 80, 90]",20260928,19:54:29,,,0.2.8.post45,ceeda3d8b38d399aaf1761b27ed8696acdeb9705,True,,32,9,0,"[{'Spike': 9, 'Seconds': np.float64(0.0703), 'Sweep': 14, 'Epoch': 2, 'Type': 'Pre spike min under-run (mdp)', 'Details': 'Went past startPnt 0 searching for pre-spike min'}]",,703,0.0703,-40.73660332815986,9.297771843112256,711,0.0711,1.7499649252210328,42.486568253380895,0.7999999999999952,718.0,0.0718,-67.56416615077424,689.0,-49.22872052465164,690,696,0.6,-48.754007066999144,-45.77723530360628,4813.307158801523,,710,-4.357909672600881,127.41100270991409,714,-37.124194376809236,-164.5918752105867,52.0,5.2,192.30769230769232,61.0,6.1,1.4,"[{'halfHeight': 10, 'risingPnt': np.int64(706), 'fallingPnt': np.int64(714), 'widthPnts': np.int64(8), 'widthMs': np.float64(0.8)}, {'halfHeight': 20, 'risingPnt': np.int64(706), 'fallingPnt': np.int64(714), 'widthPnts': np.int64(8), 'widthMs': np.float64(0.8)}, {'halfHeight': 50, 'risingPnt': np.int64(709), 'fallingPnt': np.int64(713), 'widthPnts': np.int64(4), 'widthMs': np.float64(0.4)}, {'halfHeight': 80, 'risingPnt': np.int64(709), 'fallingPnt': np.int64(713), 'widthPnts': np.int64(4), 'widthMs': np.float64(0.4)}, {'halfHeight': 90, 'risingPnt': np.int64(710), 'fallingPnt': np.int64(712), 'widthPnts': np.int64(2), 'widthMs': np.float64(0.2)}]",0.8,0.8,0.4,0.4,0.2,yes,,,,,,unknown,,,
33,2021_07_20_0010.abf,14,2,0.5000000447034836,,dvdt,10.0,-40.0,0,"[10, 20, 50, 80, 90]",20260928,19:54:29,,,0.2.8.post45,ceeda3d8b38d399aaf1761b27ed8696acdeb9705,True,,33,10,0,"[{'Spike': 10, 'Seconds': np.float64(0.0758), 'Sweep': 14, 'Epoch': 2, 'Type': 'Pre spike min under-run (mdp)', 'Details': 'Went past startPnt 0 searching for pre-spike min'}]",,758,0.07579999999999999,-40.049521854945574,8.563855229591844,767,0.0767,-0.8257183411291672,39.22380351381641,0.9000000000000119,826.0,0.08259999999999999,-66.97299706595281,741.0,-49.22872052465164,743,749,0.6,-48.062565939767,-45.596745627267,3885.3236607142417,,765,-13.207134888427591,111.70329627625784,770,-40.40527003152028,-150.08568838202208,55.0,5.5,181.81818181818184,52.0,5.2,1.7,"[{'halfHeight': 10, 'risingPnt': np.int64(758), 'fallingPnt': np.int64(770), 'widthPnts': np.int64(12), 'widthMs': np.float64(1.2)}, {'halfHeight': 20, 'risingPnt': np.int64(758), 'fallingPnt': np.int64(770), 'widthPnts': np.int64(12), 'widthMs': np.float64(1.2)}, {'halfHeight': 50, 'risingPnt': np.int64(764), 'fallingPnt': np.int64(769), 'widthPnts': np.int64(5), 'widthMs': np.float64(0.5)}, {'halfHeight': 80, 'risingPnt': np.int64(766), 'fallingPnt': np.int64(768), 'widthPnts': np.int64(2), 'widthMs': np.float64(0.2)}, {'halfHeight': 90, 'risingPnt': np.int64(766), 'fallingPnt': np.int64(768), 'widthPnts': np.int64(2), 'widthMs': np.float64(0.2)}]",1.2,1.2,0.5,0.2,0.2,yes,,,,,,unknown,,,
34,2021_07_20_0010.abf,14,2,0.5000000447034836,,dvdt,10.0,-40.0,0,"[10, 20, 50, 80, 90]",20260928,19:54:29,,,0.2.8.post45,ceeda3d8b38d399aaf1761b27ed8696acdeb9705,True,,34,11,0,"[{'Spike': 11, 'Seconds': np.float64(0.0811), 'Sweep': 14, 'Epoch': 2, 'Type': 'Pre spike min under-run (mdp)', 'Details': 'Went past startPnt 0 searching for pre-spike min'}]",,811,0.08109999999999999,-40.14281845092771,9.755909199617342,819,0.0819,1.0567799942834026,41.199598445211116,0.800000000000009,826.0,0.08259999999999999,-66.97299706595281,797.0,-49.22872052465164,798,804,0.6,-48.47237341744557,-45.28459439958843,5227.349728954117,,818,-3.2104486942291253,118.66553703619496,822,-38.710236508505666,-159.28630094333553,53.0,5.3,188.67924528301887,56.0,5.6,1.4,"[{'halfHeight': 10, 'risingPnt': np.int64(813), 'fallingPnt': np.int64(822), 'widthPnts': np.int64(9), 'widthMs': np.float64(0.9)}, {'halfHeight': 20, 'risingPnt': np.int64(813), 'fallingPnt': np.int64(822), 'widthPnts': np.int64(9), 'widthMs': np.float64(0.9)}, {'halfHeight': 50, 'risingPnt': np.int64(817), 'fallingPnt': np.int64(821), 'widthPnts': np.int64(4), 'widthMs': np.float64(0.4)}, {'halfHeight': 80, 'risingPnt': np.int64(818), 'fallingPnt': np.int64(820), 'widthPnts': np.int64(2), 'widthMs': np.float64(0.2)}, {'halfHeight': 90, 'risingPnt': np.int64(818), 'fallingPnt': np.int64(820), 'widthPnts': np.int64(2), 'widthMs': np.float64(0.2)}]",0.9,0.9,0.4,0.2,0.2,yes,,,,,,unknown,,,
35,2021_07_20_0010.abf,14,2,0.5000000447034836,,dvdt,10.0,-40.0,0,"[10, 20, 50, 80, 90]",20260928,19:54:29,,,0.2.8.post45,ceeda3d8b38d399aaf1761b27ed8696acdeb9705,True,,35,12,0,"[{'Spike': 12, 'Seconds': np.float64(0.0871), 'Sweep': 14, 'Epoch': 2, 'Type': 'Pre spike min under-run (mdp)', 'Details': 'Went past startPnt 0 searching for pre-spike min'}]",,871,0.0871,-38.915139879499144,8.482142857142854,881,0.0881,-4.649134567805698,34.26600531169345,1.0000000000000009,889.0,0.0889,-64.49845842633925,850.0,-49.22872052465164,852,860,0.8,-48.34245572771343,-45.39794540405271,3411.117865114776,,879,-13.930837372371123,88.77201567669296,884,-37.88974966321671,-132.2305361806129,60.0,6.0,166.66666666666666,53.0,5.3,2.1,"[{'halfHeight': 10, 'risingPnt': np.int64(873), 'fallingPnt': np.int64(884), 'widthPnts': np.int64(11), 'widthMs': np.float64(1.1)}, {'halfHeight': 20, 'risingPnt': np.int64(873), 'fallingPnt': np.int64(884), 'widthPnts': np.int64(11), 'widthMs': np.float64(1.1)}, {'halfHeight': 50, 'risingPnt': np.int64(878), 'fallingPnt': np.int64(883), 'widthPnts': np.int64(5), 'widthMs': np.float64(0.5)}, {'halfHeight': 80, 'risingPnt': np.int64(880), 'fallingPnt': np.int64(882), 'widthPnts': np.int64(2), 'widthMs': np.float64(0.2)}, {'halfHeight': 90, 'risingPnt': np.int64(880), 'fallingPnt': np.int64(882), 'widthPnts': np.int64(2), 'widthMs': np.float64(0.2)}]",1.1,1.1,0.5,0.2,0.2,yes,,,,,,unknown,,,
36,2021_07_20_0010.abf,14,2,0.5000000447034836,,dvdt,10.0,-40.0,0,"[10, 20, 50, 80, 90]",20260928,19:54:29,,,0.2.8.post45,ceeda3d8b38d399aaf1761b27ed8696acdeb9705,True,,36,13,0,"[{'Spike': 13, 'Seconds': np.float64(0.0931), 'Sweep': 14, 'Epoch': 2, 'Type': 'Pre spike min under-run (mdp)', 'Details': 'Went past startPnt 0 searching for pre-spike min'}]",,931,0.09309999999999999,-40.134971073695574,6.800312898596921,943,0.0943,-5.966621930258612,34.16834914343696,1.2000000000000066,1007.0,0.1007,-65.26750139508925,912.0,-49.22872052465164,914,922,0.8,-48.12272916521342,-44.77800260271343,4308.895188934837,,942,-10.499789701189309,78.5171145225057,946,-30.928255053928904,-123.05633345623392,60.0,6.0,166.66666666666666,62.0,6.2,1.9,"[{'halfHeight': 10, 'risingPnt': np.int64(931), 'fallingPnt': np.int64(947), 'widthPnts': np.int64(16), 'widthMs': np.float64(1.6)}, {'halfHeight': 20, 'risingPnt': np.int64(931), 'fallingPnt': np.int64(947), 'widthPnts': np.int64(16), 'widthMs': np.float64(1.6)}, {'halfHeight': 50, 'risingPnt': np.int64(939), 'fallingPnt': np.int64(946), 'widthPnts': np.int64(7), 'widthMs': np.float64(0.7)}, {'halfHeight': 80, 'risingPnt': np.int64(942), 'fallingPnt': np.int64(945), 'widthPnts': np.int64(3), 'widthMs': np.float64(0.3)}, {'halfHeight': 90, 'risingPnt': np.int64(942), 'fallingPnt': np.int64(945), 'widthPnts': np.int64(3), 'widthMs': np.float64(0.3)}]",1.6,1.6,0.7,0.3,0.3,yes,,,,,,unknown,,,
37,2021_07_20_0010.abf,14,2,0.5000000447034836,,dvdt,10.0,-40.0,0,"[10, 20, 50, 80, 90]",20260928,19:54:29,,,0.2.8.post45,ceeda3d8b38d399aaf1761b27ed8696acdeb9705,True,,37,14,0,"[{'Spike': 14, 'Seconds': np.float64(0.0991), 'Sweep': 14, 'Epoch': 2, 'Type': 'Pre spike min under-run (mdp)', 'Details': 'Went past startPnt 0 searching for pre-spike min'}]",,991,0.0991,-38.64222553798129,9.379484215561206,999,0.0999,-2.7212957348142344,35.920929803167056,0.800000000000009,1064.0,0.10640000000000001,-65.47589154924663,973.0,-49.22872052465164,975,982,0.7,-47.850686754499144,-44.66813932146343,4684.759646046,,998,-10.057720865522107,101.11556551991667,1002,-29.555836255209773,-140.6877673032331,60.0,6.0,166.66666666666666,61.0,6.1,1.8,"[{'halfHeight': 10, 'risingPnt': np.int64(991), 'fallingPnt': np.int64(1003), 'widthPnts': np.int64(12), 'widthMs': np.float64(1.2)}, {'halfHeight': 20, 'risingPnt': np.int64(991), 'fallingPnt': np.int64(1003), 'widthPnts': np.int64(12), 'widthMs': np.float64(1.2)}, {'halfHeight': 50, 'risingPnt': np.int64(996), 'fallingPnt': np.int64(1002), 'widthPnts': np.int64(6), 'widthMs': np.float64(0.6)}, {'halfHeight': 80, 'risingPnt': np.int64(998), 'fallingPnt': np.int64(1001), 'widthPnts': np.int64(3), 'widthMs': np.float64(0.3)}, {'halfHeight': 90, 'risingPnt': np.int64(998), 'fallingPnt': np.int64(1001), 'widthPnts': np.int64(3), 'widthMs': np.float64(0.3)}]",1.2,1.2,0.6,0.3,0.3,yes,,,,,,unknown,,,
38,2021_07_20_0010.abf,14,2,0.5000000447034836,,dvdt,10.0,-40.0,0,"[10, 20, 50, 80, 90]",20260928,19:54:29,,,0.2.8.post45,ceeda3d8b38d399aaf1761b27ed8696acdeb9705,True,,38,15,0,"[{'Spike': 15, 'Seconds': np.float64(0.1047), 'Sweep': 14, 'Epoch': 2, 'Type': 'Pre spike min under-run (mdp)', 'Details': 'Went past startPnt 0 searching for pre-spike min'}]",,1047,0.1047,-39.69377408708843,8.557876275510202,1056,0.1056,-1.8188474348613188,37.87492665222711,0.899999999999998,1064.0,0.10640000000000001,-65.47589154924663,1028.0,-49.22872052465164,1030,1038,0.8,-48.550847189767,-45.34737341744557,3856.5291839390516,,1054,-13.21149451051439,105.67601269897139,1059,-39.205493245806,-144.18819504562677,56.0,5.6,178.57142857142858,55.0,5.5,1.9,"[{'halfHeight': 10, 'risingPnt': np.int64(1048), 'fallingPnt': np.int64(1059), 'widthPnts': np.int64(11), 'widthMs': np.float64(1.1)}, {'halfHeight': 20, 'risingPnt': np.int64(1048), 'fallingPnt': np.int64(1059), 'widthPnts': np.int64(11), 'widthMs': np.float64(1.1)}, {'halfHeight': 50, 'risingPnt': np.int64(1053), 'fallingPnt': np.int64(1058), 'widthPnts': np.int64(5), 'widthMs': np.float64(0.5)}, {'halfHeight': 80, 'risingPnt': np.int64(1055), 'fallingPnt': np.int64(1057), 'widthPnts': np.int64(2), 'widthMs': np.float64(0.2)}, {'halfHeight': 90, 'risingPnt': np.int64(1055), 'fallingPnt': np.int64(1057), 'widthPnts': np.int64(2), 'widthMs': np.float64(0.2)}]",1.1,1.1,0.5,0.2,0.2,yes,,,,,,unknown,,,
39,2021_07_20_0010.abf,14,2,0.5000000447034836,,dvdt,10.0,-40.0,0,"[10, 20, 50, 80, 90]",20260928,19:54:29,,,0.2.8.post45,ceeda3d8b38d399aaf1761b27ed8696acdeb9705,True,,39,16,0,"[{'Spike': 16, 'Seconds': np.float64(0.1106), 'Sweep': 14, 'Epoch': 2, 'Type': 'Pre spike min under-run (mdp)', 'Details': 'Went past startPnt 0 searching for pre-spike min'}]",,1106,0.11059999999999999,-39.16189629690986,7.435078523596951,1117,0.11170000000000001,-6.006730747222898,33.15516554968696,1.1000000000000176,1125.0,0.1125,-62.94816861833842,1086.0,-49.22872052465164,1088,1096,0.8,-48.24828720092771,-44.805032457624144,4536.323806866563,,1116,-9.641809790475023,75.49226214350479,1120,-31.930102620805997,-121.4380258521254,59.0,5.9,169.4915254237288,58.0,5.8,2.0,"[{'halfHeight': 10, 'risingPnt': np.int64(1106), 'fallingPnt': np.int64(1121), 'widthPnts': np.int64(15), 'widthMs': np.float64(1.5)}, {'halfHeight': 20, 'risingPnt': np.int64(1106), 'fallingPnt': np.int64(1121), 'widthPnts': np.int64(15), 'widthMs': np.float64(1.5)}, {'halfHeight': 50, 'risingPnt': np.int64(1113), 'fallingPnt': np.int64(1120), 'widthPnts': np.int64(7), 'widthMs': np.float64(0.7)}, {'halfHeight': 80, 'risingPnt': np.int64(1115), 'fallingPnt': np.int64(1119), 'widthPnts': np.int64(4), 'widthMs': np.float64(0.4)}, {'halfHeight': 90, 'risingPnt': np.int64(1116), 'fallingPnt': np.int64(1118), 'widthPnts': np.int64(2), 'widthMs': np.float64(0.2)}]",1.5,1.5,0.7,0.4,0.2,yes,,,,,,unknown,,,
40,2021_07_20_0010.abf,14,2,0.5000000447034836,,dvdt,10.0,-40.0,0,"[10, 20, 50, 80, 90]",20260928,19:54:29,,,0.2.8.post45,ceeda3d8b38d399aaf1761b27ed8696acdeb9705,True,,40,17,0,"[{'Spike': 17, 'Seconds': np.float64(0.1171), 'Sweep': 14, 'Epoch': 2, 'Type': 'Pre spike min under-run (mdp)', 'Details': 'Went past startPnt 0 searching for pre-spike min'}]",,1171,0.1171,-37.53923307146343,7.572345344387756,1180,0.118,-6.752231747763495,30.787001323699933,0.899999999999998,1189.0,0.1189,-62.80953162057057,1150.0,-49.22872052465164,1152,1160,0.8,-47.917825426374144,-44.59489713396343,4239.867333652659,,1179,-12.147738879067552,76.03285865783684,1184,-39.479279599870935,-117.60452232750083,65.0,6.5,153.84615384615384,64.0,6.4,2.1,"[{'halfHeight': 10, 'risingPnt': np.int64(1171), 'fallingPnt': np.int64(1184), 'widthPnts': np.int64(13), 'widthMs': np.float64(1.3)}, {'halfHeight': 20, 'risingPnt': np.int64(1171), 'fallingPnt': np.int64(1184), 'widthPnts': np.int64(13), 'widthMs': np.float64(1.3)}, {'halfHeight': 50, 'risingPnt': np.int64(1177), 'fallingPnt': np.int64(1183), 'widthPnts': np.int64(6), 'widthMs': np.float64(0.6)}, {'halfHeight': 80, 'risingPnt': np.int64(1179), 'fallingPnt': np.int64(1182), 'widthPnts': np.int64(3), 'widthMs': np.float64(0.3)}, {'halfHeight': 90, 'risingPnt': np.int64(1179), 'fallingPnt': np.int64(1182), 'widthPnts': np.int64(3), 'widthMs': np.float64(0.3)}]",1.3,1.3,0.6,0.3,0.3,yes,,,,,,unknown,,,
41,2021_07_20_0010.abf,15,2,0.6000000461935997,,dvdt,10.0,-40.0,0,"[10, 20, 50, 80, 90]",20260928,19:54:29,,,0.2.8.post45,ceeda3d8b38d399aaf1761b27ed8696acdeb9705,True,,41,0,0,"[{'Spike': 0, 'Seconds': np.float64(0.0275), 'Sweep': 15, 'Epoch': 2, 'Type': 'Pre spike min under-run (mdp)', 'Details': 'Went past startPnt 0 searching for pre-spike min'}, {'Spike': 0, 'Seconds': np.float64(0.0275), 'Sweep': 15, 'Epoch': 2, 'Type': 'Pre spike min (mdp)', 'Details': 'Did not find preMinVal: nan'}, {'Spike': 0, 'Seconds': np.float64(0.0275), 'Sweep': 15, 'Epoch': 2, 'Type': 'Fit EDD', 'Details': 'Early diastolic duration rate fit - Too low -68.212<=8'}]",,275,0.0275,-68.24165638514924,4.957298995037526,289,0.0289,6.739152540479384,74.98080892562862,1.3999999999999986,295.0,0.0295,-69.62889829363138,,,30,139,10.9,-67.86323874337329,-68.64100102015901,-68.2117988328557,,287,-11.055210154397141,179.07190129027057,291,-32.409664767129065,-214.1103148401998,,,,,,27.2,"[{'halfHeight': 10, 'risingPnt': np.int64(277), 'fallingPnt': np.int64(293), 'widthPnts': np.int64(16), 'widthMs': np.float64(1.6)}, {'halfHeight': 20, 'risingPnt': np.int64(277), 'fallingPnt': np.int64(293), 'widthPnts': np.int64(16), 'widthMs': np.float64(1.6)}, {'halfHeight': 50, 'risingPnt': np.int64(286), 'fallingPnt': np.int64(291), 'widthPnts': np.int64(5), 'widthMs': np.float64(0.5)}, {'halfHeight': 80, 'risingPnt': np.int64(287), 'fallingPnt': np.int64(290), 'widthPnts': np.int64(3), 'widthMs': np.float64(0.3)}, {'halfHeight': 90, 'risingPnt': np.int64(287), 'fallingPnt': np.int64(290), 'widthPnts': np.int64(3), 'widthMs': np.float64(0.3)}]",1.6,1.6,0.5,0.3,0.3,yes,,,,,,unknown,,,
42,2021_07_20_0010.abf,15,2,0.6000000461935997,,dvdt,10.0,-40.0,0,"[10, 20, 50, 80, 90]",20260928,19:54:29,,,0.2.8.post45,ceeda3d8b38d399aaf1761b27ed8696acdeb9705,True,,42,1,0,"[{'Spike': 1, 'Seconds': np.float64(0.0311), 'Sweep': 15, 'Epoch': 2, 'Type': 'Pre spike min under-run (mdp)', 'Details': 'Went past startPnt 0 searching for pre-spike min'}, {'Spike': 1, 'Seconds': np.float64(0.0311), 'Sweep': 15, 'Epoch': 2, 'Type': 'Fit EDD', 'Details': 'Early diastolic duration rate fit - preMinPnt == spikePnt'}, {'Spike': 1, 'Seconds': np.float64(0.0311), 'Sweep': 15, 'Epoch': 2, 'Type': 'Spike Width', 'Details': 'Half width 90 error in ""rising point"" with halfWidthWindow_ms:4.0 searching for Vm:2.32 from peak sec 0.03'}]",,311,0.031100000000000003,-45.372659410749144,9.33339644451528,320,0.032,7.621546425138196,52.99420583588734,0.899999999999998,327.0,0.0327,-68.64448841639924,310.0,-46.87473421304564,310,310,0.0,-46.30562537057057,-46.30562537057057,,,319,-3.560965280873434,172.35778322511774,323,-37.2619593977928,-195.16126898454144,36.0,3.6,277.77777777777777,,,0.1,"[{'halfHeight': 10, 'risingPnt': np.int64(311), 'fallingPnt': np.int64(324), 'widthPnts': np.int64(13), 'widthMs': np.float64(1.3)}, {'halfHeight': 20, 'risingPnt': np.int64(317), 'fallingPnt': np.int64(323), 'widthPnts': np.int64(6), 'widthMs': np.float64(0.6)}, {'halfHeight': 50, 'risingPnt': np.int64(317), 'fallingPnt': np.int64(323), 'widthPnts': np.int64(6), 'widthMs': np.float64(0.6)}, {'halfHeight': 80, 'risingPnt': np.int64(319), 'fallingPnt': np.int64(322), 'widthPnts': np.int64(3), 'widthMs': np.float64(0.3)}, {'halfHeight': 90, 'risingPnt': None, 'fallingPnt': None, 'widthPnts': None, 'widthMs': nan}]",1.3,0.6,0.6,0.3,,yes,,,,,,unknown,,,
43,2021_07_20_0010.abf,15,2,0.6000000461935997,,dvdt,10.0,-40.0,0,"[10, 20, 50, 80, 90]",20260928,19:54:29,,,0.2.8.post45,ceeda3d8b38d399aaf1761b27ed8696acdeb9705,True,,43,2,0,"[{'Spike': 2, 'Seconds': np.float64(0.0346), 'Sweep': 15, 'Epoch': 2, 'Type': 'Pre spike min under-run (mdp)', 'Details': 'Went past startPnt 0 searching for pre-spike min'}, {'Spike': 2, 'Seconds': np.float64(0.0346), 'Sweep': 15, 'Epoch': 2, 'Type': 'Fit EDD', 'Details': 'Early diastolic duration rate fit - preMinPnt == spikePnt'}]",,346,0.0346,-44.72307096208843,9.815698740433675,356,0.0356,6.327601364680695,51.050672326769124,1.0000000000000009,363.0,0.0363,-68.12307412283758,344.0,-46.87473421304564,344,345,0.1,-46.63085556030271,-45.71794400896343,,,355,2.6210237230573363,151.0448116341414,358,-25.990511281149715,-191.07465384736332,35.0,3.5,285.7142857142857,34.0,3.4,0.2,"[{'halfHeight': 10, 'risingPnt': np.int64(348), 'fallingPnt': np.int64(359), 'widthPnts': np.int64(11), 'widthMs': np.float64(1.1)}, {'halfHeight': 20, 'risingPnt': np.int64(348), 'fallingPnt': np.int64(359), 'widthPnts': np.int64(11), 'widthMs': np.float64(1.1)}, {'halfHeight': 50, 'risingPnt': np.int64(354), 'fallingPnt': np.int64(358), 'widthPnts': np.int64(4), 'widthMs': np.float64(0.4)}, {'halfHeight': 80, 'risingPnt': np.int64(355), 'fallingPnt': np.int64(357), 'widthPnts': np.int64(2), 'widthMs': np.float64(0.2)}, {'halfHeight': 90, 'risingPnt': np.int64(355), 'fallingPnt': np.int64(357), 'widthPnts': np.int64(2), 'widthMs': np.float64(0.2)}]",1.1,1.1,0.4,0.2,0.2,yes,,,,,,unknown,,,
44,2021_07_20_0010.abf,15,2,0.6000000461935997,,dvdt,10.0,-40.0,0,"[10, 20, 50, 80, 90]",20260928,19:54:29,,,0.2.8.post45,ceeda3d8b38d399aaf1761b27ed8696acdeb9705,True,,44,3,0,"[{'Spike': 3, 'Seconds': np.float64(0.0385), 'Sweep': 15, 'Epoch': 2, 'Type': 'Pre spike min under-run (mdp)', 'Details': 'Went past startPnt 0 searching for pre-spike min'}]",,385,0.0385,-42.961770738874144,9.626863440688778,394,0.0394,5.066789586203436,48.02856032507758,0.899999999999998,401.0,0.040100000000000004,-67.90945107596258,381.0,-46.87473421304564,381,383,0.2,-46.476523808070574,-44.87914657592771,7620.675223213023,,392,-11.58272812707083,151.11506037809397,396,-27.866034276144834,-188.97778583448743,39.0,3.9,256.4102564102564,37.0,3.7,0.4,"[{'halfHeight': 10, 'risingPnt': np.int64(385), 'fallingPnt': np.int64(397), 'widthPnts': np.int64(12), 'widthMs': np.float64(1.2)}, {'halfHeight': 20, 'risingPnt': np.int64(385), 'fallingPnt': np.int64(397), 'widthPnts': np.int64(12), 'widthMs': np.float64(1.2)}, {'halfHeight': 50, 'risingPnt': np.int64(391), 'fallingPnt': np.int64(396), 'widthPnts': np.int64(5), 'widthMs': np.float64(0.5)}, {'halfHeight': 80, 'risingPnt': np.int64(393), 'fallingPnt': np.int64(395), 'widthPnts': np.int64(2), 'widthMs': np.float64(0.2)}, {'halfHeight': 90, 'risingPnt': np.int64(393), 'fallingPnt': np.int64(395), 'widthPnts': np.int64(2), 'widthMs': np.float64(0.2)}]",1.2,1.2,0.5,0.2,0.2,yes,,,,,,unknown,,,
45,2021_07_20_0010.abf,15,2,0.6000000461935997,,dvdt,10.0,-40.0,0,"[10, 20, 50, 80, 90]",20260928,19:54:29,,,0.2.8.post45,ceeda3d8b38d399aaf1761b27ed8696acdeb9705,True,,45,4,0,"[{'Spike': 4, 'Seconds': np.float64(0.0428), 'Sweep': 15, 'Epoch': 2, 'Type': 'Pre spike min under-run (mdp)', 'Details': 'Went past startPnt 0 searching for pre-spike min'}, {'Spike': 4, 'Seconds': np.float64(0.0428), 'Sweep': 15, 'Epoch': 2, 'Type': 'Spike Width', 'Details': 'Half width 90 error in ""rising point"" with halfWidthWindow_ms:4.0 searching for Vm:0.84 from peak sec 0.04'}]",,428,0.0428,-41.527444566999144,9.651526626275489,436,0.0436,5.5463514259883295,47.07379599298747,0.800000000000002,443.0,0.0443,-67.62781709943495,421.0,-46.87473421304564,422,425,0.3,-45.98998641967771,-44.04994038173128,6155.8314732136405,,435,-4.8217767800603575,152.08589651438638,439,-34.150910290649946,-183.2080944460264,43.0,4.3,232.5581395348837,40.0,4.0,0.7,"[{'halfHeight': 10, 'risingPnt': np.int64(428), 'fallingPnt': np.int64(440), 'widthPnts': np.int64(12), 'widthMs': np.float64(1.2)}, {'halfHeight': 20, 'risingPnt': np.int64(433), 'fallingPnt': np.int64(439), 'widthPnts': np.int64(6), 'widthMs': np.float64(0.6)}, {'halfHeight': 50, 'risingPnt': np.int64(433), 'fallingPnt': np.int64(439), 'widthPnts': np.int64(6), 'widthMs': np.float64(0.6)}, {'halfHeight': 80, 'risingPnt': np.int64(435), 'fallingPnt': np.int64(438), 'widthPnts': np.int64(3), 'widthMs': np.float64(0.3)}, {'halfHeight': 90, 'risingPnt': None, 'fallingPnt': None, 'widthPnts': None, 'widthMs': nan}]",1.2,0.6,0.6,0.3,,yes,,,,,,unknown,,,
46,2021_07_20_0010.abf,15,2,0.6000000461935997,,dvdt,10.0,-40.0,0,"[10, 20, 50, 80, 90]",20260928,19:54:29,,,0.2.8.post45,ceeda3d8b38d399aaf1761b27ed8696acdeb9705,True,,46,5,0,"[{'Spike': 5, 'Seconds': np.float64(0.0471), 'Sweep': 15, 'Epoch': 2, 'Type': 'Pre spike min under-run (mdp)', 'Details': 'Went past startPnt 0 searching for pre-spike min'}]",,471,0.0471,-40.958073752267,9.814453124999972,478,0.047799999999999995,4.816545527321949,45.77461927958895,0.6999999999999923,486.0,0.048600000000000004,-67.41942563738138,464.0,-46.87473421304564,465,468,0.3,-45.91936002458843,-43.61571884155271,7747.105189731713,,477,-8.026994330542424,152.4909674080049,481,-30.585586472919996,-184.5573463556716,43.0,4.3,232.5581395348837,43.0,4.3,0.7,"[{'halfHeight': 10, 'risingPnt': np.int64(471), 'fallingPnt': np.int64(482), 'widthPnts': np.int64(11), 'widthMs': np.float64(1.1)}, {'halfHeight': 20, 'risingPnt': np.int64(471), 'fallingPnt': np.int64(482), 'widthPnts': np.int64(11), 'widthMs': np.float64(1.1)}, {'halfHeight': 50, 'risingPnt': np.int64(476), 'fallingPnt': np.int64(481), 'widthPnts': np.int64(5), 'widthMs': np.float64(0.5)}, {'halfHeight': 80, 'risingPnt': np.int64(477), 'fallingPnt': np.int64(480), 'widthPnts': np.int64(3), 'widthMs': np.float64(0.3)}, {'halfHeight': 90, 'risingPnt': np.int64(477), 'fallingPnt': np.int64(480), 'widthPnts': np.int64(3), 'widthMs': np.float64(0.3)}]",1.1,1.1,0.5,0.3,0.3,yes,,,,,,unknown,,,
47,2021_07_20_0010.abf,15,2,0.6000000461935997,,dvdt,10.0,-40.0,0,"[10, 20, 50, 80, 90]",20260928,19:54:29,,,0.2.8.post45,ceeda3d8b38d399aaf1761b27ed8696acdeb9705,True,,47,6,0,"[{'Spike': 6, 'Seconds': np.float64(0.0516), 'Sweep': 15, 'Epoch': 2, 'Type': 'Pre spike min under-run (mdp)', 'Details': 'Went past startPnt 0 searching for pre-spike min'}]",,516,0.0516,-40.647666386195574,8.722297512755077,524,0.052399999999999995,4.377092300142558,45.02475868633813,0.7999999999999952,576.0,0.0576,-67.15261448451447,507.0,-46.87473421304564,508,511,0.3,-46.24459021432057,-44.461491721017,5623.953683035897,,523,-5.8489112666675,143.45303482036186,527,-32.31898399932042,-175.71745945774762,45.0,4.5,222.22222222222223,43.0,4.3,0.9,"[{'halfHeight': 10, 'risingPnt': np.int64(516), 'fallingPnt': np.int64(528), 'widthPnts': np.int64(12), 'widthMs': np.float64(1.2)}, {'halfHeight': 20, 'risingPnt': np.int64(521), 'fallingPnt': np.int64(527), 'widthPnts': np.int64(6), 'widthMs': np.float64(0.6)}, {'halfHeight': 50, 'risingPnt': np.int64(521), 'fallingPnt': np.int64(527), 'widthPnts': np.int64(6), 'widthMs': np.float64(0.6)}, {'halfHeight': 80, 'risingPnt': np.int64(523), 'fallingPnt': np.int64(526), 'widthPnts': np.int64(3), 'widthMs': np.float64(0.3)}, {'halfHeight': 90, 'risingPnt': np.int64(523), 'fallingPnt': np.int64(526), 'widthPnts': np.int64(3), 'widthMs': np.float64(0.3)}]",1.2,0.6,0.6,0.3,0.3,yes,,,,,,unknown,,,
48,2021_07_20_0010.abf,15,2,0.6000000461935997,,dvdt,10.0,-40.0,0,"[10, 20, 50, 80, 90]",20260928,19:54:29,,,0.2.8.post45,ceeda3d8b38d399aaf1761b27ed8696acdeb9705,True,,48,7,0,"[{'Spike': 7, 'Seconds': np.float64(0.056), 'Sweep': 15, 'Epoch': 2, 'Type': 'Pre spike min under-run (mdp)', 'Details': 'Went past startPnt 0 searching for pre-spike min'}]",,560,0.056,-41.568425314767,9.049147002551013,569,0.0569,3.4467421531677225,45.01516746793472,0.899999999999998,576.0,0.0576,-67.15261448451447,553.0,-46.87473421304564,554,557,0.3,-45.94813374110628,-43.85201208932057,6966.727120535825,,567,-10.628835827963687,141.1384281236297,571,-27.69426390784126,-178.41745566543253,44.0,4.4,227.27272727272725,46.0,4.6,0.7,"[{'halfHeight': 10, 'risingPnt': np.int64(560), 'fallingPnt': np.int64(572), 'widthPnts': np.int64(12), 'widthMs': np.float64(1.2)}, {'halfHeight': 20, 'risingPnt': np.int64(560), 'fallingPnt': np.int64(572), 'widthPnts': np.int64(12), 'widthMs': np.float64(1.2)}, {'halfHeight': 50, 'risingPnt': np.int64(566), 'fallingPnt': np.int64(571), 'widthPnts': np.int64(5), 'widthMs': np.float64(0.5)}, {'halfHeight': 80, 'risingPnt': np.int64(568), 'fallingPnt': np.int64(570), 'widthPnts': np.int64(2), 'widthMs': np.float64(0.2)}, {'halfHeight': 90, 'risingPnt': np.int64(568), 'fallingPnt': np.int64(570), 'widthPnts': np.int64(2), 'widthMs': np.float64(0.2)}]",1.2,1.2,0.5,0.2,0.2,yes,,,,,,unknown,,,
49,2021_07_20_0010.abf,15,2,0.6000000461935997,,dvdt,10.0,-40.0,0,"[10, 20, 50, 80, 90]",20260928,19:54:29,,,0.2.8.post45,ceeda3d8b38d399aaf1761b27ed8696acdeb9705,True,,49,8,0,"[{'Spike': 8, 'Seconds': np.float64(0.0606), 'Sweep': 15, 'Epoch': 2, 'Type': 'Pre spike min under-run (mdp)', 'Details': 'Went past startPnt 0 searching for pre-spike min'}]",,606,0.0606,-40.70521381923129,9.314463089923482,615,0.0615,3.219168410982402,43.924382230213695,0.899999999999998,622.0,0.062200000000000005,-66.27719595772876,597.0,-46.87473421304564,598,601,0.3,-46.300393785749144,-44.50683212280271,5759.102957589382,,613,-11.476352507727482,133.91286291005648,617,-25.77688809122357,-169.75968182622154,46.0,4.6,217.3913043478261,44.0,4.4,0.9,"[{'halfHeight': 10, 'risingPnt': np.int64(606), 'fallingPnt': np.int64(618), 'widthPnts': np.int64(12), 'widthMs': np.float64(1.2)}, {'halfHeight': 20, 'risingPnt': np.int64(606), 'fallingPnt': np.int64(618), 'widthPnts': np.int64(12), 'widthMs': np.float64(1.2)}, {'halfHeight': 50, 'risingPnt': np.int64(612), 'fallingPnt': np.int64(617), 'widthPnts': np.int64(5), 'widthMs': np.float64(0.5)}, {'halfHeight': 80, 'risingPnt': np.int64(614), 'fallingPnt': np.int64(616), 'widthPnts': np.int64(2), 'widthMs': np.float64(0.2)}, {'halfHeight': 90, 'risingPnt': np.int64(614), 'fallingPnt': np.int64(616), 'widthPnts': np.int64(2), 'widthMs': np.float64(0.2)}]",1.2,1.2,0.5,0.2,0.2,yes,,,,,,unknown,,,
50,2021_07_20_0010.abf,15,2,0.6000000461935997,,dvdt,10.0,-40.0,0,"[10, 20, 50, 80, 90]",20260928,19:54:29,,,0.2.8.post45,ceeda3d8b38d399aaf1761b27ed8696acdeb9705,True,,50,9,0,"[{'Spike': 9, 'Seconds': np.float64(0.0652), 'Sweep': 15, 'Epoch': 2, 'Type': 'Pre spike min under-run (mdp)', 'Details': 'Went past startPnt 0 searching for pre-spike min'}, {'Spike': 9, 'Seconds': np.float64(0.0652), 'Sweep': 15, 'Epoch': 2, 'Type': 'Spike Width', 'Details': 'Half width 90 error in ""rising point"" with halfWidthWindow_ms:4.0 searching for Vm:-0.43 from peak sec 0.07'}]",,652,0.06520000000000001,-39.951865604945574,9.689642458545887,660,0.066,3.955949660709923,43.9078152656555,0.7999999999999952,714.0,0.0714,-66.0714202880859,642.0,-46.87473421304564,643,647,0.4,-46.00829696655271,-43.588688986642,5769.566127231901,,659,-3.3874507495335155,133.9278127417271,663,-34.31134558405193,-167.75349298788558,46.0,4.6,217.3913043478261,45.0,4.5,1.0,"[{'halfHeight': 10, 'risingPnt': np.int64(652), 'fallingPnt': np.int64(664), 'widthPnts': np.int64(12), 'widthMs': np.float64(1.2)}, {'halfHeight': 20, 'risingPnt': np.int64(656), 'fallingPnt': np.int64(663), 'widthPnts': np.int64(7), 'widthMs': np.float64(0.7)}, {'halfHeight': 50, 'risingPnt': np.int64(656), 'fallingPnt': np.int64(663), 'widthPnts': np.int64(7), 'widthMs': np.float64(0.7)}, {'halfHeight': 80, 'risingPnt': np.int64(659), 'fallingPnt': np.int64(662), 'widthPnts': np.int64(3), 'widthMs': np.float64(0.3)}, {'halfHeight': 90, 'risingPnt': None, 'fallingPnt': None, 'widthPnts': None, 'widthMs': nan}]",1.2,0.7,0.7,0.3,,yes,,,,,,unknown,,,
51,2021_07_20_0010.abf,15,2,0.6000000461935997,,dvdt,10.0,-40.0,0,"[10, 20, 50, 80, 90]",20260928,19:54:29,,,0.2.8.post45,ceeda3d8b38d399aaf1761b27ed8696acdeb9705,True,,51,10,0,"[{'Spike': 10, 'Seconds': np.float64(0.0698), 'Sweep': 15, 'Epoch': 2, 'Type': 'Pre spike min under-run (mdp)', 'Details': 'Went past startPnt 0 searching for pre-spike min'}]",,698,0.0698,-40.532571520124144,9.209831393494902,707,0.0707,2.8163363797324026,43.34890789985655,0.899999999999998,714.0,0.0714,-66.0714202880859,689.0,-46.87473421304564,690,693,0.3,-45.91936002458843,-44.290593283517,5035.400390624838,,705,-10.954937723704742,130.05096139713197,709,-25.328715658187853,-165.11179239701238,46.0,4.6,217.3913043478261,47.0,4.7,0.9,"[{'halfHeight': 10, 'risingPnt': np.int64(698), 'fallingPnt': np.int64(710), 'widthPnts': np.int64(12), 'widthMs': np.float64(1.2)}, {'halfHeight': 20, 'risingPnt': np.int64(698), 'fallingPnt': np.int64(710), 'widthPnts': np.int64(12), 'widthMs': np.float64(1.2)}, {'halfHeight': 50, 'risingPnt': np.int64(704), 'fallingPnt': np.int64(709), 'widthPnts': np.int64(5), 'widthMs': np.float64(0.5)}, {'halfHeight': 80, 'risingPnt': np.int64(706), 'fallingPnt': np.int64(708), 'widthPnts': np.int64(2), 'widthMs': np.float64(0.2)}, {'halfHeight': 90, 'risingPnt': np.int64(706), 'fallingPnt': np.int64(708), 'widthPnts': np.int64(2), 'widthMs': np.float64(0.2)}]",1.2,1.2,0.5,0.2,0.2,yes,,,,,,unknown,,,
52,2021_07_20_0010.abf,15,2,0.6000000461935997,,dvdt,10.0,-40.0,0,"[10, 20, 50, 80, 90]",20260928,19:54:29,,,0.2.8.post45,ceeda3d8b38d399aaf1761b27ed8696acdeb9705,True,,52,11,0,"[{'Spike': 11, 'Seconds': np.float64(0.0745), 'Sweep': 15, 'Epoch': 2, 'Type': 'Pre spike min under-run (mdp)', 'Details': 'Went past startPnt 0 searching for pre-spike min'}]",,745,0.0745,-40.33900288173128,9.681919642857128,753,0.07529999999999999,4.652622301237921,44.9916251829692,0.7999999999999952,807.0,0.08070000000000001,-66.07839573451447,736.0,-46.87473421304564,737,740,0.3,-46.15478134155271,-44.41789518083843,5693.7081473209155,,752,-1.550292647736413,136.25860790014255,756,-36.374333865301935,-169.18595339692354,47.0,4.7,212.7659574468085,47.0,4.7,0.9,"[{'halfHeight': 10, 'risingPnt': np.int64(748), 'fallingPnt': np.int64(756), 'widthPnts': np.int64(8), 'widthMs': np.float64(0.8)}, {'halfHeight': 20, 'risingPnt': np.int64(748), 'fallingPnt': np.int64(756), 'widthPnts': np.int64(8), 'widthMs': np.float64(0.8)}, {'halfHeight': 50, 'risingPnt': np.int64(751), 'fallingPnt': np.int64(755), 'widthPnts': np.int64(4), 'widthMs': np.float64(0.4)}, {'halfHeight': 80, 'risingPnt': np.int64(751), 'fallingPnt': np.int64(755), 'widthPnts': np.int64(4), 'widthMs': np.float64(0.4)}, {'halfHeight': 90, 'risingPnt': np.int64(752), 'fallingPnt': np.int64(754), 'widthPnts': np.int64(2), 'widthMs': np.float64(0.2)}]",0.8,0.8,0.4,0.4,0.2,yes,,,,,,unknown,,,
53,2021_07_20_0010.abf,15,2,0.6000000461935997,,dvdt,10.0,-40.0,0,"[10, 20, 50, 80, 90]",20260928,19:54:29,,,0.2.8.post45,ceeda3d8b38d399aaf1761b27ed8696acdeb9705,True,,53,12,0,"[{'Spike': 12, 'Seconds': np.float64(0.0791), 'Sweep': 15, 'Epoch': 2, 'Type': 'Pre spike min under-run (mdp)', 'Details': 'Went past startPnt 0 searching for pre-spike min'}]",,791,0.07909999999999999,-40.56570489065986,9.533193160076523,799,0.0799,3.3150806835719493,43.88078557423181,0.800000000000009,807.0,0.08070000000000001,-66.07839573451447,783.0,-46.87473421304564,784,787,0.3,-45.757180895124144,-43.747380392892,6543.840680804046,,798,-7.972062526430399,137.31563915719778,802,-28.58014562470571,-169.630386722331,46.0,4.6,217.3913043478261,47.0,4.7,0.8,"[{'halfHeight': 10, 'risingPnt': np.int64(791), 'fallingPnt': np.int64(803), 'widthPnts': np.int64(12), 'widthMs': np.float64(1.2)}, {'halfHeight': 20, 'risingPnt': np.int64(791), 'fallingPnt': np.int64(803), 'widthPnts': np.int64(12), 'widthMs': np.float64(1.2)}, {'halfHeight': 50, 'risingPnt': np.int64(797), 'fallingPnt': np.int64(802), 'widthPnts': np.int64(5), 'widthMs': np.float64(0.5)}, {'halfHeight': 80, 'risingPnt': np.int64(798), 'fallingPnt': np.int64(801), 'widthPnts': np.int64(3), 'widthMs': np.float64(0.3)}, {'halfHeight': 90, 'risingPnt': np.int64(798), 'fallingPnt': np.int64(801), 'widthPnts': np.int64(3), 'widthMs': np.float64(0.3)}]",1.2,1.2,0.5,0.3,0.3,yes,,,,,,unknown,,,
54,2021_07_20_0010.abf,15,2,0.6000000461935997,,dvdt,10.0,-40.0,0,"[10, 20, 50, 80, 90]",20260928,19:54:29,,,0.2.8.post45,ceeda3d8b38d399aaf1761b27ed8696acdeb9705,True,,54,13,0,"[{'Spike': 13, 'Seconds': np.float64(0.084), 'Sweep': 15, 'Epoch': 2, 'Type': 'Pre spike min under-run (mdp)', 'Details': 'Went past startPnt 0 searching for pre-spike min'}]",,840,0.084,-39.146201542445574,9.154525928108061,848,0.0848,3.10232958112444,42.24853112357001,0.7999999999999952,855.0,0.0855,-65.58488289969306,829.0,-46.87473421304564,830,835,0.5,-45.90715299333843,-43.14662006923128,5235.944475445951,,846,-13.103375162397105,121.44874195663284,851,-38.17051134109495,-160.16545633247904,49.0,4.9,204.0816326530612,46.0,4.6,1.1,"[{'halfHeight': 10, 'risingPnt': np.int64(841), 'fallingPnt': np.int64(851), 'widthPnts': np.int64(10), 'widthMs': np.float64(1.0)}, {'halfHeight': 20, 'risingPnt': np.int64(841), 'fallingPnt': np.int64(851), 'widthPnts': np.int64(10), 'widthMs': np.float64(1.0)}, {'halfHeight': 50, 'risingPnt': np.int64(846), 'fallingPnt': np.int64(850), 'widthPnts': np.int64(4), 'widthMs': np.float64(0.4)}, {'halfHeight': 80, 'risingPnt': np.int64(847), 'fallingPnt': np.int64(849), 'widthPnts': np.int64(2), 'widthMs': np.float64(0.2)}, {'halfHeight': 90, 'risingPnt': np.int64(847), 'fallingPnt': np.int64(849), 'widthPnts': np.int64(2), 'widthMs': np.float64(0.2)}]",1.0,1.0,0.4,0.2,0.2,yes,,,,,,unknown,,,
55,2021_07_20_0010.abf,16,2,0.7000000476837158,,dvdt,10.0,-40.0,0,"[10, 20, 50, 80, 90]",20260928,19:54:29,,,0.2.8.post45,ceeda3d8b38d399aaf1761b27ed8696acdeb9705,True,,55,0,0,"[{'Spike': 0, 'Seconds': np.float64(0.0275), 'Sweep': 16, 'Epoch': 2, 'Type': 'Pre spike min under-run (mdp)', 'Details': 'Went past startPnt 0 searching for pre-spike min'}]",,275,0.0275,-68.75173590523852,5.344187148736407,288,0.0288,10.70469368525913,79.45642959049765,1.2999999999999992,295.0,0.0295,-67.74029584612163,224.0,-69.42627934047151,229,250,2.1,-68.96710314069472,-68.56775883265901,135.97591025046785,,287,-2.8050012588500968,191.37085703830311,291,-37.17738209451946,-207.60397024543894,,,,,,5.1,"[{'halfHeight': 10, 'risingPnt': np.int64(277), 'fallingPnt': np.int64(293), 'widthPnts': np.int64(16), 'widthMs': np.float64(1.6)}, {'halfHeight': 20, 'risingPnt': np.int64(277), 'fallingPnt': np.int64(293), 'widthPnts': np.int64(16), 'widthMs': np.float64(1.6)}, {'halfHeight': 50, 'risingPnt': np.int64(285), 'fallingPnt': np.int64(291), 'widthPnts': np.int64(6), 'widthMs': np.float64(0.6)}, {'halfHeight': 80, 'risingPnt': np.int64(287), 'fallingPnt': np.int64(290), 'widthPnts': np.int64(3), 'widthMs': np.float64(0.3)}, {'halfHeight': 90, 'risingPnt': np.int64(287), 'fallingPnt': np.int64(290), 'widthPnts': np.int64(3), 'widthMs': np.float64(0.3)}]",1.6,1.6,0.6,0.3,0.3,yes,,,,,,unknown,,,
56,2021_07_20_0010.abf,16,2,0.7000000476837158,,dvdt,10.0,-40.0,0,"[10, 20, 50, 80, 90]",20260928,19:54:29,,,0.2.8.post45,ceeda3d8b38d399aaf1761b27ed8696acdeb9705,True,,56,1,0,"[{'Spike': 1, 'Seconds': np.float64(0.0308), 'Sweep': 16, 'Epoch': 2, 'Type': 'Pre spike min under-run (mdp)', 'Details': 'Went past startPnt 0 searching for pre-spike min'}, {'Spike': 1, 'Seconds': np.float64(0.0308), 'Sweep': 16, 'Epoch': 2, 'Type': 'Fit EDD', 'Details': 'Early diastolic duration rate fit - Too low -12.962<=8'}]",,308,0.0308,-45.738870348249144,9.183424346301015,318,0.0318,6.923130035400386,52.66200038364953,1.0000000000000009,325.0,0.0325,-66.9703812735421,224.0,-69.42627934047151,232,266,3.4,-68.72557830810544,-68.67500632149829,-12.962393764322908,,317,-8.632986382075714,165.94884431021538,321,-29.451204477037688,-199.29521802785428,33.0,3.3,303.03030303030306,0.0,0.0,8.4,"[{'halfHeight': 10, 'risingPnt': np.int64(308), 'fallingPnt': np.int64(322), 'widthPnts': np.int64(14), 'widthMs': np.float64(1.4)}, {'halfHeight': 20, 'risingPnt': np.int64(308), 'fallingPnt': np.int64(322), 'widthPnts': np.int64(14), 'widthMs': np.float64(1.4)}, {'halfHeight': 50, 'risingPnt': np.int64(316), 'fallingPnt': np.int64(321), 'widthPnts': np.int64(5), 'widthMs': np.float64(0.5)}, {'halfHeight': 80, 'risingPnt': np.int64(317), 'fallingPnt': np.int64(320), 'widthPnts': np.int64(3), 'widthMs': np.float64(0.3)}, {'halfHeight': 90, 'risingPnt': np.int64(317), 'fallingPnt': np.int64(320), 'widthPnts': np.int64(3), 'widthMs': np.float64(0.3)}]",1.4,1.4,0.5,0.3,0.3,yes,,,,,,unknown,,,
57,2021_07_20_0010.abf,16,2,0.7000000476837158,,dvdt,10.0,-40.0,0,"[10, 20, 50, 80, 90]",20260928,19:54:29,,,0.2.8.post45,ceeda3d8b38d399aaf1761b27ed8696acdeb9705,True,,57,2,0,"[{'Spike': 2, 'Seconds': np.float64(0.0343), 'Sweep': 16, 'Epoch': 2, 'Type': 'Pre spike min under-run (mdp)', 'Details': 'Went past startPnt 0 searching for pre-spike min'}]",,343,0.0343,-43.077737535749144,9.560347576530626,352,0.0352,7.0879247937883605,50.165662329537504,0.900000000000005,359.0,0.0359,-66.48297195434567,224.0,-69.42627934047151,236,284,4.8,-68.5529360089983,-38.058031736101405,3574.8272011352724,,351,-6.618826457432335,162.6228009710505,355,-30.623079477037688,-192.59604941776803,35.0,3.5,285.7142857142857,0.0,0.0,11.9,"[{'halfHeight': 10, 'risingPnt': np.int64(343), 'fallingPnt': np.int64(356), 'widthPnts': np.int64(13), 'widthMs': np.float64(1.3)}, {'halfHeight': 20, 'risingPnt': np.int64(343), 'fallingPnt': np.int64(356), 'widthPnts': np.int64(13), 'widthMs': np.float64(1.3)}, {'halfHeight': 50, 'risingPnt': np.int64(350), 'fallingPnt': np.int64(355), 'widthPnts': np.int64(5), 'widthMs': np.float64(0.5)}, {'halfHeight': 80, 'risingPnt': np.int64(351), 'fallingPnt': np.int64(354), 'widthPnts': np.int64(3), 'widthMs': np.float64(0.3)}, {'halfHeight': 90, 'risingPnt': np.int64(351), 'fallingPnt': np.int64(354), 'widthPnts': np.int64(3), 'widthMs': np.float64(0.3)}]",1.3,1.3,0.5,0.3,0.3,yes,,,,,,unknown,,,
58,2021_07_20_0010.abf,16,2,0.7000000476837158,,dvdt,10.0,-40.0,0,"[10, 20, 50, 80, 90]",20260928,19:54:29,,,0.2.8.post45,ceeda3d8b38d399aaf1761b27ed8696acdeb9705,True,,58,3,0,"[{'Spike': 3, 'Seconds': np.float64(0.0379), 'Sweep': 16, 'Epoch': 2, 'Type': 'Pre spike min under-run (mdp)', 'Details': 'Went past startPnt 0 searching for pre-spike min'}]",,379,0.037899999999999996,-42.70629501342771,9.09971898915814,388,0.038799999999999994,8.043560852323255,50.749855865750966,0.899999999999998,395.0,0.0395,-66.47163652692518,224.0,-69.42627934047151,240,302,6.2,-68.85811179024829,-51.32707486833842,5444.81691332965,,387,-0.11771055800574207,159.03094763269212,391,-37.031769675867885,-183.51451607918236,36.0,3.6,277.77777777777777,0.0,0.0,15.5,"[{'halfHeight': 10, 'risingPnt': np.int64(379), 'fallingPnt': np.int64(392), 'widthPnts': np.int64(13), 'widthMs': np.float64(1.3)}, {'halfHeight': 20, 'risingPnt': np.int64(384), 'fallingPnt': np.int64(391), 'widthPnts': np.int64(7), 'widthMs': np.float64(0.7)}, {'halfHeight': 50, 'risingPnt': np.int64(386), 'fallingPnt': np.int64(390), 'widthPnts': np.int64(4), 'widthMs': np.float64(0.4)}, {'halfHeight': 80, 'risingPnt': np.int64(386), 'fallingPnt': np.int64(390), 'widthPnts': np.int64(4), 'widthMs': np.float64(0.4)}, {'halfHeight': 90, 'risingPnt': np.int64(387), 'fallingPnt': np.int64(389), 'widthPnts': np.int64(2), 'widthMs': np.float64(0.2)}]",1.3,0.7,0.4,0.4,0.2,yes,,,,,,unknown,,,
59,2021_07_20_0010.abf,16,2,0.7000000476837158,,dvdt,10.0,-40.0,0,"[10, 20, 50, 80, 90]",20260928,19:54:29,,,0.2.8.post45,ceeda3d8b38d399aaf1761b27ed8696acdeb9705,True,,59,4,0,"[{'Spike': 4, 'Seconds': np.float64(0.0418), 'Sweep': 16, 'Epoch': 2, 'Type': 'Pre spike min under-run (mdp)', 'Details': 'Went past startPnt 0 searching for pre-spike min'}]",,418,0.0418,-40.904885973249144,9.613659917091821,426,0.0426,6.422641672406874,47.32752764565602,0.800000000000002,433.0,0.0433,-65.97376567295616,224.0,-69.42627934047151,243,321,7.8,-68.74127306256972,-29.451204477037688,6206.668410914779,,425,-6.034632675988331,154.59307043892983,429,-30.500137254169996,-185.45916927882584,39.0,3.9,256.4102564102564,0.0,0.0,19.4,"[{'halfHeight': 10, 'risingPnt': np.int64(418), 'fallingPnt': np.int64(430), 'widthPnts': np.int64(12), 'widthMs': np.float64(1.2)}, {'halfHeight': 20, 'risingPnt': np.int64(418), 'fallingPnt': np.int64(430), 'widthPnts': np.int64(12), 'widthMs': np.float64(1.2)}, {'halfHeight': 50, 'risingPnt': np.int64(424), 'fallingPnt': np.int64(429), 'widthPnts': np.int64(5), 'widthMs': np.float64(0.5)}, {'halfHeight': 80, 'risingPnt': np.int64(425), 'fallingPnt': np.int64(428), 'widthPnts': np.int64(3), 'widthMs': np.float64(0.3)}, {'halfHeight': 90, 'risingPnt': np.int64(425), 'fallingPnt': np.int64(428), 'widthPnts': np.int64(3), 'widthMs': np.float64(0.3)}]",1.2,1.2,0.5,0.3,0.3,yes,,,,,,unknown,,,
60,2021_07_20_0010.abf,16,2,0.7000000476837158,,dvdt,10.0,-40.0,0,"[10, 20, 50, 80, 90]",20260928,19:54:29,,,0.2.8.post45,ceeda3d8b38d399aaf1761b27ed8696acdeb9705,True,,60,5,0,"[{'Spike': 5, 'Seconds': np.float64(0.0459), 'Sweep': 16, 'Epoch': 2, 'Type': 'Pre spike min under-run (mdp)', 'Details': 'Went past startPnt 0 searching for pre-spike min'}, {'Spike': 5, 'Seconds': np.float64(0.0459), 'Sweep': 16, 'Epoch': 2, 'Type': 'Spike Width', 'Details': 'Half width 90 error in ""rising point"" with halfWidthWindow_ms:4.0 searching for Vm:1.83 from peak sec 0.05'}]",,459,0.045899999999999996,-40.07742364065986,9.91310586734692,467,0.046700000000000005,6.4862925801958315,46.56371622085569,0.800000000000009,474.0,0.0474,-65.59011579241069,224.0,-69.42627934047151,248,342,9.4,-68.46661485944472,-44.029885973249144,2891.244058503051,,466,-3.9943147216524384,150.41029355963866,470,-32.16378031117574,-180.74550776578923,41.0,4.1,243.90243902439028,0.0,0.0,23.5,"[{'halfHeight': 10, 'risingPnt': np.int64(459), 'fallingPnt': np.int64(471), 'widthPnts': np.int64(12), 'widthMs': np.float64(1.2)}, {'halfHeight': 20, 'risingPnt': np.int64(464), 'fallingPnt': np.int64(470), 'widthPnts': np.int64(6), 'widthMs': np.float64(0.6)}, {'halfHeight': 50, 'risingPnt': np.int64(464), 'fallingPnt': np.int64(470), 'widthPnts': np.int64(6), 'widthMs': np.float64(0.6)}, {'halfHeight': 80, 'risingPnt': np.int64(466), 'fallingPnt': np.int64(469), 'widthPnts': np.int64(3), 'widthMs': np.float64(0.3)}, {'halfHeight': 90, 'risingPnt': None, 'fallingPnt': None, 'widthPnts': None, 'widthMs': nan}]",1.2,0.6,0.6,0.3,,yes,,,,,,unknown,,,
61,2021_07_20_0010.abf,16,2,0.7000000476837158,,dvdt,10.0,-40.0,0,"[10, 20, 50, 80, 90]",20260928,19:54:29,,,0.2.8.post45,ceeda3d8b38d399aaf1761b27ed8696acdeb9705,True,,61,6,0,"[{'Spike': 6, 'Seconds': np.float64(0.05), 'Sweep': 16, 'Epoch': 2, 'Type': 'Pre spike min under-run (mdp)', 'Details': 'Went past startPnt 0 searching for pre-spike min'}]",,500,0.05,-40.19251850673129,9.631347656249961,508,0.0508,5.8044429642813515,45.99696147101264,0.7999999999999952,516.0,0.0516,-65.4488616943359,224.0,-69.42627934047151,252,362,11.0,-68.65233612060544,-61.68386797223769,2533.409798877844,,507,-5.616977657590591,146.61714683844104,511,-29.64302927425928,-178.3853196747447,41.0,4.1,243.90243902439028,0.0,0.0,27.6,"[{'halfHeight': 10, 'risingPnt': np.int64(500), 'fallingPnt': np.int64(512), 'widthPnts': np.int64(12), 'widthMs': np.float64(1.2)}, {'halfHeight': 20, 'risingPnt': np.int64(500), 'fallingPnt': np.int64(512), 'widthPnts': np.int64(12), 'widthMs': np.float64(1.2)}, {'halfHeight': 50, 'risingPnt': np.int64(506), 'fallingPnt': np.int64(511), 'widthPnts': np.int64(5), 'widthMs': np.float64(0.5)}, {'halfHeight': 80, 'risingPnt': np.int64(507), 'fallingPnt': np.int64(510), 'widthPnts': np.int64(3), 'widthMs': np.float64(0.3)}, {'halfHeight': 90, 'risingPnt': np.int64(507), 'fallingPnt': np.int64(510), 'widthPnts': np.int64(3), 'widthMs': np.float64(0.3)}]",1.2,1.2,0.5,0.3,0.3,yes,,,,,,unknown,,,
62,2021_07_20_0010.abf,16,2,0.7000000476837158,,dvdt,10.0,-40.0,0,"[10, 20, 50, 80, 90]",20260928,19:54:29,,,0.2.8.post45,ceeda3d8b38d399aaf1761b27ed8696acdeb9705,True,,62,7,0,"[{'Spike': 7, 'Seconds': np.float64(0.0544), 'Sweep': 16, 'Epoch': 2, 'Type': 'Pre spike min under-run (mdp)', 'Details': 'Went past startPnt 0 searching for pre-spike min'}]",,544,0.0544,-39.01977157592771,9.51102120535713,552,0.055200000000000006,6.386892618451796,45.40666419437951,0.800000000000009,559.0,0.0559,-65.28494001116069,224.0,-69.42627934047151,256,384,12.8,-68.84067317417686,-35.021969332013796,1347.2251466985538,,551,0.06801085131508891,140.6451668963139,555,-35.912210539409074,-171.6674660400467,44.0,4.4,227.27272727272725,0.0,0.0,32.0,"[{'halfHeight': 10, 'risingPnt': np.int64(547), 'fallingPnt': np.int64(555), 'widthPnts': np.int64(8), 'widthMs': np.float64(0.8)}, {'halfHeight': 20, 'risingPnt': np.int64(547), 'fallingPnt': np.int64(555), 'widthPnts': np.int64(8), 'widthMs': np.float64(0.8)}, {'halfHeight': 50, 'risingPnt': np.int64(550), 'fallingPnt': np.int64(554), 'widthPnts': np.int64(4), 'widthMs': np.float64(0.4)}, {'halfHeight': 80, 'risingPnt': np.int64(550), 'fallingPnt': np.int64(554), 'widthPnts': np.int64(4), 'widthMs': np.float64(0.4)}, {'halfHeight': 90, 'risingPnt': np.int64(551), 'fallingPnt': np.int64(553), 'widthPnts': np.int64(2), 'widthMs': np.float64(0.2)}]",0.8,0.8,0.4,0.4,0.2,yes,,,,,,unknown,,,
63,2021_07_20_0010.abf,16,2,0.7000000476837158,,dvdt,10.0,-40.0,0,"[10, 20, 50, 80, 90]",20260928,19:54:29,,,0.2.8.post45,ceeda3d8b38d399aaf1761b27ed8696acdeb9705,True,,63,8,0,"[{'Spike': 8, 'Seconds': np.float64(0.0591), 'Sweep': 16, 'Epoch': 2, 'Type': 'Pre spike min under-run (mdp)', 'Details': 'Went past startPnt 0 searching for pre-spike min'}, {'Spike': 8, 'Seconds': np.float64(0.0591), 'Sweep': 16, 'Epoch': 2, 'Type': 'Spike Width', 'Details': 'Half width 90 error in ""rising point"" with halfWidthWindow_ms:4.0 searching for Vm:1.06 from peak sec 0.06'}]",,591,0.0591,-39.21508407592771,8.711336096938783,599,0.0599,5.533272463934759,44.74835653986247,0.800000000000002,649.0,0.0649,-64.90041852678569,224.0,-69.42627934047151,261,408,14.7,-68.62356240408758,-48.50289099557057,740.2514466635068,,598,-3.3639085922922396,139.0365800945125,602,-31.513320863246904,-170.3819919771076,47.0,4.7,212.7659574468085,0.0,0.0,36.7,"[{'halfHeight': 10, 'risingPnt': np.int64(591), 'fallingPnt': np.int64(603), 'widthPnts': np.int64(12), 'widthMs': np.float64(1.2)}, {'halfHeight': 20, 'risingPnt': np.int64(596), 'fallingPnt': np.int64(602), 'widthPnts': np.int64(6), 'widthMs': np.float64(0.6)}, {'halfHeight': 50, 'risingPnt': np.int64(596), 'fallingPnt': np.int64(602), 'widthPnts': np.int64(6), 'widthMs': np.float64(0.6)}, {'halfHeight': 80, 'risingPnt': np.int64(598), 'fallingPnt': np.int64(601), 'widthPnts': np.int64(3), 'widthMs': np.float64(0.3)}, {'halfHeight': 90, 'risingPnt': None, 'fallingPnt': None, 'widthPnts': None, 'widthMs': nan}]",1.2,0.6,0.6,0.3,,yes,,,,,,unknown,,,
64,2021_07_20_0010.abf,16,2,0.7000000476837158,,dvdt,10.0,-40.0,0,"[10, 20, 50, 80, 90]",20260928,19:54:29,,,0.2.8.post45,ceeda3d8b38d399aaf1761b27ed8696acdeb9705,True,,64,9,0,"[{'Spike': 9, 'Seconds': np.float64(0.0633), 'Sweep': 16, 'Epoch': 2, 'Type': 'Pre spike min under-run (mdp)', 'Details': 'Went past startPnt 0 searching for pre-spike min'}]",,633,0.0633,-39.83153915405272,9.662986288265305,642,0.06420000000000001,4.478236293792722,44.30977544784544,0.9000000000000119,649.0,0.0649,-64.90041852678569,224.0,-69.42627934047151,265,428,16.3,-68.65320805140901,-11.965505627223418,824.8336597099537,,640,-8.855328410012376,137.7082569200164,644,-25.408933271680546,-172.04837482997334,42.0,4.2,238.09523809523807,0.0,0.0,40.9,"[{'halfHeight': 10, 'risingPnt': np.int64(633), 'fallingPnt': np.int64(645), 'widthPnts': np.int64(12), 'widthMs': np.float64(1.2)}, {'halfHeight': 20, 'risingPnt': np.int64(633), 'fallingPnt': np.int64(645), 'widthPnts': np.int64(12), 'widthMs': np.float64(1.2)}, {'halfHeight': 50, 'risingPnt': np.int64(639), 'fallingPnt': np.int64(644), 'widthPnts': np.int64(5), 'widthMs': np.float64(0.5)}, {'halfHeight': 80, 'risingPnt': np.int64(641), 'fallingPnt': np.int64(643), 'widthPnts': np.int64(2), 'widthMs': np.float64(0.2)}, {'halfHeight': 90, 'risingPnt': np.int64(641), 'fallingPnt': np.int64(643), 'widthPnts': np.int64(2), 'widthMs': np.float64(0.2)}]",1.2,1.2,0.5,0.2,0.2,yes,,,,,,unknown,,,
65,2021_07_20_0010.abf,16,2,0.7000000476837158,,dvdt,10.0,-40.0,0,"[10, 20, 50, 80, 90]",20260928,19:54:29,,,0.2.8.post45,ceeda3d8b38d399aaf1761b27ed8696acdeb9705,True,,65,10,0,"[{'Spike': 10, 'Seconds': np.float64(0.0677), 'Sweep': 16, 'Epoch': 2, 'Type': 'Pre spike min under-run (mdp)', 'Details': 'Went past startPnt 0 searching for pre-spike min'}]",,677,0.0677,-39.43132291521343,9.176947146045931,685,0.0685,5.304826613834923,44.73614952904835,0.800000000000009,693.0,0.0693,-64.43567940848212,224.0,-69.42627934047151,269,450,18.1,-68.60612378801615,-46.854069846017,140.04838017779727,,684,-4.884555782590591,140.4112416247931,688,-29.827878604616423,-171.85954041772942,44.0,4.4,227.27272727272725,0.0,0.0,45.3,"[{'halfHeight': 10, 'risingPnt': np.int64(677), 'fallingPnt': np.int64(689), 'widthPnts': np.int64(12), 'widthMs': np.float64(1.2)}, {'halfHeight': 20, 'risingPnt': np.int64(677), 'fallingPnt': np.int64(689), 'widthPnts': np.int64(12), 'widthMs': np.float64(1.2)}, {'halfHeight': 50, 'risingPnt': np.int64(682), 'fallingPnt': np.int64(688), 'widthPnts': np.int64(6), 'widthMs': np.float64(0.6)}, {'halfHeight': 80, 'risingPnt': np.int64(684), 'fallingPnt': np.int64(687), 'widthPnts': np.int64(3), 'widthMs': np.float64(0.3)}, {'halfHeight': 90, 'risingPnt': np.int64(684), 'fallingPnt': np.int64(687), 'widthPnts': np.int64(3), 'widthMs': np.float64(0.3)}]",1.2,1.2,0.6,0.3,0.3,yes,,,,,,unknown,,,
66,2021_07_20_0010.abf,16,2,0.7000000476837158,,dvdt,10.0,-40.0,0,"[10, 20, 50, 80, 90]",20260928,19:54:29,,,0.2.8.post45,ceeda3d8b38d399aaf1761b27ed8696acdeb9705,True,,66,11,0,"[{'Spike': 11, 'Seconds': np.float64(0.0725), 'Sweep': 16, 'Epoch': 2, 'Type': 'Pre spike min under-run (mdp)', 'Details': 'Went past startPnt 0 searching for pre-spike min'}]",,725,0.0725,-37.558415549142005,9.704340580531511,733,0.0733,4.079763875688823,41.638179424830824,0.800000000000009,786.0,0.07859999999999999,-63.98751013619556,224.0,-69.42627934047151,274,474,20.0,-68.86247144426615,-65.59011579241069,227.92460057320042,,731,-11.850410597664963,118.76095260892583,736,-36.39526022502353,-158.05861996339277,48.0,4.8,208.33333333333334,0.0,0.0,50.1,"[{'halfHeight': 10, 'risingPnt': np.int64(726), 'fallingPnt': np.int64(736), 'widthPnts': np.int64(10), 'widthMs': np.float64(1.0)}, {'halfHeight': 20, 'risingPnt': np.int64(726), 'fallingPnt': np.int64(736), 'widthPnts': np.int64(10), 'widthMs': np.float64(1.0)}, {'halfHeight': 50, 'risingPnt': np.int64(731), 'fallingPnt': np.int64(735), 'widthPnts': np.int64(4), 'widthMs': np.float64(0.4)}, {'halfHeight': 80, 'risingPnt': np.int64(732), 'fallingPnt': np.int64(734), 'widthPnts': np.int64(2), 'widthMs': np.float64(0.2)}, {'halfHeight': 90, 'risingPnt': np.int64(732), 'fallingPnt': np.int64(734), 'widthPnts': np.int64(2), 'widthMs': np.float64(0.2)}]",1.0,1.0,0.4,0.2,0.2,yes,,,,,,unknown,,,
67,2021_07_20_0010.abf,16,2,0.7000000476837158,,dvdt,10.0,-40.0,0,"[10, 20, 50, 80, 90]",20260928,19:54:29,,,0.2.8.post45,ceeda3d8b38d399aaf1761b27ed8696acdeb9705,True,,67,12,0,"[{'Spike': 12, 'Seconds': np.float64(0.0771), 'Sweep': 16, 'Epoch': 2, 'Type': 'Pre spike min under-run (mdp)', 'Details': 'Went past startPnt 0 searching for pre-spike min'}, {'Spike': 12, 'Seconds': np.float64(0.0771), 'Sweep': 16, 'Epoch': 2, 'Type': 'Fit EDD', 'Details': 'Early diastolic duration rate fit - Too low -177.873<=8'}]",,771,0.07709999999999999,-37.93334579467771,9.100217095199886,779,0.07790000000000001,4.062325218745638,41.99567101342335,0.8000000000000229,831.0,0.0831,-64.12265755789618,224.0,-69.42627934047151,279,498,21.9,-47.68501990182057,-42.01746967860628,-177.87327481274042,,777,-11.56267347335815,119.99834669463476,782,-36.72746586118424,-157.60272479349243,46.0,4.6,217.3913043478261,0.0,0.0,54.7,"[{'halfHeight': 10, 'risingPnt': np.int64(773), 'fallingPnt': np.int64(782), 'widthPnts': np.int64(9), 'widthMs': np.float64(0.9)}, {'halfHeight': 20, 'risingPnt': np.int64(773), 'fallingPnt': np.int64(782), 'widthPnts': np.int64(9), 'widthMs': np.float64(0.9)}, {'halfHeight': 50, 'risingPnt': np.int64(777), 'fallingPnt': np.int64(781), 'widthPnts': np.int64(4), 'widthMs': np.float64(0.4)}, {'halfHeight': 80, 'risingPnt': np.int64(778), 'fallingPnt': np.int64(780), 'widthPnts': np.int64(2), 'widthMs': np.float64(0.2)}, {'halfHeight': 90, 'risingPnt': np.int64(778), 'fallingPnt': np.int64(780), 'widthPnts': np.int64(2), 'widthMs': np.float64(0.2)}]",0.9,0.9,0.4,0.2,0.2,yes,,,,,,unknown,,,
68,2021_07_20_0010.abf,16,2,0.7000000476837158,,dvdt,10.0,-40.0,0,"[10, 20, 50, 80, 90]",20260928,19:54:29,,,0.2.8.post45,ceeda3d8b38d399aaf1761b27ed8696acdeb9705,True,,68,13,0,"[{'Spike': 13, 'Seconds': np.float64(0.0817), 'Sweep': 16, 'Epoch': 2, 'Type': 'Pre spike min under-run (mdp)', 'Details': 'Went past startPnt 0 searching for pre-spike min'}, {'Spike': 13, 'Seconds': np.float64(0.0817), 'Sweep': 16, 'Epoch': 2, 'Type': 'Fit EDD', 'Details': 'Early diastolic duration rate fit - Too low -45.594<=8'}]",,817,0.08170000000000001,-37.04833602905272,9.82815601582426,824,0.0824,4.874092837742394,41.922428866795116,0.6999999999999923,831.0,0.0831,-64.12265755789618,224.0,-69.42627934047151,283,520,23.7,-39.55164936610628,-57.43669400896342,-45.593791707456894,,823,0.742884945869445,123.96912060659746,827,-36.171174008505666,-161.92251875838437,46.0,4.6,217.3913043478261,0.0,0.0,59.3,"[{'halfHeight': 10, 'risingPnt': np.int64(818), 'fallingPnt': np.int64(827), 'widthPnts': np.int64(9), 'widthMs': np.float64(0.9)}, {'halfHeight': 20, 'risingPnt': np.int64(818), 'fallingPnt': np.int64(827), 'widthPnts': np.int64(9), 'widthMs': np.float64(0.9)}, {'halfHeight': 50, 'risingPnt': np.int64(822), 'fallingPnt': np.int64(826), 'widthPnts': np.int64(4), 'widthMs': np.float64(0.4)}, {'halfHeight': 80, 'risingPnt': np.int64(823), 'fallingPnt': np.int64(825), 'widthPnts': np.int64(2), 'widthMs': np.float64(0.2)}, {'halfHeight': 90, 'risingPnt': np.int64(823), 'fallingPnt': np.int64(825), 'widthPnts': np.int64(2), 'widthMs': np.float64(0.2)}]",0.9,0.9,0.4,0.2,0.2,yes,,,,,,unknown,,,
69,2021_07_20_0010.abf,16,2,0.7000000476837158,,dvdt,10.0,-40.0,0,"[10, 20, 50, 80, 90]",20260928,19:54:29,,,0.2.8.post45,ceeda3d8b38d399aaf1761b27ed8696acdeb9705,True,,69,14,0,"[{'Spike': 14, 'Seconds': np.float64(0.0862), 'Sweep': 16, 'Epoch': 2, 'Type': 'Pre spike min under-run (mdp)', 'Details': 'Went past startPnt 0 searching for pre-spike min'}, {'Spike': 14, 'Seconds': np.float64(0.0862), 'Sweep': 16, 'Epoch': 2, 'Type': 'Fit EDD', 'Details': 'Early diastolic duration rate fit - Too low -66.018<=8'}]",,862,0.0862,-38.30217252458843,9.652772101577419,870,0.087,4.733711917059759,43.035884441648186,0.7999999999999952,878.0,0.0878,-63.96919958932056,224.0,-69.42627934047151,288,543,25.5,10.70469368525913,-39.99023056030272,-66.01751803038371,,869,-3.9140969293458108,131.33519076619817,873,-29.832238273961188,-163.88685514002415,45.0,4.5,222.22222222222223,0.0,0.0,63.8,"[{'halfHeight': 10, 'risingPnt': np.int64(862), 'fallingPnt': np.int64(874), 'widthPnts': np.int64(12), 'widthMs': np.float64(1.2)}, {'halfHeight': 20, 'risingPnt': np.int64(867), 'fallingPnt': np.int64(873), 'widthPnts': np.int64(6), 'widthMs': np.float64(0.6)}, {'halfHeight': 50, 'risingPnt': np.int64(867), 'fallingPnt': np.int64(873), 'widthPnts': np.int64(6), 'widthMs': np.float64(0.6)}, {'halfHeight': 80, 'risingPnt': np.int64(869), 'fallingPnt': np.int64(872), 'widthPnts': np.int64(3), 'widthMs': np.float64(0.3)}, {'halfHeight': 90, 'risingPnt': np.int64(869), 'fallingPnt': np.int64(872), 'widthPnts': np.int64(3), 'widthMs': np.float64(0.3)}]",1.2,0.6,0.6,0.3,0.3,yes,,,,,,unknown,,,
70,2021_07_20_0010.abf,16,2,0.7000000476837158,,dvdt,10.0,-40.0,0,"[10, 20, 50, 80, 90]",20260928,19:54:29,,,0.2.8.post45,ceeda3d8b38d399aaf1761b27ed8696acdeb9705,True,,70,15,0,"[{'Spike': 15, 'Seconds': np.float64(0.0913), 'Sweep': 16, 'Epoch': 2, 'Type': 'Pre spike min under-run (mdp)', 'Details': 'Went past startPnt 0 searching for pre-spike min'}, {'Spike': 15, 'Seconds': np.float64(0.0913), 'Sweep': 16, 'Epoch': 2, 'Type': 'Spike Width', 'Details': 'Half width 90 error in ""rising point"" with halfWidthWindow_ms:4.0 searching for Vm:-1.22 from peak sec 0.09'}]",,913,0.09129999999999999,-36.796348026820574,9.563336913439658,921,0.09209999999999999,2.7300151075635624,39.526363134384134,0.7999999999999952,977.0,0.09770000000000001,-62.91677910940985,224.0,-69.42627934047151,293,568,27.5,-62.29073181152341,-51.70723669869557,90.84163241147637,,920,-4.1669567959649205,115.24881554817654,924,-29.706680253573815,-152.2640181794457,51.0,5.1,196.07843137254903,0.0,0.0,68.9,"[{'halfHeight': 10, 'risingPnt': np.int64(913), 'fallingPnt': np.int64(925), 'widthPnts': np.int64(12), 'widthMs': np.float64(1.2)}, {'halfHeight': 20, 'risingPnt': np.int64(918), 'fallingPnt': np.int64(924), 'widthPnts': np.int64(6), 'widthMs': np.float64(0.6)}, {'halfHeight': 50, 'risingPnt': np.int64(918), 'fallingPnt': np.int64(924), 'widthPnts': np.int64(6), 'widthMs': np.float64(0.6)}, {'halfHeight': 80, 'risingPnt': np.int64(920), 'fallingPnt': np.int64(923), 'widthPnts': np.int64(3), 'widthMs': np.float64(0.3)}, {'halfHeight': 90, 'risingPnt': None, 'fallingPnt': None, 'widthPnts': None, 'widthMs': nan}]",1.2,0.6,0.6,0.3,,yes,,,,,,unknown,,,
71,2021_07_20_0010.abf,16,2,0.7000000476837158,,dvdt,10.0,-40.0,0,"[10, 20, 50, 80, 90]",20260928,19:54:29,,,0.2.8.post45,ceeda3d8b38d399aaf1761b27ed8696acdeb9705,True,,71,16,0,"[{'Spike': 16, 'Seconds': np.float64(0.0961), 'Sweep': 16, 'Epoch': 2, 'Type': 'Pre spike min under-run (mdp)', 'Details': 'Went past startPnt 0 searching for pre-spike min'}, {'Spike': 16, 'Seconds': np.float64(0.0961), 'Sweep': 16, 'Epoch': 2, 'Type': 'Fit EDD', 'Details': 'Early diastolic duration rate fit - Too low -32.84<=8'}]",,961,0.09609999999999999,-37.418906620570574,9.555614097750917,969,0.0969,2.783202917235236,40.20210953780581,0.800000000000009,977.0,0.09770000000000001,-62.91677910940985,224.0,-69.42627934047151,298,592,29.4,-60.507634626116044,-38.17399869646343,-32.83988785568003,,968,-5.739919837032043,118.99139204560483,972,-27.479768968479963,-154.60527643330227,48.0,4.8,208.33333333333334,0.0,0.0,73.7,"[{'halfHeight': 10, 'risingPnt': np.int64(961), 'fallingPnt': np.int64(973), 'widthPnts': np.int64(12), 'widthMs': np.float64(1.2)}, {'halfHeight': 20, 'risingPnt': np.int64(961), 'fallingPnt': np.int64(973), 'widthPnts': np.int64(12), 'widthMs': np.float64(1.2)}, {'halfHeight': 50, 'risingPnt': np.int64(966), 'fallingPnt': np.int64(972), 'widthPnts': np.int64(6), 'widthMs': np.float64(0.6)}, {'halfHeight': 80, 'risingPnt': np.int64(968), 'fallingPnt': np.int64(971), 'widthPnts': np.int64(3), 'widthMs': np.float64(0.3)}, {'halfHeight': 90, 'risingPnt': np.int64(968), 'fallingPnt': np.int64(971), 'widthPnts': np.int64(3), 'widthMs': np.float64(0.3)}]",1.2,1.2,0.6,0.3,0.3,yes,,,,,,unknown,,,
72,2021_07_20_0010.abf,16,2,0.7000000476837158,,dvdt,10.0,-40.0,0,"[10, 20, 50, 80, 90]",20260928,19:54:29,,,0.2.8.post45,ceeda3d8b38d399aaf1761b27ed8696acdeb9705,True,,72,17,0,"[{'Spike': 17, 'Seconds': np.float64(0.101), 'Sweep': 16, 'Epoch': 2, 'Type': 'Pre spike min under-run (mdp)', 'Details': 'Went past startPnt 0 searching for pre-spike min'}, {'Spike': 17, 'Seconds': np.float64(0.101), 'Sweep': 16, 'Epoch': 2, 'Type': 'Fit EDD', 'Details': 'Early diastolic duration rate fit - Too low -38.256<=8'}, {'Spike': 17, 'Seconds': np.float64(0.101), 'Sweep': 16, 'Epoch': 2, 'Type': 'Spike Width', 'Details': 'Half width 90 error in ""rising point"" with halfWidthWindow_ms:4.0 searching for Vm:-1.0 from peak sec 0.1'}]",,1010,0.101,-37.132041386195574,9.9068776500468,1018,0.1018,3.0186242035457047,40.15066558974128,0.7999999999999952,1026.0,0.1026,-62.41716275896342,224.0,-69.42627934047151,303,617,31.4,-50.08806119646343,-50.23367364065986,-38.25579258293686,,1017,-4.072788269179206,117.40497586386533,1021,-29.57676256384167,-152.98722250023656,49.0,4.9,204.0816326530612,0.0,0.0,78.6,"[{'halfHeight': 10, 'risingPnt': np.int64(1010), 'fallingPnt': np.int64(1022), 'widthPnts': np.int64(12), 'widthMs': np.float64(1.2)}, {'halfHeight': 20, 'risingPnt': np.int64(1015), 'fallingPnt': np.int64(1021), 'widthPnts': np.int64(6), 'widthMs': np.float64(0.6)}, {'halfHeight': 50, 'risingPnt': np.int64(1015), 'fallingPnt': np.int64(1021), 'widthPnts': np.int64(6), 'widthMs': np.float64(0.6)}, {'halfHeight': 80, 'risingPnt': np.int64(1017), 'fallingPnt': np.int64(1020), 'widthPnts': np.int64(3), 'widthMs': np.float64(0.3)}, {'halfHeight': 90, 'risingPnt': None, 'fallingPnt': None, 'widthPnts': None, 'widthMs': nan}]",1.2,0.6,0.6,0.3,,yes,,,,,,unknown,,,
73,2021_07_20_0010.abf,16,2,0.7000000476837158,,dvdt,10.0,-40.0,0,"[10, 20, 50, 80, 90]",20260928,19:54:29,,,0.2.8.post45,ceeda3d8b38d399aaf1761b27ed8696acdeb9705,True,,73,18,0,"[{'Spike': 18, 'Seconds': np.float64(0.1058), 'Sweep': 16, 'Epoch': 2, 'Type': 'Pre spike min under-run (mdp)', 'Details': 'Went past startPnt 0 searching for pre-spike min'}, {'Spike': 18, 'Seconds': np.float64(0.1058), 'Sweep': 16, 'Epoch': 2, 'Type': 'Fit EDD', 'Details': 'Early diastolic duration rate fit - Too low -12.56<=8'}]",,1058,0.10579999999999999,-37.18435723440986,9.192392637291743,1066,0.1066,1.0480608292988358,38.23241806370869,0.800000000000009,1122.0,0.11220000000000001,-63.21672330583842,224.0,-69.42627934047151,307,641,33.4,-46.63957486833843,3.981235735757007,-12.559842710250859,,1065,-8.074950253963467,111.00525452068864,1069,-24.291989948068334,-144.48689286660164,48.0,4.8,208.33333333333334,0.0,0.0,83.4,"[{'halfHeight': 10, 'risingPnt': np.int64(1058), 'fallingPnt': np.int64(1070), 'widthPnts': np.int64(12), 'widthMs': np.float64(1.2)}, {'halfHeight': 20, 'risingPnt': np.int64(1058), 'fallingPnt': np.int64(1070), 'widthPnts': np.int64(12), 'widthMs': np.float64(1.2)}, {'halfHeight': 50, 'risingPnt': np.int64(1064), 'fallingPnt': np.int64(1069), 'widthPnts': np.int64(5), 'widthMs': np.float64(0.5)}, {'halfHeight': 80, 'risingPnt': np.int64(1065), 'fallingPnt': np.int64(1068), 'widthPnts': np.int64(3), 'widthMs': np.float64(0.3)}, {'halfHeight': 90, 'risingPnt': np.int64(1065), 'fallingPnt': np.int64(1068), 'widthPnts': np.int64(3), 'widthMs': np.float64(0.3)}]",1.2,1.2,0.5,0.3,0.3,yes,,,,,,unknown,,,
74,2021_07_20_0010.abf,16,2,0.7000000476837158,,dvdt,10.0,-40.0,0,"[10, 20, 50, 80, 90]",20260928,19:54:29,,,0.2.8.post45,ceeda3d8b38d399aaf1761b27ed8696acdeb9705,True,,74,19,0,"[{'Spike': 19, 'Seconds': np.float64(0.1105), 'Sweep': 16, 'Epoch': 2, 'Type': 'Pre spike min under-run (mdp)', 'Details': 'Went past startPnt 0 searching for pre-spike min'}, {'Spike': 19, 'Seconds': np.float64(0.1105), 'Sweep': 16, 'Epoch': 2, 'Type': 'Fit EDD', 'Details': 'Early diastolic duration rate fit - Too low -53.243<=8'}]",,1105,0.1105,-38.94129780360629,9.157266422193855,1114,0.1114,3.130231230599538,42.071529034205824,0.899999999999998,1122.0,0.11220000000000001,-63.21672330583842,224.0,-69.42627934047151,312,664,35.2,-41.01649311610628,-47.74169540405271,-53.24326706145882,,1113,-6.045095692362102,122.36950044631946,1117,-26.69939089162008,-155.58582446623808,47.0,4.7,212.7659574468085,0.0,0.0,88.1,"[{'halfHeight': 10, 'risingPnt': np.int64(1105), 'fallingPnt': np.int64(1118), 'widthPnts': np.int64(13), 'widthMs': np.float64(1.3)}, {'halfHeight': 20, 'risingPnt': np.int64(1105), 'fallingPnt': np.int64(1118), 'widthPnts': np.int64(13), 'widthMs': np.float64(1.3)}, {'halfHeight': 50, 'risingPnt': np.int64(1112), 'fallingPnt': np.int64(1117), 'widthPnts': np.int64(5), 'widthMs': np.float64(0.5)}, {'halfHeight': 80, 'risingPnt': np.int64(1113), 'fallingPnt': np.int64(1116), 'widthPnts': np.int64(3), 'widthMs': np.float64(0.3)}, {'halfHeight': 90, 'risingPnt': np.int64(1113), 'fallingPnt': np.int64(1116), 'widthPnts': np.int64(3), 'widthMs': np.float64(0.3)}]",1.3,1.3,0.5,0.3,0.3,yes,,,,,,unknown,,,
75,2021_07_20_0010.abf,16,2,0.7000000476837158,,dvdt,10.0,-40.0,0,"[10, 20, 50, 80, 90]",20260928,19:54:29,,,0.2.8.post45,ceeda3d8b38d399aaf1761b27ed8696acdeb9705,True,,75,20,0,"[{'Spike': 20, 'Seconds': np.float64(0.1151), 'Sweep': 16, 'Epoch': 2, 'Type': 'Pre spike min under-run (mdp)', 'Details': 'Went past startPnt 0 searching for pre-spike min'}]",,1151,0.1151,-39.42434746878486,9.335638552295926,1160,0.116,4.750278602327616,44.17462607111248,0.9000000000000119,1168.0,0.1168,-63.0798301696777,224.0,-69.42627934047151,317,688,37.1,-8.632986382075714,-29.827878604616423,65.2190972855303,,1159,-3.884451282024382,130.87057620943796,1163,-29.211423541818334,-162.07896889959048,46.0,4.6,217.3913043478261,0.0,0.0,92.7,"[{'halfHeight': 10, 'risingPnt': np.int64(1151), 'fallingPnt': np.int64(1164), 'widthPnts': np.int64(13), 'widthMs': np.float64(1.3)}, {'halfHeight': 20, 'risingPnt': np.int64(1151), 'fallingPnt': np.int64(1164), 'widthPnts': np.int64(13), 'widthMs': np.float64(1.3)}, {'halfHeight': 50, 'risingPnt': np.int64(1157), 'fallingPnt': np.int64(1163), 'widthPnts': np.int64(6), 'widthMs': np.float64(0.6)}, {'halfHeight': 80, 'risingPnt': np.int64(1159), 'fallingPnt': np.int64(1162), 'widthPnts': np.int64(3), 'widthMs': np.float64(0.3)}, {'halfHeight': 90, 'risingPnt': np.int64(1159), 'fallingPnt': np.int64(1162), 'widthPnts': np.int64(3), 'widthMs': np.float64(0.3)}]",1.3,1.3,0.6,0.3,0.3,yes,,,,,,unknown,,,
76,2021_07_20_0010.abf,16,2,0.7000000476837158,,dvdt,10.0,-40.0,0,"[10, 20, 50, 80, 90]",20260928,19:54:29,,,0.2.8.post45,ceeda3d8b38d399aaf1761b27ed8696acdeb9705,True,,76,21,0,"[{'Spike': 21, 'Seconds': np.float64(0.1205), 'Sweep': 16, 'Epoch': 2, 'Type': 'Pre spike min under-run (mdp)', 'Details': 'Went past startPnt 0 searching for pre-spike min'}]",,1205,0.1205,-35.79973111833843,9.399913429727341,1213,0.12129999999999999,0.37493018763405844,36.174661305972485,0.7999999999999952,1281.0,0.1281,-81.00672367640901,224.0,-69.42627934047151,322,714,39.2,-46.27249273572647,-44.95500455583843,39.252606545175226,,1212,-5.650110946382792,98.75038964602403,1216,-27.749195609773896,-137.19306816373535,54.0,5.4,185.18518518518516,0.0,0.0,98.1,"[{'halfHeight': 10, 'risingPnt': np.int64(1205), 'fallingPnt': np.int64(1217), 'widthPnts': np.int64(12), 'widthMs': np.float64(1.2)}, {'halfHeight': 20, 'risingPnt': np.int64(1205), 'fallingPnt': np.int64(1217), 'widthPnts': np.int64(12), 'widthMs': np.float64(1.2)}, {'halfHeight': 50, 'risingPnt': np.int64(1210), 'fallingPnt': np.int64(1216), 'widthPnts': np.int64(6), 'widthMs': np.float64(0.6)}, {'halfHeight': 80, 'risingPnt': np.int64(1212), 'fallingPnt': np.int64(1215), 'widthPnts': np.int64(3), 'widthMs': np.float64(0.3)}, {'halfHeight': 90, 'risingPnt': np.int64(1212), 'fallingPnt': np.int64(1215), 'widthPnts': np.int64(3), 'widthMs': np.float64(0.3)}]",1.2,1.2,0.6,0.3,0.3,yes,,,,,,unknown,,,
77,2021_07_20_0010.abf,16,2,0.7000000476837158,,dvdt,10.0,-40.0,0,"[10, 20, 50, 80, 90]",20260928,19:54:29,,,0.2.8.post45,ceeda3d8b38d399aaf1761b27ed8696acdeb9705,True,,77,22,0,"[{'Spike': 22, 'Seconds': np.float64(0.1258), 'Sweep': 16, 'Epoch': 2, 'Type': 'Pre spike min under-run (mdp)', 'Details': 'Went past startPnt 0 searching for pre-spike min'}]",,1258,0.1258,-36.809426988874144,7.00210259885202,1270,0.127,-4.695346900394982,32.11408008847916,1.2000000000000066,1281.0,0.1281,-81.00672367640901,224.0,-69.42627934047151,327,741,41.4,-64.64407119750973,-63.49748502458842,77.64741508142829,,1268,-11.539131178174696,72.3286469907176,1273,-32.657292910984566,-114.30114762831698,53.0,5.3,188.67924528301887,0.0,0.0,103.4,"[{'halfHeight': 10, 'risingPnt': np.int64(1258), 'fallingPnt': np.int64(1274), 'widthPnts': np.int64(16), 'widthMs': np.float64(1.6)}, {'halfHeight': 20, 'risingPnt': np.int64(1263), 'fallingPnt': np.int64(1273), 'widthPnts': np.int64(10), 'widthMs': np.float64(1.0)}, {'halfHeight': 50, 'risingPnt': np.int64(1267), 'fallingPnt': np.int64(1272), 'widthPnts': np.int64(5), 'widthMs': np.float64(0.5)}, {'halfHeight': 80, 'risingPnt': np.int64(1267), 'fallingPnt': np.int64(1272), 'widthPnts': np.int64(5), 'widthMs': np.float64(0.5)}, {'halfHeight': 90, 'risingPnt': np.int64(1269), 'fallingPnt': np.int64(1271), 'widthPnts': np.int64(2), 'widthMs': np.float64(0.2)}]",1.6,1.0,0.5,0.5,0.2,yes,,,,,,unknown,,,
78,2021_07_20_0010.abf,17,2,0.8000000491738319,,dvdt,10.0,-40.0,0,"[10, 20, 50, 80, 90]",20260928,19:54:29,,,0.2.8.post45,ceeda3d8b38d399aaf1761b27ed8696acdeb9705,True,,78,0,0,"[{'Spike': 0, 'Seconds': np.float64(0.0275), 'Sweep': 17, 'Epoch': 2, 'Type': 'Pre spike min under-run (mdp)', 'Details': 'Went past startPnt 0 searching for pre-spike min'}, {'Spike': 0, 'Seconds': np.float64(0.0275), 'Sweep': 17, 'Epoch': 2, 'Type': 'Fit EDD', 'Details': 'Early diastolic duration rate fit - preMinPnt == spikePnt'}]",,275,0.0275,-69.69429310389924,5.545229479731346,288,0.0288,12.332588342257901,82.02688144615715,1.2999999999999992,295.0,0.0295,-65.43752790178569,275.0,-69.67294856480186,275,275,0.0,-69.69429310389924,-69.69429310389924,,,287,3.308105234588893,188.7717546117547,290,-20.887100400243476,-205.5793422239165,,,,,,0.0,"[{'halfHeight': 10, 'risingPnt': np.int64(277), 'fallingPnt': np.int64(293), 'widthPnts': np.int64(16), 'widthMs': np.float64(1.6)}, {'halfHeight': 20, 'risingPnt': np.int64(278), 'fallingPnt': np.int64(292), 'widthPnts': np.int64(14), 'widthMs': np.float64(1.4)}, {'halfHeight': 50, 'risingPnt': np.int64(282), 'fallingPnt': np.int64(291), 'widthPnts': np.int64(9), 'widthMs': np.float64(0.9)}, {'halfHeight': 80, 'risingPnt': np.int64(286), 'fallingPnt': np.int64(290), 'widthPnts': np.int64(4), 'widthMs': np.float64(0.4)}, {'halfHeight': 90, 'risingPnt': np.int64(287), 'fallingPnt': np.int64(289), 'widthPnts': np.int64(2), 'widthMs': np.float64(0.2)}]",1.6,1.4,0.9,0.4,0.2,yes,,,,,,unknown,,,
79,2021_07_20_0010.abf,17,2,0.8000000491738319,,dvdt,10.0,-40.0,0,"[10, 20, 50, 80, 90]",20260928,19:54:29,,,0.2.8.post45,ceeda3d8b38d399aaf1761b27ed8696acdeb9705,True,,79,1,0,"[{'Spike': 1, 'Seconds': np.float64(0.0308), 'Sweep': 17, 'Epoch': 2, 'Type': 'Pre spike min under-run (mdp)', 'Details': 'Went past startPnt 0 searching for pre-spike min'}, {'Spike': 1, 'Seconds': np.float64(0.0308), 'Sweep': 17, 'Epoch': 2, 'Type': 'Spike Width', 'Details': 'Half width 90 error in ""rising point"" with halfWidthWindow_ms:4.0 searching for Vm:4.35 from peak sec 0.03'}]",,308,0.0308,-42.47523335048128,9.382971938775505,317,0.0317,9.555488845280234,52.03072219576151,0.899999999999998,324.0,0.0324,-64.91088169642855,276.0,-69.67294856480186,279,292,1.3,-46.78605924333843,-53.70831805637902,31481.633781263754,,316,-2.410016478810991,168.31177974136492,320,-32.672115939004065,-191.91095461066868,33.0,3.3,303.03030303030306,1.0,0.1,3.2,"[{'halfHeight': 10, 'risingPnt': np.int64(308), 'fallingPnt': np.int64(321), 'widthPnts': np.int64(13), 'widthMs': np.float64(1.3)}, {'halfHeight': 20, 'risingPnt': np.int64(314), 'fallingPnt': np.int64(320), 'widthPnts': np.int64(6), 'widthMs': np.float64(0.6)}, {'halfHeight': 50, 'risingPnt': np.int64(314), 'fallingPnt': np.int64(320), 'widthPnts': np.int64(6), 'widthMs': np.float64(0.6)}, {'halfHeight': 80, 'risingPnt': np.int64(316), 'fallingPnt': np.int64(319), 'widthPnts': np.int64(3), 'widthMs': np.float64(0.3)}, {'halfHeight': 90, 'risingPnt': None, 'fallingPnt': None, 'widthPnts': None, 'widthMs': nan}]",1.3,0.6,0.6,0.3,,yes,,,,,,unknown,,,
80,2021_07_20_0010.abf,17,2,0.8000000491738319,,dvdt,10.0,-40.0,0,"[10, 20, 50, 80, 90]",20260928,19:54:29,,,0.2.8.post45,ceeda3d8b38d399aaf1761b27ed8696acdeb9705,True,,80,2,0,"[{'Spike': 2, 'Seconds': np.float64(0.0341), 'Sweep': 17, 'Epoch': 2, 'Type': 'Pre spike min under-run (mdp)', 'Details': 'Went past startPnt 0 searching for pre-spike min'}, {'Spike': 2, 'Seconds': np.float64(0.0341), 'Sweep': 17, 'Epoch': 2, 'Type': 'Fit EDD', 'Details': 'Early diastolic duration rate fit - Too low -13223.323<=8'}]",,341,0.0341,-40.92668424333843,9.383470184949,349,0.0349,7.435825184413361,48.36250942775179,0.800000000000002,393.0,0.039299999999999995,-64.3720297677176,276.0,-69.67294856480186,282,308,2.6,-39.195029667445574,-42.47523335048128,-13223.323241156359,,348,-7.048688180106024,157.04917472917194,352,-26.857210336412688,-188.6531758016468,33.0,3.3,303.03030303030306,0.0,0.0,6.5,"[{'halfHeight': 10, 'risingPnt': np.int64(341), 'fallingPnt': np.int64(353), 'widthPnts': np.int64(12), 'widthMs': np.float64(1.2)}, {'halfHeight': 20, 'risingPnt': np.int64(341), 'fallingPnt': np.int64(353), 'widthPnts': np.int64(12), 'widthMs': np.float64(1.2)}, {'halfHeight': 50, 'risingPnt': np.int64(347), 'fallingPnt': np.int64(352), 'widthPnts': np.int64(5), 'widthMs': np.float64(0.5)}, {'halfHeight': 80, 'risingPnt': np.int64(348), 'fallingPnt': np.int64(351), 'widthPnts': np.int64(3), 'widthMs': np.float64(0.3)}, {'halfHeight': 90, 'risingPnt': np.int64(348), 'fallingPnt': np.int64(351), 'widthPnts': np.int64(3), 'widthMs': np.float64(0.3)}]",1.2,1.2,0.5,0.3,0.3,yes,,,,,,unknown,,,
81,2021_07_20_0010.abf,17,2,0.8000000491738319,,dvdt,10.0,-40.0,0,"[10, 20, 50, 80, 90]",20260928,19:54:29,,,0.2.8.post45,ceeda3d8b38d399aaf1761b27ed8696acdeb9705,True,,81,3,0,"[{'Spike': 3, 'Seconds': np.float64(0.0377), 'Sweep': 17, 'Epoch': 2, 'Type': 'Pre spike min under-run (mdp)', 'Details': 'Went past startPnt 0 searching for pre-spike min'}, {'Spike': 3, 'Seconds': np.float64(0.0377), 'Sweep': 17, 'Epoch': 2, 'Type': 'Fit EDD', 'Details': 'Early diastolic duration rate fit - Too low -1461.164<=8'}]",,377,0.037700000000000004,-40.05911309378486,9.004055723852035,386,0.0386,8.309499808720176,48.368612902505035,0.899999999999998,393.0,0.039299999999999995,-64.3720297677176,276.0,-69.67294856480186,286,326,4.0,-17.2659719467163,-61.852150617326984,-1461.164407050675,,385,2.262660145759581,147.181162483838,389,-36.908827437673274,-176.48027423157967,36.0,3.6,277.77777777777777,0.0,0.0,10.1,"[{'halfHeight': 10, 'risingPnt': np.int64(380), 'fallingPnt': np.int64(389), 'widthPnts': np.int64(9), 'widthMs': np.float64(0.9)}, {'halfHeight': 20, 'risingPnt': np.int64(380), 'fallingPnt': np.int64(389), 'widthPnts': np.int64(9), 'widthMs': np.float64(0.9)}, {'halfHeight': 50, 'risingPnt': np.int64(384), 'fallingPnt': np.int64(388), 'widthPnts': np.int64(4), 'widthMs': np.float64(0.4)}, {'halfHeight': 80, 'risingPnt': np.int64(385), 'fallingPnt': np.int64(387), 'widthPnts': np.int64(2), 'widthMs': np.float64(0.2)}, {'halfHeight': 90, 'risingPnt': np.int64(385), 'fallingPnt': np.int64(387), 'widthPnts': np.int64(2), 'widthMs': np.float64(0.2)}]",0.9,0.9,0.4,0.2,0.2,yes,,,,,,unknown,,,
82,2021_07_20_0010.abf,17,2,0.8000000491738319,,dvdt,10.0,-40.0,0,"[10, 20, 50, 80, 90]",20260928,19:54:29,,,0.2.8.post45,ceeda3d8b38d399aaf1761b27ed8696acdeb9705,True,,82,4,0,"[{'Spike': 4, 'Seconds': np.float64(0.0412), 'Sweep': 17, 'Epoch': 2, 'Type': 'Pre spike min under-run (mdp)', 'Details': 'Went past startPnt 0 searching for pre-spike min'}]",,412,0.0412,-41.312949589320574,9.517249282525501,421,0.0421,7.754951858520504,49.06790144784108,0.899999999999998,428.0,0.0428,-64.32668805803569,276.0,-69.67294856480186,290,344,5.4,-20.887100400243476,-36.85825495038712,946.7659175952572,,420,-5.412945992606025,155.11797256080456,424,-28.02385375159126,-185.7324567327692,35.0,3.5,285.7142857142857,0.0,0.0,13.6,"[{'halfHeight': 10, 'risingPnt': np.int64(412), 'fallingPnt': np.int64(425), 'widthPnts': np.int64(13), 'widthMs': np.float64(1.3)}, {'halfHeight': 20, 'risingPnt': np.int64(412), 'fallingPnt': np.int64(425), 'widthPnts': np.int64(13), 'widthMs': np.float64(1.3)}, {'halfHeight': 50, 'risingPnt': np.int64(419), 'fallingPnt': np.int64(424), 'widthPnts': np.int64(5), 'widthMs': np.float64(0.5)}, {'halfHeight': 80, 'risingPnt': np.int64(420), 'fallingPnt': np.int64(423), 'widthPnts': np.int64(3), 'widthMs': np.float64(0.3)}, {'halfHeight': 90, 'risingPnt': np.int64(420), 'fallingPnt': np.int64(423), 'widthPnts': np.int64(3), 'widthMs': np.float64(0.3)}]",1.3,1.3,0.5,0.3,0.3,yes,,,,,,unknown,,,
83,2021_07_20_0010.abf,17,2,0.8000000491738319,,dvdt,10.0,-40.0,0,"[10, 20, 50, 80, 90]",20260928,19:54:29,,,0.2.8.post45,ceeda3d8b38d399aaf1761b27ed8696acdeb9705,True,,83,5,0,"[{'Spike': 5, 'Seconds': np.float64(0.0451), 'Sweep': 17, 'Epoch': 2, 'Type': 'Pre spike min under-run (mdp)', 'Details': 'Went past startPnt 0 searching for pre-spike min'}]",,451,0.0451,-38.517539433070574,9.9375197897152,459,0.045899999999999996,7.412283052716932,45.929822485787504,0.7999999999999952,466.0,0.0466,-64.14271196637831,276.0,-69.67294856480186,294,364,7.0,-65.3363839285714,-49.47945349557057,833.7384501344613,,457,-10.042898123604905,140.75328828072048,461,-22.86463930947439,-178.2610044946474,39.0,3.9,256.4102564102564,0.0,0.0,17.5,"[{'halfHeight': 10, 'risingPnt': np.int64(451), 'fallingPnt': np.int64(462), 'widthPnts': np.int64(11), 'widthMs': np.float64(1.1)}, {'halfHeight': 20, 'risingPnt': np.int64(451), 'fallingPnt': np.int64(462), 'widthPnts': np.int64(11), 'widthMs': np.float64(1.1)}, {'halfHeight': 50, 'risingPnt': np.int64(457), 'fallingPnt': np.int64(461), 'widthPnts': np.int64(4), 'widthMs': np.float64(0.4)}, {'halfHeight': 80, 'risingPnt': np.int64(458), 'fallingPnt': np.int64(460), 'widthPnts': np.int64(2), 'widthMs': np.float64(0.2)}, {'halfHeight': 90, 'risingPnt': np.int64(458), 'fallingPnt': np.int64(460), 'widthPnts': np.int64(2), 'widthMs': np.float64(0.2)}]",1.1,1.1,0.4,0.2,0.2,yes,,,,,,unknown,,,
84,2021_07_20_0010.abf,17,2,0.8000000491738319,,dvdt,10.0,-40.0,0,"[10, 20, 50, 80, 90]",20260928,19:54:29,,,0.2.8.post45,ceeda3d8b38d399aaf1761b27ed8696acdeb9705,True,,84,6,0,"[{'Spike': 6, 'Seconds': np.float64(0.0489), 'Sweep': 17, 'Epoch': 2, 'Type': 'Pre spike min under-run (mdp)', 'Details': 'Went past startPnt 0 searching for pre-spike min'}, {'Spike': 6, 'Seconds': np.float64(0.0489), 'Sweep': 17, 'Epoch': 2, 'Type': 'Fit EDD', 'Details': 'Early diastolic duration rate fit - Too low -42.329<=8'}]",,489,0.0489,-38.97966275896343,9.38994738520408,498,0.0498,7.753207935605726,46.73287069456916,0.899999999999998,505.0,0.0505,-63.715467725481275,276.0,-69.67294856480186,297,382,8.5,-60.7683419363839,-32.14895817892891,-42.3292370430181,,497,1.4639715347971223,140.68801829571612,501,-34.573796740600024,-171.57753202185324,38.0,3.8,263.1578947368421,0.0,0.0,21.3,"[{'halfHeight': 10, 'risingPnt': np.int64(493), 'fallingPnt': np.int64(501), 'widthPnts': np.int64(8), 'widthMs': np.float64(0.8)}, {'halfHeight': 20, 'risingPnt': np.int64(493), 'fallingPnt': np.int64(501), 'widthPnts': np.int64(8), 'widthMs': np.float64(0.8)}, {'halfHeight': 50, 'risingPnt': np.int64(496), 'fallingPnt': np.int64(500), 'widthPnts': np.int64(4), 'widthMs': np.float64(0.4)}, {'halfHeight': 80, 'risingPnt': np.int64(496), 'fallingPnt': np.int64(500), 'widthPnts': np.int64(4), 'widthMs': np.float64(0.4)}, {'halfHeight': 90, 'risingPnt': np.int64(497), 'fallingPnt': np.int64(499), 'widthPnts': np.int64(2), 'widthMs': np.float64(0.2)}]",0.8,0.8,0.4,0.4,0.2,yes,,,,,,unknown,,,
85,2021_07_20_0010.abf,17,2,0.8000000491738319,,dvdt,10.0,-40.0,0,"[10, 20, 50, 80, 90]",20260928,19:54:29,,,0.2.8.post45,ceeda3d8b38d399aaf1761b27ed8696acdeb9705,True,,85,7,0,"[{'Spike': 7, 'Seconds': np.float64(0.0531), 'Sweep': 17, 'Epoch': 2, 'Type': 'Pre spike min under-run (mdp)', 'Details': 'Went past startPnt 0 searching for pre-spike min'}, {'Spike': 7, 'Seconds': np.float64(0.0531), 'Sweep': 17, 'Epoch': 2, 'Type': 'Fit EDD', 'Details': 'Early diastolic duration rate fit - Too low -523.39<=8'}]",,531,0.0531,-37.34304864065986,9.786302076067209,539,0.053899999999999997,6.690324578966409,44.03337321962627,0.7999999999999952,546.0,0.0546,-63.32222693307056,276.0,-69.67294856480186,302,404,10.2,-48.55433491298128,-47.35891778128485,-523.3895116674795,,537,-9.431674671173091,135.1104016868434,541,-22.25167199543543,-170.78830952936272,42.0,4.2,238.09523809523807,0.0,0.0,25.5,"[{'halfHeight': 10, 'risingPnt': np.int64(531), 'fallingPnt': np.int64(542), 'widthPnts': np.int64(11), 'widthMs': np.float64(1.1)}, {'halfHeight': 20, 'risingPnt': np.int64(531), 'fallingPnt': np.int64(542), 'widthPnts': np.int64(11), 'widthMs': np.float64(1.1)}, {'halfHeight': 50, 'risingPnt': np.int64(537), 'fallingPnt': np.int64(541), 'widthPnts': np.int64(4), 'widthMs': np.float64(0.4)}, {'halfHeight': 80, 'risingPnt': np.int64(538), 'fallingPnt': np.int64(540), 'widthPnts': np.int64(2), 'widthMs': np.float64(0.2)}, {'halfHeight': 90, 'risingPnt': np.int64(538), 'fallingPnt': np.int64(540), 'widthPnts': np.int64(2), 'widthMs': np.float64(0.2)}]",1.1,1.1,0.4,0.2,0.2,yes,,,,,,unknown,,,
86,2021_07_20_0010.abf,17,2,0.8000000491738319,,dvdt,10.0,-40.0,0,"[10, 20, 50, 80, 90]",20260928,19:54:29,,,0.2.8.post45,ceeda3d8b38d399aaf1761b27ed8696acdeb9705,True,,86,8,0,"[{'Spike': 8, 'Seconds': np.float64(0.0574), 'Sweep': 17, 'Epoch': 2, 'Type': 'Pre spike min under-run (mdp)', 'Details': 'Went past startPnt 0 searching for pre-spike min'}]",,574,0.0574,-36.60365131923129,9.779826136997771,582,0.0582,5.479212692805696,42.082864012036985,0.800000000000002,589.0,0.0589,-62.59678050449914,276.0,-69.67294856480186,306,425,11.9,-44.34988457815986,-43.78661768777028,384.72256647630184,,580,-8.418491077423091,129.8862923330189,584,-22.524586336953288,-164.3347759675005,43.0,4.3,232.5581395348837,0.0,0.0,29.8,"[{'halfHeight': 10, 'risingPnt': np.int64(574), 'fallingPnt': np.int64(585), 'widthPnts': np.int64(11), 'widthMs': np.float64(1.1)}, {'halfHeight': 20, 'risingPnt': np.int64(574), 'fallingPnt': np.int64(585), 'widthPnts': np.int64(11), 'widthMs': np.float64(1.1)}, {'halfHeight': 50, 'risingPnt': np.int64(579), 'fallingPnt': np.int64(584), 'widthPnts': np.int64(5), 'widthMs': np.float64(0.5)}, {'halfHeight': 80, 'risingPnt': np.int64(581), 'fallingPnt': np.int64(583), 'widthPnts': np.int64(2), 'widthMs': np.float64(0.2)}, {'halfHeight': 90, 'risingPnt': np.int64(581), 'fallingPnt': np.int64(583), 'widthPnts': np.int64(2), 'widthMs': np.float64(0.2)}]",1.1,1.1,0.5,0.2,0.2,yes,,,,,,unknown,,,
87,2021_07_20_0010.abf,17,2,0.8000000491738319,,dvdt,10.0,-40.0,0,"[10, 20, 50, 80, 90]",20260928,19:54:29,,,0.2.8.post45,ceeda3d8b38d399aaf1761b27ed8696acdeb9705,True,,87,9,0,"[{'Spike': 9, 'Seconds': np.float64(0.0616), 'Sweep': 17, 'Epoch': 2, 'Type': 'Pre spike min under-run (mdp)', 'Details': 'Went past startPnt 0 searching for pre-spike min'}, {'Spike': 9, 'Seconds': np.float64(0.0616), 'Sweep': 17, 'Epoch': 2, 'Type': 'Fit EDD', 'Details': 'Early diastolic duration rate fit - Too low -488.378<=8'}]",,616,0.0616,-37.320378439767005,9.235241808210056,625,0.0625,5.685860293252125,43.00623873301913,0.899999999999998,673.0,0.0673,-62.756343841552706,276.0,-69.67294856480186,310,446,13.6,-40.225651877267,-42.99141638619557,-488.3784363939547,,624,1.3645715713500963,122.2257555105247,628,-34.66970914431979,-160.66942941899185,42.0,4.2,238.09523809523807,0.0,0.0,34.0,"[{'halfHeight': 10, 'risingPnt': np.int64(619), 'fallingPnt': np.int64(628), 'widthPnts': np.int64(9), 'widthMs': np.float64(0.9)}, {'halfHeight': 20, 'risingPnt': np.int64(619), 'fallingPnt': np.int64(628), 'widthPnts': np.int64(9), 'widthMs': np.float64(0.9)}, {'halfHeight': 50, 'risingPnt': np.int64(623), 'fallingPnt': np.int64(627), 'widthPnts': np.int64(4), 'widthMs': np.float64(0.4)}, {'halfHeight': 80, 'risingPnt': np.int64(624), 'fallingPnt': np.int64(626), 'widthPnts': np.int64(2), 'widthMs': np.float64(0.2)}, {'halfHeight': 90, 'risingPnt': np.int64(624), 'fallingPnt': np.int64(626), 'widthPnts': np.int64(2), 'widthMs': np.float64(0.2)}]",0.9,0.9,0.4,0.2,0.2,yes,,,,,,unknown,,,
88,2021_07_20_0010.abf,17,2,0.8000000491738319,,dvdt,10.0,-40.0,0,"[10, 20, 50, 80, 90]",20260928,19:54:29,,,0.2.8.post45,ceeda3d8b38d399aaf1761b27ed8696acdeb9705,True,,88,10,0,"[{'Spike': 10, 'Seconds': np.float64(0.0658), 'Sweep': 17, 'Epoch': 2, 'Type': 'Pre spike min under-run (mdp)', 'Details': 'Went past startPnt 0 searching for pre-spike min'}]",,658,0.0658,-37.241904667445574,9.577038683210095,666,0.06659999999999999,7.211738927023747,44.45364359446932,0.7999999999999952,673.0,0.0673,-62.756343841552706,276.0,-69.67294856480186,314,467,15.3,-31.522911790439043,-62.92898483276364,28.66236133987184,,665,1.6401015520095812,133.95247745513902,669,-34.18229981490542,-167.3212642280421,42.0,4.2,238.09523809523807,0.0,0.0,38.2,"[{'halfHeight': 10, 'risingPnt': np.int64(661), 'fallingPnt': np.int64(669), 'widthPnts': np.int64(8), 'widthMs': np.float64(0.8)}, {'halfHeight': 20, 'risingPnt': np.int64(661), 'fallingPnt': np.int64(669), 'widthPnts': np.int64(8), 'widthMs': np.float64(0.8)}, {'halfHeight': 50, 'risingPnt': np.int64(664), 'fallingPnt': np.int64(668), 'widthPnts': np.int64(4), 'widthMs': np.float64(0.4)}, {'halfHeight': 80, 'risingPnt': np.int64(664), 'fallingPnt': np.int64(668), 'widthPnts': np.int64(4), 'widthMs': np.float64(0.4)}, {'halfHeight': 90, 'risingPnt': np.int64(665), 'fallingPnt': np.int64(667), 'widthPnts': np.int64(2), 'widthMs': np.float64(0.2)}]",0.8,0.8,0.4,0.4,0.2,yes,,,,,,unknown,,,
89,2021_07_20_0010.abf,17,2,0.8000000491738319,,dvdt,10.0,-40.0,0,"[10, 20, 50, 80, 90]",20260928,19:54:29,,,0.2.8.post45,ceeda3d8b38d399aaf1761b27ed8696acdeb9705,True,,89,11,0,"[{'Spike': 11, 'Seconds': np.float64(0.07), 'Sweep': 17, 'Epoch': 2, 'Type': 'Pre spike min under-run (mdp)', 'Details': 'Went past startPnt 0 searching for pre-spike min'}, {'Spike': 11, 'Seconds': np.float64(0.07), 'Sweep': 17, 'Epoch': 2, 'Type': 'Fit EDD', 'Details': 'Early diastolic duration rate fit - Too low -34.045<=8'}]",,700,0.07,-36.582724979945574,9.84783547849068,708,0.0708,6.217738083430695,42.80046306337627,0.7999999999999952,715.0,0.0715,-62.03525706699913,276.0,-69.67294856480186,318,488,17.0,4.112025100844244,-39.939658573695574,-34.04545303106397,,707,0.13950889451163115,127.65788588961763,711,-32.2431257026536,-161.8816618116533,42.0,4.2,238.09523809523807,0.0,0.0,42.4,"[{'halfHeight': 10, 'risingPnt': np.int64(700), 'fallingPnt': np.int64(712), 'widthPnts': np.int64(12), 'widthMs': np.float64(1.2)}, {'halfHeight': 20, 'risingPnt': np.int64(704), 'fallingPnt': np.int64(711), 'widthPnts': np.int64(7), 'widthMs': np.float64(0.7)}, {'halfHeight': 50, 'risingPnt': np.int64(706), 'fallingPnt': np.int64(710), 'widthPnts': np.int64(4), 'widthMs': np.float64(0.4)}, {'halfHeight': 80, 'risingPnt': np.int64(706), 'fallingPnt': np.int64(710), 'widthPnts': np.int64(4), 'widthMs': np.float64(0.4)}, {'halfHeight': 90, 'risingPnt': np.int64(707), 'fallingPnt': np.int64(709), 'widthPnts': np.int64(2), 'widthMs': np.float64(0.2)}]",1.2,0.7,0.4,0.4,0.2,yes,,,,,,unknown,,,
90,2021_07_20_0010.abf,17,2,0.8000000491738319,,dvdt,10.0,-40.0,0,"[10, 20, 50, 80, 90]",20260928,19:54:29,,,0.2.8.post45,ceeda3d8b38d399aaf1761b27ed8696acdeb9705,True,,90,12,0,"[{'Spike': 12, 'Seconds': np.float64(0.0742), 'Sweep': 17, 'Epoch': 2, 'Type': 'Pre spike min under-run (mdp)', 'Details': 'Went past startPnt 0 searching for pre-spike min'}, {'Spike': 12, 'Seconds': np.float64(0.0742), 'Sweep': 17, 'Epoch': 2, 'Type': 'Spike Width', 'Details': 'Half width 90 error in ""rising point"" with halfWidthWindow_ms:4.0 searching for Vm:2.19 from peak sec 0.08'}]",,742,0.0742,-37.99961253574915,9.318449059311236,751,0.0751,6.650215823309758,44.64982835905891,0.899999999999998,758.0,0.07579999999999999,-61.901851654052706,276.0,-69.67294856480186,323,509,18.6,-63.27775748116626,-56.36160332815985,269.31833592599173,,750,-0.3914969427245007,131.46099940197794,754,-31.13664675865853,-164.786438785037,42.0,4.2,238.09523809523807,0.0,0.0,46.6,"[{'halfHeight': 10, 'risingPnt': np.int64(742), 'fallingPnt': np.int64(755), 'widthPnts': np.int64(13), 'widthMs': np.float64(1.3)}, {'halfHeight': 20, 'risingPnt': np.int64(747), 'fallingPnt': np.int64(754), 'widthPnts': np.int64(7), 'widthMs': np.float64(0.7)}, {'halfHeight': 50, 'risingPnt': np.int64(747), 'fallingPnt': np.int64(754), 'widthPnts': np.int64(7), 'widthMs': np.float64(0.7)}, {'halfHeight': 80, 'risingPnt': np.int64(749), 'fallingPnt': np.int64(753), 'widthPnts': np.int64(4), 'widthMs': np.float64(0.4)}, {'halfHeight': 90, 'risingPnt': None, 'fallingPnt': None, 'widthPnts': None, 'widthMs': nan}]",1.3,0.7,0.7,0.4,,yes,,,,,,unknown,,,
91,2021_07_20_0010.abf,17,2,0.8000000491738319,,dvdt,10.0,-40.0,0,"[10, 20, 50, 80, 90]",20260928,19:54:29,,,0.2.8.post45,ceeda3d8b38d399aaf1761b27ed8696acdeb9705,True,,91,13,0,"[{'Spike': 13, 'Seconds': np.float64(0.0786), 'Sweep': 17, 'Epoch': 2, 'Type': 'Pre spike min under-run (mdp)', 'Details': 'Went past startPnt 0 searching for pre-spike min'}, {'Spike': 13, 'Seconds': np.float64(0.0786), 'Sweep': 17, 'Epoch': 2, 'Type': 'Fit EDD', 'Details': 'Early diastolic duration rate fit - Too low -40.576<=8'}]",,786,0.07859999999999999,-36.83994456699915,9.945740851577405,794,0.07940000000000001,5.6858603341238805,42.52580490112303,0.8000000000000229,802.0,0.08020000000000001,-61.640272412981275,276.0,-69.67294856480186,327,531,20.4,-59.14131905691962,-37.34304864065986,-40.576113282488556,,793,-2.6384621586118415,127.9311728535865,797,-28.47289814608436,-161.9760809217179,44.0,4.4,227.27272727272725,0.0,0.0,51.0,"[{'halfHeight': 10, 'risingPnt': np.int64(786), 'fallingPnt': np.int64(798), 'widthPnts': np.int64(12), 'widthMs': np.float64(1.2)}, {'halfHeight': 20, 'risingPnt': np.int64(791), 'fallingPnt': np.int64(797), 'widthPnts': np.int64(6), 'widthMs': np.float64(0.6)}, {'halfHeight': 50, 'risingPnt': np.int64(791), 'fallingPnt': np.int64(797), 'widthPnts': np.int64(6), 'widthMs': np.float64(0.6)}, {'halfHeight': 80, 'risingPnt': np.int64(793), 'fallingPnt': np.int64(796), 'widthPnts': np.int64(3), 'widthMs': np.float64(0.3)}, {'halfHeight': 90, 'risingPnt': np.int64(793), 'fallingPnt': np.int64(796), 'widthPnts': np.int64(3), 'widthMs': np.float64(0.3)}]",1.2,0.6,0.6,0.3,0.3,yes,,,,,,unknown,,,
92,2021_07_20_0010.abf,17,2,0.8000000491738319,,dvdt,10.0,-40.0,0,"[10, 20, 50, 80, 90]",20260928,19:54:29,,,0.2.8.post45,ceeda3d8b38d399aaf1761b27ed8696acdeb9705,True,,92,14,0,"[{'Spike': 14, 'Seconds': np.float64(0.0832), 'Sweep': 17, 'Epoch': 2, 'Type': 'Pre spike min under-run (mdp)', 'Details': 'Went past startPnt 0 searching for pre-spike min'}, {'Spike': 14, 'Seconds': np.float64(0.0832), 'Sweep': 17, 'Epoch': 2, 'Type': 'Fit EDD', 'Details': 'Early diastolic duration rate fit - Too low -48.852<=8'}]",,832,0.0832,-36.032536642892005,8.835150130914172,841,0.0841,3.7222722053527804,39.754808848244785,0.899999999999998,893.0,0.08929999999999999,-61.27144568307056,276.0,-69.67294856480186,332,554,22.2,-48.70866666521342,-49.48119735717771,-48.851990520786956,,839,-8.447264712197436,113.00944939438166,844,-35.54948734555924,-149.08969067359445,46.0,4.6,217.3913043478261,0.0,0.0,55.6,"[{'halfHeight': 10, 'risingPnt': np.int64(833), 'fallingPnt': np.int64(844), 'widthPnts': np.int64(11), 'widthMs': np.float64(1.1)}, {'halfHeight': 20, 'risingPnt': np.int64(833), 'fallingPnt': np.int64(844), 'widthPnts': np.int64(11), 'widthMs': np.float64(1.1)}, {'halfHeight': 50, 'risingPnt': np.int64(838), 'fallingPnt': np.int64(843), 'widthPnts': np.int64(5), 'widthMs': np.float64(0.5)}, {'halfHeight': 80, 'risingPnt': np.int64(840), 'fallingPnt': np.int64(842), 'widthPnts': np.int64(2), 'widthMs': np.float64(0.2)}, {'halfHeight': 90, 'risingPnt': np.int64(840), 'fallingPnt': np.int64(842), 'widthPnts': np.int64(2), 'widthMs': np.float64(0.2)}]",1.1,1.1,0.5,0.2,0.2,yes,,,,,,unknown,,,
93,2021_07_20_0010.abf,17,2,0.8000000491738319,,dvdt,10.0,-40.0,0,"[10, 20, 50, 80, 90]",20260928,19:54:29,,,0.2.8.post45,ceeda3d8b38d399aaf1761b27ed8696acdeb9705,True,,93,15,0,"[{'Spike': 15, 'Seconds': np.float64(0.0877), 'Sweep': 17, 'Epoch': 2, 'Type': 'Pre spike min under-run (mdp)', 'Details': 'Went past startPnt 0 searching for pre-spike min'}, {'Spike': 15, 'Seconds': np.float64(0.0877), 'Sweep': 17, 'Epoch': 2, 'Type': 'Fit EDD', 'Details': 'Early diastolic duration rate fit - Too low -102.406<=8'}]",,877,0.0877,-37.00561141967772,8.83515013091416,886,0.0886,4.9743648392813515,41.97997625895907,0.899999999999998,937.0,0.0937,-61.50861086164199,276.0,-69.67294856480186,336,576,24.0,-45.281106676374144,-34.040175247192366,-102.40608654846558,,884,-9.020123250143865,119.28436170305511,889,-35.10480263573781,-152.51787347015056,45.0,4.5,222.22222222222223,0.0,0.0,60.1,"[{'halfHeight': 10, 'risingPnt': np.int64(879), 'fallingPnt': np.int64(889), 'widthPnts': np.int64(10), 'widthMs': np.float64(1.0)}, {'halfHeight': 20, 'risingPnt': np.int64(879), 'fallingPnt': np.int64(889), 'widthPnts': np.int64(10), 'widthMs': np.float64(1.0)}, {'halfHeight': 50, 'risingPnt': np.int64(884), 'fallingPnt': np.int64(888), 'widthPnts': np.int64(4), 'widthMs': np.float64(0.4)}, {'halfHeight': 80, 'risingPnt': np.int64(885), 'fallingPnt': np.int64(887), 'widthPnts': np.int64(2), 'widthMs': np.float64(0.2)}, {'halfHeight': 90, 'risingPnt': np.int64(885), 'fallingPnt': np.int64(887), 'widthPnts': np.int64(2), 'widthMs': np.float64(0.2)}]",1.0,1.0,0.4,0.2,0.2,yes,,,,,,unknown,,,
94,2021_07_20_0010.abf,17,2,0.8000000491738319,,dvdt,10.0,-40.0,0,"[10, 20, 50, 80, 90]",20260928,19:54:29,,,0.2.8.post45,ceeda3d8b38d399aaf1761b27ed8696acdeb9705,True,,94,16,0,"[{'Spike': 16, 'Seconds': np.float64(0.0921), 'Sweep': 17, 'Epoch': 2, 'Type': 'Pre spike min under-run (mdp)', 'Details': 'Went past startPnt 0 searching for pre-spike min'}, {'Spike': 16, 'Seconds': np.float64(0.0921), 'Sweep': 17, 'Epoch': 2, 'Type': 'Fit EDD', 'Details': 'Early diastolic duration rate fit - Too low -60.359<=8'}]",,921,0.09209999999999999,-37.30555561610629,9.186662806296809,930,0.093,5.099050862448553,42.40460647855484,0.9000000000000119,937.0,0.0937,-61.50861086164199,276.0,-69.67294856480186,340,598,25.8,-41.87011337280271,-48.259622301374144,-60.358789771175324,,928,-7.8273219926016635,126.14471269335053,932,-21.73636089052472,-157.61069473344438,44.0,4.4,227.27272727272725,0.0,0.0,64.5,"[{'halfHeight': 10, 'risingPnt': np.int64(922), 'fallingPnt': np.int64(933), 'widthPnts': np.int64(11), 'widthMs': np.float64(1.1)}, {'halfHeight': 20, 'risingPnt': np.int64(922), 'fallingPnt': np.int64(933), 'widthPnts': np.int64(11), 'widthMs': np.float64(1.1)}, {'halfHeight': 50, 'risingPnt': np.int64(927), 'fallingPnt': np.int64(932), 'widthPnts': np.int64(5), 'widthMs': np.float64(0.5)}, {'halfHeight': 80, 'risingPnt': np.int64(929), 'fallingPnt': np.int64(931), 'widthPnts': np.int64(2), 'widthMs': np.float64(0.2)}, {'halfHeight': 90, 'risingPnt': np.int64(929), 'fallingPnt': np.int64(931), 'widthPnts': np.int64(2), 'widthMs': np.float64(0.2)}]",1.1,1.1,0.5,0.2,0.2,yes,,,,,,unknown,,,
95,2021_07_20_0010.abf,17,2,0.8000000491738319,,dvdt,10.0,-40.0,0,"[10, 20, 50, 80, 90]",20260928,19:54:29,,,0.2.8.post45,ceeda3d8b38d399aaf1761b27ed8696acdeb9705,True,,95,17,0,"[{'Spike': 17, 'Seconds': np.float64(0.0969), 'Sweep': 17, 'Epoch': 2, 'Type': 'Pre spike min under-run (mdp)', 'Details': 'Went past startPnt 0 searching for pre-spike min'}, {'Spike': 17, 'Seconds': np.float64(0.0969), 'Sweep': 17, 'Epoch': 2, 'Type': 'Fit EDD', 'Details': 'Early diastolic duration rate fit - Too low -41.494<=8'}]",,969,0.0969,-34.37935567583355,9.673697927046792,977,0.09770000000000001,3.2819472659911404,37.661302941824694,0.800000000000009,985.0,0.0985,-60.14316722324914,276.0,-69.67294856480186,345,622,27.7,-34.863277925763796,-23.77144773347036,-41.49355920674615,,976,-0.6478445248412233,101.67683878144125,980,-31.06253233637127,-145.18419156632544,48.0,4.8,208.33333333333334,0.0,0.0,69.3,"[{'halfHeight': 10, 'risingPnt': np.int64(972), 'fallingPnt': np.int64(980), 'widthPnts': np.int64(8), 'widthMs': np.float64(0.8)}, {'halfHeight': 20, 'risingPnt': np.int64(972), 'fallingPnt': np.int64(980), 'widthPnts': np.int64(8), 'widthMs': np.float64(0.8)}, {'halfHeight': 50, 'risingPnt': np.int64(975), 'fallingPnt': np.int64(979), 'widthPnts': np.int64(4), 'widthMs': np.float64(0.4)}, {'halfHeight': 80, 'risingPnt': np.int64(975), 'fallingPnt': np.int64(979), 'widthPnts': np.int64(4), 'widthMs': np.float64(0.4)}, {'halfHeight': 90, 'risingPnt': np.int64(976), 'fallingPnt': np.int64(978), 'widthPnts': np.int64(2), 'widthMs': np.float64(0.2)}]",0.8,0.8,0.4,0.4,0.2,yes,,,,,,unknown,,,
96,2021_07_20_0010.abf,17,2,0.8000000491738319,,dvdt,10.0,-40.0,0,"[10, 20, 50, 80, 90]",20260928,19:54:29,,,0.2.8.post45,ceeda3d8b38d399aaf1761b27ed8696acdeb9705,True,,96,18,0,"[{'Spike': 18, 'Seconds': np.float64(0.1018), 'Sweep': 17, 'Epoch': 2, 'Type': 'Pre spike min under-run (mdp)', 'Details': 'Went past startPnt 0 searching for pre-spike min'}]",,1018,0.1018,-34.39853815351212,9.782813839036567,1026,0.1026,1.5555243355887265,35.95406248910085,0.7999999999999952,1077.0,0.1077,-60.707306453159845,276.0,-69.67294856480186,350,647,29.7,7.019042532784594,-45.80949674333843,24.327909517237796,,1025,-6.095667602334701,101.79741369656145,1029,-23.453192515032622,-136.18785568256754,49.0,4.9,204.0816326530612,0.0,0.0,74.2,"[{'halfHeight': 10, 'risingPnt': np.int64(1018), 'fallingPnt': np.int64(1030), 'widthPnts': np.int64(12), 'widthMs': np.float64(1.2)}, {'halfHeight': 20, 'risingPnt': np.int64(1018), 'fallingPnt': np.int64(1030), 'widthPnts': np.int64(12), 'widthMs': np.float64(1.2)}, {'halfHeight': 50, 'risingPnt': np.int64(1024), 'fallingPnt': np.int64(1029), 'widthPnts': np.int64(5), 'widthMs': np.float64(0.5)}, {'halfHeight': 80, 'risingPnt': np.int64(1025), 'fallingPnt': np.int64(1028), 'widthPnts': np.int64(3), 'widthMs': np.float64(0.3)}, {'halfHeight': 90, 'risingPnt': np.int64(1025), 'fallingPnt': np.int64(1028), 'widthPnts': np.int64(3), 'widthMs': np.float64(0.3)}]",1.2,1.2,0.5,0.3,0.3,yes,,,,,,unknown,,,
97,2021_07_20_0010.abf,17,2,0.8000000491738319,,dvdt,10.0,-40.0,0,"[10, 20, 50, 80, 90]",20260928,19:54:29,,,0.2.8.post45,ceeda3d8b38d399aaf1761b27ed8696acdeb9705,True,,97,19,0,"[{'Spike': 19, 'Seconds': np.float64(0.106), 'Sweep': 17, 'Epoch': 2, 'Type': 'Pre spike min under-run (mdp)', 'Details': 'Went past startPnt 0 searching for pre-spike min'}, {'Spike': 19, 'Seconds': np.float64(0.106), 'Sweep': 17, 'Epoch': 2, 'Type': 'Spike Width', 'Details': 'Half width 90 error in ""rising point"" with halfWidthWindow_ms:4.0 searching for Vm:1.18 from peak sec 0.11'}]",,1060,0.106,-37.149480002267,8.9903538139499,1069,0.10690000000000001,5.434744313785005,42.584224316052,0.9000000000000119,1077.0,0.1077,-60.707306453159845,276.0,-69.67294856480186,354,668,31.4,-54.647387531825444,-17.549349253518233,202.05247461634409,,1068,-0.7873535096645358,120.16127330879763,1072,-29.510495813829543,-154.45929042526637,42.0,4.2,238.09523809523807,0.0,0.0,78.4,"[{'halfHeight': 10, 'risingPnt': np.int64(1060), 'fallingPnt': np.int64(1073), 'widthPnts': np.int64(13), 'widthMs': np.float64(1.3)}, {'halfHeight': 20, 'risingPnt': np.int64(1065), 'fallingPnt': np.int64(1072), 'widthPnts': np.int64(7), 'widthMs': np.float64(0.7)}, {'halfHeight': 50, 'risingPnt': np.int64(1065), 'fallingPnt': np.int64(1072), 'widthPnts': np.int64(7), 'widthMs': np.float64(0.7)}, {'halfHeight': 80, 'risingPnt': np.int64(1067), 'fallingPnt': np.int64(1071), 'widthPnts': np.int64(4), 'widthMs': np.float64(0.4)}, {'halfHeight': 90, 'risingPnt': None, 'fallingPnt': None, 'widthPnts': None, 'widthMs': nan}]",1.3,0.7,0.7,0.4,,yes,,,,,,unknown,,,
98,2021_07_20_0010.abf,17,2,0.8000000491738319,,dvdt,10.0,-40.0,0,"[10, 20, 50, 80, 90]",20260928,19:54:29,,,0.2.8.post45,ceeda3d8b38d399aaf1761b27ed8696acdeb9705,True,,98,20,0,"[{'Spike': 20, 'Seconds': np.float64(0.1105), 'Sweep': 17, 'Epoch': 2, 'Type': 'Pre spike min under-run (mdp)', 'Details': 'Went past startPnt 0 searching for pre-spike min'}]",,1105,0.1105,-36.31068256923129,9.2711155326999,1114,0.1114,4.4764923862048525,40.78717495543614,0.899999999999998,1122.0,0.11220000000000001,-60.67155729021342,276.0,-69.67294856480186,359,690,33.1,-59.91123395647318,-44.058659689767,17.072860837569806,,1113,-0.41765487236636045,111.23021068341868,1117,-30.60389705044881,-150.4185142284752,45.0,4.5,222.22222222222223,0.0,0.0,82.9,"[{'halfHeight': 10, 'risingPnt': np.int64(1105), 'fallingPnt': np.int64(1118), 'widthPnts': np.int64(13), 'widthMs': np.float64(1.3)}, {'halfHeight': 20, 'risingPnt': np.int64(1110), 'fallingPnt': np.int64(1117), 'widthPnts': np.int64(7), 'widthMs': np.float64(0.7)}, {'halfHeight': 50, 'risingPnt': np.int64(1110), 'fallingPnt': np.int64(1117), 'widthPnts': np.int64(7), 'widthMs': np.float64(0.7)}, {'halfHeight': 80, 'risingPnt': np.int64(1112), 'fallingPnt': np.int64(1116), 'widthPnts': np.int64(4), 'widthMs': np.float64(0.4)}, {'halfHeight': 90, 'risingPnt': np.int64(1113), 'fallingPnt': np.int64(1115), 'widthPnts': np.int64(2), 'widthMs': np.float64(0.2)}]",1.3,0.7,0.7,0.4,0.2,yes,,,,,,unknown,,,
99,2021_07_20_0010.abf,17,2,0.8000000491738319,,dvdt,10.0,-40.0,0,"[10, 20, 50, 80, 90]",20260928,19:54:29,,,0.2.8.post45,ceeda3d8b38d399aaf1761b27ed8696acdeb9705,True,,99,21,0,"[{'Spike': 21, 'Seconds': np.float64(0.115), 'Sweep': 17, 'Epoch': 2, 'Type': 'Pre spike min under-run (mdp)', 'Details': 'Went past startPnt 0 searching for pre-spike min'}]",,1150,0.115,-36.43972832815986,8.706353495072305,1159,0.1159,4.410225609370638,40.8499539375305,0.899999999999998,1166.0,0.1166,-60.473628997802706,276.0,-69.67294856480186,363,713,35.0,-50.78386197771343,-54.68924004690985,102.52976462535368,,1157,-9.60344495773315,113.86817667435616,1162,-33.76813271386281,-148.70429725841586,45.0,4.5,222.22222222222223,0.0,0.0,87.4,"[{'halfHeight': 10, 'risingPnt': np.int64(1153), 'fallingPnt': np.int64(1162), 'widthPnts': np.int64(9), 'widthMs': np.float64(0.9)}, {'halfHeight': 20, 'risingPnt': np.int64(1153), 'fallingPnt': np.int64(1162), 'widthPnts': np.int64(9), 'widthMs': np.float64(0.9)}, {'halfHeight': 50, 'risingPnt': np.int64(1157), 'fallingPnt': np.int64(1161), 'widthPnts': np.int64(4), 'widthMs': np.float64(0.4)}, {'halfHeight': 80, 'risingPnt': np.int64(1158), 'fallingPnt': np.int64(1160), 'widthPnts': np.int64(2), 'widthMs': np.float64(0.2)}, {'halfHeight': 90, 'risingPnt': np.int64(1158), 'fallingPnt': np.int64(1160), 'widthPnts': np.int64(2), 'widthMs': np.float64(0.2)}]",0.9,0.9,0.4,0.2,0.2,yes,,,,,,unknown,,,
100,2021_07_20_0010.abf,17,2,0.8000000491738319,,dvdt,10.0,-40.0,0,"[10, 20, 50, 80, 90]",20260928,19:54:29,,,0.2.8.post45,ceeda3d8b38d399aaf1761b27ed8696acdeb9705,True,,100,22,0,"[{'Spike': 22, 'Seconds': np.float64(0.1199), 'Sweep': 17, 'Epoch': 2, 'Type': 'Pre spike min under-run (mdp)', 'Details': 'Went past startPnt 0 searching for pre-spike min'}, {'Spike': 22, 'Seconds': np.float64(0.1199), 'Sweep': 17, 'Epoch': 2, 'Type': 'Fit EDD', 'Details': 'Early diastolic duration rate fit - Too low -30.445<=8'}]",,1199,0.1199,-35.198098863874144,9.040179692482473,1208,0.12079999999999999,2.2923059259142176,37.490404789788364,0.8999999999999841,1262.0,0.1262,-59.93390383039199,276.0,-69.67294856480186,368,738,37.0,-46.57243619646343,-41.257146017892,-30.444777020887315,,1207,-1.9321985415049956,96.00555259062311,1211,-28.95507591111318,-137.20402963502053,49.0,4.9,204.0816326530612,0.0,0.0,92.3,"[{'halfHeight': 10, 'risingPnt': np.int64(1199), 'fallingPnt': np.int64(1212), 'widthPnts': np.int64(13), 'widthMs': np.float64(1.3)}, {'halfHeight': 20, 'risingPnt': np.int64(1204), 'fallingPnt': np.int64(1211), 'widthPnts': np.int64(7), 'widthMs': np.float64(0.7)}, {'halfHeight': 50, 'risingPnt': np.int64(1204), 'fallingPnt': np.int64(1211), 'widthPnts': np.int64(7), 'widthMs': np.float64(0.7)}, {'halfHeight': 80, 'risingPnt': np.int64(1206), 'fallingPnt': np.int64(1210), 'widthPnts': np.int64(4), 'widthMs': np.float64(0.4)}, {'halfHeight': 90, 'risingPnt': np.int64(1207), 'fallingPnt': np.int64(1209), 'widthPnts': np.int64(2), 'widthMs': np.float64(0.2)}]",1.3,0.7,0.7,0.4,0.2,yes,,,,,,unknown,,,
101,2021_07_20_0010.abf,17,2,0.8000000491738319,,dvdt,10.0,-40.0,0,"[10, 20, 50, 80, 90]",20260928,19:54:29,,,0.2.8.post45,ceeda3d8b38d399aaf1761b27ed8696acdeb9705,True,,101,23,0,"[{'Spike': 23, 'Seconds': np.float64(0.1246), 'Sweep': 17, 'Epoch': 2, 'Type': 'Pre spike min under-run (mdp)', 'Details': 'Went past startPnt 0 searching for pre-spike min'}]",,1246,0.12459999999999999,-35.178916386195574,9.434043292610019,1254,0.1254,3.484235055106024,38.6631514413016,0.8000000000000229,1262.0,0.1262,-59.93390383039199,276.0,-69.67294856480186,373,761,38.8,-43.36809049333843,-58.29641778128485,21.199774187473047,,1253,-4.105921701022555,111.06703335898248,1257,-25.304301605905792,-144.96496006712607,47.0,4.7,212.7659574468085,0.0,0.0,97.0,"[{'halfHeight': 10, 'risingPnt': np.int64(1246), 'fallingPnt': np.int64(1258), 'widthPnts': np.int64(12), 'widthMs': np.float64(1.2)}, {'halfHeight': 20, 'risingPnt': np.int64(1246), 'fallingPnt': np.int64(1258), 'widthPnts': np.int64(12), 'widthMs': np.float64(1.2)}, {'halfHeight': 50, 'risingPnt': np.int64(1251), 'fallingPnt': np.int64(1257), 'widthPnts': np.int64(6), 'widthMs': np.float64(0.6)}, {'halfHeight': 80, 'risingPnt': np.int64(1253), 'fallingPnt': np.int64(1256), 'widthPnts': np.int64(3), 'widthMs': np.float64(0.3)}, {'halfHeight': 90, 'risingPnt': np.int64(1253), 'fallingPnt': np.int64(1256), 'widthPnts': np.int64(3), 'widthMs': np.float64(0.3)}]",1.2,1.2,0.6,0.3,0.3,yes,,,,,,unknown,,,
102,2021_07_20_0010.abf,17,3,-0.4000000059604645,,dvdt,10.0,-40.0,0,"[10, 20, 50, 80, 90]",20260928,19:54:29,,,0.2.8.post45,ceeda3d8b38d399aaf1761b27ed8696acdeb9705,True,,102,24,0,"[{'Spike': 24, 'Seconds': np.float64(0.1294), 'Sweep': 17, 'Epoch': 3, 'Type': 'Pre spike min under-run (mdp)', 'Details': 'Went past startPnt 0 searching for pre-spike min'}, {'Spike': 24, 'Seconds': np.float64(0.1294), 'Sweep': 17, 'Epoch': 3, 'Type': 'Fit EDD', 'Details': 'Early diastolic duration rate fit - Too low -28.397<=8'}]",,1294,0.12940000000000002,-35.00278636387415,9.732492750518176,1303,0.1303,1.4081681081226884,36.41095447199684,0.8999999999999841,1311.0,0.1311,-58.76900427682056,276.0,-69.67294856480186,378,785,40.7,-38.97355924333843,-37.826970236642,-28.397361802457304,,1301,-7.468958571978974,100.65169702646673,1306,-33.93990308216638,-133.5683260966319,48.0,4.8,208.33333333333334,0.0,0.0,101.8,"[{'halfHeight': 10, 'risingPnt': np.int64(1295), 'fallingPnt': np.int64(1306), 'widthPnts': np.int64(11), 'widthMs': np.float64(1.1)}, {'halfHeight': 20, 'risingPnt': np.int64(1295), 'fallingPnt': np.int64(1306), 'widthPnts': np.int64(11), 'widthMs': np.float64(1.1)}, {'halfHeight': 50, 'risingPnt': np.int64(1300), 'fallingPnt': np.int64(1305), 'widthPnts': np.int64(5), 'widthMs': np.float64(0.5)}, {'halfHeight': 80, 'risingPnt': np.int64(1302), 'fallingPnt': np.int64(1304), 'widthPnts': np.int64(2), 'widthMs': np.float64(0.2)}, {'halfHeight': 90, 'risingPnt': np.int64(1302), 'fallingPnt': np.int64(1304), 'widthPnts': np.int64(2), 'widthMs': np.float64(0.2)}]",1.1,1.1,0.5,0.2,0.2,yes,,,,,,unknown,,,
103,2021_07_20_0010.abf,17,3,-0.4000000059604645,,dvdt,10.0,-40.0,0,"[10, 20, 50, 80, 90]",20260928,19:54:29,,,0.2.8.post45,ceeda3d8b38d399aaf1761b27ed8696acdeb9705,True,,103,25,0,"[{'Spike': 25, 'Seconds': np.float64(0.1341), 'Sweep': 17, 'Epoch': 3, 'Type': 'Pre spike min under-run (mdp)', 'Details': 'Went past startPnt 0 searching for pre-spike min'}]",,1341,0.1341,-36.813786642892005,8.123654735331623,1353,0.1353,0.5650111845561429,37.378797827448146,1.2000000000000066,1361.0,0.1361,-58.31647218976699,276.0,-69.67294856480186,382,808,42.6,-32.14895817892891,-51.30789239065985,8.134845674428856,,1352,-3.151157726560319,84.65749850370437,1356,-28.285433074406203,-129.47623208882843,47.0,4.7,212.7659574468085,0.0,0.0,106.5,"[{'halfHeight': 10, 'risingPnt': np.int64(1341), 'fallingPnt': np.int64(1357), 'widthPnts': np.int64(16), 'widthMs': np.float64(1.6)}, {'halfHeight': 20, 'risingPnt': np.int64(1341), 'fallingPnt': np.int64(1357), 'widthPnts': np.int64(16), 'widthMs': np.float64(1.6)}, {'halfHeight': 50, 'risingPnt': np.int64(1349), 'fallingPnt': np.int64(1356), 'widthPnts': np.int64(7), 'widthMs': np.float64(0.7)}, {'halfHeight': 80, 'risingPnt': np.int64(1351), 'fallingPnt': np.int64(1355), 'widthPnts': np.int64(4), 'widthMs': np.float64(0.4)}, {'halfHeight': 90, 'risingPnt': np.int64(1352), 'fallingPnt': np.int64(1354), 'widthPnts': np.int64(2), 'widthMs': np.float64(0.2)}]",1.6,1.6,0.7,0.4,0.2,yes,,,,,,unknown,,,
104,2021_07_20_0010.abf,17,3,-0.4000000059604645,,dvdt,10.0,-40.0,0,"[10, 20, 50, 80, 90]",20260928,19:54:29,,,0.2.8.post45,ceeda3d8b38d399aaf1761b27ed8696acdeb9705,True,,104,26,0,"[{'Spike': 26, 'Seconds': np.float64(0.1392), 'Sweep': 17, 'Epoch': 3, 'Type': 'Pre spike min under-run (mdp)', 'Details': 'Went past startPnt 0 searching for pre-spike min'}]",,1392,0.1392,-35.923545292445574,8.11991774889887,1403,0.1403,0.6827217612947727,36.606267053740346,1.1000000000000176,1411.0,0.1411,-57.89968926565985,276.0,-69.67294856480186,388,834,44.6,-19.44667068208966,-33.755053220476405,43.538384421392045,,1402,-3.2374788556780123,85.50626063833423,1406,-27.592248065131038,-127.94537014863919,51.0,5.1,196.07843137254903,0.0,0.0,111.6,"[{'halfHeight': 10, 'risingPnt': np.int64(1392), 'fallingPnt': np.int64(1407), 'widthPnts': np.int64(15), 'widthMs': np.float64(1.5)}, {'halfHeight': 20, 'risingPnt': np.int64(1392), 'fallingPnt': np.int64(1407), 'widthPnts': np.int64(15), 'widthMs': np.float64(1.5)}, {'halfHeight': 50, 'risingPnt': np.int64(1399), 'fallingPnt': np.int64(1406), 'widthPnts': np.int64(7), 'widthMs': np.float64(0.7)}, {'halfHeight': 80, 'risingPnt': np.int64(1401), 'fallingPnt': np.int64(1405), 'widthPnts': np.int64(4), 'widthMs': np.float64(0.4)}, {'halfHeight': 90, 'risingPnt': np.int64(1402), 'fallingPnt': np.int64(1404), 'widthPnts': np.int64(2), 'widthMs': np.float64(0.2)}]",1.5,1.5,0.7,0.4,0.2,yes,,,,,,unknown,,,
105,2021_07_20_0010.abf,17,3,-0.4000000059604645,,dvdt,10.0,-40.0,0,"[10, 20, 50, 80, 90]",20260928,19:54:29,,,0.2.8.post45,ceeda3d8b38d399aaf1761b27ed8696acdeb9705,True,,105,27,0,"[{'Spike': 27, 'Seconds': np.float64(0.1445), 'Sweep': 17, 'Epoch': 3, 'Type': 'Pre spike min under-run (mdp)', 'Details': 'Went past startPnt 0 searching for pre-spike min'}]",,1445,0.1445,-34.330527714320574,8.232273522201854,1455,0.1455,-1.4787944623402183,32.851733251980356,1.0000000000000009,1510.0,0.151,-59.45957347324914,276.0,-69.67294856480186,393,860,46.7,-64.3720297677176,-47.08338764735628,44.61773176055388,,1453,-8.83614577906472,82.55440114079681,1458,-32.071355410984566,-120.75791997422967,53.0,5.3,188.67924528301887,0.0,0.0,116.9,"[{'halfHeight': 10, 'risingPnt': np.int64(1448), 'fallingPnt': np.int64(1458), 'widthPnts': np.int64(10), 'widthMs': np.float64(1.0)}, {'halfHeight': 20, 'risingPnt': np.int64(1448), 'fallingPnt': np.int64(1458), 'widthPnts': np.int64(10), 'widthMs': np.float64(1.0)}, {'halfHeight': 50, 'risingPnt': np.int64(1452), 'fallingPnt': np.int64(1457), 'widthPnts': np.int64(5), 'widthMs': np.float64(0.5)}, {'halfHeight': 80, 'risingPnt': np.int64(1454), 'fallingPnt': np.int64(1456), 'widthPnts': np.int64(2), 'widthMs': np.float64(0.2)}, {'halfHeight': 90, 'risingPnt': np.int64(1454), 'fallingPnt': np.int64(1456), 'widthPnts': np.int64(2), 'widthMs': np.float64(0.2)}]",1.0,1.0,0.5,0.2,0.2,yes,,,,,,unknown,,,
106,2021_07_20_0010.abf,17,3,-0.4000000059604645,,dvdt,10.0,-40.0,0,"[10, 20, 50, 80, 90]",20260928,19:54:29,,,0.2.8.post45,ceeda3d8b38d399aaf1761b27ed8696acdeb9705,True,,106,28,0,"[{'Spike': 28, 'Seconds': np.float64(0.1493), 'Sweep': 17, 'Epoch': 3, 'Type': 'Pre spike min under-run (mdp)', 'Details': 'Went past startPnt 0 searching for pre-spike min'}]",,1493,0.14930000000000002,-35.886052267892005,9.435787154217124,1502,0.1502,3.8643969978604975,39.7504492657525,0.8999999999999841,1510.0,0.151,-59.45957347324914,276.0,-69.67294856480186,398,884,48.6,-54.09458323887414,-9.020123250143865,24.17306043979586,,1501,-0.3243582938398636,102.93914545336537,1505,-29.628206491470323,-143.5940366864203,48.0,4.8,208.33333333333334,0.0,0.0,121.7,"[{'halfHeight': 10, 'risingPnt': np.int64(1493), 'fallingPnt': np.int64(1506), 'widthPnts': np.int64(13), 'widthMs': np.float64(1.3)}, {'halfHeight': 20, 'risingPnt': np.int64(1498), 'fallingPnt': np.int64(1505), 'widthPnts': np.int64(7), 'widthMs': np.float64(0.7)}, {'halfHeight': 50, 'risingPnt': np.int64(1498), 'fallingPnt': np.int64(1505), 'widthPnts': np.int64(7), 'widthMs': np.float64(0.7)}, {'halfHeight': 80, 'risingPnt': np.int64(1500), 'fallingPnt': np.int64(1504), 'widthPnts': np.int64(4), 'widthMs': np.float64(0.4)}, {'halfHeight': 90, 'risingPnt': np.int64(1501), 'fallingPnt': np.int64(1503), 'widthPnts': np.int64(2), 'widthMs': np.float64(0.2)}]",1.3,0.7,0.7,0.4,0.2,yes,,,,,,unknown,,,
107,2021_07_20_0010.abf,17,4,-0.4000000059604645,,dvdt,10.0,-40.0,0,"[10, 20, 50, 80, 90]",20260928,19:54:29,,,0.2.8.post45,ceeda3d8b38d399aaf1761b27ed8696acdeb9705,True,,107,29,0,"[{'Spike': 29, 'Seconds': np.float64(0.1543), 'Sweep': 17, 'Epoch': 4, 'Type': 'Pre spike min under-run (mdp)', 'Details': 'Went past startPnt 0 searching for pre-spike min'}, {'Spike': 29, 'Seconds': np.float64(0.1543), 'Sweep': 17, 'Epoch': 4, 'Type': 'Fit EDD', 'Details': 'Early diastolic duration rate fit - Too low -1.58<=8'}]",,1543,0.15430000000000002,-34.63395963396343,9.77160507513551,1551,0.1551,2.1527969155992763,36.7867565495627,0.7999999999999674,,,,276.0,-69.67294856480186,403,910,50.7,-48.01112202235628,-45.05266080583843,-1.5802940015532647,,1550,-5.405970331600732,102.36541413871599,1554,-22.840225155012938,-135.03865074040925,50.0,5.0,200.0,0.0,0.0,126.7,"[{'halfHeight': 10, 'risingPnt': np.int64(1543), 'fallingPnt': np.int64(1555), 'widthPnts': np.int64(12), 'widthMs': np.float64(1.2)}, {'halfHeight': 20, 'risingPnt': np.int64(1543), 'fallingPnt': np.int64(1555), 'widthPnts': np.int64(12), 'widthMs': np.float64(1.2)}, {'halfHeight': 50, 'risingPnt': np.int64(1549), 'fallingPnt': np.int64(1554), 'widthPnts': np.int64(5), 'widthMs': np.float64(0.5)}, {'halfHeight': 80, 'risingPnt': np.int64(1550), 'fallingPnt': np.int64(1553), 'widthPnts': np.int64(3), 'widthMs': np.float64(0.3)}, {'halfHeight': 90, 'risingPnt': np.int64(1550), 'fallingPnt': np.int64(1553), 'widthPnts': np.int64(3), 'widthMs': np.float64(0.3)}]",1.2,1.2,0.5,0.3,0.3,yes,,,,,,unknown,,,
108,2021_07_20_0010.abf,17,4,-0.4000000059604645,,dvdt,10.0,-40.0,0,"[10, 20, 50, 80, 90]",20260928,19:54:29,,,0.2.8.post45,ceeda3d8b38d399aaf1761b27ed8696acdeb9705,True,,108,30,0,"[{'Spike': 30, 'Seconds': np.float64(0.1594), 'Sweep': 17, 'Epoch': 4, 'Type': 'dvdt Percent', 'Details': 'Did not find dvdt_percentOfMax: 0.1 peak dV/dt is 36.98'}, {'Spike': 30, 'Seconds': np.float64(0.1594), 'Sweep': 17, 'Epoch': 4, 'Type': 'Pre spike min under-run (mdp)', 'Details': 'Went past startPnt 0 searching for pre-spike min'}, {'Spike': 30, 'Seconds': np.float64(0.1594), 'Sweep': 17, 'Epoch': 4, 'Type': 'Spike Width', 'Details': 'Half width 10 error in ""falling point"" with halfWidthWindow_ms:4.0 searching for Vm:-31.85 from peak sec 0.16'}, {'Spike': 30, 'Seconds': np.float64(0.1594), 'Sweep': 17, 'Epoch': 4, 'Type': 'Spike Width', 'Details': 'Half width 20 error in ""falling point"" with halfWidthWindow_ms:4.0 searching for Vm:-30.61 from peak sec 0.16'}, {'Spike': 30, 'Seconds': np.float64(0.1594), 'Sweep': 17, 'Epoch': 4, 'Type': 'Spike Width', 'Details': 'Half width 50 error in ""falling point"" with halfWidthWindow_ms:4.0 searching for Vm:-26.89 from peak sec 0.16'}, {'Spike': 30, 'Seconds': np.float64(0.1594), 'Sweep': 17, 'Epoch': 4, 'Type': 'Spike Width', 'Details': 'Half width 80 error in ""falling point"" with halfWidthWindow_ms:4.0 searching for Vm:-23.17 from peak sec 0.16'}, {'Spike': 30, 'Seconds': np.float64(0.1594), 'Sweep': 17, 'Epoch': 4, 'Type': 'Spike Width', 'Details': 'Half width 90 error in ""falling point"" with halfWidthWindow_ms:4.0 searching for Vm:-21.93 from peak sec 0.16'}]",,1594,0.15940000000000001,-33.09151453290665,11.10764583665495,1599,0.15990000000000001,-20.688300268990645,12.403214263916006,0.5000000000000004,,,,276.0,-69.67294856480186,408,935,52.7,-44.61320768083843,-56.16716275896342,40.034894703011275,,1599,-20.688300268990645,36.97509751611821,1599,-20.688300268990645,36.97509751611821,51.0,5.1,196.07843137254903,0.0,0.0,131.8,"[{'halfHeight': 10, 'risingPnt': None, 'fallingPnt': None, 'widthPnts': None, 'widthMs': nan}, {'halfHeight': 20, 'risingPnt': None, 'fallingPnt': None, 'widthPnts': None, 'widthMs': nan}, {'halfHeight': 50, 'risingPnt': None, 'fallingPnt': None, 'widthPnts': None, 'widthMs': nan}, {'halfHeight': 80, 'risingPnt': None, 'fallingPnt': None, 'widthPnts': None, 'widthMs': nan}, {'halfHeight': 90, 'risingPnt': None, 'fallingPnt': None, 'widthPnts': None, 'widthMs': nan}]",,,,,,yes,,,,,,unknown,,,
